{"type":"FeatureCollection", "features": [
{"type":"Feature","geometry":{"type":"Polygon","coordinates":[[[-95.8302,29.8004],[-95.8262,29.7883],[-95.9509,29.7408],[-95.9713,29.7405],[-95.9709,29.7286],[-96.0327,29.7279],[-96.0334,29.7196],[-96.0321,29.7173],[-96.026,29.717],[-96.0128,29.7199],[-96.0097,29.7192],[-96.0071,29.7167],[-96.0045,29.7082],[-96.006,29.7039],[-96.0076,29.7029],[-96.0117,29.7026],[-96.0216,29.7056],[-96.0228,29.7045],[-96.0224,29.7021],[-96.0182,29.6989],[-96.0145,29.6936],[-96.0141,29.6887],[-96.0156,29.6814],[-96.0181,29.6792],[-96.0214,29.6789],[-96.0227,29.6802],[-96.024,29.6844],[-96.0272,29.687],[-96.031,29.6884],[-96.0359,29.6884],[-96.0411,29.6874],[-96.0478,29.6846],[-96.0566,29.6824],[-96.0594,29.6797],[-96.0601,29.6763],[-96.0575,29.6727],[-96.054,29.6719],[-96.0503,29.6678],[-96.0461,29.6655],[-96.0438,29.6658],[-96.0362,29.6726],[-96.0309,29.6752],[-96.0275,29.6745],[-96.0237,29.6717],[-96.0208,29.6712],[-96.0184,29.6697],[-96.0168,29.6675],[-96.016,29.6637],[-96.0182,29.6603],[-96.02,29.6592],[-96.0239,29.6583],[-96.0305,29.6604],[-96.0324,29.6597],[-96.0332,29.6582],[-96.0319,29.6556],[-96.0294,29.6543],[-96.0234,29.6488],[-96.0175,29.6455],[-96.0148,29.6417],[-96.0151,29.6393],[-96.0188,29.6374],[-96.0193,29.6363],[-96.0164,29.6271],[-96.0184,29.626],[-96.0189,29.6246],[-96.0227,29.6244],[-96.0242,29.622],[-96.0235,29.6203],[-96.0248,29.6179],[-96.0248,29.6029],[-96.0889,29.6017],[-96.0936,29.604],[-96.0934,29.609],[-96.0948,29.6124],[-96.0984,29.6132],[-96.1027,29.6158],[-96.1064,29.6185],[-96.1082,29.6214],[-96.1103,29.6229],[-96.1136,29.6238],[-96.1162,29.6233],[-96.1191,29.6192],[-96.1216,29.6183],[-96.1259,29.6194],[-96.1292,29.6228],[-96.1313,29.6227],[-96.1359,29.6199],[-96.1418,29.6196],[-96.1484,29.6254],[-96.1554,29.6293],[-96.1583,29.6295],[-96.1654,29.6265],[-96.1704,29.6293],[-96.1735,29.6327],[-96.176,29.6335],[-96.3077,29.5145],[-96.3492,29.4061],[-96.3532,29.4047],[-96.3838,29.3889],[-96.6043,29.2658],[-96.6253,29.256],[-96.6403,29.2478],[-96.6253,29.2344],[-96.6101,29.2228],[-96.3092,28.9633],[-96.3128,28.8764],[-96.3235,28.6756],[-96.3227,28.6429],[-96.3805,28.3809],[-96.3952,28.2797],[-96.3753,28.2908],[-96.3527,28.3129],[-96.3447,28.326],[-96.3413,28.3407],[-96.3418,28.3424],[-96.3379,28.3443],[-96.3287,28.3521],[-96.3242,28.357],[-96.3208,28.3629],[-96.3035,28.365],[-96.2942,28.3683],[-96.2823,28.375],[-96.2718,28.3829],[-96.2671,28.3882],[-96.2629,28.3942],[-96.2598,28.4007],[-96.2582,28.4079],[-96.1822,28.452],[-96.0783,28.5],[-96.076,28.5],[-96.0002,28.5334],[-96.0002,28.5321],[-95.8752,28.5828],[-95.7778,28.6253],[-95.7502,28.6384],[-95.532,28.7503],[-95.5338,28.7503],[-95.4956,28.7648],[-95.5002,28.7856],[-95.5073,28.8258],[-95.5063,28.8278],[-95.5041,28.8287],[-95.5041,28.8377],[-95.5219,28.8339],[-95.5305,28.8291],[-95.5358,28.831],[-95.5356,28.8323],[-95.5376,28.8329],[-95.5387,28.8314],[-95.5404,28.8315],[-95.5414,28.8304],[-95.5419,28.8323],[-95.5436,28.8326],[-95.5508,28.8287],[-95.5549,28.8304],[-95.5639,28.8295],[-95.5659,28.8306],[-95.5675,28.8297],[-95.5737,28.8328],[-95.5793,28.8406],[-95.5793,28.8428],[-95.5767,28.8488],[-95.5762,28.8524],[-95.5767,28.855],[-95.5793,28.8573],[-95.5792,28.8596],[-95.585,28.8619],[-95.587,28.8662],[-95.5908,28.8698],[-95.5922,28.8698],[-95.5939,28.8716],[-95.6021,28.8761],[-95.6032,28.8783],[-95.6165,28.8851],[-95.6232,28.8937],[-95.627,28.8947],[-95.6302,28.8972],[-95.6335,28.8975],[-95.6365,28.9032],[-95.6417,28.9037],[-95.6455,28.9097],[-95.645,28.9123],[-95.6468,28.9158],[-95.6516,28.92],[-95.6512,28.9282],[-95.6487,28.9347],[-95.6458,28.9389],[-95.6494,28.9425],[-95.6551,28.9515],[-95.6689,28.9562],[-95.6752,28.9643],[-95.6797,28.9657],[-95.682,28.9638],[-95.6841,28.9605],[-95.6909,28.965],[-95.6919,28.9646],[-95.6974,28.9659],[-95.6978,28.9682],[-95.6995,28.9696],[-95.7072,28.9686],[-95.7649,28.9674],[-95.7694,28.9711],[-95.7703,28.9726],[-95.7705,28.976],[-95.7691,28.978],[-95.7656,28.9797],[-95.7671,28.9816],[-95.7701,28.9831],[-95.7705,28.9849],[-95.7695,28.9861],[-95.7699,28.9887],[-95.7684,28.9879],[-95.7672,28.9887],[-95.7672,28.9916],[-95.7693,28.9915],[-95.7722,28.9944],[-95.7769,28.9947],[-95.7783,28.9971],[-95.7749,29.002],[-95.7732,29.0031],[-95.7726,29.0052],[-95.7717,29.0053],[-95.7698,29.0029],[-95.7681,29.0029],[-95.7677,29.0038],[-95.77,29.0058],[-95.7748,29.0062],[-95.7779,29.0091],[-95.7793,29.0086],[-95.7794,29.0068],[-95.7817,29.0072],[-95.7832,29.0064],[-95.7844,29.0075],[-95.7852,29.0123],[-95.7835,29.0125],[-95.7838,29.0101],[-95.7793,29.0108],[-95.7799,29.0165],[-95.7761,29.0179],[-95.782,29.0209],[-95.7811,29.0224],[-95.7789,29.0224],[-95.778,29.0248],[-95.7785,29.0265],[-95.7806,29.028],[-95.7838,29.0279],[-95.7841,29.0304],[-95.7819,29.0315],[-95.7793,29.0345],[-95.7811,29.0352],[-95.7813,29.0376],[-95.7841,29.0381],[-95.7855,29.0392],[-95.7839,29.0407],[-95.7833,29.0435],[-95.7799,29.0435],[-95.7784,29.0448],[-95.7775,29.0444],[-95.7769,29.046],[-95.7775,29.0479],[-95.7769,29.0479],[-95.7759,29.0522],[-95.7735,29.0529],[-95.7701,29.0519],[-95.7675,29.0532],[-95.7661,29.0586],[-95.7677,29.059],[-95.7654,29.0599],[-95.7651,29.0608],[-95.7691,29.0626],[-95.7708,29.0664],[-95.7718,29.0663],[-95.7737,29.0644],[-95.7809,29.0656],[-95.7934,29.0722],[-95.7952,29.0744],[-95.7953,29.0767],[-95.7967,29.0781],[-95.7971,29.0801],[-95.8015,29.08],[-95.8013,29.0822],[-95.8035,29.0845],[-95.8037,29.088],[-95.8059,29.0905],[-95.8088,29.0913],[-95.8115,29.0898],[-95.8178,29.0895],[-95.8221,29.0907],[-95.8281,29.0898],[-95.8291,29.0889],[-95.834,29.0941],[-95.8365,29.0929],[-95.8385,29.0951],[-95.839,29.0976],[-95.8419,29.0991],[-95.8421,29.1001],[-95.8409,29.1008],[-95.8429,29.1026],[-95.8432,29.1066],[-95.8464,29.1076],[-95.8438,29.1104],[-95.8435,29.1129],[-95.8408,29.1147],[-95.8424,29.1167],[-95.8404,29.1215],[-95.8408,29.124],[-95.8375,29.1299],[-95.8378,29.1342],[-95.84,29.1402],[-95.8399,29.1423],[-95.8433,29.1424],[-95.8448,29.1452],[-95.8482,29.1465],[-95.8481,29.1482],[-95.8507,29.1519],[-95.849,29.1548],[-95.8505,29.1569],[-95.8501,29.1601],[-95.8477,29.1603],[-95.8489,29.1649],[-95.8467,29.1656],[-95.8469,29.1675],[-95.8452,29.1676],[-95.8432,29.169],[-95.8413,29.1682],[-95.8397,29.1684],[-95.8404,29.171],[-95.8394,29.1727],[-95.8417,29.1735],[-95.8384,29.1766],[-95.8578,29.1933],[-95.8447,29.2047],[-95.874,29.2297],[-95.8419,29.2587],[-95.8427,29.2601],[-95.8455,29.2609],[-95.8477,29.2626],[-95.7978,29.308],[-95.784,29.2962],[-95.7529,29.3245],[-95.6728,29.2995],[-95.6651,29.2989],[-95.6644,29.2966],[-95.6628,29.295],[-95.6598,29.2945],[-95.6545,29.2909],[-95.6522,29.2947],[-95.6485,29.2937],[-95.6469,29.2943],[-95.6443,29.2937],[-95.6418,29.2943],[-95.6408,29.2965],[-95.6393,29.2964],[-95.6388,29.2972],[-95.6373,29.2968],[-95.6374,29.2956],[-95.6362,29.295],[-95.6356,29.2956],[-95.635,29.2943],[-95.6313,29.2927],[-95.6272,29.2938],[-95.6261,29.2931],[-95.6227,29.2987],[-95.6208,29.2999],[-95.622,29.3051],[-95.6282,29.3095],[-95.6254,29.3133],[-95.6161,29.3194],[-95.6146,29.3233],[-95.608,29.3273],[-95.6069,29.3293],[-95.6054,29.3293],[-95.605,29.3307],[-95.6039,29.3304],[-95.6025,29.328],[-95.5962,29.3276],[-95.5951,29.3283],[-95.5908,29.3275],[-95.5909,29.3264],[-95.5888,29.3256],[-95.5873,29.3239],[-95.5865,29.3196],[-95.5651,29.3202],[-95.5626,29.3271],[-95.548,29.3273],[-95.5481,29.3314],[-95.5439,29.3315],[-95.5439,29.333],[-95.5481,29.3329],[-95.5482,29.3344],[-95.5415,29.3345],[-95.5416,29.3361],[-95.5339,29.3363],[-95.5328,29.3383],[-95.5187,29.3384],[-95.5189,29.338],[-95.5141,29.3385],[-95.5147,29.3394],[-95.5135,29.3385],[-95.4999,29.3388],[-95.4998,29.3349],[-95.4935,29.3349],[-95.4934,29.3288],[-95.4688,29.3312],[-95.4631,29.3406],[-95.4575,29.3408],[-95.4522,29.326],[-95.4478,29.3261],[-95.4476,29.3205],[-95.4398,29.3206],[-95.4401,29.3337],[-95.4259,29.3342],[-95.4255,29.3176],[-95.4206,29.3173],[-95.422,29.3231],[-95.4219,29.3316],[-95.4182,29.3398],[-95.4199,29.3457],[-95.4222,29.3483],[-95.4227,29.3518],[-95.3619,29.3528],[-95.2737,29.3944],[-95.2743,29.3957],[-95.2735,29.396],[-95.2728,29.3949],[-95.2706,29.3959],[-95.2746,29.4024],[-95.263,29.4079],[-95.262,29.4062],[-95.2655,29.4046],[-95.2626,29.4],[-95.2637,29.3987],[-95.2568,29.3976],[-95.2515,29.3996],[-95.2535,29.3817],[-95.2481,29.3842],[-95.2501,29.3876],[-95.2423,29.3913],[-95.2402,29.3879],[-95.2361,29.3899],[-95.233,29.3827],[-95.2249,29.3852],[-95.2326,29.4041],[-95.2258,29.4062],[-95.2288,29.4075],[-95.2264,29.4079],[-95.2264,29.4097],[-95.2238,29.4099],[-95.2216,29.4048],[-95.2178,29.406],[-95.2136,29.3957],[-95.2026,29.399],[-95.1951,29.3988],[-95.1947,29.3999],[-95.1922,29.3999],[-95.1922,29.4044],[-95.2331,29.4656],[-95.2163,29.5558],[-95.2163,29.5567],[-95.2146,29.5571],[-95.2179,29.5594],[-95.2212,29.5569],[-95.2233,29.559],[-95.2286,29.56],[-95.2309,29.5578],[-95.2337,29.5571],[-95.238,29.5614],[-95.2416,29.5597],[-95.2428,29.5551],[-95.2454,29.5547],[-95.2474,29.5531],[-95.2482,29.5557],[-95.2514,29.5554],[-95.2539,29.5538],[-95.2551,29.557],[-95.2526,29.5577],[-95.2524,29.5606],[-95.255,29.5639],[-95.2554,29.5672],[-95.2585,29.5711],[-95.2584,29.5729],[-95.2597,29.5744],[-95.2588,29.5779],[-95.2612,29.5811],[-95.2602,29.5839],[-95.2622,29.5869],[-95.2603,29.5899],[-95.2619,29.5933],[-95.2665,29.5947],[-95.268,29.5938],[-95.2702,29.5947],[-95.272,29.5943],[-95.2728,29.5951],[-95.2737,29.5944],[-95.2749,29.5952],[-95.2767,29.5949],[-95.2774,29.5961],[-95.2801,29.5954],[-95.2828,29.5977],[-95.288,29.5983],[-95.2926,29.5977],[-95.2937,29.5965],[-95.2974,29.5965],[-95.2986,29.597],[-95.3021,29.5955],[-95.3086,29.5949],[-95.3147,29.598],[-95.3193,29.5983],[-95.3223,29.5967],[-95.3254,29.598],[-95.3317,29.5991],[-95.3372,29.5952],[-95.3374,29.5939],[-95.3406,29.5934],[-95.3444,29.5891],[-95.3443,29.5873],[-95.3463,29.5856],[-95.3491,29.5865],[-95.3526,29.5854],[-95.3562,29.587],[-95.3603,29.5849],[-95.3644,29.5859],[-95.3682,29.5847],[-95.3759,29.5884],[-95.384,29.5869],[-95.386,29.5856],[-95.3859,29.5802],[-95.3823,29.5803],[-95.384,29.5767],[-95.3843,29.5705],[-95.3507,29.5706],[-95.3504,29.559],[-95.3062,29.5596],[-95.3061,29.5523],[-95.3309,29.552],[-95.3305,29.5303],[-95.314,29.5306],[-95.3138,29.516],[-95.3443,29.5157],[-95.347,29.5178],[-95.3472,29.524],[-95.3602,29.5238],[-95.3688,29.5259],[-95.3688,29.5253],[-95.3708,29.5253],[-95.3706,29.5181],[-95.3735,29.5193],[-95.3764,29.5195],[-95.3764,29.5156],[-95.3783,29.5156],[-95.3791,29.5128],[-95.3745,29.5095],[-95.3824,29.5094],[-95.3828,29.5124],[-95.3876,29.5123],[-95.3886,29.5041],[-95.3905,29.4977],[-95.3934,29.4924],[-95.4012,29.4826],[-95.4134,29.4867],[-95.4134,29.4913],[-95.4155,29.4911],[-95.4157,29.4979],[-95.4408,29.4977],[-95.4433,29.4981],[-95.4463,29.4996],[-95.4626,29.4392],[-95.5357,29.4385],[-95.5389,29.4378],[-95.541,29.4385],[-95.5506,29.4383],[-95.5491,29.4424],[-95.5447,29.4443],[-95.542,29.4433],[-95.5412,29.4399],[-95.5397,29.4387],[-95.5372,29.4387],[-95.5347,29.4406],[-95.5325,29.4588],[-95.4752,29.4599],[-95.4734,29.4772],[-95.4654,29.4978],[-95.4673,29.4981],[-95.4677,29.5077],[-95.4627,29.5081],[-95.4886,29.5216],[-95.4897,29.5189],[-95.4878,29.5144],[-95.4901,29.5125],[-95.4941,29.5111],[-95.4948,29.5078],[-95.5196,29.5073],[-95.5233,29.5111],[-95.5266,29.5114],[-95.5346,29.5279],[-95.5351,29.5369],[-95.5345,29.5392],[-95.5429,29.5401],[-95.5456,29.5413],[-95.5526,29.5522],[-95.5623,29.5633],[-95.5604,29.5643],[-95.5591,29.5617],[-95.5565,29.5641],[-95.5493,29.5616],[-95.5394,29.5616],[-95.5393,29.5629],[-95.5382,29.5635],[-95.539,29.5666],[-95.5374,29.567],[-95.5365,29.5644],[-95.5328,29.5637],[-95.5326,29.5618],[-95.5308,29.5618],[-95.5309,29.5645],[-95.5349,29.5658],[-95.535,29.5665],[-95.5324,29.567],[-95.5325,29.5717],[-95.5315,29.5718],[-95.5316,29.5742],[-95.5332,29.5742],[-95.5332,29.5727],[-95.5386,29.5717],[-95.5394,29.5734],[-95.5428,29.5757],[-95.5429,29.5771],[-95.5408,29.5773],[-95.5416,29.5832],[-95.5582,29.5827],[-95.5583,29.5852],[-95.5613,29.5852],[-95.5624,29.5827],[-95.5641,29.5826],[-95.5638,29.5676],[-95.5646,29.5659],[-95.5696,29.5715],[-95.5827,29.5805],[-95.581,29.5827],[-95.5803,29.5855],[-95.5818,29.5937],[-95.5826,29.6274],[-95.5905,29.6286],[-95.5903,29.631],[-95.5928,29.6291],[-95.5898,29.6318],[-95.5914,29.6331],[-95.5978,29.633],[-95.5978,29.6468],[-95.584,29.6473],[-95.5767,29.6436],[-95.5714,29.6487],[-95.5971,29.6606],[-95.6192,29.662],[-95.619,29.6493],[-95.6249,29.6492],[-95.625,29.6465],[-95.6351,29.6445],[-95.6359,29.6466],[-95.6393,29.6465],[-95.6386,29.6435],[-95.641,29.6423],[-95.6413,29.6388],[-95.6399,29.6379],[-95.6377,29.6386],[-95.6367,29.638],[-95.6369,29.6367],[-95.6404,29.6317],[-95.6465,29.6266],[-95.6482,29.6274],[-95.6508,29.6273],[-95.6492,29.6135],[-95.6339,29.6028],[-95.6309,29.6016],[-95.629,29.6038],[-95.6298,29.6048],[-95.6297,29.6089],[-95.6284,29.6108],[-95.6265,29.6091],[-95.6236,29.6083],[-95.6189,29.6106],[-95.6173,29.6088],[-95.6193,29.6044],[-95.619,29.6021],[-95.6137,29.6072],[-95.6068,29.6006],[-95.6091,29.5995],[-95.6139,29.5989],[-95.6163,29.5963],[-95.6225,29.5986],[-95.6272,29.5944],[-95.6349,29.5894],[-95.631,29.5842],[-95.6279,29.5852],[-95.6254,29.5872],[-95.6205,29.585],[-95.6312,29.5782],[-95.6356,29.5775],[-95.6389,29.5749],[-95.6384,29.5635],[-95.6182,29.5638],[-95.6187,29.5511],[-95.6176,29.5428],[-95.6202,29.5409],[-95.6217,29.5387],[-95.6299,29.5469],[-95.6382,29.5502],[-95.6442,29.5516],[-95.6436,29.5573],[-95.6453,29.5605],[-95.6556,29.5638],[-95.6647,29.5645],[-95.6669,29.566],[-95.6683,29.5683],[-95.6741,29.565],[-95.6904,29.5616],[-95.7027,29.5376],[-95.7366,29.5421],[-95.7439,29.5441],[-95.7472,29.5466],[-95.7411,29.5492],[-95.7464,29.5524],[-95.7521,29.5601],[-95.7506,29.5643],[-95.749,29.5636],[-95.7461,29.5689],[-95.749,29.5703],[-95.7474,29.5699],[-95.7464,29.5728],[-95.7445,29.5724],[-95.7422,29.5766],[-95.7387,29.5775],[-95.7359,29.5797],[-95.7345,29.5819],[-95.7333,29.5872],[-95.7318,29.5891],[-95.7265,29.5912],[-95.7241,29.5906],[-95.7227,29.5893],[-95.7206,29.5838],[-95.72,29.5746],[-95.7181,29.5719],[-95.7137,29.5713],[-95.7084,29.5739],[-95.7103,29.5786],[-95.7125,29.5791],[-95.7136,29.5806],[-95.7158,29.5812],[-95.7157,29.5839],[-95.7136,29.5874],[-95.7153,29.5892],[-95.7155,29.5984],[-95.7136,29.5986],[-95.7142,29.6263],[-95.7045,29.6262],[-95.6839,29.6166],[-95.6827,29.6354],[-95.6802,29.6407],[-95.6827,29.6417],[-95.6818,29.6458],[-95.6945,29.6457],[-95.6947,29.6373],[-95.6961,29.6391],[-95.7001,29.6395],[-95.7047,29.6374],[-95.7097,29.6491],[-95.7148,29.6574],[-95.715,29.6651],[-95.7444,29.6646],[-95.7535,29.6731],[-95.7659,29.6816],[-95.7685,29.6899],[-95.7746,29.6971],[-95.7755,29.7006],[-95.691,29.7074],[-95.6871,29.7101],[-95.6883,29.7109],[-95.7304,29.7343],[-95.7294,29.7345],[-95.7277,29.7414],[-95.7313,29.7422],[-95.7305,29.7443],[-95.7177,29.7595],[-95.7222,29.7626],[-95.7221,29.764],[-95.721,29.764],[-95.721,29.7648],[-95.721,29.7672],[-95.7222,29.7672],[-95.7222,29.7702],[-95.7251,29.7697],[-95.728,29.7674],[-95.7324,29.7715],[-95.7355,29.7705],[-95.7357,29.7852],[-95.7519,29.7851],[-95.7522,29.8172],[-95.7931,29.8169],[-95.793,29.8018],[-95.825,29.8015],[-95.825,29.8004],[-95.8302,29.8004]]]},"properties":{"STATEFP":"48","CD118FP":"22","GEOID":"4822","GEOIDFQ":"5001800US4822","NAMELSAD":"Congressional District 22","LSAD":"C2","CDSESSN":"118","MTFCC":"G5200","FUNCSTAT":"N","ALAND":8175290930,"AWATER":1424812304,"INTPTLAT":"+29.1238360","INTPTLON":"-095.9876658"}},
{"type":"Feature","geometry":{"type":"Polygon","coordinates":[[[-106.514,32.0008],[-106.5132,31.9933],[-106.51,31.9901],[-106.507,31.9838],[-106.5071,31.9765],[-106.5041,31.9741],[-106.5004,31.9692],[-106.4993,31.9612],[-106.4975,31.9589],[-106.4991,31.9566],[-106.4971,31.9508],[-106.4985,31.9415],[-106.4976,31.9296],[-106.4996,31.9251],[-106.4992,31.9193],[-106.4962,31.9157],[-106.4959,31.9124],[-106.4752,31.9129],[-106.4757,31.9274],[-106.4415,31.9277],[-106.4417,31.9361],[-106.4316,31.9354],[-106.4203,31.9365],[-106.4139,31.9409],[-106.4079,31.943],[-106.4078,31.9373],[-106.4047,31.9367],[-106.4042,31.9346],[-106.405,31.9344],[-106.405,31.933],[-106.4003,31.933],[-106.3996,31.9304],[-106.4007,31.9296],[-106.4007,31.9285],[-106.3739,31.9284],[-106.3706,31.9272],[-106.4173,31.8514],[-106.4184,31.8291],[-106.4214,31.8276],[-106.4034,31.8279],[-106.4029,31.8269],[-106.3957,31.8324],[-106.38,31.8327],[-106.38,31.8313],[-106.3682,31.8315],[-106.3674,31.8361],[-106.3654,31.8379],[-106.367,31.841],[-106.3646,31.8478],[-106.3562,31.8553],[-106.3534,31.8564],[-106.3543,31.8598],[-106.348,31.8619],[-106.3398,31.8664],[-106.3225,31.8369],[-106.3196,31.8346],[-106.2729,31.8194],[-106.2731,31.8267],[-106.2342,31.8268],[-106.2342,31.8145],[-106.2323,31.8145],[-106.2323,31.8113],[-106.2001,31.8156],[-106.1995,31.7912],[-106.2003,31.7805],[-106.1991,31.7693],[-106.1988,31.7118],[-106.1817,31.7118],[-106.1815,31.6973],[-106.1645,31.6974],[-106.1644,31.6827],[-106.1457,31.6827],[-106.1457,31.6799],[-106.145,31.6799],[-106.145,31.6777],[-106.1643,31.6776],[-106.1653,31.6805],[-106.1798,31.6803],[-106.1797,31.6685],[-106.1894,31.6685],[-106.1778,31.6529],[-106.1806,31.6517],[-106.1807,31.6394],[-106.198,31.6395],[-106.1981,31.6093],[-106.196,31.6093],[-106.1952,31.608],[-106.1807,31.6081],[-106.1807,31.6055],[-106.171,31.6092],[-106.1666,31.6085],[-106.1634,31.6092],[-106.1627,31.5966],[-106.1894,31.5949],[-106.1936,31.6002],[-106.1988,31.5977],[-106.2024,31.5943],[-106.207,31.5988],[-106.2025,31.5993],[-106.2038,31.6013],[-106.1991,31.604],[-106.204,31.6107],[-106.2128,31.6057],[-106.2152,31.6091],[-106.2149,31.6141],[-106.2175,31.6123],[-106.2225,31.6196],[-106.2469,31.6131],[-106.259,31.6268],[-106.2643,31.624],[-106.3128,31.6803],[-106.318,31.6778],[-106.3314,31.674],[-106.3359,31.675],[-106.3364,31.6715],[-106.338,31.6712],[-106.3342,31.6629],[-106.3298,31.6585],[-106.3246,31.6501],[-106.3084,31.6302],[-106.3034,31.6222],[-106.3024,31.6099],[-106.2891,31.5878],[-106.2809,31.5623],[-106.2552,31.5484],[-106.2465,31.5416],[-106.2372,31.5137],[-106.2252,31.5015],[-106.2194,31.481],[-106.2072,31.4667],[-106.1997,31.4623],[-106.1789,31.457],[-106.1751,31.4553],[-106.1692,31.4509],[-106.1574,31.4377],[-106.1325,31.425],[-106.1284,31.4241],[-106.1125,31.4239],[-106.1078,31.4224],[-106.0847,31.4012],[-106.0806,31.3987],[-106.0052,31.3926],[-105.9869,31.3796],[-105.9705,31.3662],[-105.9539,31.3649],[-105.9456,31.3525],[-105.9479,31.3398],[-105.9381,31.3182],[-105.9314,31.3128],[-105.922,31.312],[-105.9131,31.313],[-105.9074,31.3123],[-105.9067,31.31],[-105.9033,31.3068],[-105.8965,31.2928],[-105.8939,31.2906],[-105.8906,31.2901],[-105.8761,31.2917],[-105.8694,31.289],[-105.8585,31.2761],[-105.8538,31.2724],[-105.8506,31.2653],[-105.8366,31.2481],[-105.8184,31.2304],[-105.7944,31.2024],[-105.7831,31.198],[-105.7795,31.1908],[-105.7798,31.1822],[-105.7755,31.1753],[-105.773,31.1668],[-105.7694,31.1649],[-105.7631,31.1642],[-105.7457,31.1654],[-105.7423,31.1648],[-105.7194,31.149],[-105.7169,31.1413],[-105.7106,31.137],[-105.6487,31.1159],[-105.6465,31.1131],[-105.6418,31.0983],[-105.64,31.0976],[-105.6271,31.0984],[-105.6044,31.0837],[-105.5985,31.0746],[-105.5957,31.0649],[-105.588,31.0602],[-105.5851,31.0573],[-105.5795,31.0358],[-105.5798,31.0308],[-105.5812,31.0267],[-105.5775,31.0197],[-105.5715,31.0189],[-105.5692,31.0161],[-105.5687,31.0144],[-105.5701,31.0081],[-105.5659,31.0027],[-105.5635,30.9973],[-105.5579,30.9904],[-105.5556,30.9886],[-105.5433,30.9847],[-105.5377,30.9858],[-105.5326,30.9847],[-105.5272,30.9782],[-105.5219,30.9765],[-105.5203,30.9729],[-105.5169,30.9694],[-105.5158,30.9649],[-105.514,30.9663],[-105.508,30.9663],[-105.5035,30.968],[-105.502,30.9678],[-105.5,30.9659],[-105.4988,30.9629],[-105.4945,30.9581],[-105.4939,30.9563],[-105.4941,30.9553],[-105.4949,30.9563],[-105.4969,30.9553],[-105.4965,30.9542],[-105.4988,30.9503],[-105.4962,30.9492],[-105.4938,30.9494],[-105.4881,30.9437],[-105.4889,30.9425],[-105.4914,30.9438],[-105.4917,30.9424],[-105.4891,30.9409],[-105.4874,30.9412],[-105.4865,30.9427],[-105.4842,30.9411],[-105.4819,30.9409],[-105.4781,30.9382],[-105.476,30.9339],[-105.4736,30.9344],[-105.4709,30.9338],[-105.4708,30.9312],[-105.4675,30.9296],[-105.4668,30.9242],[-105.4655,30.9245],[-105.4649,30.9258],[-105.4627,30.925],[-105.4516,30.9248],[-105.4515,30.9209],[-105.4521,30.92],[-105.4544,30.9193],[-105.4532,30.9161],[-105.4514,30.9157],[-105.4475,30.9193],[-105.4464,30.9193],[-105.4444,30.9174],[-105.4456,30.9161],[-105.4448,30.9133],[-105.4414,30.9086],[-105.4398,30.9089],[-105.4361,30.9074],[-105.4346,30.9077],[-105.4326,30.9061],[-105.43,30.9056],[-105.4257,30.9004],[-105.4247,30.901],[-105.4137,30.8995],[-105.4122,30.8939],[-105.4105,30.892],[-105.4121,30.8906],[-105.4122,30.8886],[-105.4081,30.8893],[-105.4038,30.8921],[-105.4003,30.8895],[-105.3994,30.8883],[-105.4001,30.8866],[-105.3988,30.8854],[-105.3991,30.8843],[-105.4043,30.8796],[-105.3997,30.8767],[-105.3936,30.8764],[-105.3913,30.8738],[-105.395,30.8712],[-105.3936,30.867],[-105.396,30.8642],[-105.3944,30.8631],[-105.3949,30.8598],[-105.3993,30.8577],[-105.4016,30.8547],[-105.3998,30.8521],[-105.3946,30.849],[-105.394,30.8509],[-105.392,30.8506],[-105.391,30.8523],[-105.3892,30.8523],[-105.3873,30.8537],[-105.3847,30.8505],[-105.3833,30.8521],[-105.3799,30.8506],[-105.3771,30.8513],[-105.3776,30.8488],[-105.3763,30.8489],[-105.375,30.85],[-105.3744,30.8486],[-105.3702,30.8475],[-105.3675,30.8477],[-105.3616,30.8505],[-105.3598,30.8461],[-105.3576,30.8454],[-105.3532,30.842],[-105.3544,30.8378],[-105.3532,30.8359],[-105.3519,30.8356],[-105.3476,30.8382],[-105.3473,30.8396],[-105.3458,30.8406],[-105.3392,30.8404],[-105.3371,30.8334],[-105.334,30.8337],[-105.3321,30.8323],[-105.328,30.8313],[-105.3278,30.8302],[-105.3302,30.8262],[-105.3295,30.825],[-105.3271,30.8247],[-105.3268,30.8262],[-105.3246,30.8283],[-105.3209,30.8273],[-105.3199,30.8278],[-105.3198,30.829],[-105.3186,30.8283],[-105.318,30.8271],[-105.3188,30.8233],[-105.3164,30.8204],[-105.3161,30.8186],[-105.3176,30.8171],[-105.3193,30.8122],[-105.3167,30.8108],[-105.3118,30.8135],[-105.3095,30.817],[-105.3094,30.8156],[-105.3078,30.8147],[-105.3088,30.8135],[-105.3089,30.8111],[-105.3061,30.8098],[-105.3066,30.8112],[-105.3048,30.8116],[-105.3005,30.8192],[-105.301,30.8225],[-105.3001,30.8248],[-105.2948,30.8263],[-105.2918,30.8262],[-105.2893,30.8238],[-105.2895,30.8216],[-105.288,30.8179],[-105.2853,30.8187],[-105.2825,30.8183],[-105.2794,30.8157],[-105.2792,30.8129],[-105.2773,30.8113],[-105.2758,30.807],[-105.2717,30.8094],[-105.2668,30.8085],[-105.2655,30.8026],[-105.2641,30.8003],[-105.2572,30.7944],[-105.2527,30.7959],[-105.2499,30.7992],[-105.2462,30.8005],[-105.2442,30.7998],[-105.2428,30.8016],[-105.2391,30.8024],[-105.2382,30.8037],[-105.2345,30.8026],[-105.23,30.8038],[-105.2284,30.8029],[-105.229,30.8002],[-105.2274,30.7992],[-105.2233,30.8009],[-105.2183,30.8058],[-105.215,30.8059],[-105.2133,30.8008],[-105.2096,30.7976],[-105.213,30.7932],[-105.2176,30.7932],[-105.22,30.7889],[-105.2197,30.7863],[-105.2166,30.7846],[-105.2167,30.7834],[-105.2149,30.7837],[-105.2135,30.7822],[-105.2117,30.7818],[-105.2091,30.7827],[-105.207,30.7843],[-105.2065,30.7863],[-105.2037,30.7879],[-105.1998,30.7877],[-105.1952,30.7923],[-105.1926,30.79],[-105.1907,30.7857],[-105.186,30.7846],[-105.1856,30.7825],[-105.1844,30.7816],[-105.1852,30.7806],[-105.1849,30.777],[-105.1821,30.7763],[-105.1795,30.7714],[-105.1766,30.768],[-105.174,30.7675],[-105.1725,30.7705],[-105.1699,30.773],[-105.1689,30.7758],[-105.1671,30.7766],[-105.1652,30.7729],[-105.1628,30.7707],[-105.1605,30.7704],[-105.1589,30.771],[-105.1562,30.7698],[-105.1576,30.7668],[-105.1578,30.7613],[-105.1613,30.7563],[-105.162,30.7534],[-105.1614,30.7521],[-105.1582,30.7529],[-105.1568,30.754],[-105.152,30.7515],[-105.1487,30.7523],[-105.1438,30.7552],[-105.1422,30.7547],[-105.1407,30.7522],[-105.1396,30.753],[-105.1372,30.7517],[-105.1296,30.7504],[-105.1277,30.7478],[-105.1254,30.7481],[-105.1229,30.7495],[-105.1183,30.7497],[-105.118,30.7491],[-105.1195,30.7484],[-105.1209,30.7459],[-105.1204,30.7439],[-105.1198,30.7432],[-105.1169,30.743],[-105.1159,30.7436],[-105.1161,30.7447],[-105.1139,30.746],[-105.1109,30.7436],[-105.1122,30.7405],[-105.1098,30.7396],[-105.111,30.7386],[-105.1118,30.7333],[-105.1088,30.7301],[-105.1071,30.7302],[-105.1074,30.7316],[-105.1066,30.7322],[-105.1059,30.7305],[-105.1034,30.7291],[-105.1033,30.7263],[-105.1055,30.7238],[-105.0996,30.722],[-105.0984,30.72],[-105.0982,30.7165],[-105.0958,30.7159],[-105.0949,30.7172],[-105.0911,30.7172],[-105.0876,30.7155],[-105.087,30.7145],[-105.0879,30.7114],[-105.0875,30.7099],[-105.0833,30.71],[-105.0802,30.7077],[-105.0794,30.7043],[-105.0826,30.7021],[-105.0821,30.7013],[-105.0808,30.7014],[-105.0809,30.6998],[-105.0774,30.7],[-105.0753,30.7019],[-105.0701,30.7019],[-105.0682,30.7037],[-105.0669,30.6993],[-105.0651,30.6984],[-105.0626,30.6985],[-105.0617,30.6947],[-105.0634,30.6889],[-105.0618,30.6858],[-105.0593,30.6865],[-105.06,30.6873],[-105.059,30.688],[-105.0567,30.6879],[-105.0556,30.6855],[-105.0543,30.6851],[-105.0553,30.6822],[-105.052,30.6816],[-105.0484,30.6825],[-105.0475,30.6817],[-105.0483,30.6803],[-105.0458,30.6799],[-105.0458,30.6819],[-105.0444,30.6842],[-105.0472,30.6881],[-105.0454,30.689],[-105.0446,30.6878],[-105.0427,30.6874],[-105.0408,30.6889],[-105.0361,30.6867],[-105.032,30.681],[-105.0281,30.68],[-105.0273,30.6789],[-105.0252,30.6813],[-105.0213,30.6815],[-105.0198,30.6839],[-105.0179,30.6851],[-105.0168,30.6849],[-105.016,30.6829],[-105.0132,30.6826],[-105.0123,30.6838],[-105.0078,30.6862],[-105.0066,30.6861],[-105.0056,30.6831],[-105.0045,30.6831],[-105.002,30.6809],[-105.0015,30.6727],[-104.9978,30.669],[-104.9938,30.6685],[-104.9931,30.6649],[-104.9914,30.6651],[-104.9903,30.6633],[-104.9861,30.6628],[-104.9866,30.6595],[-104.9855,30.6592],[-104.9862,30.6581],[-104.9847,30.6556],[-104.9858,30.6546],[-104.9839,30.6428],[-104.9845,30.6413],[-104.9839,30.635],[-104.9827,30.6339],[-104.9821,30.6303],[-104.9795,30.6286],[-104.9795,30.6267],[-104.9808,30.6255],[-104.9796,30.6246],[-104.9802,30.622],[-104.9788,30.6211],[-104.9777,30.6181],[-104.9744,30.6168],[-104.9755,30.6142],[-104.9717,30.61],[-104.9669,30.6079],[-104.9598,30.6106],[-104.9568,30.6093],[-104.955,30.6094],[-104.9538,30.6064],[-104.9508,30.6041],[-104.9467,30.6047],[-104.9454,30.6031],[-104.9441,30.6029],[-104.9418,30.6041],[-104.9403,30.6028],[-104.9384,30.6036],[-104.9346,30.6],[-104.931,30.5991],[-104.9293,30.5996],[-104.9283,30.603],[-104.9265,30.6052],[-104.9247,30.6051],[-104.9227,30.6037],[-104.9218,30.5985],[-104.92,30.5974],[-104.9188,30.5978],[-104.9185,30.597],[-104.9193,30.5965],[-104.9187,30.5948],[-104.9202,30.5905],[-104.9214,30.59],[-104.9199,30.5873],[-104.9176,30.5851],[-104.9127,30.5861],[-104.9096,30.5851],[-104.9078,30.5823],[-104.9069,30.5772],[-104.9052,30.5765],[-104.9015,30.5722],[-104.8988,30.5705],[-104.8989,30.5684],[-104.8958,30.5623],[-104.8979,30.5545],[-104.8962,30.553],[-104.8929,30.5529],[-104.8924,30.5513],[-104.8938,30.5519],[-104.8941,30.5509],[-104.8898,30.5492],[-104.8903,30.546],[-104.8886,30.5471],[-104.8877,30.5467],[-104.8877,30.5441],[-104.8908,30.541],[-104.8893,30.5354],[-104.8824,30.5323],[-104.8806,30.5289],[-104.8814,30.524],[-104.8832,30.5246],[-104.8837,30.5261],[-104.8859,30.5245],[-104.8839,30.5238],[-104.8842,30.5228],[-104.8821,30.5224],[-104.881,30.521],[-104.8846,30.5203],[-104.8857,30.5183],[-104.8829,30.5168],[-104.8793,30.5178],[-104.8791,30.5154],[-104.877,30.5112],[-104.8749,30.5122],[-104.8737,30.5137],[-104.872,30.5111],[-104.8735,30.5045],[-104.8722,30.5015],[-104.8739,30.4953],[-104.8703,30.4941],[-104.8666,30.4945],[-104.8672,30.4851],[-104.8695,30.4846],[-104.8717,30.4803],[-104.8692,30.4787],[-104.8694,30.4741],[-104.8659,30.4669],[-104.8661,30.4644],[-104.8685,30.4635],[-104.8683,30.4605],[-104.8696,30.4592],[-104.8684,30.4542],[-104.8654,30.4526],[-104.8644,30.4505],[-104.8658,30.4465],[-104.8655,30.4449],[-104.8671,30.444],[-104.868,30.4414],[-104.8645,30.4413],[-104.8602,30.4399],[-104.8583,30.4376],[-104.859,30.4349],[-104.8581,30.4322],[-104.8605,30.4293],[-104.8613,30.4261],[-104.8594,30.426],[-104.8569,30.4245],[-104.8566,30.4215],[-104.8531,30.4205],[-104.8522,30.4187],[-104.8501,30.4193],[-104.8494,30.4215],[-104.8478,30.4198],[-104.849,30.418],[-104.8477,30.4138],[-104.8513,30.4138],[-104.8523,30.412],[-104.8551,30.4112],[-104.8572,30.4089],[-104.856,30.4033],[-104.8543,30.4004],[-104.8593,30.3903],[-104.8538,30.3853],[-104.8485,30.3836],[-104.8456,30.3792],[-104.8394,30.3764],[-104.8374,30.3738],[-104.8306,30.3729],[-104.8201,30.3746],[-104.8176,30.3757],[-104.8164,30.3752],[-104.8162,30.3738],[-104.8192,30.3707],[-104.8197,30.3687],[-104.8162,30.3659],[-104.8114,30.3667],[-104.811,30.3625],[-104.8139,30.3599],[-104.8141,30.3537],[-104.8184,30.3519],[-104.8218,30.3519],[-104.8226,30.3506],[-104.8199,30.3469],[-104.8188,30.3475],[-104.8157,30.344],[-104.814,30.3439],[-104.81,30.3415],[-104.8116,30.3328],[-104.8079,30.3333],[-104.803,30.3311],[-104.7974,30.3304],[-104.7948,30.327],[-104.7914,30.3255],[-104.7915,30.3223],[-104.7888,30.3218],[-104.7893,30.319],[-104.7885,30.3179],[-104.7862,30.3163],[-104.7828,30.3161],[-104.7768,30.3103],[-104.7768,30.3074],[-104.7796,30.3057],[-104.7793,30.3033],[-104.7759,30.3045],[-104.7726,30.3027],[-104.7667,30.306],[-104.7671,30.3037],[-104.7641,30.3031],[-104.7613,30.3006],[-104.7592,30.2883],[-104.7581,30.2864],[-104.7583,30.2812],[-104.7604,30.2773],[-104.7632,30.2748],[-104.7601,30.2744],[-104.7605,30.272],[-104.7585,30.2714],[-104.7572,30.2719],[-104.7569,30.2728],[-104.758,30.2739],[-104.7572,30.2743],[-104.7547,30.2717],[-104.7532,30.2736],[-104.7511,30.2739],[-104.7515,30.2721],[-104.7508,30.2715],[-104.7488,30.273],[-104.7486,30.2744],[-104.7479,30.2732],[-104.7496,30.267],[-104.7516,30.2644],[-104.7507,30.2622],[-104.749,30.2611],[-104.7404,30.2596],[-104.7379,30.2562],[-104.7366,30.2559],[-104.736,30.2572],[-104.7375,30.2584],[-104.7368,30.2596],[-104.7375,30.2613],[-104.7337,30.2614],[-104.7297,30.2585],[-104.7275,30.2544],[-104.7241,30.253],[-104.724,30.2496],[-104.7213,30.2477],[-104.719,30.2471],[-104.7186,30.245],[-104.7142,30.2404],[-104.7132,30.2376],[-104.7063,30.2348],[-104.7079,30.2262],[-104.7111,30.2243],[-104.7113,30.2231],[-104.7079,30.2188],[-104.7053,30.2169],[-104.7025,30.2128],[-104.7025,30.2117],[-104.7039,30.211],[-104.7051,30.2084],[-104.7041,30.2068],[-104.7003,30.2053],[-104.6998,30.1988],[-104.697,30.1978],[-104.6961,30.1956],[-104.6971,30.1916],[-104.6959,30.1902],[-104.6931,30.1893],[-104.6915,30.1846],[-104.6871,30.1793],[-104.688,30.1764],[-104.6863,30.1733],[-104.6868,30.1696],[-104.6885,30.1657],[-104.6875,30.1596],[-104.6896,30.1543],[-104.6869,30.1521],[-104.6874,30.1509],[-104.6901,30.1492],[-104.6882,30.1474],[-104.6896,30.1466],[-104.6893,30.1456],[-104.6859,30.1457],[-104.6853,30.1447],[-104.6865,30.1433],[-104.6863,30.1415],[-104.6883,30.1418],[-104.6896,30.1409],[-104.6891,30.1377],[-104.691,30.1391],[-104.6919,30.1389],[-104.693,30.1355],[-104.6943,30.1358],[-104.6946,30.1342],[-104.6961,30.1351],[-104.6967,30.1345],[-104.6953,30.1323],[-104.6957,30.1256],[-104.6939,30.1216],[-104.6951,30.1178],[-104.6938,30.1169],[-104.693,30.1184],[-104.6899,30.117],[-104.6899,30.116],[-104.6913,30.1165],[-104.6921,30.115],[-104.6916,30.1112],[-104.6869,30.111],[-104.6855,30.11],[-104.6856,30.1079],[-104.6871,30.1059],[-104.6903,30.1063],[-104.69,30.1078],[-104.6917,30.1087],[-104.6929,30.104],[-104.6944,30.102],[-104.6924,30.0994],[-104.6922,30.0961],[-104.6905,30.0963],[-104.689,30.0953],[-104.6866,30.0979],[-104.6865,30.0995],[-104.6851,30.0998],[-104.6855,30.0932],[-104.6871,30.0908],[-104.6895,30.0902],[-104.6899,30.0893],[-104.689,30.0875],[-104.6892,30.0854],[-104.6871,30.086],[-104.687,30.0866],[-104.6879,30.0868],[-104.6873,30.0875],[-104.685,30.0853],[-104.6867,30.084],[-104.6858,30.0821],[-104.6908,30.078],[-104.6908,30.0767],[-104.6895,30.0756],[-104.6866,30.0766],[-104.688,30.0738],[-104.6932,30.074],[-104.6932,30.0717],[-104.691,30.0705],[-104.6938,30.0695],[-104.6955,30.0667],[-104.6975,30.0652],[-104.7022,30.065],[-104.7037,30.0642],[-104.7022,30.0602],[-104.7048,30.0583],[-104.7036,30.0551],[-104.7052,30.0538],[-104.7073,30.0499],[-104.6977,30.0412],[-104.6957,30.0377],[-104.7009,30.0356],[-104.7003,30.034],[-104.7021,30.031],[-104.7022,30.0277],[-104.7039,30.0258],[-104.7038,30.0234],[-104.7021,30.0212],[-104.6976,30.0194],[-104.6933,30.0191],[-104.6928,30.0178],[-104.6895,30.0151],[-104.6905,30.0135],[-104.6896,30.0105],[-104.6907,30.0096],[-104.6905,30.0082],[-104.6919,30.0088],[-104.6937,30.0077],[-104.6932,30.0058],[-104.6941,30.0025],[-104.6936,30.0014],[-104.6919,30.0008],[-104.6912,30.0011],[-104.6921,30.0022],[-104.6906,30.0034],[-104.6888,30.0022],[-104.6898,30.0009],[-104.6877,29.9976],[-104.6875,29.9957],[-104.6891,29.9939],[-104.6932,29.9935],[-104.6916,29.9913],[-104.6857,29.9905],[-104.6857,29.9871],[-104.6864,29.9852],[-104.6883,29.9847],[-104.6884,29.9801],[-104.6904,29.9792],[-104.6931,29.9755],[-104.6917,29.974],[-104.6876,29.9739],[-104.6826,29.977],[-104.6802,29.977],[-104.6795,29.9753],[-104.6801,29.9742],[-104.682,29.9733],[-104.6824,29.9719],[-104.6855,29.9708],[-104.6819,29.9691],[-104.6832,29.9666],[-104.6836,29.9607],[-104.6853,29.9567],[-104.6837,29.9561],[-104.6807,29.9571],[-104.6802,29.9566],[-104.6809,29.9557],[-104.6801,29.9554],[-104.6742,29.9567],[-104.6732,29.955],[-104.6747,29.9527],[-104.6743,29.9508],[-104.6764,29.952],[-104.6782,29.9517],[-104.6771,29.9503],[-104.6787,29.9497],[-104.6794,29.9476],[-104.6807,29.9473],[-104.6808,29.9457],[-104.678,29.9436],[-104.6786,29.9418],[-104.6778,29.9404],[-104.6789,29.9381],[-104.6812,29.9402],[-104.6823,29.9397],[-104.6813,29.938],[-104.6826,29.9354],[-104.6793,29.9329],[-104.6805,29.9304],[-104.6833,29.9316],[-104.6833,29.9291],[-104.6805,29.9283],[-104.6799,29.9269],[-104.6785,29.9266],[-104.6797,29.9247],[-104.6799,29.9212],[-104.6775,29.9187],[-104.6774,29.9174],[-104.6759,29.9155],[-104.677,29.9148],[-104.6772,29.913],[-104.6745,29.9108],[-104.6708,29.9119],[-104.6686,29.9112],[-104.6656,29.9089],[-104.6662,29.9033],[-104.6656,29.9017],[-104.664,29.9011],[-104.6618,29.9022],[-104.6623,29.9054],[-104.6592,29.905],[-104.6565,29.9061],[-104.6551,29.9054],[-104.6552,29.9028],[-104.659,29.9012],[-104.6578,29.8953],[-104.6583,29.8908],[-104.6559,29.8892],[-104.6533,29.8908],[-104.6533,29.8923],[-104.6517,29.8924],[-104.6506,29.8911],[-104.6526,29.8889],[-104.6509,29.8877],[-104.6507,29.8864],[-104.6465,29.8835],[-104.6457,29.8812],[-104.6461,29.8785],[-104.6425,29.8764],[-104.6411,29.8738],[-104.6372,29.874],[-104.637,29.8725],[-104.6334,29.8708],[-104.6313,29.8654],[-104.6301,29.8645],[-104.6305,29.8564],[-104.6293,29.8522],[-104.6268,29.851],[-104.6231,29.8508],[-104.6216,29.8496],[-104.6213,29.8475],[-104.6243,29.845],[-104.6248,29.8428],[-104.6219,29.8418],[-104.6205,29.8432],[-104.6195,29.8417],[-104.6191,29.8445],[-104.6154,29.8466],[-104.6139,29.8461],[-104.6136,29.8442],[-104.6123,29.8425],[-104.6107,29.8424],[-104.611,29.8412],[-104.6094,29.8398],[-104.6105,29.8387],[-104.6105,29.8363],[-104.6139,29.8339],[-104.6203,29.8331],[-104.6196,29.8302],[-104.6176,29.8294],[-104.6148,29.8298],[-104.6128,29.8273],[-104.61,29.8271],[-104.6097,29.8284],[-104.6085,29.8279],[-104.6101,29.8194],[-104.6088,29.8186],[-104.6072,29.8194],[-104.6069,29.8171],[-104.6051,29.816],[-104.604,29.8161],[-104.6033,29.8173],[-104.6012,29.8162],[-104.5992,29.8114],[-104.5949,29.8053],[-104.5919,29.8069],[-104.5916,29.8085],[-104.5925,29.8089],[-104.594,29.8082],[-104.594,29.8094],[-104.5925,29.8105],[-104.5913,29.8098],[-104.586,29.802],[-104.5875,29.8002],[-104.5905,29.7997],[-104.5909,29.7981],[-104.589,29.7957],[-104.5852,29.7962],[-104.5815,29.7951],[-104.5825,29.7925],[-104.5799,29.7908],[-104.5793,29.7899],[-104.5799,29.7889],[-104.5782,29.7878],[-104.579,29.7868],[-104.5789,29.7828],[-104.5747,29.7818],[-104.5744,29.7796],[-104.5732,29.7802],[-104.5723,29.7788],[-104.5705,29.7783],[-104.5685,29.7738],[-104.5659,29.7715],[-104.5656,29.7694],[-104.5685,29.7662],[-104.5662,29.7651],[-104.5658,29.7619],[-104.5639,29.7613],[-104.5669,29.7601],[-104.5657,29.7592],[-104.5671,29.7571],[-104.5696,29.7571],[-104.5699,29.7526],[-104.5619,29.7475],[-104.56,29.7472],[-104.5593,29.7457],[-104.5571,29.7455],[-104.5554,29.7419],[-104.5539,29.7431],[-104.5519,29.7421],[-104.5516,29.7407],[-104.5498,29.7409],[-104.5503,29.738],[-104.5512,29.7388],[-104.554,29.7387],[-104.5554,29.7378],[-104.5589,29.7381],[-104.5604,29.7352],[-104.5586,29.7348],[-104.5564,29.7355],[-104.5557,29.7346],[-104.5562,29.7318],[-104.5541,29.7311],[-104.5527,29.7319],[-104.5493,29.7306],[-104.5489,29.7275],[-104.552,29.7251],[-104.5524,29.7237],[-104.5492,29.7202],[-104.5513,29.7192],[-104.5523,29.7173],[-104.5517,29.7164],[-104.55,29.7162],[-104.5471,29.7177],[-104.5449,29.7161],[-104.545,29.7152],[-104.5475,29.7143],[-104.5455,29.7138],[-104.5439,29.7112],[-104.544,29.7103],[-104.5458,29.7099],[-104.5462,29.709],[-104.5434,29.704],[-104.5459,29.6999],[-104.5451,29.6983],[-104.5436,29.6978],[-104.5438,29.6963],[-104.5371,29.6929],[-104.5317,29.6917],[-104.5302,29.6905],[-104.5308,29.6884],[-104.5337,29.6862],[-104.5377,29.6845],[-104.5417,29.6844],[-104.5441,29.6815],[-104.5439,29.6804],[-104.5426,29.6804],[-104.5382,29.6772],[-104.5357,29.674],[-104.5352,29.6723],[-104.5363,29.6673],[-104.5354,29.6665],[-104.5334,29.6665],[-104.5325,29.6674],[-104.5334,29.6687],[-104.5329,29.6697],[-104.5309,29.6708],[-104.5285,29.6696],[-104.5282,29.6674],[-104.5254,29.6678],[-104.5247,29.6592],[-104.5223,29.6581],[-104.5194,29.6541],[-104.5166,29.6524],[-104.5171,29.6502],[-104.5185,29.6492],[-104.5176,29.6474],[-104.5124,29.6467],[-104.5099,29.6442],[-104.5101,29.6433],[-104.5126,29.6431],[-104.5132,29.6409],[-104.5153,29.6416],[-104.5159,29.641],[-104.514,29.6398],[-104.514,29.6386],[-104.5082,29.6325],[-104.5068,29.6325],[-104.5056,29.634],[-104.5069,29.637],[-104.5051,29.6376],[-104.5032,29.6371],[-104.5018,29.6384],[-104.498,29.6397],[-104.4962,29.639],[-104.4967,29.6357],[-104.4949,29.6338],[-104.4917,29.6343],[-104.4872,29.6337],[-104.4874,29.6309],[-104.4861,29.6287],[-104.4829,29.6276],[-104.4769,29.6285],[-104.4758,29.6276],[-104.4765,29.626],[-104.4748,29.6236],[-104.4734,29.6179],[-104.4685,29.6191],[-104.4655,29.6184],[-104.4654,29.6155],[-104.4676,29.6129],[-104.4665,29.6092],[-104.4655,29.609],[-104.4638,29.6102],[-104.4607,29.6089],[-104.4564,29.6087],[-104.4548,29.6058],[-104.452,29.6035],[-104.3982,29.5713],[-104.3969,29.5695],[-104.3973,29.5664],[-104.3939,29.5597],[-104.3949,29.5565],[-104.3943,29.5552],[-104.3805,29.5426],[-104.3789,29.5421],[-104.3747,29.5438],[-104.3704,29.5431],[-104.3575,29.5324],[-104.3362,29.5193],[-104.3335,29.5198],[-104.3324,29.5215],[-104.3299,29.5229],[-104.3263,29.5233],[-104.3215,29.5219],[-104.3206,29.5241],[-104.3209,29.5295],[-104.3179,29.5324],[-104.3155,29.5328],[-104.3131,29.5317],[-104.3109,29.5288],[-104.3115,29.5232],[-104.3028,29.5243],[-104.2968,29.5241],[-104.2929,29.5223],[-104.2919,29.5195],[-104.2866,29.5185],[-104.2848,29.5189],[-104.2821,29.5175],[-104.2722,29.5163],[-104.2688,29.5136],[-104.2657,29.5142],[-104.2622,29.5135],[-104.2612,29.5115],[-104.2623,29.5102],[-104.262,29.509],[-104.2607,29.5067],[-104.2583,29.5061],[-104.2543,29.5067],[-104.2495,29.5044],[-104.2403,29.4974],[-104.2371,29.4976],[-104.2338,29.4937],[-104.2335,29.4856],[-104.2307,29.4787],[-104.2252,29.482],[-104.2155,29.4848],[-104.21,29.4822],[-104.2089,29.4807],[-104.211,29.4769],[-104.2108,29.4718],[-104.2129,29.4675],[-104.2124,29.4649],[-104.2136,29.4615],[-104.2183,29.4582],[-104.2175,29.4561],[-104.212,29.4517],[-104.2101,29.4488],[-104.1941,29.4417],[-104.1928,29.4392],[-104.1936,29.4361],[-104.1929,29.4353],[-104.1889,29.4321],[-104.1861,29.4283],[-104.1823,29.4275],[-104.1811,29.4265],[-104.1809,29.4226],[-104.1828,29.4214],[-104.1839,29.4172],[-104.1823,29.4151],[-104.1804,29.4145],[-104.1794,29.4104],[-104.1759,29.4093],[-104.1738,29.4101],[-104.1697,29.4082],[-104.1711,29.4044],[-104.1704,29.4026],[-104.1685,29.4015],[-104.1661,29.402],[-104.1648,29.4015],[-104.1647,29.3996],[-104.1684,29.3965],[-104.1674,29.3947],[-104.1604,29.3898],[-104.1563,29.3908],[-104.1566,29.3939],[-104.1552,29.3946],[-104.1516,29.3915],[-104.1515,29.3877],[-104.1502,29.3859],[-104.1484,29.3851],[-104.1464,29.3854],[-104.1433,29.3883],[-104.1424,29.3861],[-104.1432,29.3824],[-104.1422,29.3786],[-104.1412,29.3778],[-104.1382,29.3786],[-104.1373,29.3799],[-104.1378,29.3827],[-104.1349,29.3842],[-104.1314,29.3823],[-104.1314,29.38],[-104.1294,29.3786],[-104.1269,29.3784],[-104.126,29.3794],[-104.1229,29.3803],[-104.1217,29.3774],[-104.1213,29.3714],[-104.1177,29.3707],[-104.1134,29.3736],[-104.1096,29.3741],[-104.1066,29.3733],[-104.1009,29.3675],[-104.0982,29.3665],[-104.0978,29.3616],[-104.0945,29.3612],[-104.09,29.3592],[-104.0895,29.3559],[-104.0909,29.3535],[-104.0862,29.3504],[-104.0823,29.3461],[-104.0758,29.3451],[-104.0735,29.3466],[-104.0667,29.341],[-104.0637,29.3406],[-104.0594,29.3382],[-104.0561,29.3377],[-104.0555,29.337],[-104.0567,29.3333],[-104.0552,29.3304],[-104.0392,29.3218],[-104.0379,29.32],[-104.0303,29.3171],[-104.0202,29.312],[-104.0162,29.3121],[-104.0007,29.3053],[-103.9917,29.3038],[-103.9855,29.3012],[-103.9833,29.2992],[-103.9758,29.2962],[-103.9708,29.2966],[-103.9676,29.3],[-103.9648,29.2985],[-103.9612,29.2987],[-103.9546,29.2967],[-103.9522,29.2976],[-103.95,29.2953],[-103.9438,29.2951],[-103.937,29.2927],[-103.9257,29.2944],[-103.9183,29.2898],[-103.9177,29.2882],[-103.9189,29.2848],[-103.9121,29.2837],[-103.9046,29.2868],[-103.8993,29.2874],[-103.892,29.2803],[-103.8894,29.2788],[-103.8856,29.2813],[-103.8857,29.2835],[-103.8845,29.2847],[-103.8801,29.2851],[-103.8725,29.2831],[-103.8701,29.2807],[-103.8658,29.2822],[-103.8632,29.2792],[-103.8574,29.2817],[-103.8543,29.2815],[-103.8493,29.2799],[-103.8456,29.2799],[-103.8423,29.2785],[-103.8376,29.2783],[-103.8367,29.2772],[-103.837,29.2742],[-103.8355,29.2727],[-103.8296,29.2713],[-103.8262,29.2692],[-103.8208,29.2705],[-103.8135,29.274],[-103.8094,29.2727],[-103.8076,29.2702],[-103.8092,29.2659],[-103.8068,29.264],[-103.8064,29.2611],[-103.7994,29.2584],[-103.7962,29.2595],[-103.7886,29.2654],[-103.7836,29.2653],[-103.7787,29.2561],[-103.7785,29.252],[-103.7751,29.248],[-103.7763,29.2435],[-103.7807,29.2438],[-103.7817,29.2413],[-103.7806,29.2362],[-103.782,29.2273],[-103.778,29.2238],[-103.7771,29.2205],[-103.7716,29.2193],[-103.7697,29.2202],[-103.7675,29.2251],[-103.7684,29.2276],[-103.7628,29.2327],[-103.7602,29.2335],[-103.7585,29.2329],[-103.7543,29.2269],[-103.7549,29.225],[-103.7577,29.2231],[-103.7574,29.2207],[-103.7529,29.2195],[-103.7476,29.2202],[-103.7435,29.2221],[-103.7422,29.2217],[-103.7409,29.2188],[-103.7432,29.2151],[-103.7422,29.2135],[-103.7425,29.209],[-103.7371,29.2019],[-103.7298,29.1974],[-103.7287,29.1929],[-103.7249,29.192],[-103.7186,29.1808],[-103.7156,29.1811],[-103.7144,29.1843],[-103.713,29.1852],[-103.7111,29.1847],[-103.709,29.1853],[-103.7073,29.1837],[-103.7052,29.185],[-103.7033,29.184],[-103.7006,29.1803],[-103.7003,29.1784],[-103.6982,29.1775],[-103.6936,29.1772],[-103.6886,29.1786],[-103.6863,29.1763],[-103.6826,29.1763],[-103.6777,29.1739],[-103.6735,29.1732],[-103.6693,29.1737],[-103.6646,29.1709],[-103.6596,29.1706],[-103.6567,29.1694],[-103.6536,29.1634],[-103.6513,29.162],[-103.6506,29.1608],[-103.652,29.1579],[-103.6506,29.1565],[-103.6476,29.1571],[-103.6462,29.159],[-103.6407,29.1611],[-103.6337,29.1586],[-103.6313,29.1598],[-103.6302,29.1621],[-103.6284,29.1631],[-103.619,29.1633],[-103.6122,29.1654],[-103.6089,29.1648],[-103.6062,29.1603],[-103.6032,29.1581],[-103.6007,29.158],[-103.5961,29.1517],[-103.5922,29.1501],[-103.5874,29.1504],[-103.58,29.1495],[-103.5761,29.1514],[-103.5737,29.1538],[-103.5689,29.1553],[-103.5654,29.1542],[-103.5614,29.1553],[-103.557,29.1555],[-103.5537,29.158],[-103.5504,29.1555],[-103.5501,29.1536],[-103.5521,29.1516],[-103.553,29.1487],[-103.5524,29.1462],[-103.5502,29.1436],[-103.5476,29.1424],[-103.5447,29.1448],[-103.5398,29.1462],[-103.5382,29.1441],[-103.5248,29.1371],[-103.5228,29.1346],[-103.5238,29.1331],[-103.5239,29.1212],[-103.5199,29.1197],[-103.5153,29.1213],[-103.5129,29.1213],[-103.5107,29.1204],[-103.5078,29.117],[-103.5059,29.116],[-103.5004,29.1162],[-103.5002,29.1104],[-103.4988,29.1085],[-103.4936,29.108],[-103.4924,29.1047],[-103.4834,29.0935],[-103.4807,29.0917],[-103.4765,29.0917],[-103.4753,29.0903],[-103.4762,29.0878],[-103.4699,29.0853],[-103.47,29.0792],[-103.4739,29.0703],[-103.4714,29.0667],[-103.4685,29.066],[-103.4626,29.0673],[-103.4597,29.067],[-103.4591,29.0682],[-103.4622,29.0714],[-103.4617,29.0726],[-103.4499,29.0727],[-103.4506,29.0689],[-103.4497,29.0651],[-103.4411,29.0579],[-103.4395,29.0575],[-103.4384,29.0582],[-103.4342,29.0573],[-103.4351,29.0552],[-103.4337,29.0522],[-103.4289,29.0495],[-103.4289,29.0479],[-103.4311,29.046],[-103.4307,29.0449],[-103.4321,29.0434],[-103.4276,29.0422],[-103.4236,29.0435],[-103.419,29.0423],[-103.4154,29.0379],[-103.4119,29.0381],[-103.4083,29.0397],[-103.4051,29.0396],[-103.4024,29.0321],[-103.401,29.0311],[-103.395,29.0326],[-103.3923,29.035],[-103.3886,29.034],[-103.3877,29.033],[-103.387,29.0275],[-103.3881,29.0238],[-103.3865,29.0216],[-103.3846,29.0239],[-103.383,29.0245],[-103.3773,29.0232],[-103.3746,29.0237],[-103.3668,29.0202],[-103.3596,29.0186],[-103.3535,29.0229],[-103.3526,29.0264],[-103.3505,29.0289],[-103.3478,29.0403],[-103.3443,29.046],[-103.3423,29.0462],[-103.3393,29.0437],[-103.334,29.044],[-103.3306,29.0432],[-103.3275,29.0399],[-103.3272,29.0327],[-103.3301,29.0295],[-103.3336,29.029],[-103.3361,29.0274],[-103.3402,29.0286],[-103.342,29.0284],[-103.3388,29.0203],[-103.3365,29.0183],[-103.3326,29.0166],[-103.3264,29.0163],[-103.3209,29.0191],[-103.3143,29.0261],[-103.3112,29.0261],[-103.3077,29.0245],[-103.3067,29.0228],[-103.3086,29.0179],[-103.3112,29.014],[-103.316,29.012],[-103.3162,29.0107],[-103.3138,29.007],[-103.3087,29.0034],[-103.3017,29.0084],[-103.299,29.0067],[-103.2957,29.0064],[-103.2869,29.0013],[-103.2816,28.9877],[-103.283,28.983],[-103.2883,28.9814],[-103.2882,28.9794],[-103.287,28.9782],[-103.2818,28.9766],[-103.2793,28.977],[-103.2714,28.9854],[-103.2694,28.9933],[-103.2677,28.9959],[-103.2666,28.9961],[-103.2534,28.987],[-103.252,28.9853],[-103.2504,28.9804],[-103.2376,28.9819],[-103.2362,28.9846],[-103.2316,28.9874],[-103.2279,28.9919],[-103.2255,28.99],[-103.2216,28.9844],[-103.2198,28.9833],[-103.219,28.9857],[-103.2148,28.9877],[-103.2078,28.9865],[-103.2024,28.9872],[-103.1916,28.9839],[-103.1808,28.9824],[-103.1784,28.9808],[-103.1763,28.9778],[-103.1745,28.9778],[-103.1724,28.9807],[-103.1703,28.9804],[-103.1658,28.9775],[-103.1661,28.9744],[-103.1641,28.9723],[-103.1603,28.9738],[-103.1562,28.973],[-103.1539,28.9716],[-103.151,28.9754],[-103.1444,28.9775],[-103.136,28.9834],[-103.1317,28.984],[-103.1297,28.9827],[-103.1263,28.9821],[-103.123,28.9844],[-103.1185,28.9837],[-103.1142,28.9866],[-103.1139,28.9894],[-103.1175,28.9978],[-103.1172,29.0005],[-103.1085,29.0133],[-103.1015,29.0181],[-103.0978,29.027],[-103.1007,29.0309],[-103.1041,29.0333],[-103.1065,29.0382],[-103.105,29.0445],[-103.1011,29.0493],[-103.1004,29.0514],[-103.0999,29.0556],[-103.1006,29.0603],[-103.0969,29.0608],[-103.0955,29.0647],[-103.0924,29.0647],[-103.0915,29.0635],[-103.0919,29.0573],[-103.0905,29.0541],[-103.0897,29.0534],[-103.0859,29.0537],[-103.0855,29.06],[-103.0874,29.0671],[-103.077,29.076],[-103.0766,29.0798],[-103.0802,29.0874],[-103.0787,29.0881],[-103.0758,29.0915],[-103.07,29.0937],[-103.066,29.0914],[-103.0642,29.0915],[-103.0616,29.0943],[-103.0587,29.0958],[-103.0542,29.1008],[-103.0493,29.098],[-103.0476,29.096],[-103.0454,29.0954],[-103.0393,29.097],[-103.0339,29.101],[-103.0324,29.1038],[-103.0321,29.1068],[-103.0361,29.1108],[-103.037,29.1129],[-103.0357,29.1142],[-103.0276,29.116],[-103.024,29.1198],[-103.0229,29.1235],[-103.0205,29.1256],[-103.0166,29.1262],[-103.0143,29.125],[-103.0121,29.1262],[-103.0122,29.1287],[-103.0148,29.1306],[-103.0157,29.134],[-103.0121,29.1372],[-103.0088,29.1376],[-103.0081,29.1484],[-103.0025,29.15],[-102.9996,29.1559],[-102.9963,29.1602],[-102.9958,29.164],[-102.9981,29.1738],[-102.9956,29.1793],[-102.9923,29.1806],[-102.99,29.1835],[-102.986,29.1832],[-102.9811,29.1857],[-102.9755,29.1863],[-102.968,29.1827],[-102.9661,29.1826],[-102.9625,29.1802],[-102.9573,29.179],[-102.9553,29.1779],[-102.9528,29.1739],[-102.9509,29.1736],[-102.9509,29.1782],[-102.9495,29.1805],[-102.9476,29.1811],[-102.9457,29.1831],[-102.9448,29.1867],[-102.9454,29.1889],[-102.9434,29.1914],[-102.9415,29.1917],[-102.9398,29.1886],[-102.9383,29.1882],[-102.938,29.1894],[-102.9325,29.1947],[-102.9253,29.1938],[-102.9197,29.1908],[-102.9178,29.1909],[-102.9171,29.1922],[-102.9186,29.1942],[-102.9189,29.199],[-102.9142,29.2001],[-102.9127,29.2067],[-102.916,29.212],[-102.9161,29.2157],[-102.9123,29.2194],[-102.9087,29.2197],[-102.9056,29.2158],[-102.901,29.2124],[-102.8995,29.2095],[-102.8951,29.2085],[-102.8904,29.2093],[-102.8828,29.213],[-102.8788,29.2136],[-102.8773,29.2171],[-102.8737,29.2189],[-102.8675,29.2239],[-102.8668,29.2277],[-102.8685,29.2304],[-102.8717,29.2317],[-102.8706,29.2361],[-102.8717,29.2418],[-102.8744,29.2436],[-102.8797,29.2452],[-102.8803,29.2461],[-102.8878,29.2458],[-102.8927,29.2492],[-102.8966,29.2541],[-102.9031,29.2543],[-102.906,29.2583],[-102.9064,29.2601],[-102.9055,29.2636],[-102.9022,29.2648],[-102.8993,29.2691],[-102.9002,29.2728],[-102.9031,29.2761],[-102.903,29.2792],[-102.9016,29.2807],[-102.8987,29.2807],[-102.8965,29.2848],[-102.8905,29.288],[-102.8882,29.2934],[-102.8901,29.3024],[-102.8926,29.3059],[-102.893,29.3089],[-102.8902,29.3095],[-102.8873,29.3116],[-102.8883,29.3148],[-102.8874,29.3188],[-102.8862,29.3203],[-102.8844,29.3207],[-102.8847,29.326],[-102.8799,29.3391],[-102.8844,29.3479],[-102.8807,29.3526],[-102.8775,29.3549],[-102.8729,29.3523],[-102.8621,29.3513],[-102.8453,29.3577],[-102.8394,29.3589],[-102.8401,29.3619],[-102.8453,29.3647],[-102.845,29.3744],[-102.8407,29.3776],[-102.837,29.3779],[-102.834,29.3791],[-102.8331,29.3881],[-102.8297,29.3908],[-102.8256,29.3969],[-102.82,29.3983],[-102.8159,29.397],[-102.8124,29.4005],[-102.8124,29.4014],[-102.8137,29.4023],[-102.819,29.4036],[-102.8259,29.4025],[-102.8265,29.4076],[-102.8326,29.4084],[-102.8334,29.4105],[-102.8269,29.4177],[-102.8325,29.4324],[-102.8309,29.4344],[-102.8318,29.4387],[-102.8308,29.441],[-102.831,29.4443],[-102.8294,29.4459],[-102.8195,29.4507],[-102.8211,29.4519],[-102.824,29.4521],[-102.8256,29.4555],[-102.8256,29.4579],[-102.8239,29.46],[-102.8222,29.4646],[-102.818,29.4671],[-102.8164,29.4705],[-102.814,29.4714],[-102.8155,29.476],[-102.8143,29.4824],[-102.8126,29.4836],[-102.8042,29.4837],[-102.8007,29.4862],[-102.8049,29.4904],[-102.8073,29.4943],[-102.8043,29.5012],[-102.8075,29.5039],[-102.8066,29.507],[-102.8072,29.5128],[-102.8064,29.5154],[-102.8087,29.5199],[-102.8083,29.5229],[-102.8039,29.524],[-102.7984,29.5267],[-102.7972,29.5294],[-102.792,29.533],[-102.7915,29.536],[-102.793,29.5399],[-102.7915,29.5428],[-102.7893,29.5437],[-102.7833,29.5419],[-102.7803,29.5425],[-102.7784,29.5436],[-102.7768,29.5471],[-102.7735,29.5472],[-102.7712,29.5484],[-102.7711,29.549],[-102.7754,29.5516],[-102.7773,29.5547],[-102.7778,29.561],[-102.7734,29.5669],[-102.7739,29.5731],[-102.7706,29.5738],[-102.7676,29.5718],[-102.7662,29.5722],[-102.764,29.5747],[-102.7623,29.5798],[-102.7659,29.5895],[-102.7684,29.5933],[-102.7683,29.5952],[-102.7654,29.5978],[-102.7603,29.5986],[-102.7497,29.5951],[-102.7463,29.5926],[-102.7443,29.5936],[-102.7405,29.5975],[-102.7397,29.5999],[-102.7416,29.6028],[-102.7388,29.6088],[-102.7386,29.6182],[-102.7391,29.6256],[-102.742,29.6303],[-102.7419,29.6332],[-102.7368,29.6398],[-102.7366,29.6418],[-102.7345,29.6421],[-102.7298,29.6407],[-102.7259,29.6432],[-102.7241,29.6485],[-102.7257,29.6514],[-102.7228,29.6514],[-102.7152,29.6564],[-102.7113,29.6605],[-102.7086,29.667],[-102.7041,29.6713],[-102.7005,29.6726],[-102.6983,29.6716],[-102.6967,29.672],[-102.6936,29.6767],[-102.6962,29.6819],[-102.6994,29.685],[-102.6997,29.6863],[-102.6986,29.6955],[-102.697,29.6988],[-102.689,29.705],[-102.6902,29.7073],[-102.6914,29.7214],[-102.6905,29.7227],[-102.6897,29.7221],[-102.6877,29.7228],[-102.6851,29.7269],[-102.6818,29.7281],[-102.679,29.734],[-102.677,29.7415],[-102.674,29.7446],[-102.6723,29.7444],[-102.6684,29.7459],[-102.6673,29.7442],[-102.6671,29.7391],[-102.664,29.7367],[-102.6602,29.7356],[-102.6539,29.7355],[-102.6452,29.7338],[-102.6304,29.7342],[-102.6293,29.7353],[-102.6228,29.7363],[-102.615,29.7467],[-102.6124,29.7483],[-102.6099,29.7478],[-102.6061,29.7489],[-102.6044,29.7502],[-102.5976,29.7514],[-102.5947,29.7507],[-102.5929,29.7491],[-102.5892,29.7491],[-102.5854,29.7509],[-102.5803,29.755],[-102.5738,29.7549],[-102.5721,29.7572],[-102.5739,29.7616],[-102.5733,29.7625],[-102.5745,29.766],[-102.5741,29.7674],[-102.5706,29.771],[-102.5677,29.7715],[-102.5657,29.7709],[-102.5649,29.7688],[-102.5627,29.7675],[-102.5584,29.7591],[-102.5552,29.7559],[-102.5544,29.7538],[-102.5551,29.7513],[-102.5547,29.7487],[-102.5507,29.7452],[-102.548,29.7446],[-102.5407,29.7481],[-102.5342,29.7549],[-102.5274,29.7584],[-102.5205,29.7607],[-102.5135,29.7654],[-102.5131,29.7691],[-102.5107,29.7714],[-102.5107,29.7739],[-102.5146,29.7756],[-102.5184,29.7787],[-102.5192,29.7804],[-102.5176,29.7836],[-102.5149,29.7843],[-102.498,29.7814],[-102.4873,29.7866],[-102.4836,29.7848],[-102.4818,29.7828],[-102.4813,29.7806],[-102.4823,29.778],[-102.4807,29.7761],[-102.472,29.7764],[-102.4697,29.7808],[-102.4675,29.7829],[-102.4655,29.7834],[-102.4622,29.7813],[-102.4577,29.7746],[-102.455,29.7748],[-102.4501,29.7772],[-102.4474,29.7775],[-102.4446,29.7768],[-102.4393,29.7733],[-102.4373,29.7742],[-102.4356,29.7765],[-102.4337,29.7769],[-102.4323,29.7755],[-102.4259,29.7731],[-102.4215,29.7693],[-102.416,29.7696],[-102.412,29.7682],[-102.4106,29.7654],[-102.409,29.7645],[-102.4045,29.7652],[-102.3989,29.7695],[-102.3948,29.7692],[-102.3918,29.7661],[-102.3897,29.7619],[-102.3872,29.7614],[-102.3864,29.7624],[-102.3873,29.7647],[-102.387,29.7666],[-102.385,29.7717],[-102.3866,29.7774],[-102.39,29.7819],[-102.3852,29.7858],[-102.3794,29.7878],[-102.3772,29.7899],[-102.3775,29.8],[-102.3732,29.8079],[-102.3696,29.8207],[-102.3658,29.8256],[-102.3629,29.8315],[-102.3624,29.8357],[-102.3646,29.8453],[-102.3612,29.8491],[-102.3546,29.8513],[-102.3523,29.8528],[-102.3502,29.857],[-102.3497,29.8626],[-102.3431,29.8652],[-102.3421,29.8666],[-102.3422,29.8684],[-102.3409,29.8694],[-102.3333,29.8681],[-102.3319,29.8628],[-102.3269,29.8627],[-102.3235,29.8639],[-102.3227,29.8657],[-102.3246,29.871],[-102.3243,29.8737],[-102.3212,29.8787],[-102.3159,29.88],[-102.3137,29.8791],[-102.3123,29.8771],[-102.3006,29.8776],[-102.2959,29.8736],[-102.2869,29.8712],[-102.2833,29.8643],[-102.2809,29.8628],[-102.2766,29.863],[-102.269,29.8678],[-102.2648,29.8675],[-102.2631,29.8662],[-102.2619,29.8636],[-102.2643,29.8578],[-102.2643,29.8556],[-102.2635,29.8542],[-102.2615,29.8532],[-102.2532,29.8531],[-102.2515,29.8552],[-102.2516,29.8599],[-102.2498,29.8633],[-102.2483,29.8643],[-102.2465,29.8641],[-102.2432,29.8584],[-102.2449,29.8527],[-102.2449,29.8489],[-102.2414,29.8477],[-102.2318,29.8483],[-102.23,29.847],[-102.2279,29.8436],[-102.2235,29.8405],[-102.2198,29.8409],[-102.2146,29.844],[-102.2099,29.8444],[-102.2066,29.8432],[-102.1996,29.8369],[-102.1961,29.8366],[-102.1934,29.8394],[-102.1933,29.8428],[-102.1917,29.8466],[-102.1894,29.8487],[-102.187,29.8487],[-102.1823,29.8459],[-102.1785,29.8395],[-102.1784,29.8367],[-102.1813,29.8312],[-102.18,29.8264],[-102.1775,29.8256],[-102.1686,29.8262],[-102.1664,29.8254],[-102.1657,29.823],[-102.1613,29.8187],[-102.1598,29.8147],[-102.1556,29.812],[-102.1509,29.8116],[-102.1436,29.8033],[-102.1356,29.8016],[-102.1289,29.7985],[-102.1236,29.8019],[-102.1198,29.8025],[-102.1171,29.8004],[-102.1184,29.7992],[-102.1179,29.7962],[-102.1157,29.7923],[-102.1142,29.7935],[-102.1123,29.7936],[-102.1088,29.7918],[-102.1074,29.7928],[-102.1014,29.7936],[-102.0947,29.7912],[-102.0911,29.7933],[-102.0844,29.7951],[-102.0821,29.7931],[-102.0776,29.7925],[-102.0757,29.7884],[-102.0726,29.7865],[-102.0718,29.787],[-102.0684,29.7864],[-102.055,29.787],[-102.052,29.785],[-102.0497,29.7853],[-102.0483,29.7882],[-102.0463,29.7899],[-102.0438,29.7903],[-102.0414,29.7897],[-102.0386,29.7916],[-102.0412,29.7991],[-102.0398,29.802],[-102.0358,29.8041],[-102.0326,29.8038],[-102.0284,29.8019],[-102.0246,29.8029],[-102.0219,29.8025],[-102.0198,29.8012],[-102.0179,29.7981],[-102.0152,29.7975],[-102.006,29.8015],[-102.0007,29.8052],[-101.997,29.8061],[-101.9941,29.8045],[-101.991,29.7977],[-101.9873,29.7968],[-101.9843,29.7993],[-101.9818,29.8062],[-101.9831,29.8099],[-101.9816,29.815],[-101.9763,29.816],[-101.9728,29.8157],[-101.971,29.8136],[-101.9696,29.8138],[-101.9667,29.8127],[-101.9647,29.8093],[-101.9655,29.806],[-101.9634,29.8001],[-101.961,29.7976],[-101.9575,29.7958],[-101.9541,29.7958],[-101.9459,29.8018],[-101.9439,29.8007],[-101.9393,29.8009],[-101.9356,29.7996],[-101.9338,29.797],[-101.9327,29.7932],[-101.9325,29.7898],[-101.9342,29.788],[-101.9335,29.7852],[-101.9293,29.7826],[-101.9266,29.7831],[-101.9223,29.786],[-101.9217,29.7882],[-101.9157,29.7952],[-101.9116,29.798],[-101.8929,29.7977],[-101.8882,29.7964],[-101.884,29.7935],[-101.8825,29.7936],[-101.8806,29.7958],[-101.8758,29.7938],[-101.8665,29.798],[-101.8559,29.8072],[-101.8527,29.8078],[-101.8489,29.8067],[-101.8469,29.8024],[-101.8376,29.7934],[-101.8287,29.7885],[-101.8237,29.7874],[-101.8204,29.7889],[-101.8187,29.7915],[-101.8203,29.7963],[-101.824,29.8005],[-101.8255,29.804],[-101.8256,29.8071],[-101.8226,29.8103],[-101.8178,29.8116],[-101.8125,29.8098],[-101.8036,29.8034],[-101.8065,29.7993],[-101.8135,29.7944],[-101.814,29.7923],[-101.8131,29.7872],[-101.8108,29.7836],[-101.8051,29.7804],[-101.7995,29.7792],[-101.7885,29.7793],[-101.7858,29.7832],[-101.786,29.7874],[-101.7849,29.7886],[-101.7806,29.7894],[-101.7738,29.7887],[-101.7643,29.7827],[-101.7561,29.7796],[-101.7539,29.7773],[-101.7489,29.7775],[-101.7443,29.7792],[-101.7413,29.7783],[-101.7387,29.773],[-101.7334,29.7712],[-101.7283,29.7727],[-101.725,29.7759],[-101.7197,29.7757],[-101.7144,29.7685],[-101.7128,29.7637],[-101.7089,29.7616],[-101.6982,29.7657],[-101.6896,29.771],[-101.6862,29.7686],[-101.6846,29.7644],[-101.6814,29.7608],[-101.6778,29.7603],[-101.6753,29.7611],[-101.6746,29.7652],[-101.6706,29.7689],[-101.6617,29.7709],[-101.6597,29.7674],[-101.6545,29.7651],[-101.653,29.7599],[-101.6508,29.7571],[-101.6469,29.7546],[-101.6446,29.7542],[-101.6429,29.7545],[-101.6402,29.7569],[-101.6355,29.7584],[-101.6328,29.7616],[-101.6327,29.7643],[-101.6303,29.7683],[-101.6269,29.7708],[-101.6179,29.7699],[-101.6066,29.7741],[-101.6037,29.7744],[-101.5989,29.7738],[-101.5959,29.7722],[-101.5894,29.7709],[-101.5869,29.7711],[-101.5775,29.7691],[-101.5758,29.7693],[-101.5722,29.7733],[-101.5729,29.7834],[-101.5743,29.7865],[-101.5741,29.7882],[-101.5677,29.7987],[-101.5525,29.8042],[-101.5474,29.8107],[-101.5448,29.8119],[-101.5419,29.8108],[-101.5362,29.8013],[-101.535,29.7977],[-101.5379,29.7881],[-101.5385,29.77],[-101.5394,29.7664],[-101.5386,29.7605],[-101.536,29.759],[-101.5303,29.7596],[-101.5228,29.7633],[-101.5176,29.765],[-101.5083,29.7642],[-101.5032,29.7646],[-101.4871,29.7739],[-101.4808,29.7822],[-101.4763,29.7855],[-101.4644,29.7893],[-101.4583,29.7892],[-101.4558,29.788],[-101.4528,29.7838],[-101.4552,29.7719],[-101.4512,29.7558],[-101.4489,29.7507],[-101.4426,29.7497],[-101.4381,29.7509],[-101.4176,29.7659],[-101.408,29.7713],[-101.4041,29.7718],[-101.3997,29.769],[-101.3984,29.7646],[-101.4002,29.7601],[-101.4146,29.7524],[-101.4157,29.7502],[-101.4156,29.7465],[-101.4132,29.7436],[-101.41,29.7415],[-101.4006,29.7381],[-101.397,29.734],[-101.3963,29.7271],[-101.3984,29.717],[-101.3969,29.7139],[-101.3885,29.7076],[-101.3754,29.7018],[-101.3728,29.6994],[-101.3718,29.6933],[-101.3731,29.6841],[-101.3727,29.6781],[-101.3671,29.6709],[-101.3656,29.6669],[-101.3632,29.6526],[-101.3613,29.6501],[-101.3571,29.6493],[-101.3554,29.651],[-101.3503,29.6607],[-101.3479,29.6622],[-101.3141,29.6591],[-101.3069,29.6558],[-101.3036,29.6523],[-101.3,29.6407],[-101.3014,29.6346],[-101.3117,29.6154],[-101.3129,29.6107],[-101.3134,29.6023],[-101.312,29.5861],[-101.3055,29.5779],[-101.2962,29.5728],[-101.291,29.5715],[-101.2853,29.582],[-101.2811,29.5859],[-101.2779,29.5908],[-101.2774,29.6066],[-101.2805,29.6152],[-101.2777,29.621],[-101.2691,29.6301],[-101.2665,29.631],[-101.2622,29.6306],[-101.254,29.6269],[-101.2504,29.6242],[-101.2473,29.6185],[-101.2523,29.6042],[-101.241,29.565],[-101.2485,29.5592],[-101.2504,29.5566],[-101.2553,29.5493],[-101.2612,29.5368],[-101.2608,29.5299],[-101.2549,29.5203],[-101.2504,29.5207],[-101.2353,29.5249],[-101.2274,29.5224],[-101.1927,29.5203],[-101.1796,29.5154],[-101.1738,29.5146],[-101.1717,29.504],[-101.1681,29.5002],[-101.1619,29.4895],[-101.1522,29.4784],[-101.1519,29.477],[-101.1468,29.4742],[-101.1434,29.4732],[-101.1375,29.4735],[-101.13,29.4784],[-101.1153,29.4685],[-101.1037,29.4706],[-101.0871,29.4694],[-101.0772,29.4642],[-101.0602,29.4587],[-101.0581,29.4478],[-101.0568,29.4476],[-101.057,29.4408],[-101.0505,29.4346],[-101.0434,29.4299],[-101.0395,29.4165],[-101.0376,29.4147],[-101.0386,29.4107],[-101.0366,29.4061],[-101.024,29.3937],[-101.021,29.3928],[-101.0193,29.3909],[-101.0133,29.3803],[-101.0143,29.3741],[-101.01,29.3683],[-101.0042,29.3648],[-101.0029,29.3651],[-100.9956,29.3634],[-100.9832,29.3591],[-100.9729,29.3545],[-100.9717,29.3514],[-100.9643,29.3473],[-100.949,29.3472],[-100.9432,29.342],[-100.9406,29.3331],[-100.9345,29.3308],[-100.9285,29.327],[-100.9236,29.3268],[-100.9195,29.3253],[-100.9183,29.3241],[-100.9166,29.3192],[-100.9131,29.3178],[-100.9095,29.3176],[-100.9064,29.313],[-100.9047,29.3121],[-100.899,29.3096],[-100.8966,29.3091],[-100.8949,29.3104],[-100.8868,29.3078],[-100.8858,29.3043],[-100.882,29.2991],[-100.8802,29.2863],[-100.8789,29.2822],[-100.876,29.2796],[-100.8647,29.2761],[-100.8558,29.2755],[-100.8534,29.2726],[-100.8511,29.2717],[-100.8499,29.2721],[-100.8455,29.2691],[-100.839,29.2633],[-100.834,29.2614],[-100.8235,29.2617],[-100.817,29.2643],[-100.814,29.2631],[-100.8133,29.2611],[-100.8167,29.2556],[-100.8163,29.2539],[-100.8067,29.2523],[-100.7976,29.2468],[-100.7946,29.2416],[-100.7948,29.2396],[-100.797,29.2356],[-100.7957,29.2277],[-100.7914,29.2259],[-100.7871,29.2283],[-100.7855,29.2281],[-100.7838,29.226],[-100.781,29.2194],[-100.7797,29.2187],[-100.7771,29.2135],[-100.7746,29.2106],[-100.777,29.2043],[-100.7763,29.2009],[-100.7753,29.1997],[-100.7693,29.1989],[-100.7671,29.1953],[-100.766,29.1858],[-100.7759,29.1733],[-100.7726,29.1684],[-100.769,29.166],[-100.7654,29.1663],[-100.7637,29.1648],[-100.7633,29.1601],[-100.7597,29.1572],[-100.7461,29.1541],[-100.7397,29.1505],[-100.7374,29.1474],[-100.7391,29.1417],[-100.7378,29.1391],[-100.729,29.1315],[-100.7275,29.1291],[-100.71,29.1197],[-100.6918,29.1149],[-100.6839,29.1102],[-100.6752,29.1007],[-100.6706,29.092],[-100.6668,29.0826],[-100.6659,29.0768],[-100.664,29.0742],[-100.6625,29.0581],[-100.6632,29.048],[-100.6619,29.0397],[-100.6604,29.0358],[-100.6602,29.0315],[-100.6561,29.0172],[-100.6538,29.0154],[-100.6509,29.0083],[-100.6487,29.0002],[-100.6492,28.9963],[-100.646,28.988],[-100.6459,28.9864],[-100.6481,28.9839],[-100.6487,28.9774],[-100.6481,28.974],[-100.6464,28.9707],[-100.6466,28.9669],[-100.6503,28.9623],[-100.6499,28.9611],[-100.6483,28.9607],[-100.647,28.9571],[-100.6515,28.9456],[-100.6515,28.9434],[-100.6509,28.9421],[-100.6458,28.9399],[-100.6437,28.9375],[-100.6426,28.9337],[-100.6389,28.9276],[-100.6307,28.924],[-100.6297,28.9211],[-100.6298,28.9188],[-100.6311,28.9169],[-100.633,28.9162],[-100.6392,28.9163],[-100.6407,28.9152],[-100.6406,28.9142],[-100.6392,28.9126],[-100.6366,28.9115],[-100.6333,28.9046],[-100.6316,28.9028],[-100.6277,28.9034],[-100.6254,28.9049],[-100.6249,28.9083],[-100.6224,28.9098],[-100.6182,28.9085],[-100.6158,28.903],[-100.6142,28.9017],[-100.6122,28.9013],[-100.6042,28.9024],[-100.6011,28.9013],[-100.6007,28.9001],[-100.6023,28.8981],[-100.6023,28.8942],[-100.6038,28.8895],[-100.603,28.8872],[-100.5999,28.8865],[-100.5925,28.8894],[-100.5915,28.8893],[-100.5895,28.8864],[-100.591,28.883],[-100.5948,28.8822],[-100.5979,28.8801],[-100.5989,28.8756],[-100.5968,28.8734],[-100.5908,28.8727],[-100.591,28.8631],[-100.5882,28.8602],[-100.5805,28.856],[-100.5729,28.8482],[-100.5768,28.8362],[-100.5747,28.8288],[-100.5705,28.826],[-100.5658,28.8283],[-100.5614,28.8292],[-100.5531,28.8282],[-100.5473,28.8258],[-100.5455,28.82],[-100.5462,28.816],[-100.5452,28.8121],[-100.5422,28.8085],[-100.5365,28.8063],[-100.5354,28.8052],[-100.5334,28.7993],[-100.5324,28.7911],[-100.5335,28.7878],[-100.5369,28.7843],[-100.5378,28.7808],[-100.5364,28.7776],[-100.5319,28.7738],[-100.53,28.7704],[-100.5303,28.7671],[-100.533,28.7633],[-100.5334,28.7592],[-100.5316,28.7572],[-100.5285,28.7561],[-100.5225,28.7578],[-100.5192,28.7562],[-100.5155,28.7525],[-100.5144,28.7503],[-100.5155,28.7449],[-100.5152,28.7429],[-100.5135,28.7417],[-100.5091,28.7414],[-100.5076,28.7406],[-100.5068,28.732],[-100.5079,28.7216],[-100.5067,28.7167],[-100.509,28.711],[-100.5114,28.708],[-100.512,28.7054],[-100.5101,28.6907],[-100.5004,28.662],[-100.4981,28.6596],[-100.4959,28.6586],[-100.4893,28.658],[-100.4839,28.6558],[-100.4796,28.6552],[-100.4745,28.6471],[-100.4629,28.6414],[-100.4603,28.641],[-100.4495,28.643],[-100.4471,28.6422],[-100.4457,28.6406],[-100.4455,28.6371],[-100.4486,28.6171],[-100.4473,28.6093],[-100.445,28.6078],[-100.4353,28.607],[-100.4336,28.6061],[-100.4319,28.5978],[-100.4299,28.5964],[-100.4194,28.5934],[-100.409,28.5889],[-100.4022,28.5874],[-100.3985,28.5852],[-100.3968,28.5804],[-100.3973,28.5756],[-100.4043,28.5642],[-100.4052,28.5607],[-100.4089,28.5573],[-100.4113,28.5507],[-100.4099,28.5456],[-100.4051,28.5358],[-100.4002,28.5311],[-100.3962,28.5296],[-100.395,28.5284],[-100.3883,28.5149],[-100.3791,28.5116],[-100.377,28.512],[-100.3621,28.5084],[-100.356,28.5049],[-100.3467,28.5038],[-100.3385,28.5018],[-100.3338,28.4993],[-100.3349,28.4951],[-100.3371,28.4917],[-100.3442,28.4862],[-100.3522,28.4826],[-100.3619,28.4823],[-100.366,28.4811],[-100.3682,28.4789],[-100.3678,28.475],[-100.3575,28.4636],[-100.3508,28.4592],[-100.3415,28.4496],[-100.3378,28.443],[-100.3362,28.4302],[-100.3427,28.4125],[-100.3494,28.4037],[-100.3482,28.3982],[-100.3419,28.385],[-100.329,28.3719],[-100.3181,28.3587],[-100.315,28.3476],[-100.3142,28.3459],[-100.3103,28.3426],[-100.3091,28.3387],[-100.3038,28.3342],[-100.2886,28.317],[-100.2865,28.3123],[-100.286,28.3091],[-100.2876,28.3011],[-100.2943,28.2844],[-100.2941,28.2804],[-100.2914,28.2754],[-100.2894,28.2735],[-100.2832,28.2706],[-100.2805,28.268],[-100.2776,28.2625],[-100.2726,28.2559],[-100.2676,28.2503],[-100.2609,28.2448],[-100.2578,28.2403],[-100.2516,28.2362],[-100.2462,28.2341],[-100.2322,28.2361],[-100.2276,28.2359],[-100.2236,28.2352],[-100.2203,28.2322],[-100.2176,28.2269],[-100.2135,28.2104],[-100.2141,28.2057],[-100.2122,28.1968],[-99.7316,28.2011],[-99.3942,28.2046],[-99.3889,28.0304],[-99.1024,28.0437],[-99.0003,28.0505],[-98.8621,28.0548],[-98.8033,28.0575],[-98.8001,28.2009],[-98.8012,28.2503],[-98.8007,28.4748],[-98.8016,28.6253],[-98.8008,28.6475],[-98.8048,29.0246],[-98.8048,29.2507],[-98.484,29.1407],[-98.4783,29.2162],[-98.4726,29.249],[-98.4725,29.254],[-98.4734,29.2524],[-98.4747,29.2527],[-98.4743,29.2547],[-98.4758,29.2575],[-98.4783,29.255],[-98.4801,29.2559],[-98.4824,29.2594],[-98.4877,29.2591],[-98.4886,29.2619],[-98.4861,29.2656],[-98.4907,29.264],[-98.4999,29.2797],[-98.5011,29.2863],[-98.5028,29.2904],[-98.5013,29.3196],[-98.5037,29.3196],[-98.5035,29.3182],[-98.5059,29.3181],[-98.515,29.3193],[-98.5163,29.3182],[-98.517,29.3203],[-98.567,29.3201],[-98.5895,29.3157],[-98.6053,29.3161],[-98.6104,29.3177],[-98.6142,29.32],[-98.6164,29.3189],[-98.6198,29.323],[-98.6259,29.3377],[-98.6463,29.3225],[-98.6465,29.3606],[-98.6327,29.3608],[-98.6368,29.3711],[-98.6292,29.3671],[-98.6209,29.3664],[-98.6173,29.3751],[-98.6135,29.377],[-98.5953,29.3664],[-98.5858,29.3657],[-98.5839,29.3619],[-98.5794,29.3612],[-98.5795,29.3596],[-98.5764,29.3592],[-98.5757,29.3578],[-98.5767,29.356],[-98.575,29.3549],[-98.5646,29.3678],[-98.5654,29.368],[-98.5508,29.3852],[-98.5505,29.3874],[-98.5573,29.3842],[-98.5615,29.3844],[-98.5614,29.3856],[-98.5633,29.3859],[-98.5629,29.389],[-98.5609,29.3895],[-98.5638,29.3897],[-98.5624,29.3988],[-98.5736,29.3993],[-98.5735,29.3999],[-98.584,29.401],[-98.5847,29.4021],[-98.5842,29.407],[-98.5878,29.4078],[-98.6046,29.407],[-98.6306,29.402],[-98.6494,29.3974],[-98.6492,29.4282],[-98.6472,29.4322],[-98.6299,29.453],[-98.6341,29.4551],[-98.6636,29.4432],[-98.6589,29.4389],[-98.6615,29.4346],[-98.6631,29.4274],[-98.6663,29.426],[-98.6673,29.4247],[-98.669,29.4259],[-98.6693,29.4178],[-98.6631,29.4179],[-98.6633,29.3975],[-98.6596,29.3939],[-98.6742,29.3883],[-98.7166,29.3782],[-98.7245,29.3771],[-98.7266,29.378],[-98.7277,29.3798],[-98.7316,29.379],[-98.7326,29.383],[-98.7286,29.386],[-98.7299,29.3901],[-98.7317,29.3906],[-98.7331,29.3895],[-98.7341,29.3902],[-98.7347,29.3921],[-98.7324,29.392],[-98.7316,29.3933],[-98.735,29.3958],[-98.7343,29.3985],[-98.7334,29.3992],[-98.7315,29.3989],[-98.7316,29.4014],[-98.7382,29.4077],[-98.7409,29.4088],[-98.741,29.4074],[-98.7419,29.4072],[-98.7462,29.4108],[-98.7353,29.411],[-98.7375,29.4296],[-98.7478,29.4295],[-98.748,29.4372],[-98.7583,29.4613],[-98.7544,29.4627],[-98.7409,29.4597],[-98.7254,29.4628],[-98.7191,29.4653],[-98.7152,29.4656],[-98.715,29.468],[-98.7253,29.4656],[-98.7262,29.4678],[-98.7272,29.4682],[-98.7259,29.4684],[-98.7267,29.472],[-98.7259,29.472],[-98.7261,29.4754],[-98.7183,29.4773],[-98.7182,29.4844],[-98.7141,29.4828],[-98.7134,29.4854],[-98.7208,29.4866],[-98.7323,29.484],[-98.7625,29.4833],[-98.7831,29.4865],[-98.7881,29.4822],[-98.788,29.5009],[-98.7818,29.502],[-98.7766,29.5119],[-98.7693,29.5096],[-98.7674,29.5106],[-98.7638,29.5157],[-98.7611,29.516],[-98.7588,29.5151],[-98.7472,29.5368],[-98.7182,29.5257],[-98.7182,29.5286],[-98.7166,29.5324],[-98.7134,29.5312],[-98.7128,29.5325],[-98.6934,29.5254],[-98.6945,29.5233],[-98.6917,29.5219],[-98.6907,29.5242],[-98.6875,29.5269],[-98.6851,29.5254],[-98.6871,29.527],[-98.6846,29.5297],[-98.68,29.5266],[-98.6756,29.5251],[-98.6717,29.522],[-98.6707,29.5198],[-98.6694,29.519],[-98.6383,29.5191],[-98.6335,29.5209],[-98.6295,29.5196],[-98.6276,29.5218],[-98.6277,29.5243],[-98.6316,29.527],[-98.6318,29.5305],[-98.6353,29.5329],[-98.6367,29.5349],[-98.6367,29.5361],[-98.633,29.5383],[-98.6314,29.541],[-98.6329,29.5437],[-98.6339,29.5444],[-98.6531,29.5444],[-98.6556,29.5441],[-98.657,29.543],[-98.6674,29.5536],[-98.6546,29.5658],[-98.6454,29.5779],[-98.6401,29.5832],[-98.6413,29.5844],[-98.6378,29.5871],[-98.6374,29.5857],[-98.631,29.5877],[-98.6289,29.5925],[-98.6307,29.5962],[-98.6277,29.6059],[-98.6287,29.6105],[-98.6255,29.6117],[-98.6228,29.614],[-98.6164,29.615],[-98.6146,29.6169],[-98.6119,29.618],[-98.6114,29.6198],[-98.6084,29.6205],[-98.6014,29.6038],[-98.6001,29.6042],[-98.5958,29.5997],[-98.5885,29.5948],[-98.5878,29.5914],[-98.5837,29.5834],[-98.583,29.5778],[-98.5749,29.5627],[-98.5698,29.5573],[-98.56,29.5524],[-98.5549,29.5483],[-98.5513,29.5467],[-98.5488,29.5441],[-98.5413,29.5512],[-98.5582,29.5645],[-98.5541,29.5686],[-98.528,29.5934],[-98.5221,29.5893],[-98.5192,29.5813],[-98.5169,29.5795],[-98.5143,29.5792],[-98.5158,29.5826],[-98.5155,29.5864],[-98.5122,29.591],[-98.5106,29.5968],[-98.5082,29.601],[-98.5083,29.6087],[-98.4927,29.6089],[-98.4957,29.6326],[-98.4992,29.6327],[-98.501,29.6396],[-98.5004,29.6412],[-98.4979,29.6427],[-98.4969,29.6444],[-98.4929,29.6456],[-98.4948,29.6475],[-98.496,29.6559],[-98.493,29.656],[-98.4926,29.6569],[-98.4946,29.6577],[-98.4921,29.6611],[-98.4848,29.6601],[-98.4827,29.661],[-98.4707,29.6567],[-98.4691,29.6548],[-98.4683,29.6561],[-98.4608,29.6518],[-98.4551,29.6575],[-98.4528,29.6549],[-98.4501,29.6575],[-98.4502,29.6685],[-98.4538,29.6825],[-98.4504,29.7064],[-98.4439,29.7197],[-98.4446,29.7261],[-98.4427,29.7323],[-98.4437,29.7346],[-98.4468,29.736],[-98.4512,29.7344],[-98.4526,29.7328],[-98.4594,29.7318],[-98.4625,29.7339],[-98.4645,29.7376],[-98.466,29.7385],[-98.469,29.7377],[-98.4764,29.7335],[-98.4798,29.7351],[-98.4872,29.736],[-98.4907,29.7354],[-98.497,29.7385],[-98.504,29.7386],[-98.5136,29.7428],[-98.5218,29.7452],[-98.5234,29.7452],[-98.5259,29.7437],[-98.5254,29.7408],[-98.5265,29.7404],[-98.528,29.7416],[-98.5286,29.7442],[-98.534,29.7468],[-98.534,29.7524],[-98.5353,29.7531],[-98.5425,29.7518],[-98.5468,29.7533],[-98.5479,29.7545],[-98.5469,29.7572],[-98.5474,29.7592],[-98.5505,29.7607],[-98.5547,29.7591],[-98.5551,29.7553],[-98.5593,29.7515],[-98.5623,29.7514],[-98.5631,29.7523],[-98.5662,29.7525],[-98.569,29.7482],[-98.5749,29.7502],[-98.5763,29.7472],[-98.5792,29.7457],[-98.5788,29.7437],[-98.5817,29.7426],[-98.5825,29.7412],[-98.5867,29.7425],[-98.5885,29.7476],[-98.5914,29.7472],[-98.5934,29.7457],[-98.6011,29.75],[-98.6034,29.7495],[-98.6047,29.7473],[-98.6017,29.7453],[-98.6,29.743],[-98.6007,29.7411],[-98.6034,29.7399],[-98.6119,29.7401],[-98.6127,29.7382],[-98.6143,29.7376],[-98.6173,29.7395],[-98.6169,29.7426],[-98.6178,29.7439],[-98.6261,29.7443],[-98.6288,29.7441],[-98.6364,29.741],[-98.6435,29.7404],[-98.6462,29.7436],[-98.6455,29.7479],[-98.648,29.7502],[-98.6495,29.7532],[-98.6513,29.754],[-98.6531,29.7526],[-98.6531,29.7488],[-98.6565,29.7477],[-98.6585,29.7492],[-98.661,29.7493],[-98.6631,29.7475],[-98.6637,29.7454],[-98.6601,29.7433],[-98.6603,29.7416],[-98.6632,29.741],[-98.6675,29.7432],[-98.6704,29.7434],[-98.6738,29.7421],[-98.6745,29.7388],[-98.6759,29.7374],[-98.6805,29.738],[-98.6829,29.7394],[-98.6858,29.7393],[-98.6884,29.7384],[-98.6921,29.7353],[-98.7004,29.7374],[-98.7011,29.7357],[-98.7,29.7326],[-98.7053,29.7331],[-98.7078,29.7324],[-98.7104,29.7311],[-98.7144,29.7266],[-98.7172,29.7253],[-98.723,29.7296],[-98.7258,29.7277],[-98.7341,29.7295],[-98.7337,29.7279],[-98.7307,29.7258],[-98.7288,29.7225],[-98.7342,29.7214],[-98.7357,29.7186],[-98.7382,29.7166],[-98.7407,29.7171],[-98.7438,29.7164],[-98.7447,29.7184],[-98.7481,29.7206],[-98.7504,29.721],[-98.7519,29.7203],[-98.7531,29.7212],[-98.7571,29.722],[-98.7589,29.7214],[-98.7598,29.7223],[-98.7626,29.7219],[-98.7667,29.7196],[-98.7679,29.7209],[-98.7702,29.7214],[-98.7749,29.7197],[-98.7788,29.7202],[-98.9272,29.5622],[-98.9299,29.5634],[-98.9337,29.5632],[-98.9394,29.5593],[-98.9436,29.558],[-98.9474,29.558],[-98.9579,29.5602],[-98.9625,29.5599],[-98.9663,29.5577],[-98.9685,29.5539],[-98.9714,29.5518],[-98.9751,29.5522],[-98.9793,29.5554],[-98.9852,29.5641],[-98.9859,29.567],[-98.9858,29.5701],[-98.98,29.5744],[-98.9789,29.5776],[-98.9804,29.5797],[-98.9843,29.581],[-98.9863,29.5825],[-98.9867,29.5869],[-98.9849,29.5909],[-98.9787,29.5988],[-98.9757,29.6098],[-98.9768,29.6145],[-98.9811,29.6213],[-98.9838,29.6235],[-99.2503,29.6256],[-99.3596,29.6273],[-99.4905,29.6277],[-99.6039,29.6272],[-99.7518,29.6248],[-100.0142,29.6235],[-100.0135,29.6262],[-100.0101,29.628],[-100.0073,29.632],[-100.0092,29.6352],[-100.0084,29.6371],[-100.0095,29.6386],[-100.0135,29.6409],[-100.0146,29.6439],[-100.0174,29.6462],[-100.0211,29.6526],[-100.0262,29.6571],[-100.0304,29.664],[-100.0301,29.6659],[-100.0285,29.6672],[-100.0207,29.6702],[-100.017,29.6762],[-100.0174,29.6776],[-100.0222,29.6788],[-100.0251,29.6814],[-100.0252,29.6834],[-100.0281,29.6832],[-100.0307,29.6863],[-100.0305,29.6886],[-100.0382,29.6896],[-100.0408,29.6929],[-100.0447,29.6938],[-100.0458,29.6949],[-100.0459,29.6993],[-100.0476,29.7024],[-100.0463,29.7065],[-100.0521,29.7096],[-100.0553,29.7088],[-100.0574,29.71],[-100.0605,29.7096],[-100.0637,29.7111],[-100.0395,29.7187],[-100.0376,29.7212],[-100.0301,29.7211],[-100.0261,29.7234],[-100.0264,29.727],[-100.0248,29.7281],[-100.025,29.7298],[-100.0282,29.7317],[-100.0295,29.7371],[-100.0279,29.7416],[-100.0236,29.7428],[-100.0219,29.7455],[-100.0254,29.7501],[-100.0241,29.7537],[-100.0257,29.7578],[-100.0283,29.7584],[-100.0295,29.7601],[-100.0294,29.7637],[-100.0316,29.771],[-100.0351,29.7735],[-100.0364,29.7771],[-100.036,29.7794],[-100.0319,29.7809],[-100.0291,29.7833],[-100.0287,29.7894],[-100.0223,29.7909],[-100.021,29.792],[-100.0183,29.7917],[-100.0145,29.7932],[-100.0133,29.7943],[-100.0134,29.7959],[-100.0159,29.8002],[-100.0155,29.8014],[-100.0173,29.8074],[-100.0172,29.8124],[-100.019,29.8153],[-100.02,29.8158],[-100.0223,29.8151],[-100.024,29.8164],[-100.0258,29.8226],[-100.0273,29.8244],[-100.0256,29.8271],[-100.0255,29.8291],[-100.0279,29.8328],[-100.0285,29.8355],[-100.0295,29.8354],[-100.0315,29.837],[-100.0314,29.841],[-100.0335,29.8425],[-100.0343,29.8423],[-100.0348,29.8441],[-100.0342,29.8462],[-100.0309,29.8483],[-100.024,29.8492],[-100.0222,29.8541],[-100.0224,29.8611],[-100.0196,29.8648],[-100.0196,29.8696],[-100.0218,29.873],[-100.023,29.8732],[-100.0239,29.8744],[-100.0229,29.8784],[-100.0235,29.883],[-100.0206,29.8851],[-100.0202,29.8873],[-100.0173,29.8908],[-100.0094,29.8945],[-100.009,29.8971],[-100.0023,29.8968],[-99.9897,30.0257],[-99.973,30.0246],[-99.9676,30.0824],[-99.9175,30.0786],[-99.918,30.0736],[-99.7576,30.0741],[-99.7541,30.2907],[-99.9584,30.29],[-100.1165,30.2903],[-100.1162,30.6252],[-100.1167,30.8099],[-100.1152,31.088],[-100.2484,31.0887],[-100.6771,31.0861],[-100.688,31.0866],[-101.0004,31.0819],[-101.2748,31.0794],[-101.2719,31.2938],[-101.2688,31.4483],[-101.2671,31.6509],[-101.7378,31.6512],[-102.0614,31.6516],[-102.4302,31.6512],[-102.5977,31.6511],[-102.7989,31.6518],[-102.7976,31.7727],[-102.7991,32.0858],[-102.8016,32.0872],[-103.0645,32.0871],[-103.0645,32.0004],[-103.4369,32.0003],[-103.8692,32.0002],[-104.2977,32.0001],[-104.7546,32.0005],[-104.7548,31.9978],[-104.7721,31.9975],[-104.8477,32.0004],[-105.2452,32.0002],[-105.6348,32.0013],[-106.0997,32.0026],[-106.514,32.0008]]]},"properties":{"STATEFP":"48","CD118FP":"23","GEOID":"4823","GEOIDFQ":"5001800US4823","NAMELSAD":"Congressional District 23","LSAD":"C2","CDSESSN":"118","MTFCC":"G5200","FUNCSTAT":"N","ALAND":152261432812,"AWATER":447598838,"INTPTLAT":"+30.3784090","INTPTLON":"-102.3570257"}},
{"type":"Feature","geometry":{"type":"Polygon","coordinates":[[[-95.309,32.9626],[-95.1729,32.9618],[-95.1726,32.9633],[-95.1759,32.9648],[-95.175,32.9668],[-95.1736,32.9672],[-95.1741,32.969],[-95.1726,32.9694],[-95.1717,32.9725],[-95.1695,32.9726],[-95.1674,32.9748],[-95.165,32.9753],[-95.1649,32.9769],[-95.1639,32.9771],[-95.1644,32.9785],[-95.1622,32.9809],[-95.162,32.983],[-95.164,32.9848],[-95.1619,32.9858],[-95.1618,32.9867],[-95.1628,32.9872],[-95.1623,32.988],[-95.1639,32.9887],[-95.1613,32.9894],[-95.1627,32.9927],[-95.1623,32.9942],[-95.1591,32.9945],[-95.1592,32.9956],[-95.1576,32.9947],[-95.1574,32.9958],[-95.1582,32.9958],[-95.1575,32.997],[-95.1587,32.9972],[-95.1584,32.9982],[-95.1574,32.9977],[-95.1563,32.9994],[-95.1563,33.0014],[-95.1541,33.0029],[-95.1521,33.0027],[-95.1512,33.0067],[-95.1532,33.0083],[-95.1544,33.0079],[-95.1546,33.0091],[-95.1536,33.0124],[-95.1522,33.0135],[-95.1505,33.0114],[-95.15,33.006],[-95.1522,32.9903],[-95.1521,32.9026],[-94.8752,32.9026],[-94.7199,32.9045],[-94.7231,32.9031],[-94.7223,32.9017],[-94.7208,32.9017],[-94.7217,32.9009],[-94.72,32.9004],[-94.7182,32.9012],[-94.7183,32.8999],[-94.7173,32.8996],[-94.7156,32.9002],[-94.7152,32.8977],[-94.7117,32.8985],[-94.7114,32.8969],[-94.7083,32.8961],[-94.7094,32.8946],[-94.7068,32.8949],[-94.707,32.8937],[-94.7052,32.8921],[-94.7055,32.886],[-94.7081,32.8838],[-94.7059,32.8792],[-94.7078,32.8761],[-94.708,32.8726],[-94.7097,32.8705],[-94.7093,32.8699],[-94.7074,32.8708],[-94.7063,32.8614],[-94.7054,32.8606],[-94.7044,32.8613],[-94.703,32.8607],[-94.7034,32.8617],[-94.7018,32.8627],[-94.6983,32.8602],[-94.6983,32.8567],[-94.6997,32.8561],[-94.7002,32.8514],[-94.6997,32.8489],[-94.6981,32.8481],[-94.699,32.8451],[-94.6977,32.8431],[-94.695,32.8436],[-94.6871,32.8428],[-94.6867,32.8422],[-94.6889,32.8399],[-94.6887,32.8391],[-94.6861,32.838],[-94.6863,32.8402],[-94.6832,32.8411],[-94.6817,32.8402],[-94.6828,32.8384],[-94.6817,32.8368],[-94.6807,32.8381],[-94.68,32.8363],[-94.6792,32.8363],[-94.6784,32.838],[-94.6765,32.8368],[-94.6749,32.837],[-94.675,32.8384],[-94.6727,32.8371],[-94.6739,32.8359],[-94.6724,32.8348],[-94.7021,32.8205],[-94.7018,32.6522],[-94.7031,32.654],[-94.7026,32.6564],[-94.7039,32.6581],[-94.7069,32.6557],[-94.7088,32.6557],[-94.7085,32.657],[-94.7104,32.6581],[-94.7111,32.6568],[-94.7125,32.658],[-94.7144,32.6576],[-94.7141,32.6566],[-94.7154,32.657],[-94.7161,32.6559],[-94.7172,32.6563],[-94.717,32.6555],[-94.7181,32.6561],[-94.7192,32.6544],[-94.7217,32.6558],[-94.7241,32.6545],[-94.7277,32.6552],[-94.7293,32.6585],[-94.7322,32.6581],[-94.7344,32.6615],[-94.7347,32.6604],[-94.7355,32.6603],[-94.737,32.6636],[-94.7432,32.6652],[-94.7459,32.6676],[-94.7471,32.6662],[-94.747,32.6603],[-94.7478,32.6611],[-94.7498,32.6608],[-94.7519,32.6626],[-94.753,32.6607],[-94.7583,32.66],[-94.7664,32.651],[-94.7685,32.6522],[-94.7686,32.656],[-94.7709,32.658],[-94.7839,32.6577],[-94.7961,32.6585],[-94.7994,32.6617],[-94.8008,32.6759],[-94.8043,32.6818],[-94.8112,32.6846],[-94.8184,32.6844],[-94.8259,32.6853],[-94.8222,32.694],[-94.814,32.6993],[-94.8166,32.7016],[-94.8189,32.7011],[-94.8187,32.7022],[-94.8173,32.7023],[-94.8178,32.7036],[-94.82,32.7032],[-94.8208,32.704],[-94.8212,32.7026],[-94.8219,32.7033],[-94.8232,32.703],[-94.8209,32.7047],[-94.8207,32.7071],[-94.8222,32.708],[-94.822,32.7089],[-94.8254,32.7099],[-94.8267,32.7134],[-94.8281,32.7121],[-94.83,32.7131],[-94.8312,32.7128],[-94.8332,32.7143],[-94.8359,32.7142],[-94.8369,32.7172],[-94.8402,32.7159],[-94.8398,32.7171],[-94.841,32.7179],[-94.8409,32.7187],[-94.8421,32.7187],[-94.8424,32.7198],[-94.8442,32.7189],[-94.846,32.7196],[-94.8464,32.7185],[-94.8501,32.7203],[-94.8501,32.7221],[-94.8485,32.723],[-94.8498,32.7269],[-94.851,32.7266],[-94.8533,32.7292],[-94.8544,32.7285],[-94.8554,32.7289],[-94.8566,32.7275],[-94.8573,32.7288],[-94.8586,32.7288],[-94.8587,32.728],[-94.8601,32.7304],[-94.8614,32.7307],[-94.8614,32.7322],[-94.8643,32.7332],[-94.8658,32.7329],[-94.867,32.734],[-94.8662,32.7355],[-94.867,32.7373],[-94.8662,32.7386],[-94.868,32.7411],[-94.8675,32.7436],[-94.8691,32.7465],[-94.8712,32.7466],[-94.8719,32.7455],[-94.8738,32.7482],[-94.8761,32.7469],[-94.8762,32.7488],[-94.878,32.7482],[-94.8789,32.7495],[-94.8809,32.7488],[-94.8826,32.7525],[-94.8853,32.7543],[-94.8847,32.7555],[-94.8876,32.7556],[-94.8869,32.7601],[-94.8902,32.7646],[-94.8877,32.7671],[-94.8879,32.7683],[-94.8914,32.7686],[-94.8932,32.7711],[-94.8973,32.7731],[-94.9046,32.7743],[-94.9051,32.7759],[-94.9084,32.7744],[-94.9087,32.7944],[-94.9127,32.8078],[-94.9107,32.8265],[-94.9042,32.8571],[-94.9059,32.8634],[-94.9217,32.8618],[-94.932,32.8584],[-94.9441,32.8573],[-94.9517,32.8576],[-94.9565,32.8564],[-94.9602,32.8573],[-94.9642,32.8594],[-94.971,32.8594],[-94.9715,32.8603],[-94.9746,32.8609],[-94.9768,32.8599],[-94.978,32.8576],[-94.9796,32.8569],[-94.9854,32.859],[-94.9873,32.8584],[-94.9924,32.8593],[-95.0076,32.8587],[-95.011,32.8618],[-95.0134,32.8675],[-95.0154,32.8667],[-95.021,32.8666],[-95.0252,32.8651],[-95.0277,32.8627],[-95.0293,32.863],[-95.0333,32.8616],[-95.0346,32.8625],[-95.0353,32.8621],[-95.0349,32.859],[-95.025,32.859],[-95.0256,32.8544],[-95.025,32.8478],[-95.0236,32.8441],[-95.0233,32.8353],[-95.0223,32.8328],[-95.0225,32.8308],[-95.0284,32.8344],[-95.0325,32.8352],[-95.0326,32.8292],[-95.0382,32.8289],[-95.0381,32.8122],[-95.0372,32.8118],[-95.0371,32.8084],[-95.0359,32.8082],[-95.0349,32.8091],[-95.0346,32.8071],[-95.0331,32.8057],[-95.0338,32.8057],[-95.032,32.805],[-95.0336,32.803],[-95.0337,32.8017],[-95.0321,32.8006],[-95.0325,32.7997],[-95.0315,32.7991],[-95.0312,32.8002],[-95.03,32.8001],[-95.0293,32.7988],[-95.0278,32.7986],[-95.0292,32.7972],[-95.0284,32.7962],[-95.0267,32.7965],[-95.0244,32.7939],[-95.0237,32.7943],[-95.022,32.7906],[-95.0221,32.7876],[-95.0275,32.7854],[-95.0303,32.7808],[-95.0302,32.7694],[-95.0338,32.7647],[-95.034,32.7514],[-95.0316,32.7504],[-95.0316,32.744],[-95.0261,32.7428],[-95.0252,32.7419],[-95.0256,32.7404],[-95.0266,32.7386],[-95.028,32.7387],[-95.0306,32.7372],[-95.0331,32.731],[-95.0376,32.7271],[-95.0395,32.7237],[-95.0417,32.723],[-95.0436,32.7207],[-95.0457,32.7199],[-95.0459,32.7125],[-95.05,32.7111],[-95.0537,32.7061],[-95.0548,32.7024],[-95.0566,32.7011],[-95.0594,32.7009],[-95.0628,32.6992],[-95.0671,32.6985],[-95.07,32.696],[-95.0719,32.6956],[-95.0734,32.6903],[-95.0802,32.6896],[-95.0956,32.6858],[-95.1037,32.6805],[-95.1143,32.6785],[-95.1169,32.6756],[-95.1246,32.6756],[-95.1271,32.681],[-95.1328,32.6815],[-95.1336,32.6724],[-95.1407,32.6697],[-95.1445,32.664],[-95.149,32.6635],[-95.1527,32.6609],[-95.1534,32.5701],[-95.1565,32.5686],[-95.1583,32.5663],[-95.1624,32.5546],[-95.1602,32.5529],[-95.1596,32.5505],[-95.1663,32.5439],[-95.1682,32.5444],[-95.1694,32.5478],[-95.1721,32.5489],[-95.173,32.5532],[-95.1754,32.5555],[-95.1771,32.5538],[-95.1784,32.5497],[-95.1822,32.5466],[-95.1812,32.5418],[-95.1835,32.541],[-95.1868,32.5423],[-95.1898,32.5421],[-95.1891,32.5466],[-95.2011,32.5538],[-95.2031,32.5566],[-95.206,32.5578],[-95.2068,32.559],[-95.2066,32.5601],[-95.202,32.5644],[-95.2031,32.5667],[-95.2054,32.567],[-95.2031,32.5681],[-95.205,32.5724],[-95.2065,32.5719],[-95.2085,32.5686],[-95.2147,32.569],[-95.2151,32.5655],[-95.219,32.5631],[-95.2232,32.566],[-95.2236,32.5636],[-95.2259,32.5625],[-95.228,32.5603],[-95.2326,32.561],[-95.2382,32.5606],[-95.2386,32.5616],[-95.2411,32.5628],[-95.2446,32.5673],[-95.2426,32.5688],[-95.2462,32.5694],[-95.2464,32.5714],[-95.2449,32.5719],[-95.248,32.5737],[-95.2472,32.5752],[-95.2499,32.576],[-95.2503,32.5777],[-95.2553,32.5781],[-95.2561,32.5775],[-95.2541,32.5769],[-95.2543,32.5754],[-95.2639,32.5752],[-95.2658,32.5725],[-95.2705,32.5723],[-95.2719,32.5739],[-95.2739,32.5739],[-95.2744,32.5728],[-95.2752,32.5734],[-95.2759,32.5725],[-95.2772,32.5731],[-95.2781,32.5716],[-95.2799,32.5754],[-95.279,32.5763],[-95.2796,32.5771],[-95.2806,32.5768],[-95.2801,32.5776],[-95.2813,32.58],[-95.2838,32.5812],[-95.2875,32.5802],[-95.2905,32.581],[-95.2905,32.583],[-95.2894,32.5834],[-95.2899,32.5854],[-95.2925,32.586],[-95.2952,32.585],[-95.294,32.5865],[-95.2967,32.5868],[-95.2968,32.5885],[-95.2996,32.5894],[-95.2992,32.5901],[-95.2972,32.5904],[-95.2977,32.5916],[-95.3002,32.5903],[-95.3021,32.5903],[-95.3032,32.5924],[-95.3061,32.5923],[-95.3064,32.5933],[-95.3053,32.5948],[-95.3067,32.5955],[-95.307,32.5967],[-95.3104,32.5951],[-95.3104,32.5932],[-95.3132,32.5934],[-95.3135,32.5951],[-95.315,32.5963],[-95.319,32.5956],[-95.3222,32.5994],[-95.3269,32.5998],[-95.3298,32.6028],[-95.3299,32.6047],[-95.3312,32.6057],[-95.3322,32.6043],[-95.3353,32.6038],[-95.3378,32.6054],[-95.3369,32.6038],[-95.3384,32.603],[-95.3394,32.6033],[-95.3393,32.6054],[-95.3409,32.606],[-95.3411,32.604],[-95.3442,32.6038],[-95.3439,32.6054],[-95.3453,32.6052],[-95.346,32.606],[-95.3458,32.6071],[-95.3446,32.6075],[-95.3459,32.6093],[-95.3477,32.6074],[-95.3469,32.6066],[-95.3473,32.6051],[-95.3506,32.6075],[-95.3517,32.607],[-95.3512,32.6053],[-95.3535,32.6053],[-95.358,32.6081],[-95.3594,32.6067],[-95.3618,32.6067],[-95.3638,32.6033],[-95.3702,32.6048],[-95.372,32.6029],[-95.3735,32.6035],[-95.3747,32.603],[-95.3741,32.6],[-95.3752,32.5974],[-95.3784,32.5993],[-95.3819,32.5985],[-95.3825,32.6009],[-95.3818,32.6017],[-95.3837,32.6022],[-95.3846,32.6019],[-95.385,32.6005],[-95.3875,32.6005],[-95.3879,32.5995],[-95.3896,32.5989],[-95.3899,32.6003],[-95.3913,32.6013],[-95.3955,32.6013],[-95.3968,32.602],[-95.3958,32.6046],[-95.3984,32.6051],[-95.3994,32.6064],[-95.4004,32.606],[-95.4003,32.6045],[-95.4022,32.6062],[-95.4018,32.6034],[-95.4036,32.6043],[-95.4055,32.6038],[-95.4055,32.6049],[-95.4038,32.6059],[-95.4041,32.6067],[-95.4063,32.6063],[-95.4087,32.6046],[-95.4107,32.6046],[-95.4131,32.6071],[-95.4189,32.6053],[-95.4198,32.606],[-95.4189,32.6089],[-95.4228,32.609],[-95.4251,32.6072],[-95.4284,32.6103],[-95.4297,32.6085],[-95.4289,32.6068],[-95.432,32.6059],[-95.4331,32.6065],[-95.4331,32.6081],[-95.4353,32.6068],[-95.437,32.6089],[-95.4353,32.6122],[-95.4376,32.6121],[-95.4379,32.6102],[-95.4438,32.6115],[-95.4434,32.6125],[-95.4453,32.6126],[-95.4467,32.6137],[-95.447,32.613],[-95.4452,32.6111],[-95.4459,32.6087],[-95.4437,32.6086],[-95.4428,32.6077],[-95.4465,32.6073],[-95.4473,32.6061],[-95.4504,32.6077],[-95.4502,32.6063],[-95.455,32.606],[-95.457,32.6075],[-95.4593,32.6057],[-95.4605,32.6074],[-95.4594,32.6088],[-95.461,32.6097],[-95.4628,32.6091],[-95.4618,32.6085],[-95.4621,32.6075],[-95.4653,32.6088],[-95.4655,32.6064],[-95.4668,32.6073],[-95.4691,32.6056],[-95.4702,32.6074],[-95.4672,32.6087],[-95.4704,32.6094],[-95.4713,32.6077],[-95.4729,32.6073],[-95.4727,32.6064],[-95.4747,32.6061],[-95.4761,32.6081],[-95.4746,32.6096],[-95.4758,32.6113],[-95.4765,32.61],[-95.4775,32.61],[-95.4782,32.6119],[-95.4795,32.6126],[-95.481,32.6129],[-95.4826,32.6116],[-95.4845,32.6122],[-95.483,32.6135],[-95.4842,32.6144],[-95.4851,32.6143],[-95.4859,32.6129],[-95.4901,32.6142],[-95.4918,32.6161],[-95.4908,32.6175],[-95.494,32.6187],[-95.4975,32.6184],[-95.5019,32.6203],[-95.5038,32.6189],[-95.506,32.6191],[-95.5079,32.6209],[-95.5109,32.6203],[-95.5128,32.6221],[-95.5129,32.6233],[-95.5148,32.6229],[-95.5162,32.6245],[-95.5158,32.6256],[-95.5136,32.6268],[-95.5107,32.6269],[-95.5115,32.6282],[-95.5129,32.6282],[-95.5139,32.6312],[-95.5122,32.6316],[-95.5117,32.6328],[-95.5151,32.6339],[-95.5176,32.6337],[-95.5173,32.6353],[-95.5184,32.6373],[-95.5194,32.6371],[-95.5208,32.6385],[-95.5197,32.6399],[-95.521,32.6403],[-95.5243,32.6437],[-95.526,32.6446],[-95.528,32.6441],[-95.5305,32.6476],[-95.5313,32.6468],[-95.533,32.6472],[-95.5333,32.646],[-95.536,32.6472],[-95.5387,32.6464],[-95.5421,32.6469],[-95.542,32.6484],[-95.5437,32.6491],[-95.5437,32.6513],[-95.5409,32.6508],[-95.5406,32.6515],[-95.5422,32.655],[-95.5535,32.6608],[-95.5544,32.6587],[-95.5555,32.6609],[-95.5604,32.6621],[-95.5617,32.6654],[-95.5649,32.6648],[-95.5646,32.6662],[-95.5631,32.6659],[-95.5636,32.6681],[-95.5654,32.6684],[-95.566,32.6703],[-95.5675,32.6708],[-95.5667,32.6726],[-95.5674,32.6736],[-95.5683,32.6738],[-95.569,32.6725],[-95.5719,32.6731],[-95.5709,32.6759],[-95.5729,32.6757],[-95.5735,32.6746],[-95.5754,32.6759],[-95.5781,32.674],[-95.5807,32.6736],[-95.583,32.6742],[-95.5837,32.6748],[-95.5831,32.6756],[-95.5842,32.6764],[-95.583,32.6776],[-95.5849,32.6793],[-95.5839,32.6803],[-95.5843,32.6819],[-95.5865,32.6831],[-95.5878,32.6819],[-95.5892,32.6836],[-95.5922,32.6825],[-95.5926,32.6839],[-95.5942,32.6846],[-95.593,32.6865],[-95.5945,32.687],[-95.5943,32.4799],[-95.5729,32.4614],[-95.5722,32.4623],[-95.5707,32.4607],[-95.5679,32.4616],[-95.5669,32.4609],[-95.567,32.4596],[-95.5662,32.4601],[-95.5644,32.4591],[-95.5627,32.4595],[-95.5625,32.4577],[-95.5608,32.4574],[-95.5616,32.4556],[-95.5609,32.4545],[-95.5596,32.4548],[-95.5602,32.4556],[-95.5568,32.4546],[-95.5556,32.455],[-95.5545,32.4533],[-95.5528,32.4536],[-95.5532,32.4526],[-95.5524,32.4522],[-95.5531,32.4519],[-95.5522,32.4517],[-95.5528,32.4504],[-95.5517,32.4487],[-95.5488,32.4458],[-95.5477,32.4458],[-95.5478,32.4448],[-95.5452,32.4444],[-95.5447,32.4429],[-95.5457,32.4428],[-95.5457,32.4419],[-95.5442,32.4401],[-95.541,32.4394],[-95.5409,32.436],[-95.5393,32.4347],[-95.5397,32.4334],[-95.5322,32.431],[-95.5264,32.4253],[-95.5249,32.4255],[-95.5261,32.4238],[-95.5246,32.4228],[-95.5248,32.4212],[-95.5223,32.4211],[-95.5224,32.4218],[-95.5216,32.4218],[-95.5218,32.4204],[-95.5207,32.4201],[-95.5208,32.4214],[-95.5184,32.4201],[-95.517,32.4208],[-95.516,32.4201],[-95.5163,32.4187],[-95.5154,32.4188],[-95.5136,32.4166],[-95.5107,32.4161],[-95.5096,32.4169],[-95.5096,32.4155],[-95.5069,32.4149],[-95.5068,32.4134],[-95.5045,32.4119],[-95.505,32.4108],[-95.5016,32.4092],[-95.5009,32.4047],[-95.502,32.4017],[-95.5002,32.3995],[-95.497,32.3979],[-95.4937,32.3895],[-95.4912,32.3884],[-95.4909,32.3872],[-95.4865,32.3861],[-95.4819,32.3826],[-95.4824,32.3808],[-95.4796,32.3797],[-95.4803,32.3791],[-95.4783,32.3776],[-95.4781,32.3765],[-95.4736,32.3742],[-95.4737,32.3732],[-95.4721,32.3719],[-95.471,32.3692],[-95.4694,32.3684],[-95.4684,32.3691],[-95.4664,32.3671],[-95.4639,32.3675],[-95.4628,32.3649],[-95.4599,32.3658],[-95.4597,32.3674],[-95.459,32.3665],[-95.4587,32.3678],[-95.4565,32.3682],[-95.4562,32.3666],[-95.4545,32.3669],[-95.4529,32.3648],[-95.4529,32.3625],[-95.4507,32.362],[-95.4491,32.3595],[-95.45,32.3579],[-95.4498,32.3557],[-95.448,32.3531],[-95.4488,32.3494],[-95.4476,32.3473],[-95.4526,32.3456],[-95.4527,32.342],[-95.4547,32.3378],[-95.4535,32.3371],[-95.4531,32.3346],[-95.4536,32.3335],[-95.4556,32.3328],[-95.4553,32.3318],[-95.4564,32.3316],[-95.4574,32.3293],[-95.4583,32.3298],[-95.4587,32.3284],[-95.4557,32.325],[-95.4564,32.3244],[-95.4554,32.3219],[-95.4577,32.3191],[-95.4506,32.3144],[-95.4508,32.3134],[-95.4542,32.3135],[-95.4555,32.3115],[-95.4542,32.3093],[-95.4538,32.3058],[-95.4518,32.3039],[-95.4518,32.3025],[-95.4483,32.3003],[-95.4482,32.2989],[-95.4469,32.2978],[-95.447,32.2958],[-95.4495,32.2947],[-95.4515,32.2947],[-95.4514,32.2922],[-95.4523,32.2903],[-95.4513,32.2877],[-95.4518,32.2859],[-95.4528,32.286],[-95.454,32.2813],[-95.4534,32.2803],[-95.4549,32.2798],[-95.4573,32.2731],[-95.4602,32.27],[-95.4624,32.2699],[-95.4642,32.2672],[-95.4699,32.2621],[-95.4699,32.2575],[-95.4689,32.2564],[-95.4701,32.2543],[-95.469,32.253],[-95.4696,32.2492],[-95.4678,32.2479],[-95.4676,32.2466],[-95.4766,32.2424],[-95.4817,32.2414],[-95.4833,32.2383],[-95.4816,32.2365],[-95.4839,32.2358],[-95.4868,32.2367],[-95.4881,32.2349],[-95.4872,32.2336],[-95.4887,32.2325],[-95.4865,32.231],[-95.4867,32.2268],[-95.4855,32.2242],[-95.4785,32.2176],[-95.4804,32.2153],[-95.4789,32.2122],[-95.4779,32.2124],[-95.4752,32.2111],[-95.4742,32.2119],[-95.4701,32.2121],[-95.4692,32.211],[-95.47,32.2093],[-95.4679,32.2065],[-95.4686,32.2054],[-95.4706,32.2055],[-95.4705,32.2041],[-95.4675,32.2047],[-95.4656,32.2042],[-95.4643,32.2019],[-95.4625,32.2015],[-95.465,32.197],[-95.4632,32.1944],[-95.4659,32.1927],[-95.4644,32.191],[-95.4654,32.19],[-95.4671,32.1911],[-95.4683,32.1905],[-95.4681,32.1876],[-95.4645,32.1854],[-95.4651,32.1838],[-95.464,32.1833],[-95.4623,32.184],[-95.4616,32.1829],[-95.4629,32.1816],[-95.4631,32.1798],[-95.4652,32.1805],[-95.4659,32.1787],[-95.4689,32.1804],[-95.471,32.1787],[-95.4697,32.1778],[-95.4703,32.1755],[-95.4694,32.1745],[-95.4715,32.1723],[-95.4694,32.1704],[-95.4712,32.1705],[-95.4715,32.1686],[-95.4738,32.1689],[-95.4753,32.1659],[-95.4755,32.1623],[-95.479,32.1587],[-95.4776,32.1569],[-95.4798,32.1519],[-95.4779,32.1462],[-95.4755,32.1447],[-95.4732,32.1451],[-95.4692,32.1435],[-95.4599,32.1356],[-95.3317,32.1355],[-94.9853,32.138],[-94.985,31.8462],[-94.9375,31.8456],[-94.7502,31.8437],[-94.4525,31.8441],[-94.4526,31.8434],[-94.4517,31.8441],[-94.4517,31.8423],[-94.453,31.8417],[-94.4519,31.8399],[-94.4508,31.8406],[-94.4502,31.8391],[-94.4494,31.8394],[-94.4466,31.8371],[-94.4474,31.8368],[-94.4469,31.8361],[-94.4458,31.8364],[-94.4468,31.8348],[-94.4456,31.8349],[-94.4462,31.8339],[-94.4447,31.8339],[-94.4449,31.8324],[-94.4423,31.832],[-94.4426,31.8307],[-94.4416,31.8312],[-94.4411,31.8303],[-94.4406,31.8309],[-94.4401,31.8287],[-94.439,31.8291],[-94.4374,31.8279],[-94.4376,31.8272],[-94.4364,31.8273],[-94.4361,31.824],[-94.4339,31.8246],[-94.4348,31.8232],[-94.4326,31.8219],[-94.434,31.8203],[-94.4327,31.8202],[-94.4323,31.8174],[-94.4314,31.817],[-94.4327,31.8151],[-94.4315,31.8145],[-94.4325,31.813],[-94.43,31.812],[-94.4308,31.8111],[-94.4294,31.8109],[-94.4306,31.81],[-94.4291,31.8088],[-94.4279,31.8094],[-94.4291,31.8067],[-94.4305,31.8059],[-94.4299,31.8052],[-94.4293,31.806],[-94.4281,31.8053],[-94.4275,31.8047],[-94.4281,31.8038],[-94.4268,31.8039],[-94.4282,31.8028],[-94.4271,31.8026],[-94.4273,31.8016],[-94.4254,31.8017],[-94.4248,31.8001],[-94.4241,31.8002],[-94.4252,31.7998],[-94.424,31.799],[-94.4256,31.7988],[-94.4245,31.7985],[-94.4252,31.7976],[-94.424,31.797],[-94.426,31.7969],[-94.4264,31.796],[-94.4255,31.7954],[-94.4274,31.794],[-94.4274,31.7915],[-94.4286,31.7896],[-94.4277,31.789],[-94.4277,31.7858],[-94.4268,31.7851],[-94.4274,31.7845],[-94.4284,31.7853],[-94.429,31.7842],[-94.4276,31.7835],[-94.428,31.7829],[-94.4288,31.7832],[-94.4281,31.7817],[-94.4291,31.7792],[-94.4273,31.7773],[-94.4285,31.7766],[-94.4289,31.7752],[-94.4298,31.7764],[-94.4312,31.7744],[-94.4324,31.7752],[-94.4317,31.7736],[-94.4299,31.7736],[-94.4313,31.7722],[-94.4267,31.7697],[-94.4251,31.7672],[-94.423,31.7669],[-94.4225,31.7654],[-94.4212,31.7658],[-94.422,31.7642],[-94.421,31.7639],[-94.4212,31.7647],[-94.4202,31.7649],[-94.4202,31.7633],[-94.4213,31.7627],[-94.4204,31.7624],[-94.4221,31.7623],[-94.4212,31.7616],[-94.4223,31.761],[-94.421,31.7604],[-94.42,31.7611],[-94.4211,31.76],[-94.4201,31.7594],[-94.4207,31.7588],[-94.4182,31.7583],[-94.4191,31.7574],[-94.4173,31.7575],[-94.4164,31.7566],[-94.4174,31.755],[-94.417,31.7542],[-94.4181,31.7544],[-94.4173,31.7535],[-94.4183,31.7528],[-94.4174,31.7524],[-94.4166,31.7536],[-94.4166,31.752],[-94.4155,31.7527],[-94.414,31.7519],[-94.4145,31.7509],[-94.4156,31.7511],[-94.4152,31.7504],[-94.4165,31.7508],[-94.4154,31.7497],[-94.4165,31.7489],[-94.4151,31.7485],[-94.4164,31.7484],[-94.4154,31.7479],[-94.4147,31.749],[-94.4155,31.7473],[-94.4149,31.7462],[-94.4125,31.7464],[-94.4132,31.7444],[-94.4145,31.7443],[-94.4133,31.7434],[-94.4146,31.7416],[-94.4135,31.7411],[-94.4138,31.7397],[-94.4131,31.74],[-94.4128,31.7393],[-94.4128,31.7403],[-94.4122,31.7401],[-94.4124,31.7392],[-94.4142,31.7384],[-94.4135,31.7368],[-94.4143,31.7364],[-94.4131,31.7359],[-94.4126,31.7335],[-94.4143,31.7322],[-94.415,31.7295],[-94.4142,31.7282],[-94.4128,31.7281],[-94.4154,31.7258],[-94.4157,31.7244],[-94.414,31.7234],[-94.4153,31.7231],[-94.4139,31.7221],[-94.414,31.7212],[-94.4127,31.7212],[-94.4142,31.7206],[-94.4133,31.7187],[-94.4142,31.7165],[-94.4128,31.7154],[-94.414,31.7149],[-94.4151,31.7156],[-94.4141,31.7134],[-94.4158,31.7126],[-94.4146,31.7108],[-94.4157,31.7104],[-94.4153,31.7083],[-94.4165,31.7079],[-94.4169,31.7061],[-94.415,31.7045],[-94.4142,31.7049],[-94.4137,31.7038],[-94.4148,31.7032],[-94.4133,31.7033],[-94.4139,31.7026],[-94.4129,31.7023],[-94.4126,31.7005],[-94.411,31.7016],[-94.4111,31.7001],[-94.4104,31.6998],[-94.4128,31.7],[-94.4126,31.698],[-94.4091,31.6973],[-94.4069,31.6953],[-94.4085,31.6921],[-94.4097,31.6925],[-94.4099,31.6908],[-94.4086,31.691],[-94.4085,31.6895],[-94.4072,31.6899],[-94.4091,31.6883],[-94.407,31.6879],[-94.408,31.6865],[-94.4063,31.687],[-94.4062,31.6839],[-94.4046,31.6841],[-94.4038,31.6816],[-94.4049,31.6812],[-94.4046,31.6803],[-94.4053,31.6806],[-94.4049,31.6798],[-94.4056,31.6791],[-94.4047,31.6785],[-94.4057,31.6781],[-94.405,31.6768],[-94.4041,31.677],[-94.4048,31.6761],[-94.4038,31.6758],[-94.4056,31.6743],[-94.4046,31.6737],[-94.4063,31.673],[-94.4056,31.6726],[-94.406,31.6717],[-94.404,31.6713],[-94.4044,31.6702],[-94.4057,31.6713],[-94.4062,31.6708],[-94.4049,31.668],[-94.4059,31.6678],[-94.4058,31.6658],[-94.407,31.6651],[-94.4054,31.6629],[-94.4021,31.662],[-94.4017,31.661],[-94.4005,31.6622],[-94.4002,31.6608],[-94.3983,31.6612],[-94.3996,31.66],[-94.4008,31.6607],[-94.4039,31.6595],[-94.4027,31.659],[-94.4035,31.6582],[-94.4025,31.657],[-94.4014,31.6573],[-94.4019,31.6558],[-94.3994,31.6558],[-94.3994,31.6552],[-94.3986,31.6561],[-94.3986,31.655],[-94.3977,31.6557],[-94.3978,31.6543],[-94.3992,31.6535],[-94.3985,31.6515],[-94.3998,31.6494],[-94.3978,31.6492],[-94.3974,31.647],[-94.3962,31.6467],[-94.396,31.6476],[-94.3951,31.6475],[-94.3954,31.6448],[-94.3976,31.6438],[-94.3962,31.642],[-94.3951,31.6421],[-94.3956,31.6409],[-94.3941,31.6406],[-94.3942,31.6389],[-94.3954,31.6388],[-94.3923,31.6385],[-94.3922,31.6399],[-94.3896,31.6394],[-94.3895,31.6376],[-94.3888,31.6374],[-94.3873,31.6402],[-94.3865,31.6383],[-94.3848,31.6397],[-94.3835,31.6386],[-94.3844,31.6378],[-94.383,31.6369],[-94.3786,31.6357],[-94.3767,31.6362],[-94.3766,31.6372],[-94.3755,31.6369],[-94.376,31.6385],[-94.3746,31.639],[-94.3747,31.6371],[-94.3737,31.6355],[-94.3718,31.6346],[-94.3699,31.6357],[-94.3697,31.6326],[-94.3685,31.6343],[-94.368,31.6321],[-94.3668,31.6327],[-94.3672,31.6336],[-94.3662,31.6332],[-94.3665,31.6314],[-94.3652,31.6309],[-94.3651,31.6318],[-94.3645,31.6302],[-94.3666,31.6293],[-94.3671,31.63],[-94.3679,31.6279],[-94.3676,31.627],[-94.3648,31.6259],[-94.3673,31.626],[-94.3674,31.6242],[-94.3644,31.6247],[-94.3638,31.6237],[-94.3631,31.6243],[-94.3606,31.6235],[-94.3585,31.6218],[-94.3576,31.6232],[-94.3567,31.6226],[-94.3559,31.6211],[-94.3582,31.6201],[-94.3567,31.6178],[-94.3557,31.6186],[-94.3545,31.6167],[-94.3565,31.6155],[-94.352,31.6144],[-94.3529,31.612],[-94.3513,31.6117],[-94.3523,31.6109],[-94.3504,31.6065],[-94.3483,31.6055],[-94.3474,31.6068],[-94.3485,31.6074],[-94.346,31.6083],[-94.3451,31.607],[-94.344,31.6076],[-94.3444,31.6059],[-94.3452,31.6056],[-94.3435,31.6057],[-94.343,31.6068],[-94.3422,31.6058],[-94.34,31.6088],[-94.34,31.6056],[-94.3387,31.6056],[-94.3388,31.6047],[-94.3376,31.6048],[-94.3357,31.6026],[-94.3365,31.601],[-94.3354,31.6005],[-94.3337,31.6028],[-94.3332,31.601],[-94.3343,31.6005],[-94.3324,31.5996],[-94.3321,31.6013],[-94.3311,31.6012],[-94.3307,31.6],[-94.3318,31.599],[-94.33,31.5995],[-94.3307,31.5982],[-94.3295,31.5978],[-94.3303,31.5971],[-94.3274,31.5965],[-94.3288,31.5938],[-94.3267,31.5949],[-94.327,31.5939],[-94.3261,31.5934],[-94.3277,31.593],[-94.328,31.592],[-94.3252,31.5913],[-94.3228,31.5924],[-94.3229,31.5907],[-94.3212,31.5902],[-94.32,31.5907],[-94.3199,31.5897],[-94.3171,31.5904],[-94.3161,31.5883],[-94.3146,31.59],[-94.3133,31.5893],[-94.3137,31.5881],[-94.3109,31.5892],[-94.3104,31.5864],[-94.3124,31.5853],[-94.3117,31.5834],[-94.3134,31.5836],[-94.3132,31.5807],[-94.3106,31.5795],[-94.3138,31.5786],[-94.3136,31.5757],[-94.3112,31.5757],[-94.3118,31.5765],[-94.3106,31.5765],[-94.31,31.5742],[-94.3108,31.5736],[-94.3079,31.5729],[-94.309,31.5711],[-94.3081,31.5709],[-94.3074,31.5722],[-94.3054,31.5711],[-94.3066,31.5708],[-94.3064,31.5701],[-94.3073,31.571],[-94.3084,31.5694],[-94.3061,31.5689],[-94.3082,31.5677],[-94.3062,31.5668],[-94.3073,31.5659],[-94.3058,31.5662],[-94.3048,31.5638],[-94.3074,31.5596],[-94.307,31.5553],[-94.3087,31.5545],[-94.3067,31.5522],[-94.3086,31.5517],[-94.3082,31.5508],[-94.3061,31.5512],[-94.3069,31.55],[-94.3053,31.5501],[-94.306,31.5485],[-94.3046,31.5491],[-94.3054,31.548],[-94.3037,31.5466],[-94.3065,31.5475],[-94.3054,31.5439],[-94.3069,31.5431],[-94.3053,31.5388],[-94.3077,31.5382],[-94.3058,31.5374],[-94.3057,31.5363],[-94.3041,31.5372],[-94.3051,31.5344],[-94.303,31.5345],[-94.3024,31.5339],[-94.3042,31.533],[-94.3045,31.5337],[-94.3054,31.5327],[-94.3046,31.5314],[-94.3071,31.5308],[-94.3027,31.5301],[-94.3014,31.5274],[-94.3,31.5269],[-94.3024,31.5262],[-94.304,31.5267],[-94.3066,31.525],[-94.3075,31.5254],[-94.3066,31.5228],[-94.3073,31.5238],[-94.3094,31.5242],[-94.3099,31.5225],[-94.3079,31.5223],[-94.3066,31.5202],[-94.3088,31.5201],[-94.3089,31.5189],[-94.3099,31.519],[-94.3101,31.517],[-94.308,31.5184],[-94.3066,31.5178],[-94.3066,31.5192],[-94.306,31.5187],[-94.3068,31.5166],[-94.308,31.5172],[-94.3083,31.5158],[-94.309,31.5164],[-94.3106,31.5159],[-94.309,31.5147],[-94.3043,31.5148],[-94.3033,31.5132],[-94.3039,31.5123],[-94.3023,31.5119],[-94.3032,31.5101],[-94.302,31.5098],[-94.3035,31.5084],[-94.3021,31.5053],[-94.3047,31.5056],[-94.3045,31.5003],[-94.3064,31.4975],[-94.3054,31.4966],[-94.3075,31.497],[-94.3067,31.4959],[-94.3089,31.4954],[-94.3094,31.4965],[-94.3099,31.4945],[-94.3116,31.4944],[-94.3091,31.4933],[-94.3074,31.4934],[-94.3076,31.4923],[-94.3121,31.4931],[-94.3138,31.4963],[-94.3161,31.4958],[-94.3139,31.4926],[-94.3154,31.489],[-94.3139,31.4863],[-94.3172,31.4851],[-94.3174,31.4827],[-94.3165,31.4826],[-94.3188,31.4817],[-94.3191,31.4789],[-94.3181,31.4753],[-94.3161,31.4757],[-94.3159,31.4742],[-94.3141,31.4731],[-94.3145,31.4715],[-94.3166,31.4711],[-94.3149,31.4693],[-94.3118,31.4688],[-94.3141,31.468],[-94.3121,31.4677],[-94.3142,31.4645],[-94.3151,31.4644],[-94.3135,31.4633],[-94.3141,31.4612],[-94.3129,31.461],[-94.3156,31.4577],[-94.3141,31.4576],[-94.3144,31.4563],[-94.3135,31.4555],[-94.3159,31.4568],[-94.3169,31.4564],[-94.3159,31.4535],[-94.318,31.4532],[-94.3166,31.4522],[-94.3153,31.4523],[-94.3163,31.4514],[-94.316,31.4499],[-94.3177,31.4506],[-94.318,31.45],[-94.3156,31.4483],[-94.3156,31.4475],[-94.318,31.4449],[-94.3209,31.4449],[-94.321,31.4433],[-94.322,31.4426],[-94.3217,31.4403],[-94.3248,31.4403],[-94.325,31.4394],[-94.3221,31.439],[-94.3211,31.4396],[-94.3207,31.4383],[-94.3192,31.4391],[-94.3193,31.436],[-94.3175,31.4368],[-94.3148,31.4357],[-94.3165,31.4334],[-94.3147,31.4321],[-94.3133,31.4323],[-94.3133,31.4315],[-94.316,31.4321],[-94.3164,31.4304],[-94.314,31.4293],[-94.3137,31.4303],[-94.3128,31.4303],[-94.3116,31.4288],[-94.3096,31.4283],[-94.3099,31.4247],[-94.3079,31.4258],[-94.3086,31.4237],[-94.3078,31.424],[-94.3064,31.4231],[-94.3071,31.4223],[-94.306,31.4223],[-94.306,31.4215],[-94.3049,31.4218],[-94.3065,31.418],[-94.31,31.4167],[-94.3081,31.4158],[-94.3081,31.4145],[-94.3095,31.415],[-94.3088,31.414],[-94.3126,31.4112],[-94.3142,31.4117],[-94.313,31.4099],[-94.3148,31.4103],[-94.315,31.4092],[-94.3122,31.4057],[-94.3128,31.4043],[-94.3156,31.4034],[-94.3142,31.4029],[-94.3174,31.4021],[-94.3187,31.4035],[-94.3167,31.405],[-94.3192,31.4057],[-94.3211,31.4034],[-94.3228,31.4039],[-94.3237,31.4028],[-94.3225,31.4022],[-94.3239,31.4017],[-94.3245,31.4026],[-94.3269,31.4],[-94.3265,31.3978],[-94.3244,31.3974],[-94.3265,31.396],[-94.3247,31.3922],[-94.3234,31.3923],[-94.3238,31.3907],[-94.3255,31.3908],[-94.3256,31.3887],[-94.323,31.3886],[-94.3244,31.3863],[-94.323,31.3854],[-94.3246,31.3849],[-94.326,31.3857],[-94.3278,31.3841],[-94.3265,31.3802],[-94.3239,31.381],[-94.3239,31.3801],[-94.3257,31.3788],[-94.3262,31.3767],[-94.3247,31.3765],[-94.3246,31.3757],[-94.3265,31.3752],[-94.3254,31.3729],[-94.3279,31.3726],[-94.3255,31.3716],[-94.3267,31.37],[-94.3257,31.3694],[-94.3274,31.3695],[-94.3279,31.3685],[-94.3262,31.3675],[-94.3285,31.3672],[-94.3295,31.3681],[-94.3299,31.367],[-94.328,31.3658],[-94.329,31.3638],[-94.3306,31.3644],[-94.3312,31.363],[-94.3302,31.3617],[-94.3283,31.3614],[-94.3304,31.3606],[-94.3304,31.3599],[-94.3262,31.3579],[-94.3255,31.3555],[-94.3269,31.354],[-94.3259,31.3516],[-94.3253,31.3512],[-94.3243,31.3526],[-94.3241,31.3516],[-94.322,31.3507],[-94.3239,31.3496],[-94.3211,31.3482],[-94.3226,31.3475],[-94.3203,31.3462],[-94.3211,31.3449],[-94.32,31.3446],[-94.3191,31.3456],[-94.3183,31.3432],[-94.3178,31.3448],[-94.3172,31.3424],[-94.3189,31.3428],[-94.3195,31.3419],[-94.3158,31.3408],[-94.3165,31.3391],[-94.3134,31.3375],[-94.3158,31.3368],[-94.3162,31.3354],[-94.3175,31.3346],[-94.3174,31.3324],[-94.3188,31.3326],[-94.3168,31.3311],[-94.3154,31.3283],[-94.3155,31.3271],[-94.3178,31.3262],[-94.3172,31.3239],[-94.3187,31.3252],[-94.3201,31.3249],[-94.3196,31.323],[-94.3222,31.3236],[-94.3226,31.3218],[-94.3221,31.3204],[-94.319,31.3186],[-94.3192,31.3161],[-94.321,31.3163],[-94.3184,31.3144],[-94.3177,31.315],[-94.3171,31.3144],[-94.3169,31.3134],[-94.3184,31.312],[-94.3157,31.3105],[-94.3164,31.309],[-94.3186,31.3094],[-94.3184,31.308],[-94.3168,31.3074],[-94.3161,31.3085],[-94.3149,31.3081],[-94.3156,31.3049],[-94.3182,31.3041],[-94.3188,31.3031],[-94.3175,31.3032],[-94.3182,31.302],[-94.3212,31.3016],[-94.32,31.3004],[-94.3231,31.2956],[-94.3241,31.2957],[-94.3255,31.2939],[-94.3203,31.2953],[-94.3201,31.2946],[-94.3237,31.292],[-94.3264,31.2921],[-94.327,31.2914],[-94.3268,31.2908],[-94.3244,31.2907],[-94.3222,31.2855],[-94.3248,31.2857],[-94.325,31.2842],[-94.3239,31.283],[-94.3262,31.283],[-94.3274,31.2814],[-94.3287,31.282],[-94.3314,31.2775],[-94.3324,31.2777],[-94.3308,31.2747],[-94.3322,31.2734],[-94.3329,31.2738],[-94.3325,31.2725],[-94.3351,31.2717],[-94.3375,31.269],[-94.337,31.2681],[-94.3396,31.2633],[-94.3383,31.2628],[-94.3391,31.2618],[-94.3386,31.2611],[-94.3396,31.2609],[-94.3382,31.2602],[-94.3371,31.2606],[-94.3342,31.2579],[-94.3345,31.2541],[-94.3318,31.2526],[-94.3331,31.2522],[-94.3325,31.2511],[-94.331,31.2518],[-94.3289,31.2507],[-94.3313,31.2511],[-94.3329,31.2487],[-94.334,31.2484],[-94.3342,31.2453],[-94.3382,31.2459],[-94.3378,31.2437],[-94.3366,31.2434],[-94.3387,31.243],[-94.3398,31.2408],[-94.3371,31.2408],[-94.3366,31.2399],[-94.3353,31.2408],[-94.3342,31.2391],[-94.3351,31.2358],[-94.3327,31.2366],[-94.3276,31.2324],[-94.3284,31.232],[-94.3276,31.2304],[-94.3265,31.2307],[-94.3265,31.2316],[-94.3248,31.2309],[-94.3244,31.2296],[-94.3255,31.2294],[-94.3254,31.228],[-94.3265,31.227],[-94.3265,31.2246],[-94.3243,31.2237],[-94.3214,31.2245],[-94.3208,31.2217],[-94.318,31.2234],[-94.3126,31.2237],[-94.3116,31.2226],[-94.3131,31.2213],[-94.3108,31.2196],[-94.3125,31.2187],[-94.3124,31.2179],[-94.3092,31.2178],[-94.3074,31.2147],[-94.3034,31.215],[-94.3035,31.2138],[-94.3064,31.2133],[-94.3031,31.2124],[-94.3028,31.2114],[-94.2991,31.2126],[-94.2966,31.212],[-94.2944,31.2126],[-94.2938,31.2088],[-94.2926,31.2077],[-94.2904,31.2076],[-94.2913,31.206],[-94.2886,31.2016],[-94.2822,31.2022],[-94.2804,31.2004],[-94.2794,31.2012],[-94.2774,31.2011],[-94.2765,31.2002],[-94.2784,31.1996],[-94.278,31.1985],[-94.2743,31.1993],[-94.2699,31.1962],[-94.2644,31.1908],[-94.2663,31.1878],[-94.2655,31.1845],[-94.2622,31.1803],[-94.2604,31.1804],[-94.2613,31.1821],[-94.2608,31.1831],[-94.2558,31.1823],[-94.2554,31.1852],[-94.2506,31.1883],[-94.2498,31.1869],[-94.2517,31.1841],[-94.2472,31.1845],[-94.2459,31.1801],[-94.249,31.1787],[-94.2489,31.1772],[-94.2449,31.1767],[-94.2388,31.1803],[-94.2378,31.1779],[-94.2325,31.1774],[-94.2333,31.1751],[-94.2288,31.1763],[-94.2264,31.175],[-94.2248,31.1761],[-94.2233,31.1737],[-94.219,31.1733],[-94.2188,31.1722],[-94.2207,31.1714],[-94.2197,31.1701],[-94.2196,31.1644],[-94.2161,31.1627],[-94.2159,31.16],[-94.2112,31.1601],[-94.2124,31.1582],[-94.2118,31.1572],[-94.2069,31.1564],[-94.2029,31.154],[-94.2036,31.1508],[-94.2067,31.1523],[-94.2075,31.152],[-94.2071,31.1505],[-94.1992,31.1456],[-94.1988,31.1444],[-94.2012,31.1442],[-94.1984,31.1416],[-94.1946,31.1396],[-94.1922,31.1405],[-94.1894,31.1394],[-94.1929,31.1362],[-94.1927,31.1355],[-94.1916,31.135],[-94.1898,31.1373],[-94.1885,31.1375],[-94.1899,31.1344],[-94.1863,31.1316],[-94.1817,31.1298],[-94.1781,31.1237],[-94.1732,31.1263],[-94.1722,31.1242],[-94.1692,31.1223],[-94.1664,31.1241],[-94.1615,31.1224],[-94.1592,31.1193],[-94.1574,31.1188],[-94.1576,31.1146],[-94.1548,31.1161],[-94.1517,31.1147],[-94.1442,31.1152],[-94.1438,31.1142],[-94.1448,31.1122],[-94.1412,31.1102],[-94.1423,31.1069],[-94.1397,31.1079],[-94.1392,31.1071],[-94.1405,31.1048],[-94.1377,31.1052],[-94.1356,31.1073],[-94.1332,31.1075],[-94.1303,31.1051],[-94.1321,31.1014],[-94.1296,31.0993],[-94.0641,31.1123],[-94.0629,31.1149],[-94.0622,31.1146],[-94.0623,31.1124],[-94.0608,31.114],[-94.0608,31.1126],[-94.0589,31.1132],[-94.0583,31.1118],[-94.0571,31.1127],[-94.0566,31.1117],[-94.0556,31.1125],[-94.0578,31.1133],[-94.0571,31.1143],[-94.0552,31.1135],[-94.0548,31.1145],[-94.0516,31.1152],[-94.051,31.1145],[-94.05,31.1163],[-94.0496,31.1155],[-94.0483,31.1156],[-94.0489,31.1167],[-94.0473,31.1177],[-94.0457,31.1166],[-94.045,31.1173],[-94.0455,31.1183],[-94.0432,31.1186],[-94.0423,31.1194],[-94.0418,31.1225],[-94.0402,31.1235],[-94.0401,31.1247],[-94.0413,31.1255],[-94.0387,31.127],[-94.0378,31.1294],[-94.0384,31.1305],[-94.04,31.1301],[-94.0388,31.1325],[-94.0397,31.1331],[-94.0385,31.1333],[-94.0398,31.1335],[-94.039,31.1343],[-93.9112,31.1581],[-93.6003,31.1762],[-93.6024,31.1825],[-93.6016,31.1875],[-93.6019,31.1994],[-93.607,31.2043],[-93.6073,31.2054],[-93.6035,31.2107],[-93.6035,31.2167],[-93.5953,31.2203],[-93.5953,31.2218],[-93.5994,31.2249],[-93.5963,31.2295],[-93.5984,31.2311],[-93.6082,31.2278],[-93.6098,31.2291],[-93.6107,31.2322],[-93.6125,31.2327],[-93.6165,31.232],[-93.6181,31.2327],[-93.6163,31.2368],[-93.6171,31.241],[-93.6163,31.2446],[-93.6201,31.247],[-93.6218,31.2491],[-93.6143,31.2516],[-93.6139,31.2529],[-93.6156,31.2551],[-93.6139,31.2594],[-93.6153,31.2619],[-93.6199,31.2652],[-93.6203,31.271],[-93.6228,31.2713],[-93.6397,31.2692],[-93.6425,31.2695],[-93.6439,31.2712],[-93.6446,31.2778],[-93.6486,31.2842],[-93.6512,31.2845],[-93.6587,31.2816],[-93.6689,31.298],[-93.6754,31.301],[-93.6836,31.3015],[-93.6862,31.304],[-93.6877,31.3073],[-93.6875,31.3108],[-93.684,31.3146],[-93.6829,31.319],[-93.6763,31.3214],[-93.6738,31.3239],[-93.674,31.3262],[-93.6773,31.3305],[-93.669,31.3388],[-93.6695,31.3506],[-93.6684,31.353],[-93.6459,31.359],[-93.6449,31.3602],[-93.6441,31.3655],[-93.6412,31.3682],[-93.6393,31.3724],[-93.6414,31.3725],[-93.6441,31.3706],[-93.6483,31.3709],[-93.6583,31.3668],[-93.6673,31.3654],[-93.671,31.3662],[-93.6733,31.3687],[-93.6738,31.3706],[-93.6724,31.3712],[-93.6694,31.3705],[-93.669,31.3714],[-93.6702,31.3872],[-93.6716,31.3934],[-93.6741,31.3977],[-93.6766,31.3987],[-93.6821,31.3983],[-93.6903,31.4066],[-93.6959,31.4094],[-93.7016,31.4093],[-93.7049,31.4109],[-93.7047,31.4189],[-93.703,31.4204],[-93.6925,31.4382],[-93.6933,31.4401],[-93.7095,31.442],[-93.7038,31.4538],[-93.7039,31.4555],[-93.7066,31.4568],[-93.7091,31.4567],[-93.709,31.4534],[-93.71,31.4528],[-93.7117,31.453],[-93.7167,31.4575],[-93.7219,31.4534],[-93.7315,31.4575],[-93.7419,31.4659],[-93.7495,31.4687],[-93.7498,31.4707],[-93.7485,31.4748],[-93.7454,31.4781],[-93.7455,31.4804],[-93.7465,31.4818],[-93.748,31.4816],[-93.7514,31.4791],[-93.753,31.4817],[-93.7524,31.4827],[-93.7485,31.4851],[-93.7452,31.4856],[-93.7419,31.4835],[-93.7372,31.4846],[-93.7353,31.4891],[-93.7313,31.4873],[-93.7226,31.4928],[-93.7219,31.4943],[-93.7241,31.4964],[-93.7234,31.5009],[-93.7222,31.502],[-93.7189,31.501],[-93.7175,31.5015],[-93.7172,31.503],[-93.7197,31.5058],[-93.7196,31.5069],[-93.7184,31.5079],[-93.7139,31.5086],[-93.7114,31.5107],[-93.711,31.5122],[-93.7147,31.5142],[-93.7352,31.5135],[-93.7427,31.5157],[-93.7444,31.5179],[-93.7418,31.5172],[-93.7405,31.5181],[-93.7427,31.5266],[-93.7469,31.5279],[-93.7474,31.5307],[-93.7498,31.5298],[-93.7519,31.5275],[-93.7547,31.5299],[-93.7565,31.5305],[-93.7581,31.5299],[-93.7576,31.5276],[-93.7541,31.5264],[-93.7539,31.5253],[-93.7549,31.5248],[-93.7601,31.5239],[-93.7673,31.5241],[-93.785,31.526],[-93.7877,31.5273],[-93.7903,31.5308],[-93.7981,31.534],[-93.7992,31.5381],[-93.8034,31.5388],[-93.8032,31.5398],[-93.7999,31.5419],[-93.7995,31.543],[-93.8033,31.5436],[-93.8083,31.5464],[-93.8102,31.5499],[-93.814,31.5506],[-93.8186,31.5548],[-93.8208,31.5582],[-93.8211,31.5605],[-93.8184,31.5602],[-93.8169,31.5631],[-93.8174,31.5641],[-93.8216,31.5637],[-93.8229,31.5659],[-93.823,31.5681],[-93.8222,31.5688],[-93.8191,31.5689],[-93.8184,31.5709],[-93.8271,31.5785],[-93.8304,31.5794],[-93.8349,31.5862],[-93.8358,31.5914],[-93.8383,31.5947],[-93.8394,31.5992],[-93.8376,31.6018],[-93.8391,31.6035],[-93.8381,31.6068],[-93.8331,31.609],[-93.8328,31.6108],[-93.8279,31.6166],[-93.8259,31.6159],[-93.8279,31.6135],[-93.8271,31.6129],[-93.8226,31.6145],[-93.8187,31.6146],[-93.8188,31.6166],[-93.8272,31.6203],[-93.8258,31.6214],[-93.8238,31.6206],[-93.8172,31.6219],[-93.817,31.6252],[-93.8203,31.6271],[-93.8208,31.629],[-93.82,31.6306],[-93.816,31.6323],[-93.8181,31.6356],[-93.8181,31.6368],[-93.8164,31.6393],[-93.8175,31.6415],[-93.818,31.6479],[-93.8168,31.6489],[-93.8132,31.6465],[-93.8115,31.6474],[-93.8117,31.6493],[-93.8128,31.6504],[-93.817,31.6509],[-93.8195,31.6527],[-93.8214,31.6566],[-93.8257,31.661],[-93.8265,31.6669],[-93.8221,31.674],[-93.8201,31.6726],[-93.8174,31.6721],[-93.8167,31.668],[-93.8124,31.6702],[-93.8125,31.6719],[-93.8163,31.6754],[-93.815,31.6766],[-93.8125,31.677],[-93.811,31.6798],[-93.8069,31.6816],[-93.8063,31.683],[-93.8045,31.6841],[-93.8051,31.687],[-93.8034,31.6878],[-93.7945,31.7021],[-93.7951,31.705],[-93.7974,31.7056],[-93.807,31.7028],[-93.8098,31.7031],[-93.8111,31.7037],[-93.8118,31.7075],[-93.8167,31.7079],[-93.8169,31.7088],[-93.8125,31.7152],[-93.8143,31.7219],[-93.8149,31.7287],[-93.816,31.7301],[-93.8246,31.7344],[-93.8317,31.7455],[-93.8353,31.7472],[-93.8369,31.7502],[-93.8352,31.7528],[-93.8316,31.7546],[-93.8298,31.7606],[-93.8275,31.7609],[-93.8273,31.7594],[-93.8265,31.7592],[-93.8268,31.7638],[-93.8291,31.7633],[-93.8296,31.7642],[-93.8288,31.7656],[-93.8253,31.7672],[-93.8251,31.7693],[-93.8226,31.7736],[-93.8234,31.7751],[-93.8275,31.7777],[-93.8315,31.7769],[-93.8331,31.7775],[-93.8332,31.7781],[-93.8308,31.7791],[-93.8317,31.7809],[-93.8377,31.7808],[-93.8378,31.7837],[-93.8359,31.7852],[-93.8377,31.7879],[-93.8376,31.7898],[-93.8356,31.7945],[-93.8393,31.8003],[-93.8429,31.8007],[-93.8462,31.802],[-93.8476,31.7996],[-93.8515,31.8002],[-93.8535,31.8026],[-93.8534,31.8055],[-93.8593,31.8091],[-93.8614,31.8123],[-93.8673,31.8153],[-93.8708,31.8138],[-93.8733,31.8149],[-93.873,31.8163],[-93.8709,31.8168],[-93.8709,31.8194],[-93.8748,31.8217],[-93.8746,31.8299],[-93.8774,31.8325],[-93.8762,31.8342],[-93.8728,31.8363],[-93.8747,31.8379],[-93.875,31.8409],[-93.8772,31.8419],[-93.8806,31.8415],[-93.8819,31.8422],[-93.8821,31.8441],[-93.8792,31.8441],[-93.879,31.8448],[-93.8841,31.8476],[-93.8846,31.8502],[-93.8821,31.8523],[-93.8829,31.8547],[-93.8889,31.8551],[-93.8894,31.8559],[-93.8819,31.8648],[-93.8817,31.8686],[-93.8849,31.8694],[-93.8844,31.8663],[-93.8854,31.8653],[-93.8887,31.8695],[-93.8909,31.8698],[-93.8934,31.8717],[-93.8933,31.8734],[-93.8916,31.8746],[-93.8921,31.8759],[-93.897,31.876],[-93.8993,31.8739],[-93.9017,31.8746],[-93.901,31.8767],[-93.9019,31.8801],[-93.8965,31.8863],[-93.8972,31.891],[-93.9006,31.8968],[-93.9018,31.897],[-93.9038,31.8958],[-93.9031,31.8939],[-93.9062,31.8899],[-93.9071,31.8903],[-93.906,31.8919],[-93.9065,31.8925],[-93.9104,31.892],[-93.9125,31.8901],[-93.9125,31.8925],[-93.915,31.8929],[-93.9162,31.8927],[-93.9161,31.8906],[-93.9169,31.8898],[-93.9197,31.891],[-93.9207,31.8897],[-93.9197,31.8866],[-93.921,31.8859],[-93.9242,31.887],[-93.9262,31.8887],[-93.9272,31.8909],[-93.9245,31.8929],[-93.9255,31.8946],[-93.9312,31.8915],[-93.9321,31.8937],[-93.9274,31.8983],[-93.9252,31.9025],[-93.9216,31.9044],[-93.9287,31.9126],[-93.9299,31.9127],[-93.9328,31.9105],[-93.9375,31.9092],[-93.9426,31.9104],[-93.9535,31.9106],[-93.9557,31.9128],[-93.956,31.917],[-93.9598,31.9232],[-93.9629,31.9242],[-93.969,31.9202],[-93.9717,31.9204],[-93.9775,31.9264],[-93.9823,31.9398],[-93.987,31.9433],[-93.9897,31.9488],[-93.9957,31.9541],[-94.001,31.9618],[-94.0068,31.9734],[-94.0165,31.9812],[-94.0188,31.9891],[-94.0185,31.9924],[-94.0229,31.9905],[-94.0286,31.9962],[-94.0307,31.9948],[-94.0335,31.9953],[-94.0391,31.9923],[-94.0422,31.9936],[-94.041,31.9963],[-94.0416,31.9987],[-94.0427,31.9993],[-94.043,32.3734],[-94.0432,32.7702],[-94.0429,33.1613],[-94.0433,33.5516],[-94.0499,33.5512],[-94.0518,33.5527],[-94.0618,33.5495],[-94.0654,33.5505],[-94.0734,33.5549],[-94.0738,33.5581],[-94.0719,33.5598],[-94.0673,33.561],[-94.0607,33.5592],[-94.0556,33.5616],[-94.056,33.5671],[-94.0569,33.5679],[-94.0664,33.5689],[-94.0676,33.5699],[-94.0702,33.5762],[-94.0704,33.5822],[-94.0738,33.5847],[-94.0751,33.5827],[-94.0719,33.577],[-94.0725,33.5723],[-94.0818,33.5753],[-94.0919,33.5751],[-94.0963,33.574],[-94.1016,33.5709],[-94.1117,33.5672],[-94.1207,33.567],[-94.1205,33.5618],[-94.1225,33.5535],[-94.1262,33.5508],[-94.1287,33.5509],[-94.1308,33.552],[-94.1322,33.555],[-94.1342,33.5694],[-94.1351,33.571],[-94.137,33.571],[-94.1418,33.5666],[-94.1449,33.5652],[-94.1484,33.5657],[-94.1514,33.5685],[-94.151,33.5721],[-94.143,33.5775],[-94.1418,33.5797],[-94.142,33.5811],[-94.1438,33.5821],[-94.146,33.582],[-94.1524,33.5762],[-94.157,33.5758],[-94.1618,33.5803],[-94.161,33.5875],[-94.1618,33.5887],[-94.1798,33.592],[-94.1838,33.5947],[-94.1967,33.5812],[-94.2042,33.5798],[-94.2129,33.5834],[-94.2152,33.5829],[-94.2173,33.5802],[-94.2164,33.5767],[-94.2117,33.5738],[-94.2087,33.5737],[-94.2021,33.5775],[-94.1988,33.5767],[-94.1955,33.5747],[-94.1929,33.5711],[-94.1921,33.5668],[-94.1901,33.5636],[-94.1899,33.561],[-94.1916,33.5572],[-94.1959,33.5551],[-94.198,33.5551],[-94.1994,33.556],[-94.2016,33.5587],[-94.2033,33.5659],[-94.2051,33.567],[-94.2082,33.5667],[-94.2124,33.5637],[-94.2161,33.5546],[-94.2159,33.4973],[-94.2012,33.499],[-94.1984,33.498],[-94.196,33.4985],[-94.196,33.4934],[-94.1939,33.4943],[-94.1963,33.4874],[-94.1961,33.4808],[-94.1979,33.4808],[-94.2003,33.4781],[-94.2009,33.4688],[-94.2014,33.4669],[-94.2026,33.4662],[-94.2023,33.4653],[-94.1837,33.4641],[-94.1709,33.4605],[-94.1711,33.459],[-94.1727,33.4608],[-94.181,33.4633],[-94.184,33.464],[-94.1851,33.4627],[-94.1854,33.4539],[-94.1769,33.4513],[-94.1768,33.438],[-94.1839,33.4373],[-94.1837,33.4237],[-94.1933,33.4234],[-94.1936,33.4194],[-94.2017,33.4193],[-94.2017,33.4146],[-94.2058,33.4144],[-94.2058,33.4039],[-94.2176,33.4025],[-94.2294,33.4],[-94.2375,33.3945],[-94.2585,33.3945],[-94.2583,33.3854],[-94.2633,33.3771],[-94.2972,33.3778],[-94.2946,33.387],[-94.2965,33.3907],[-94.2966,33.3981],[-94.304,33.3973],[-94.323,33.3975],[-94.3269,33.4007],[-94.3417,33.4004],[-94.3456,33.4031],[-94.3456,33.4078],[-94.3988,33.4077],[-94.4162,33.4037],[-94.4185,33.4097],[-94.4185,33.4225],[-94.4153,33.4359],[-94.4082,33.4558],[-94.4081,33.4598],[-94.399,33.4603],[-94.399,33.4652],[-94.4052,33.4657],[-94.4018,33.4662],[-94.4019,33.4681],[-94.3991,33.4673],[-94.3992,33.4734],[-94.409,33.4745],[-94.382,33.4721],[-94.3819,33.4791],[-94.4094,33.4791],[-94.4095,33.4822],[-94.4169,33.4814],[-94.4169,33.4798],[-94.4151,33.4798],[-94.4151,33.4792],[-94.4262,33.4796],[-94.4268,33.4763],[-94.438,33.4766],[-94.4436,33.476],[-94.4565,33.4709],[-94.4684,33.4725],[-94.5729,33.5029],[-94.5812,33.504],[-94.5998,33.5039],[-94.5996,33.5072],[-94.6017,33.5075],[-94.6019,33.5044],[-94.6029,33.5044],[-94.6029,33.5053],[-94.6044,33.5058],[-94.6046,33.5087],[-94.6061,33.5086],[-94.6062,33.5066],[-94.61,33.5071],[-94.6097,33.5153],[-94.6128,33.5153],[-94.6128,33.516],[-94.6138,33.5161],[-94.6348,33.5164],[-94.6528,33.5206],[-94.7313,33.5548],[-94.7383,33.5553],[-94.7656,33.552],[-94.7657,33.5534],[-94.7672,33.5534],[-94.7672,33.5527],[-94.7698,33.5528],[-94.7704,33.552],[-94.7705,33.5532],[-94.7724,33.5532],[-94.7724,33.5598],[-94.7737,33.5597],[-94.773,33.5569],[-94.7739,33.5569],[-94.7726,33.5532],[-94.7772,33.5528],[-94.7782,33.5556],[-94.7782,33.5623],[-94.7804,33.5641],[-94.7799,33.5633],[-94.7852,33.5632],[-94.7853,33.5593],[-94.7868,33.5594],[-94.7864,33.5582],[-94.7893,33.5582],[-94.7947,33.5622],[-94.7965,33.5628],[-94.7968,33.5621],[-94.8155,33.5689],[-94.8852,33.5832],[-94.9138,33.5868],[-94.9143,33.5875],[-94.917,33.5872],[-94.9168,33.5884],[-94.9155,33.5883],[-94.9154,33.5893],[-94.9203,33.5897],[-94.9203,33.5888],[-94.9218,33.5888],[-94.9218,33.5873],[-94.9304,33.5881],[-94.9384,33.5867],[-94.944,33.5897],[-94.9853,33.6027],[-95.0269,33.6114],[-95.0332,33.6148],[-95.0336,33.6177],[-95.0417,33.6194],[-95.0445,33.6216],[-95.0471,33.6222],[-95.0485,33.6238],[-95.0461,33.6276],[-95.0553,33.6269],[-95.0551,33.6261],[-95.0576,33.6242],[-95.065,33.6236],[-95.0651,33.6227],[-95.0705,33.6202],[-95.0735,33.6135],[-95.0864,33.6141],[-95.0865,33.6129],[-95.1153,33.6129],[-95.155,33.6275],[-95.1754,33.6304],[-95.1864,33.6338],[-95.1997,33.6345],[-95.2093,33.6402],[-95.2245,33.6465],[-95.2381,33.649],[-95.2412,33.651],[-95.2493,33.6603],[-95.2522,33.6621],[-95.2522,33.6636],[-95.2512,33.6637],[-95.2512,33.6672],[-95.2543,33.6672],[-95.255,33.669],[-95.256,33.669],[-95.2561,33.668],[-95.2577,33.668],[-95.2577,33.665],[-95.2619,33.6649],[-95.2631,33.6658],[-95.2631,33.6696],[-95.2619,33.6701],[-95.2617,33.6715],[-95.2649,33.6715],[-95.2648,33.6728],[-95.2684,33.6729],[-95.2684,33.6706],[-95.2715,33.6706],[-95.2715,33.6674],[-95.2745,33.6674],[-95.2746,33.6612],[-95.2872,33.6611],[-95.2872,33.6577],[-95.2929,33.6562],[-95.2974,33.6559],[-95.3017,33.657],[-95.3107,33.6632],[-95.3106,33.5285],[-95.3103,33.5212],[-95.3095,33.5207],[-95.3103,33.5208],[-95.3093,33.4951],[-95.3086,33.3807],[-95.3072,33.3804],[-95.3066,33.378],[-95.3086,33.3772],[-95.3076,33.2913],[-95.3077,33.1251],[-95.309,32.9626]]]},"properties":{"STATEFP":"48","CD118FP":"01","GEOID":"4801","GEOIDFQ":"5001800US4801","NAMELSAD":"Congressional District 1","LSAD":"C2","CDSESSN":"118","MTFCC":"G5200","FUNCSTAT":"N","ALAND":24513260170,"AWATER":1046977594,"INTPTLAT":"+32.4896964","INTPTLON":"-094.5647255"}},
{"type":"Feature","geometry":{"type":"Polygon","coordinates":[[[-97.3082,32.9752],[-97.3102,32.9656],[-97.3107,32.948],[-97.3169,32.9278],[-97.3171,32.9032],[-97.3036,32.9035],[-97.2969,32.9012],[-97.2896,32.9021],[-97.2898,32.8747],[-97.2913,32.8698],[-97.2934,32.87],[-97.2936,32.8669],[-97.2914,32.8668],[-97.2901,32.861],[-97.2805,32.8609],[-97.2809,32.8568],[-97.276,32.8526],[-97.2785,32.8481],[-97.2752,32.844],[-97.2768,32.8395],[-97.2387,32.8403],[-97.2391,32.824],[-97.2278,32.8238],[-97.2237,32.8269],[-97.2236,32.8238],[-97.2075,32.8236],[-97.2076,32.8195],[-97.2122,32.8195],[-97.2124,32.8042],[-97.202,32.8076],[-97.1865,32.8068],[-97.1863,32.8053],[-97.1833,32.802],[-97.1782,32.7986],[-97.1775,32.794],[-97.1692,32.7941],[-97.1691,32.8021],[-97.1554,32.8021],[-97.1462,32.8011],[-97.1434,32.8017],[-97.1402,32.7974],[-97.1402,32.8035],[-97.1253,32.8028],[-97.0995,32.8088],[-97.0996,32.8224],[-97.0745,32.8223],[-97.0709,32.8233],[-97.0706,32.8222],[-97.0678,32.8231],[-97.0613,32.8224],[-97.0613,32.8375],[-97.0526,32.8377],[-97.044,32.8356],[-97.0405,32.8369],[-97.0373,32.8359],[-97.0321,32.8368],[-97.0221,32.8369],[-97.0218,32.8497],[-97.0203,32.8609],[-97.014,32.8686],[-97.0083,32.8702],[-97.0057,32.8719],[-97.0045,32.8741],[-97.0038,32.881],[-96.9989,32.8869],[-96.9982,32.8874],[-96.9949,32.8842],[-96.9948,32.8824],[-96.993,32.8823],[-96.9872,32.8768],[-96.9874,32.8748],[-96.9851,32.8748],[-96.9851,32.8756],[-96.9807,32.8719],[-96.9736,32.8778],[-96.9911,32.8927],[-96.9913,32.9018],[-97.008,32.9079],[-97.0079,32.9208],[-96.9997,32.92],[-96.9989,32.9187],[-96.9989,32.9142],[-96.9968,32.9121],[-96.9888,32.9105],[-96.9851,32.9115],[-96.9837,32.9112],[-96.9819,32.9084],[-96.9817,32.9035],[-96.9794,32.9016],[-96.974,32.9017],[-96.9714,32.9008],[-96.9649,32.9043],[-96.9624,32.9075],[-96.9588,32.907],[-96.9587,32.9157],[-96.9938,32.9232],[-96.9937,32.9257],[-96.9914,32.9257],[-96.9914,32.9312],[-96.9935,32.9312],[-96.9934,32.9443],[-96.9917,32.9444],[-96.9917,32.9477],[-96.9872,32.948],[-96.9826,32.9525],[-96.9753,32.9551],[-96.9692,32.9547],[-96.9618,32.9491],[-96.9597,32.9504],[-96.9556,32.9505],[-96.9493,32.9481],[-96.9449,32.9479],[-96.9429,32.9467],[-96.9413,32.9386],[-96.9383,32.9372],[-96.9376,32.9381],[-96.9362,32.9367],[-96.9352,32.937],[-96.9353,32.9348],[-96.9388,32.9352],[-96.9403,32.9322],[-96.9363,32.93],[-96.9337,32.9297],[-96.933,32.9288],[-96.9348,32.9274],[-96.9375,32.9277],[-96.9359,32.9249],[-96.9384,32.9226],[-96.9387,32.9185],[-96.9377,32.9161],[-96.9383,32.9135],[-96.9317,32.9181],[-96.9238,32.9182],[-96.9187,32.9208],[-96.9125,32.9224],[-96.9043,32.9221],[-96.9042,32.9239],[-96.903,32.924],[-96.904,32.9261],[-96.9013,32.9262],[-96.9028,32.9394],[-96.9043,32.9441],[-96.9108,32.9538],[-96.9048,32.9576],[-96.8902,32.9639],[-96.8902,32.9609],[-96.8863,32.9609],[-96.8864,32.9536],[-96.8707,32.9534],[-96.871,32.9485],[-96.8731,32.9437],[-96.8732,32.9389],[-96.8906,32.9384],[-96.8904,32.9355],[-96.8882,32.9336],[-96.8906,32.9298],[-96.8909,32.9239],[-96.8894,32.9239],[-96.8919,32.9201],[-96.8943,32.9199],[-96.8952,32.9184],[-96.8915,32.9178],[-96.8914,32.9146],[-96.8843,32.914],[-96.8849,32.913],[-96.882,32.913],[-96.8819,32.9137],[-96.8818,32.9112],[-96.856,32.9181],[-96.8563,32.8804],[-96.8463,32.8803],[-96.8463,32.8753],[-96.8488,32.8706],[-96.8489,32.8662],[-96.8467,32.8662],[-96.8468,32.8634],[-96.8548,32.8611],[-96.8541,32.8601],[-96.8502,32.8586],[-96.8412,32.8507],[-96.8213,32.8512],[-96.8221,32.8367],[-96.8192,32.8367],[-96.8191,32.8279],[-96.8172,32.8265],[-96.8184,32.8254],[-96.8176,32.8247],[-96.8185,32.8231],[-96.8147,32.8198],[-96.812,32.8232],[-96.8023,32.8227],[-96.8024,32.8197],[-96.8002,32.8197],[-96.7996,32.8187],[-96.7973,32.8208],[-96.7982,32.8232],[-96.793,32.8222],[-96.7912,32.8241],[-96.7861,32.8221],[-96.7808,32.8318],[-96.7811,32.8366],[-96.7788,32.837],[-96.7748,32.8438],[-96.7711,32.8437],[-96.7715,32.8455],[-96.7738,32.8456],[-96.7705,32.8559],[-96.7707,32.8718],[-96.7649,32.8717],[-96.7634,32.8731],[-96.7601,32.8793],[-96.7593,32.8834],[-96.7544,32.8837],[-96.7509,32.8807],[-96.749,32.8804],[-96.7461,32.8827],[-96.7438,32.8807],[-96.7393,32.8803],[-96.7368,32.8787],[-96.7307,32.8787],[-96.7309,32.8739],[-96.7333,32.8684],[-96.734,32.8632],[-96.7326,32.8624],[-96.7314,32.8627],[-96.7298,32.8612],[-96.7306,32.86],[-96.7289,32.8597],[-96.7287,32.857],[-96.7128,32.864],[-96.7006,32.8642],[-96.7006,32.879],[-96.7026,32.879],[-96.7026,32.8811],[-96.7006,32.8812],[-96.7005,32.8845],[-96.7033,32.8858],[-96.7037,32.887],[-96.7088,32.8906],[-96.7117,32.8944],[-96.7152,32.8944],[-96.7152,32.893],[-96.7179,32.8925],[-96.7243,32.8922],[-96.7297,32.8888],[-96.7306,32.8861],[-96.7335,32.8859],[-96.7308,32.8912],[-96.7313,32.8932],[-96.729,32.8953],[-96.7299,32.897],[-96.7272,32.9003],[-96.7283,32.9037],[-96.7268,32.9058],[-96.7355,32.9115],[-96.7357,32.9081],[-96.7379,32.906],[-96.7384,32.9004],[-96.7461,32.9005],[-96.7495,32.9027],[-96.7509,32.9004],[-96.7513,32.8965],[-96.7535,32.8935],[-96.7616,32.8981],[-96.7661,32.8985],[-96.7655,32.8962],[-96.7581,32.8862],[-96.7584,32.8856],[-96.7637,32.8877],[-96.7703,32.8878],[-96.7699,32.8903],[-96.777,32.89],[-96.7786,32.8927],[-96.7817,32.8908],[-96.7826,32.8919],[-96.7795,32.8939],[-96.7797,32.8967],[-96.7744,32.8986],[-96.7748,32.9011],[-96.7883,32.8996],[-96.7884,32.9032],[-96.7866,32.9063],[-96.7865,32.9099],[-96.7737,32.9097],[-96.776,32.9123],[-96.7757,32.917],[-96.7771,32.9189],[-96.7771,32.921],[-96.7799,32.9225],[-96.7808,32.9241],[-96.7693,32.924],[-96.769,32.9386],[-96.7735,32.937],[-96.7742,32.9399],[-96.773,32.9399],[-96.773,32.9431],[-96.7781,32.9431],[-96.7783,32.946],[-96.7765,32.9468],[-96.7768,32.9498],[-96.775,32.9498],[-96.775,32.9507],[-96.766,32.9513],[-96.7347,32.9508],[-96.7278,32.9609],[-96.7347,32.9609],[-96.7367,32.9631],[-96.7419,32.9632],[-96.7419,32.964],[-96.7412,32.9682],[-96.7408,32.9674],[-96.7343,32.9663],[-96.7342,32.9757],[-96.7404,32.9783],[-96.7787,32.9783],[-96.7858,32.9793],[-96.7841,32.975],[-96.7841,32.9714],[-96.7863,32.9677],[-96.7865,32.9622],[-96.7948,32.9628],[-96.8046,32.9624],[-96.8036,32.9512],[-96.8036,32.9254],[-96.8328,32.9261],[-96.8387,32.9253],[-96.847,32.9257],[-96.856,32.9242],[-96.8559,32.94],[-96.8221,32.9395],[-96.823,32.9502],[-96.8178,32.9501],[-96.815,32.9454],[-96.8139,32.946],[-96.8106,32.9457],[-96.8078,32.9503],[-96.8081,32.9539],[-96.8299,32.954],[-96.8298,32.9578],[-96.8305,32.9579],[-96.8377,32.9564],[-96.8499,32.9568],[-96.856,32.9579],[-96.8564,32.9604],[-96.8538,32.9605],[-96.8537,32.969],[-96.8555,32.9703],[-96.8643,32.9703],[-96.8646,32.9852],[-96.8761,32.9851],[-96.8787,32.9785],[-96.8872,32.9721],[-96.89,32.9735],[-96.8899,32.9756],[-96.9216,32.9758],[-96.9236,32.9749],[-96.9339,32.9853],[-96.9399,32.9888],[-97.2993,32.9913],[-97.3063,32.981],[-97.3082,32.9752]]]},"properties":{"STATEFP":"48","CD118FP":"24","GEOID":"4824","GEOIDFQ":"5001800US4824","NAMELSAD":"Congressional District 24","LSAD":"C2","CDSESSN":"118","MTFCC":"G5200","FUNCSTAT":"N","ALAND":701224253,"AWATER":16318965,"INTPTLAT":"+32.9013523","INTPTLON":"-097.0747912"}},
{"type":"Feature","geometry":{"type":"Polygon","coordinates":[[[-95.1659,30.345],[-95.1932,30.3327],[-95.2258,30.3194],[-95.2265,30.3201],[-95.2253,30.3211],[-95.2254,30.3226],[-95.2276,30.3258],[-95.2266,30.3271],[-95.3195,30.3324],[-95.3205,30.3261],[-95.3189,30.3084],[-95.3057,30.2857],[-95.3063,30.2729],[-95.3016,30.26],[-95.3122,30.2571],[-95.3049,30.2471],[-95.3009,30.2431],[-95.3007,30.2385],[-95.2985,30.2371],[-95.2989,30.2321],[-95.3012,30.2323],[-95.3029,30.2302],[-95.3193,30.2301],[-95.3207,30.2353],[-95.3228,30.2389],[-95.325,30.2394],[-95.3288,30.2428],[-95.3289,30.2515],[-95.3358,30.2568],[-95.3348,30.2599],[-95.3299,30.2598],[-95.3297,30.261],[-95.3412,30.261],[-95.35,30.2679],[-95.3555,30.2745],[-95.3614,30.2788],[-95.3684,30.282],[-95.3801,30.291],[-95.3862,30.2947],[-95.3904,30.299],[-95.3994,30.3059],[-95.4036,30.2967],[-95.4071,30.2934],[-95.4208,30.2893],[-95.4227,30.2929],[-95.4277,30.2917],[-95.425,30.2869],[-95.4331,30.2827],[-95.4365,30.2825],[-95.4466,30.2841],[-95.456,30.2808],[-95.456,30.2801],[-95.4575,30.2795],[-95.4568,30.2751],[-95.457,30.2492],[-95.4588,30.2367],[-95.4755,30.2359],[-95.5416,30.2245],[-95.5537,30.2243],[-95.5536,30.2223],[-95.5525,30.222],[-95.5524,30.2163],[-95.5425,30.2163],[-95.5428,30.2153],[-95.5468,30.216],[-95.5681,30.2161],[-95.5686,30.2131],[-95.5701,30.211],[-95.5798,30.2048],[-95.5892,30.1944],[-95.6009,30.1763],[-95.6009,30.1744],[-95.598,30.1688],[-95.5968,30.1345],[-95.5962,30.1338],[-95.5949,30.1351],[-95.5943,30.1343],[-95.5942,30.1356],[-95.5919,30.1356],[-95.5911,30.1366],[-95.5906,30.1359],[-95.5882,30.1378],[-95.5869,30.1409],[-95.5855,30.142],[-95.5842,30.1467],[-95.5822,30.1475],[-95.5805,30.15],[-95.5775,30.1501],[-95.5746,30.1518],[-95.5742,30.1299],[-95.5666,30.1302],[-95.5657,30.1312],[-95.5625,30.1313],[-95.5628,30.1366],[-95.5093,30.1369],[-95.5093,30.1402],[-95.5048,30.1402],[-95.5059,30.1215],[-95.5069,30.1179],[-95.5068,30.0969],[-95.5035,30.0962],[-95.5042,30.0948],[-95.5035,30.0935],[-95.5039,30.088],[-95.4996,30.088],[-95.4996,30.0831],[-95.4967,30.0835],[-95.4968,30.0741],[-95.4847,30.071],[-95.4765,30.0706],[-95.4774,30.0592],[-95.4804,30.0574],[-95.4798,30.0559],[-95.4771,30.054],[-95.4739,30.0485],[-95.4783,30.0461],[-95.4791,30.0473],[-95.4808,30.0464],[-95.4832,30.0504],[-95.491,30.046],[-95.4928,30.0505],[-95.4983,30.0474],[-95.4975,30.0457],[-95.4989,30.0448],[-95.4969,30.042],[-95.4954,30.0429],[-95.4921,30.0384],[-95.4958,30.0364],[-95.5001,30.0429],[-95.501,30.0424],[-95.5001,30.0409],[-95.501,30.0404],[-95.5019,30.0417],[-95.5027,30.0413],[-95.501,30.0387],[-95.5043,30.0375],[-95.5051,30.0356],[-95.5028,30.0326],[-95.5197,30.0232],[-95.5205,30.0242],[-95.519,30.0251],[-95.5199,30.0271],[-95.5207,30.0266],[-95.5211,30.0272],[-95.5231,30.0264],[-95.5232,30.0249],[-95.5262,30.0231],[-95.5186,30.0161],[-95.4983,29.9879],[-95.4638,30.007],[-95.4764,30.0244],[-95.4725,30.0274],[-95.4676,30.0264],[-95.4645,30.0325],[-95.4625,30.0328],[-95.4613,30.0349],[-95.4535,30.036],[-95.4512,30.0378],[-95.4476,30.0356],[-95.444,30.0368],[-95.4416,30.0353],[-95.4412,30.0342],[-95.4377,30.0347],[-95.435,30.034],[-95.4332,30.0358],[-95.4316,30.0356],[-95.431,30.0346],[-95.4291,30.0357],[-95.4265,30.0359],[-95.4236,30.0344],[-95.4224,30.0353],[-95.4194,30.0355],[-95.4166,30.0374],[-95.4133,30.0375],[-95.4103,30.0363],[-95.4083,30.0338],[-95.4081,30.0319],[-95.4063,30.0309],[-95.4045,30.0315],[-95.4043,30.0332],[-95.4011,30.0346],[-95.4,30.0361],[-95.3981,30.0355],[-95.3907,30.0369],[-95.3888,30.0365],[-95.3813,30.0404],[-95.374,30.0373],[-95.3692,30.0364],[-95.366,30.0315],[-95.3588,30.0361],[-95.3552,30.0333],[-95.3542,30.0337],[-95.3507,30.0315],[-95.35,30.0294],[-95.3477,30.0281],[-95.339,30.028],[-95.3368,30.0288],[-95.336,30.0305],[-95.3332,30.0291],[-95.3305,30.0307],[-95.3272,30.0285],[-95.3265,30.0263],[-95.3215,30.0301],[-95.3225,30.0311],[-95.3223,30.033],[-95.3182,30.0345],[-95.3186,30.0234],[-95.3179,30.0226],[-95.316,30.0229],[-95.3159,30.0222],[-95.3149,30.0222],[-95.3148,30.0207],[-95.3121,30.0207],[-95.3106,30.021],[-95.3105,30.0238],[-95.309,30.0238],[-95.3089,30.021],[-95.3068,30.021],[-95.3068,30.0163],[-95.2947,30.0163],[-95.2948,30.0104],[-95.297,30.0049],[-95.2678,30.005],[-95.2698,29.9997],[-95.2656,29.9982],[-95.2659,29.9974],[-95.265,29.9972],[-95.2659,29.9951],[-95.264,29.9946],[-95.2626,29.9956],[-95.2592,29.9945],[-95.2586,29.9953],[-95.2576,29.995],[-95.2574,29.9992],[-95.2124,29.9994],[-95.2123,29.9739],[-95.2104,29.9644],[-95.2055,29.9644],[-95.2054,29.9632],[-95.2101,29.9608],[-95.2115,29.9566],[-95.2144,29.9561],[-95.1938,29.9449],[-95.206,29.9323],[-95.2008,29.9279],[-95.1994,29.9245],[-95.2026,29.901],[-95.2024,29.8907],[-95.2014,29.8882],[-95.1872,29.8708],[-95.1857,29.845],[-95.1757,29.8333],[-95.159,29.8406],[-95.1566,29.8416],[-95.1562,29.8409],[-95.1434,29.8463],[-95.1433,29.8385],[-95.1276,29.8358],[-95.1272,29.8205],[-95.1428,29.8154],[-95.142,29.7968],[-95.1406,29.7932],[-95.1443,29.7923],[-95.1441,29.7889],[-95.1535,29.7889],[-95.159,29.7906],[-95.1537,29.7838],[-95.1568,29.7775],[-95.1559,29.7761],[-95.1581,29.7734],[-95.1564,29.7723],[-95.1541,29.7736],[-95.1507,29.7733],[-95.1488,29.7717],[-95.1413,29.7708],[-95.1379,29.7673],[-95.1325,29.7664],[-95.1323,29.7635],[-95.1267,29.764],[-95.1273,29.7595],[-95.1255,29.7576],[-95.124,29.7573],[-95.1244,29.772],[-95.1197,29.7738],[-95.1187,29.7725],[-95.1139,29.775],[-95.1142,29.7767],[-95.103,29.7826],[-95.1004,29.7855],[-95.0958,29.7873],[-95.0956,29.7883],[-95.0815,29.7916],[-95.0703,29.7957],[-95.0665,29.7951],[-95.0574,29.791],[-95.0585,29.7878],[-95.0565,29.7872],[-95.0553,29.7899],[-95.0493,29.7901],[-95.0225,29.7789],[-95.0133,29.7699],[-95.0125,29.7713],[-95.0097,29.7724],[-95.0112,29.7737],[-95.011,29.7748],[-95.0103,29.7748],[-95.0106,29.7771],[-95.0077,29.7771],[-95.0051,29.7872],[-95.0024,29.7872],[-95.0029,29.7905],[-95.0016,29.7946],[-95.0028,29.7998],[-95.0048,29.8011],[-94.9976,29.8023],[-94.9992,29.8085],[-94.9994,29.8199],[-94.9976,29.8201],[-95.0028,29.8424],[-95.0279,29.8421],[-95.0282,29.8573],[-95.0351,29.8575],[-95.0358,29.8884],[-95.0616,29.8887],[-95.0318,29.9378],[-94.9859,29.973],[-94.9955,29.9779],[-94.9953,29.9794],[-95,29.9916],[-95.0219,29.9969],[-95.0272,29.9967],[-95.029,29.9944],[-95.0312,29.9933],[-95.0733,30.1037],[-95.0977,30.1704],[-95.1659,30.345]]]},"properties":{"STATEFP":"48","CD118FP":"02","GEOID":"4802","GEOIDFQ":"5001800US4802","NAMELSAD":"Congressional District 2","LSAD":"C2","CDSESSN":"118","MTFCC":"G5200","FUNCSTAT":"N","ALAND":1627733213,"AWATER":80803305,"INTPTLAT":"+30.0951301","INTPTLON":"-095.2555652"}},
{"type":"Feature","geometry":{"type":"Polygon","coordinates":[[[-98.9539,33.3975],[-98.9532,33.2401],[-98.9509,32.9569],[-99.096,32.957],[-99.096,32.5148],[-99.3971,32.5151],[-99.3997,32.5123],[-99.4002,32.5061],[-99.4025,32.5057],[-99.4077,32.502],[-99.4102,32.4991],[-99.4109,32.4961],[-99.4142,32.4953],[-99.4131,32.4908],[-99.4148,32.4892],[-99.4149,32.4878],[-99.4199,32.4829],[-99.4189,32.479],[-99.4211,32.4783],[-99.4231,32.4758],[-99.4256,32.4744],[-99.4284,32.4736],[-99.431,32.4741],[-99.4295,32.4711],[-99.4323,32.4678],[-99.4335,32.4687],[-99.4338,32.4727],[-99.4374,32.4711],[-99.443,32.4711],[-99.4418,32.4677],[-99.4427,32.464],[-99.4459,32.4647],[-99.4463,32.4639],[-99.4471,32.4647],[-99.4488,32.4618],[-99.4509,32.461],[-99.4515,32.4582],[-99.4544,32.4574],[-99.4548,32.4072],[-99.4646,32.4085],[-99.4897,32.4088],[-99.4897,32.4099],[-99.492,32.41],[-99.4921,32.4089],[-99.4971,32.4088],[-99.497,32.4129],[-99.6298,32.4366],[-99.6308,32.3413],[-99.6314,32.0813],[-99.5003,32.0799],[-99.2503,32.0801],[-99.2468,32.0794],[-99.2106,32.0791],[-99.1201,32.0796],[-99.0004,32.0787],[-98.9967,32.0793],[-98.9244,32.078],[-98.7861,31.8751],[-98.6684,31.7005],[-98.5958,31.7109],[-98.5003,31.7232],[-98.4928,31.7236],[-98.4637,31.684],[-98.1566,31.8417],[-98.2084,31.9175],[-97.8648,32.0873],[-97.7404,32.1511],[-97.6997,32.171],[-97.6314,32.2072],[-97.626,32.204],[-97.6145,32.2035],[-97.5998,32.2042],[-97.5946,32.202],[-97.5904,32.1957],[-97.5899,32.1885],[-97.5922,32.1848],[-97.6016,32.1799],[-97.6026,32.1776],[-97.6017,32.1757],[-97.5977,32.1741],[-97.5945,32.1741],[-97.5786,32.1808],[-97.5734,32.1803],[-97.5683,32.1763],[-97.5675,32.1741],[-97.5678,32.1666],[-97.5647,32.1624],[-97.565,32.1606],[-97.5705,32.1545],[-97.5697,32.1513],[-97.5675,32.15],[-97.5534,32.1493],[-97.5377,32.1405],[-97.5218,32.1348],[-97.5157,32.1338],[-97.5125,32.1342],[-97.5096,32.1361],[-97.5082,32.1384],[-97.5083,32.1406],[-97.5122,32.1467],[-97.5135,32.1526],[-97.5134,32.1579],[-97.5118,32.1619],[-97.5085,32.1634],[-97.503,32.1628],[-97.4945,32.1646],[-97.4866,32.1715],[-97.4761,32.1735],[-97.4718,32.1755],[-97.476,32.1817],[-97.2705,32.2268],[-97.2749,32.2352],[-97.2859,32.2515],[-97.2874,32.2595],[-97.283,32.2616],[-97.2866,32.267],[-97.2833,32.2688],[-97.2841,32.2733],[-97.2958,32.2906],[-97.2935,32.2922],[-97.2972,32.2976],[-97.2868,32.3027],[-97.2824,32.3027],[-97.2825,32.3056],[-97.281,32.3081],[-97.2694,32.3138],[-97.2812,32.3197],[-97.2755,32.3226],[-97.2762,32.3264],[-97.2782,32.3275],[-97.2821,32.333],[-97.2992,32.3592],[-97.2957,32.3612],[-97.2974,32.3641],[-97.2935,32.3659],[-97.3058,32.3841],[-97.3059,32.3886],[-97.3026,32.3897],[-97.2969,32.389],[-97.296,32.3916],[-97.2964,32.4108],[-97.2978,32.4113],[-97.2972,32.4161],[-97.2982,32.4173],[-97.2967,32.4344],[-97.2934,32.4358],[-97.2823,32.4361],[-97.2963,32.4485],[-97.2999,32.4531],[-97.297,32.4543],[-97.2928,32.4529],[-97.2696,32.4644],[-97.2651,32.4648],[-97.2694,32.4702],[-97.2664,32.4702],[-97.2678,32.4695],[-97.2654,32.4671],[-97.2598,32.4696],[-97.2569,32.4652],[-97.2545,32.4658],[-97.2497,32.4696],[-97.2408,32.4734],[-97.2396,32.4731],[-97.2431,32.4786],[-97.2482,32.4907],[-97.2533,32.4963],[-97.2561,32.5052],[-97.2604,32.5116],[-97.2606,32.5161],[-97.2591,32.5162],[-97.2527,32.5194],[-97.2534,32.5211],[-97.2425,32.5264],[-97.2439,32.5293],[-97.2365,32.5327],[-97.2377,32.5348],[-97.2228,32.5417],[-97.2282,32.5438],[-97.2328,32.5515],[-97.177,32.5506],[-97.176,32.5523],[-97.1766,32.553],[-97.1743,32.5562],[-97.1754,32.5568],[-97.176,32.559],[-97.1739,32.5608],[-97.1741,32.5621],[-97.1715,32.5636],[-97.1709,32.5629],[-97.1707,32.5636],[-97.1645,32.5643],[-97.1637,32.5651],[-97.1711,32.569],[-97.1743,32.5686],[-97.1806,32.5726],[-97.1832,32.5762],[-97.1849,32.5754],[-97.1892,32.5779],[-97.1605,32.5914],[-97.1505,32.5918],[-97.1496,32.5945],[-97.145,32.601],[-97.1424,32.6111],[-97.1255,32.6109],[-97.1201,32.6136],[-97.1164,32.6082],[-97.1,32.6162],[-97.0985,32.6196],[-97.0985,32.6233],[-97.0871,32.6286],[-97.0891,32.6329],[-97.088,32.6413],[-97.0751,32.6412],[-97.0751,32.6484],[-97.0772,32.6486],[-97.0776,32.658],[-97.0817,32.6577],[-97.0825,32.6597],[-97.0859,32.6597],[-97.086,32.6605],[-97.0875,32.6605],[-97.0875,32.6627],[-97.0906,32.6627],[-97.0907,32.6706],[-97.0928,32.6744],[-97.093,32.6792],[-97.0948,32.6823],[-97.0954,32.6866],[-97.0978,32.6917],[-97.115,32.691],[-97.1147,32.7082],[-97.1233,32.7089],[-97.1233,32.7212],[-97.1147,32.7212],[-97.1147,32.7225],[-97.1126,32.7225],[-97.1112,32.7225],[-97.1112,32.7211],[-97.1029,32.7211],[-97.103,32.7229],[-97.1065,32.7263],[-97.1065,32.7269],[-97.1047,32.7269],[-97.1057,32.7301],[-97.1029,32.7302],[-97.1029,32.7312],[-97.0999,32.7312],[-97.0999,32.7321],[-97.0974,32.7321],[-97.0973,32.734],[-97.0991,32.7341],[-97.0991,32.7356],[-97.0973,32.7356],[-97.0974,32.7389],[-97.0835,32.7416],[-97.0839,32.744],[-97.0813,32.7481],[-97.0811,32.7499],[-97.0758,32.748],[-97.0685,32.748],[-97.0627,32.749],[-97.0633,32.7598],[-97.0352,32.7597],[-97.0349,32.7799],[-97.0466,32.7799],[-97.05,32.7789],[-97.0626,32.779],[-97.0627,32.8021],[-97.0633,32.8004],[-97.0654,32.7999],[-97.0635,32.7978],[-97.0641,32.7963],[-97.0663,32.7964],[-97.0669,32.7939],[-97.0694,32.7948],[-97.07,32.7914],[-97.0735,32.7907],[-97.0735,32.7853],[-97.078,32.7832],[-97.0814,32.7849],[-97.0818,32.7827],[-97.0831,32.7816],[-97.0842,32.7832],[-97.0867,32.7829],[-97.0888,32.7844],[-97.0886,32.7879],[-97.0968,32.786],[-97.0998,32.7871],[-97.1014,32.7892],[-97.1049,32.7898],[-97.1082,32.7884],[-97.1104,32.7909],[-97.1124,32.7882],[-97.1116,32.785],[-97.1158,32.7826],[-97.1207,32.7822],[-97.1255,32.7793],[-97.1353,32.7787],[-97.1394,32.7793],[-97.1395,32.773],[-97.1486,32.7721],[-97.1489,32.7713],[-97.1506,32.7709],[-97.1528,32.7683],[-97.1515,32.7671],[-97.1507,32.7694],[-97.1502,32.768],[-97.1491,32.7678],[-97.1497,32.7592],[-97.1525,32.7576],[-97.1611,32.7576],[-97.1611,32.7568],[-97.1631,32.7561],[-97.1637,32.7456],[-97.1705,32.743],[-97.1758,32.739],[-97.1791,32.7358],[-97.1794,32.7309],[-97.1957,32.7284],[-97.2072,32.7277],[-97.2076,32.725],[-97.2092,32.726],[-97.2083,32.7238],[-97.2102,32.7217],[-97.2124,32.7233],[-97.2116,32.725],[-97.2119,32.727],[-97.2139,32.7276],[-97.2135,32.7245],[-97.2192,32.7266],[-97.2149,32.7226],[-97.215,32.7217],[-97.2137,32.7213],[-97.215,32.7203],[-97.2132,32.7206],[-97.2123,32.7198],[-97.2153,32.7155],[-97.2169,32.7153],[-97.2172,32.717],[-97.2179,32.7154],[-97.219,32.7159],[-97.2187,32.7146],[-97.2199,32.7134],[-97.219,32.7113],[-97.2206,32.7097],[-97.2224,32.709],[-97.224,32.7099],[-97.2226,32.7089],[-97.2207,32.7085],[-97.2185,32.7092],[-97.2168,32.7121],[-97.2175,32.7128],[-97.2169,32.7138],[-97.2156,32.7127],[-97.2143,32.7133],[-97.2166,32.7097],[-97.2228,32.7068],[-97.2241,32.707],[-97.2227,32.7052],[-97.2204,32.7066],[-97.2194,32.7059],[-97.2188,32.7069],[-97.2156,32.7067],[-97.2185,32.7034],[-97.2167,32.7003],[-97.2186,32.6974],[-97.2205,32.6973],[-97.222,32.6988],[-97.2255,32.6961],[-97.2253,32.6969],[-97.2276,32.6977],[-97.2367,32.6976],[-97.2374,32.6965],[-97.2399,32.6896],[-97.2414,32.6653],[-97.2447,32.6627],[-97.2441,32.6588],[-97.2428,32.6565],[-97.2526,32.6565],[-97.2529,32.6303],[-97.2538,32.631],[-97.2655,32.631],[-97.2661,32.6291],[-97.2614,32.6292],[-97.2615,32.6279],[-97.2628,32.6279],[-97.2632,32.6249],[-97.2647,32.6249],[-97.2647,32.6237],[-97.2689,32.6237],[-97.2693,32.6256],[-97.2699,32.6165],[-97.2871,32.6165],[-97.2871,32.6136],[-97.2895,32.6134],[-97.2896,32.6126],[-97.289,32.6121],[-97.2871,32.6132],[-97.2871,32.6105],[-97.2858,32.6102],[-97.2858,32.6083],[-97.2865,32.6098],[-97.2884,32.6099],[-97.2891,32.6084],[-97.2916,32.6074],[-97.2912,32.6067],[-97.2946,32.6061],[-97.2942,32.6041],[-97.3087,32.6041],[-97.3088,32.6027],[-97.3118,32.6043],[-97.3118,32.6036],[-97.3129,32.6037],[-97.3133,32.6048],[-97.3145,32.6042],[-97.317,32.6046],[-97.3174,32.6057],[-97.3199,32.6057],[-97.3211,32.6117],[-97.3215,32.6277],[-97.3208,32.6668],[-97.3361,32.664],[-97.3526,32.6673],[-97.3533,32.6488],[-97.3606,32.6489],[-97.3615,32.6471],[-97.3644,32.6461],[-97.3631,32.6441],[-97.3596,32.644],[-97.3596,32.6417],[-97.3613,32.6417],[-97.3613,32.6409],[-97.3596,32.6409],[-97.3596,32.6348],[-97.3577,32.6348],[-97.3569,32.631],[-97.3574,32.6255],[-97.3617,32.6255],[-97.3633,32.6233],[-97.3639,32.6238],[-97.365,32.6231],[-97.3663,32.6232],[-97.3664,32.6246],[-97.37,32.6244],[-97.3699,32.6219],[-97.3685,32.6221],[-97.3685,32.6204],[-97.3677,32.6203],[-97.3675,32.6224],[-97.3666,32.6224],[-97.3669,32.6185],[-97.3642,32.6178],[-97.3603,32.6182],[-97.3602,32.6193],[-97.3579,32.6194],[-97.3578,32.6187],[-97.3594,32.6181],[-97.3584,32.6173],[-97.3583,32.6153],[-97.3499,32.6141],[-97.3514,32.6108],[-97.3515,32.6068],[-97.3551,32.6068],[-97.3559,32.5939],[-97.3646,32.5534],[-97.4943,32.5554],[-97.5506,32.5554],[-97.5482,32.7761],[-97.56,32.7823],[-97.5801,32.7827],[-97.5804,32.7879],[-97.5979,32.7879],[-97.5979,32.7854],[-97.6179,32.7855],[-97.6223,32.786],[-97.6287,32.7888],[-97.6381,32.789],[-97.6439,32.7866],[-97.6459,32.7868],[-97.6472,32.788],[-97.6533,32.788],[-97.6568,32.7861],[-97.674,32.7864],[-97.6762,32.7856],[-97.6807,32.7857],[-97.6769,32.7834],[-97.6759,32.7791],[-97.672,32.7811],[-97.6706,32.7808],[-97.6704,32.7794],[-97.6679,32.7769],[-97.6686,32.7741],[-97.668,32.7714],[-97.6668,32.7701],[-97.6682,32.7685],[-97.6693,32.7687],[-97.669,32.7664],[-97.673,32.7664],[-97.6705,32.7623],[-97.673,32.7619],[-97.6745,32.7502],[-97.672,32.7387],[-97.6687,32.7323],[-97.668,32.7249],[-97.6687,32.7238],[-97.6762,32.7194],[-97.6764,32.7103],[-97.6754,32.7055],[-97.6691,32.7054],[-97.6657,32.7036],[-97.6576,32.702],[-97.655,32.699],[-97.6541,32.6945],[-97.6509,32.6922],[-97.6435,32.6922],[-97.6375,32.6912],[-97.632,32.6929],[-97.6256,32.6916],[-97.6163,32.6917],[-97.6156,32.6925],[-97.6155,32.7018],[-97.6106,32.7015],[-97.6077,32.7],[-97.6079,32.7041],[-97.6163,32.7041],[-97.6162,32.7099],[-97.609,32.7098],[-97.6089,32.7117],[-97.6027,32.7115],[-97.6029,32.7008],[-97.5925,32.7005],[-97.5921,32.6931],[-97.593,32.6931],[-97.5928,32.6862],[-97.5951,32.6861],[-97.5929,32.6844],[-97.5922,32.6803],[-97.5885,32.6738],[-97.5859,32.6723],[-97.586,32.655],[-97.5879,32.6482],[-97.5881,32.6419],[-97.5834,32.6407],[-97.5831,32.6363],[-97.5785,32.636],[-97.5784,32.6104],[-97.5832,32.6112],[-97.587,32.6143],[-97.5955,32.615],[-97.6004,32.6179],[-97.6008,32.6199],[-97.6053,32.623],[-97.6092,32.624],[-97.6131,32.6296],[-97.6152,32.6308],[-97.6279,32.6353],[-97.6288,32.6346],[-97.6311,32.6349],[-97.6357,32.637],[-97.638,32.6364],[-97.6455,32.6387],[-97.6478,32.641],[-97.6514,32.6399],[-97.6527,32.6418],[-97.6556,32.6422],[-97.6573,32.6448],[-97.6565,32.6461],[-97.6595,32.6472],[-97.6615,32.6497],[-97.6677,32.6517],[-97.6692,32.6511],[-97.6717,32.6535],[-97.6771,32.6537],[-97.6801,32.6529],[-97.6809,32.6545],[-97.6829,32.6547],[-97.6874,32.6577],[-97.687,32.6589],[-97.6903,32.6622],[-97.6892,32.6631],[-97.691,32.6647],[-97.6925,32.6647],[-97.6932,32.6636],[-97.7018,32.664],[-97.7012,32.6739],[-97.7041,32.6744],[-97.7055,32.6755],[-97.7056,32.6789],[-97.7087,32.6816],[-97.7103,32.6815],[-97.7307,32.6905],[-97.7351,32.6917],[-97.7382,32.6938],[-97.7434,32.6954],[-97.7489,32.6965],[-97.7551,32.6954],[-97.7636,32.6962],[-97.7699,32.7008],[-97.7741,32.7051],[-97.7815,32.7164],[-97.7811,32.7154],[-97.7884,32.7119],[-97.7895,32.7134],[-97.7921,32.7122],[-97.7941,32.715],[-97.8049,32.7117],[-97.8049,32.7138],[-97.8129,32.7139],[-97.8129,32.7148],[-97.8275,32.7143],[-97.8275,32.7206],[-97.8306,32.7212],[-97.8348,32.7165],[-97.8453,32.7168],[-97.8456,32.7227],[-97.85,32.7229],[-97.8499,32.7282],[-97.8655,32.7281],[-97.887,32.726],[-97.9021,32.7196],[-97.9137,32.7176],[-97.9981,32.6881],[-98.0321,32.6659],[-98.0331,32.66],[-98.0386,32.6492],[-98.0644,32.6372],[-98.0615,32.7357],[-98.0618,32.7512],[-98.0561,33.0033],[-97.9216,33.0013],[-97.9204,33.0993],[-97.9187,33.2502],[-97.9192,33.3219],[-97.9182,33.4339],[-97.979,33.4337],[-97.9789,33.4671],[-98.1287,33.4662],[-98.4214,33.4668],[-98.4207,33.3962],[-98.6231,33.3954],[-98.7503,33.3957],[-98.9539,33.3975]]]},"properties":{"STATEFP":"48","CD118FP":"25","GEOID":"4825","GEOIDFQ":"5001800US4825","NAMELSAD":"Congressional District 25","LSAD":"C2","CDSESSN":"118","MTFCC":"G5200","FUNCSTAT":"N","ALAND":23296797946,"AWATER":364186595,"INTPTLAT":"+32.5667056","INTPTLON":"-098.4408153"}},
{"type":"Feature","geometry":{"type":"Polygon","coordinates":[[[-96.517,32.9829],[-96.2972,32.9818],[-96.2972,32.898],[-96.2957,32.8978],[-96.2907,32.8992],[-96.2718,32.9147],[-96.2669,32.9163],[-96.2418,32.9169],[-96.2222,32.9099],[-96.1838,32.9094],[-96.1746,32.9107],[-96.1628,32.9108],[-96.1404,32.9104],[-96.1404,32.9094],[-96.1368,32.9093],[-96.1362,32.9084],[-96.1345,32.9084],[-96.1345,32.9093],[-96.128,32.9093],[-96.1277,32.9146],[-96.1207,32.93],[-96.1146,32.9372],[-96.1131,32.9363],[-96.1125,32.9372],[-96.1101,32.9365],[-96.1101,32.9357],[-96.1091,32.9356],[-96.1096,32.9337],[-96.108,32.9329],[-96.1067,32.9335],[-96.1059,32.9321],[-96.1047,32.9324],[-96.1057,32.9308],[-96.1029,32.9316],[-96.0966,32.9302],[-96.0762,32.921],[-96.0678,32.9195],[-96.0395,32.9183],[-96.0222,32.9202],[-95.9983,32.926],[-95.9909,32.9136],[-95.9765,32.9202],[-95.9763,32.9184],[-95.9744,32.9176],[-95.9734,32.9182],[-95.9741,32.9169],[-95.9714,32.9146],[-95.9684,32.9136],[-95.9453,32.9799],[-95.8625,32.9796],[-95.8633,33.0001],[-95.8628,33.1251],[-95.8614,33.28],[-95.8587,33.4095],[-96.2503,33.3578],[-96.3845,33.3411],[-96.3848,33.3966],[-96.393,33.3886],[-96.3848,33.3968],[-96.3846,33.3978],[-96.5694,33.3998],[-96.7273,33.4029],[-96.7285,33.3994],[-96.7271,33.3991],[-96.7263,33.3972],[-96.7254,33.3972],[-96.7262,33.3964],[-96.7251,33.3951],[-96.7263,33.394],[-96.7251,33.3942],[-96.7253,33.3927],[-96.7241,33.392],[-96.7248,33.3899],[-96.7226,33.3883],[-96.7219,33.3845],[-96.7226,33.3835],[-96.7212,33.3824],[-96.722,33.3808],[-96.7196,33.3791],[-96.7206,33.3786],[-96.7208,33.3773],[-96.7198,33.3766],[-96.7204,33.3747],[-96.7163,33.3713],[-96.7166,33.3694],[-96.7178,33.3684],[-96.7131,33.3637],[-96.7125,33.3609],[-96.7133,33.3593],[-96.7115,33.3584],[-96.7108,33.3563],[-96.7061,33.3541],[-96.7059,33.3513],[-96.7009,33.3455],[-96.7013,33.3434],[-96.6984,33.3416],[-96.6975,33.3376],[-96.6959,33.3384],[-96.6958,33.3363],[-96.6944,33.3343],[-96.6931,33.3342],[-96.6918,33.3316],[-96.6902,33.3313],[-96.6907,33.3284],[-96.6895,33.3282],[-96.6896,33.327],[-96.6873,33.3254],[-96.6857,33.3222],[-96.6874,33.321],[-96.6877,33.3177],[-96.6893,33.3161],[-96.6877,33.3155],[-96.6881,33.3126],[-96.6866,33.3128],[-96.6851,33.3114],[-96.6856,33.3097],[-96.6829,33.3088],[-96.682,33.3067],[-96.6826,33.3055],[-96.6809,33.305],[-96.6797,33.303],[-96.6805,33.3012],[-96.6786,33.299],[-96.6767,33.299],[-96.6776,33.2976],[-96.6756,33.2959],[-96.672,33.2956],[-96.6703,33.2941],[-96.6716,33.2933],[-96.6795,33.2936],[-96.6802,33.2909],[-96.7666,33.2917],[-96.7669,33.2935],[-96.7923,33.2937],[-96.8116,33.2192],[-96.7328,33.2186],[-96.7332,33.1522],[-96.8034,33.1529],[-96.8045,33.1475],[-96.8041,33.1345],[-96.8054,33.1248],[-96.8054,33.0973],[-96.7532,33.1184],[-96.7329,33.1253],[-96.732,33.1224],[-96.7335,33.118],[-96.7335,33.101],[-96.7715,33.101],[-96.772,33.0717],[-96.7704,33.0681],[-96.7703,33.0518],[-96.7766,33.0505],[-96.7853,33.0513],[-96.7945,33.0504],[-96.7954,33.0566],[-96.8061,33.0571],[-96.8087,33.0583],[-96.8148,33.0648],[-96.8175,33.0655],[-96.8246,33.0656],[-96.8298,33.0558],[-96.8288,33.0281],[-96.7951,33.0273],[-96.7951,33.0201],[-96.7935,33.0215],[-96.7914,33.0215],[-96.7914,33.0201],[-96.789,33.02],[-96.789,33.0195],[-96.7893,33.0182],[-96.7928,33.0185],[-96.7929,33.0168],[-96.7898,33.0162],[-96.7908,33.0144],[-96.7952,33.0147],[-96.7953,33.0131],[-96.7866,33.0117],[-96.7868,33.0161],[-96.7859,33.0164],[-96.7757,33.0165],[-96.774,33.0159],[-96.7659,33.0194],[-96.7527,33.0194],[-96.753,33.0217],[-96.75,33.0217],[-96.75,33.023],[-96.7532,33.0253],[-96.7536,33.0267],[-96.744,33.0266],[-96.744,33.0272],[-96.7337,33.0266],[-96.7334,33.053],[-96.7326,33.0531],[-96.7322,33.0552],[-96.7333,33.0556],[-96.7333,33.0618],[-96.7366,33.0646],[-96.7367,33.0801],[-96.725,33.0787],[-96.7238,33.0808],[-96.7182,33.0782],[-96.7152,33.0783],[-96.7115,33.0752],[-96.7104,33.0759],[-96.712,33.0802],[-96.712,33.0832],[-96.7091,33.0894],[-96.7025,33.0879],[-96.6989,33.0844],[-96.6977,33.0846],[-96.6982,33.0838],[-96.6972,33.0836],[-96.6969,33.0818],[-96.6959,33.0817],[-96.6957,33.0806],[-96.6942,33.0807],[-96.6937,33.0789],[-96.6927,33.0791],[-96.6929,33.0784],[-96.6903,33.0773],[-96.688,33.0773],[-96.687,33.0756],[-96.6857,33.0752],[-96.6855,33.0738],[-96.6846,33.0737],[-96.6851,33.0709],[-96.684,33.0709],[-96.6822,33.0731],[-96.6549,33.0728],[-96.6551,33.0687],[-96.657,33.0665],[-96.6572,33.0649],[-96.6558,33.0628],[-96.6564,33.0607],[-96.655,33.0576],[-96.6571,33.0551],[-96.654,33.0508],[-96.6547,33.0503],[-96.6561,33.0515],[-96.6589,33.0516],[-96.659,33.0485],[-96.6575,33.0483],[-96.6599,33.0464],[-96.6616,33.0432],[-96.6739,33.0443],[-96.6825,33.0437],[-96.682,33.0312],[-96.6602,33.0311],[-96.6597,33.028],[-96.6576,33.026],[-96.6567,33.0263],[-96.6557,33.0244],[-96.6488,33.0211],[-96.6477,33.0183],[-96.6458,33.0173],[-96.6461,33.0159],[-96.6452,33.0152],[-96.6441,33.0158],[-96.6434,33.0142],[-96.6446,33.0139],[-96.6429,33.0127],[-96.6419,33.0134],[-96.6415,33.0126],[-96.6399,33.0134],[-96.6367,33.0133],[-96.6368,33.0121],[-96.6353,33.0127],[-96.6319,33.0106],[-96.6246,33.0115],[-96.6248,33.0096],[-96.613,33.0098],[-96.613,33.0049],[-96.6147,33.0049],[-96.6148,33.0035],[-96.6131,33.0035],[-96.6134,32.9843],[-96.517,32.9829]]]},"properties":{"STATEFP":"48","CD118FP":"03","GEOID":"4803","GEOIDFQ":"5001800US4803","NAMELSAD":"Congressional District 3","LSAD":"C2","CDSESSN":"118","MTFCC":"G5200","FUNCSTAT":"N","ALAND":3718253375,"AWATER":156337681,"INTPTLAT":"+33.1717883","INTPTLON":"-096.2920850"}},
{"type":"Feature","geometry":{"type":"Polygon","coordinates":[[[-94.2124,33.5637],[-94.2186,33.5566],[-94.2238,33.5535],[-94.2283,33.5523],[-94.2375,33.5525],[-94.2507,33.5571],[-94.2522,33.5607],[-94.2511,33.5651],[-94.2442,33.5737],[-94.2382,33.5772],[-94.2369,33.58],[-94.2367,33.5871],[-94.2402,33.5895],[-94.2429,33.5897],[-94.2527,33.5862],[-94.26,33.5804],[-94.2661,33.573],[-94.2716,33.5621],[-94.2742,33.5588],[-94.2773,33.5573],[-94.2866,33.5571],[-94.2897,33.5578],[-94.2908,33.559],[-94.2915,33.5631],[-94.2903,33.5677],[-94.2821,33.5732],[-94.2807,33.5751],[-94.2807,33.5771],[-94.2827,33.5813],[-94.2874,33.5826],[-94.2927,33.5808],[-94.2998,33.5747],[-94.3068,33.5602],[-94.3064,33.5557],[-94.3095,33.5516],[-94.3202,33.549],[-94.3315,33.5531],[-94.3336,33.5564],[-94.3344,33.5625],[-94.3355,33.5647],[-94.339,33.5675],[-94.3437,33.568],[-94.3463,33.5669],[-94.3525,33.5622],[-94.3528,33.5609],[-94.3473,33.5516],[-94.3489,33.5484],[-94.3535,33.5437],[-94.3585,33.5431],[-94.362,33.5448],[-94.3701,33.5458],[-94.3725,33.5447],[-94.3817,33.544],[-94.3868,33.5451],[-94.3893,33.5467],[-94.3931,33.5516],[-94.4006,33.5568],[-94.4015,33.5605],[-94.4003,33.5628],[-94.3956,33.5665],[-94.3916,33.5653],[-94.3867,33.5657],[-94.3814,33.5678],[-94.3789,33.5702],[-94.3778,33.5752],[-94.3785,33.5785],[-94.3804,33.5816],[-94.3826,33.5833],[-94.3871,33.5812],[-94.3943,33.5738],[-94.3981,33.5711],[-94.4038,33.5684],[-94.4096,33.5683],[-94.4133,33.5697],[-94.428,33.59],[-94.4306,33.5916],[-94.4395,33.5942],[-94.4417,33.5915],[-94.4511,33.5912],[-94.4535,33.592],[-94.4559,33.5948],[-94.4582,33.5983],[-94.4575,33.6004],[-94.4619,33.5987],[-94.465,33.5988],[-94.4685,33.5996],[-94.4712,33.6019],[-94.4721,33.604],[-94.4703,33.6068],[-94.455,33.615],[-94.4529,33.6174],[-94.4527,33.6225],[-94.4606,33.6247],[-94.4611,33.6293],[-94.4627,33.6308],[-94.4603,33.632],[-94.4485,33.6344],[-94.4468,33.6403],[-94.4487,33.6427],[-94.4557,33.6451],[-94.4592,33.645],[-94.4614,33.6435],[-94.4642,33.6379],[-94.466,33.6362],[-94.4683,33.6375],[-94.4723,33.6375],[-94.4781,33.639],[-94.4828,33.6386],[-94.4917,33.6365],[-94.4877,33.6306],[-94.4884,33.6274],[-94.4915,33.6251],[-94.4989,33.6239],[-94.5045,33.6207],[-94.5084,33.6213],[-94.5115,33.6231],[-94.5175,33.6331],[-94.5202,33.6298],[-94.5179,33.6237],[-94.5198,33.6181],[-94.5235,33.6159],[-94.5277,33.6159],[-94.5347,33.6212],[-94.5354,33.6242],[-94.5329,33.6274],[-94.5211,33.6349],[-94.5185,33.6376],[-94.5218,33.6407],[-94.5281,33.6412],[-94.5377,33.6383],[-94.5419,33.6363],[-94.5464,33.6315],[-94.5534,33.6276],[-94.5641,33.6263],[-94.569,33.6275],[-94.57,33.6285],[-94.5704,33.6305],[-94.5684,33.6372],[-94.559,33.642],[-94.546,33.6459],[-94.543,33.6493],[-94.543,33.6552],[-94.5481,33.6603],[-94.5496,33.6607],[-94.5602,33.657],[-94.5706,33.6522],[-94.5762,33.6465],[-94.58,33.6445],[-94.5833,33.6438],[-94.5886,33.6442],[-94.5905,33.6451],[-94.587,33.6502],[-94.5768,33.6588],[-94.5648,33.6618],[-94.5625,33.6633],[-94.5603,33.6666],[-94.5612,33.6685],[-94.5637,33.6693],[-94.5705,33.6683],[-94.5779,33.6657],[-94.5808,33.6664],[-94.5793,33.6708],[-94.5813,33.6736],[-94.5796,33.6758],[-94.5796,33.6776],[-94.5879,33.6863],[-94.5916,33.6859],[-94.593,33.684],[-94.59,33.6758],[-94.592,33.6729],[-94.5914,33.6694],[-94.5921,33.667],[-94.5933,33.6653],[-94.596,33.6639],[-94.6012,33.6628],[-94.6058,33.6642],[-94.6119,33.67],[-94.6127,33.6738],[-94.6164,33.6801],[-94.6183,33.6816],[-94.622,33.6825],[-94.6272,33.682],[-94.6287,33.6805],[-94.6303,33.6781],[-94.6309,33.6734],[-94.6349,33.6676],[-94.6369,33.6675],[-94.6387,33.664],[-94.6425,33.6639],[-94.6459,33.6619],[-94.6492,33.6626],[-94.6517,33.6607],[-94.6549,33.6599],[-94.6618,33.6605],[-94.6669,33.6628],[-94.6706,33.6659],[-94.671,33.6684],[-94.6688,33.6719],[-94.6618,33.6751],[-94.6595,33.6751],[-94.6518,33.6705],[-94.6453,33.6736],[-94.6481,33.6815],[-94.6504,33.6844],[-94.6455,33.6859],[-94.6386,33.6958],[-94.6395,33.6983],[-94.6437,33.7015],[-94.6459,33.7018],[-94.6479,33.7005],[-94.6486,33.697],[-94.6471,33.6903],[-94.6488,33.6866],[-94.6514,33.6858],[-94.6592,33.6921],[-94.6669,33.6946],[-94.6718,33.6933],[-94.6774,33.6883],[-94.6848,33.6844],[-94.6882,33.6844],[-94.7041,33.6879],[-94.7162,33.6879],[-94.7183,33.6887],[-94.7151,33.6941],[-94.7144,33.6972],[-94.7132,33.6977],[-94.7108,33.6967],[-94.7063,33.6967],[-94.7035,33.6975],[-94.7011,33.7001],[-94.7016,33.7029],[-94.706,33.7063],[-94.7253,33.7147],[-94.7303,33.7161],[-94.734,33.7157],[-94.7349,33.7148],[-94.7336,33.7113],[-94.7307,33.7074],[-94.7272,33.7053],[-94.7228,33.7048],[-94.7189,33.7033],[-94.7169,33.7004],[-94.7159,33.6949],[-94.7195,33.6889],[-94.7241,33.6897],[-94.7261,33.6909],[-94.7359,33.6916],[-94.7409,33.7006],[-94.7431,33.702],[-94.7519,33.7049],[-94.7537,33.7069],[-94.7538,33.7087],[-94.7531,33.7108],[-94.7412,33.7134],[-94.7361,33.7161],[-94.7328,33.72],[-94.7323,33.7225],[-94.7334,33.7252],[-94.7367,33.7272],[-94.7421,33.7267],[-94.7451,33.7229],[-94.7449,33.7186],[-94.7459,33.7162],[-94.7476,33.7147],[-94.7514,33.7135],[-94.7559,33.7151],[-94.7577,33.7178],[-94.7477,33.7251],[-94.7503,33.7292],[-94.7518,33.7343],[-94.7544,33.7334],[-94.7606,33.7271],[-94.7687,33.727],[-94.7731,33.7272],[-94.7825,33.7301],[-94.7886,33.7357],[-94.7768,33.7464],[-94.7653,33.7461],[-94.7622,33.7466],[-94.7589,33.7485],[-94.7572,33.753],[-94.7578,33.7559],[-94.7601,33.7583],[-94.763,33.7598],[-94.7699,33.761],[-94.7729,33.7597],[-94.7764,33.7564],[-94.7801,33.7445],[-94.7901,33.7394],[-94.7973,33.7369],[-94.8019,33.7329],[-94.8034,33.7327],[-94.812,33.7353],[-94.817,33.74],[-94.817,33.7416],[-94.8129,33.7454],[-94.8122,33.7509],[-94.8128,33.7521],[-94.8153,33.7514],[-94.8168,33.7542],[-94.8159,33.7598],[-94.8173,33.7658],[-94.8207,33.769],[-94.8234,33.7692],[-94.8273,33.7669],[-94.8295,33.7641],[-94.8308,33.7581],[-94.823,33.7475],[-94.8202,33.737],[-94.8204,33.7338],[-94.8229,33.7327],[-94.8283,33.7349],[-94.8279,33.7409],[-94.8426,33.7394],[-94.8493,33.7396],[-94.8607,33.7419],[-94.8678,33.745],[-94.8729,33.7488],[-94.8747,33.7492],[-94.8771,33.7522],[-94.8761,33.7555],[-94.8667,33.7618],[-94.8659,33.7656],[-94.8681,33.7689],[-94.8717,33.7704],[-94.8735,33.7705],[-94.8746,33.7696],[-94.8738,33.7581],[-94.8748,33.7569],[-94.8764,33.7573],[-94.8857,33.7652],[-94.8869,33.7691],[-94.8953,33.7684],[-94.8982,33.769],[-94.9013,33.7709],[-94.9042,33.7732],[-94.9042,33.7772],[-94.9062,33.7782],[-94.9114,33.7784],[-94.9129,33.7795],[-94.9176,33.7867],[-94.9215,33.7905],[-94.9224,33.7935],[-94.9213,33.7984],[-94.9175,33.8052],[-94.9167,33.809],[-94.9145,33.8085],[-94.9109,33.8159],[-94.9137,33.8217],[-94.918,33.8268],[-94.9224,33.8291],[-94.9261,33.8285],[-94.9266,33.8276],[-94.9231,33.8155],[-94.9243,33.8125],[-94.9233,33.8087],[-94.9404,33.8056],[-94.9479,33.8084],[-94.9535,33.8165],[-94.9448,33.8258],[-94.9435,33.8284],[-94.9439,33.8302],[-94.9523,33.8349],[-94.9577,33.835],[-94.9644,33.837],[-94.9658,33.8487],[-94.9689,33.8609],[-94.9702,33.8618],[-94.9727,33.862],[-94.9759,33.8602],[-94.9816,33.8523],[-94.9833,33.8514],[-94.9885,33.851],[-94.9927,33.8525],[-94.998,33.8605],[-95.0022,33.8637],[-95.0102,33.8587],[-95.0157,33.8577],[-95.0297,33.8601],[-95.0372,33.8603],[-95.0466,33.8626],[-95.049,33.8641],[-95.0507,33.8682],[-95.0513,33.8748],[-95.0506,33.8783],[-95.0548,33.8816],[-95.0591,33.8875],[-95.0588,33.8948],[-95.0601,33.9019],[-95.0623,33.9036],[-95.0724,33.9027],[-95.0735,33.902],[-95.07,33.8956],[-95.0718,33.8956],[-95.0759,33.9018],[-95.0764,33.9043],[-95.0746,33.9073],[-95.0706,33.9084],[-95.067,33.9083],[-95.0642,33.9102],[-95.0635,33.914],[-95.0668,33.9171],[-95.0695,33.9176],[-95.074,33.9156],[-95.075,33.9088],[-95.0787,33.905],[-95.0798,33.8875],[-95.0824,33.8799],[-95.0896,33.8809],[-95.0958,33.8884],[-95.0987,33.8907],[-95.1004,33.8956],[-95.0974,33.8989],[-95.0915,33.9003],[-95.091,33.9016],[-95.0921,33.9019],[-95.0876,33.903],[-95.0797,33.9086],[-95.0768,33.9136],[-95.0779,33.9187],[-95.0801,33.921],[-95.0832,33.9214],[-95.0856,33.9177],[-95.0898,33.9141],[-95.0958,33.9114],[-95.1052,33.9095],[-95.1104,33.9054],[-95.1131,33.9045],[-95.1209,33.9045],[-95.1274,33.9078],[-95.1316,33.9139],[-95.1316,33.916],[-95.1217,33.9258],[-95.1212,33.9313],[-95.1247,33.9347],[-95.1302,33.9368],[-95.1395,33.9347],[-95.157,33.9366],[-95.1715,33.9467],[-95.185,33.9495],[-95.1981,33.9534],[-95.2058,33.9586],[-95.2167,33.9627],[-95.226,33.9622],[-95.2276,33.9608],[-95.2304,33.96],[-95.2303,33.956],[-95.2329,33.9497],[-95.2366,33.9479],[-95.2406,33.9472],[-95.246,33.9437],[-95.25,33.9389],[-95.2509,33.9343],[-95.2476,33.9156],[-95.2485,33.907],[-95.2532,33.8949],[-95.2577,33.8901],[-95.2621,33.8878],[-95.2644,33.8898],[-95.2651,33.8927],[-95.2667,33.8939],[-95.2651,33.8983],[-95.265,33.9046],[-95.2664,33.9085],[-95.2687,33.9111],[-95.276,33.9113],[-95.2815,33.9086],[-95.2846,33.9055],[-95.2856,33.9034],[-95.2846,33.8999],[-95.2807,33.8961],[-95.2782,33.8903],[-95.2782,33.8784],[-95.2807,33.8755],[-95.2889,33.8731],[-95.2945,33.8728],[-95.3064,33.8749],[-95.3103,33.877],[-95.3144,33.8816],[-95.3255,33.8857],[-95.3299,33.8863],[-95.3305,33.8825],[-95.3357,33.8743],[-95.3377,33.8747],[-95.3399,33.873],[-95.3425,33.873],[-95.3477,33.8705],[-95.3574,33.8692],[-95.3626,33.8669],[-95.3693,33.8666],[-95.3757,33.8684],[-95.3838,33.8686],[-95.3897,33.868],[-95.398,33.8652],[-95.4052,33.8646],[-95.4107,33.8654],[-95.4187,33.8685],[-95.4277,33.8705],[-95.4383,33.8663],[-95.4427,33.8665],[-95.4537,33.8709],[-95.4633,33.8724],[-95.4643,33.8744],[-95.4597,33.8866],[-95.4614,33.8871],[-95.4649,33.8869],[-95.4686,33.8846],[-95.4688,33.8831],[-95.4705,33.8816],[-95.4835,33.8768],[-95.492,33.8749],[-95.5016,33.875],[-95.505,33.8759],[-95.5062,33.8778],[-95.5051,33.8934],[-95.5066,33.8967],[-95.5095,33.8976],[-95.5114,33.8973],[-95.516,33.894],[-95.5185,33.8899],[-95.5326,33.8815],[-95.5441,33.8806],[-95.549,33.8851],[-95.5512,33.8897],[-95.5478,33.9019],[-95.5491,33.9115],[-95.5513,33.9162],[-95.5528,33.9243],[-95.5542,33.927],[-95.5577,33.9304],[-95.5638,33.9329],[-95.5703,33.9337],[-95.5773,33.9329],[-95.5819,33.9342],[-95.5879,33.9408],[-95.5941,33.9431],[-95.5975,33.9423],[-95.5984,33.9344],[-95.6031,33.9292],[-95.611,33.929],[-95.6164,33.9276],[-95.6248,33.9157],[-95.6273,33.9078],[-95.6293,33.9059],[-95.6328,33.9048],[-95.6388,33.9049],[-95.6552,33.9099],[-95.6563,33.9094],[-95.6605,33.9102],[-95.6655,33.909],[-95.6686,33.907],[-95.6721,33.9023],[-95.6779,33.897],[-95.6793,33.8944],[-95.6846,33.8906],[-95.6905,33.8879],[-95.7006,33.8858],[-95.7122,33.8855],[-95.72,33.8909],[-95.7332,33.8964],[-95.7451,33.8967],[-95.7522,33.8946],[-95.7566,33.892],[-95.7594,33.8888],[-95.762,33.8834],[-95.7625,33.8796],[-95.7615,33.8731],[-95.7601,33.8738],[-95.7578,33.869],[-95.7541,33.8652],[-95.7514,33.8607],[-95.7516,33.8559],[-95.7543,33.8524],[-95.7585,33.8492],[-95.7636,33.8468],[-95.7702,33.8452],[-95.7759,33.8473],[-95.7799,33.8513],[-95.7824,33.8511],[-95.7839,33.8531],[-95.7911,33.8579],[-95.7999,33.8613],[-95.805,33.8614],[-95.8157,33.8598],[-95.8205,33.8571],[-95.8211,33.8531],[-95.819,33.8475],[-95.8189,33.843],[-95.822,33.8386],[-95.8301,33.8348],[-95.8371,33.8356],[-95.8468,33.84],[-95.8568,33.8501],[-95.8586,33.8507],[-95.861,33.8498],[-95.8672,33.8513],[-95.8794,33.859],[-95.8868,33.8649],[-95.8952,33.8676],[-95.9242,33.8846],[-95.9282,33.8854],[-95.9315,33.8845],[-95.9326,33.8833],[-95.9335,33.8786],[-95.9356,33.875],[-95.9364,33.8714],[-95.9412,33.8642],[-95.9419,33.8615],[-95.9441,33.86],[-95.9514,33.8573],[-95.9524,33.8573],[-95.9473,33.8589],[-95.9577,33.8582],[-95.9746,33.8555],[-95.9849,33.8525],[-95.986,33.8569],[-95.9841,33.8601],[-95.9849,33.8658],[-95.9892,33.8686],[-95.9921,33.8688],[-96.0019,33.8737],[-96.0029,33.8736],[-96.0046,33.8707],[-96.0029,33.8667],[-95.9997,33.8626],[-95.9949,33.8618],[-95.9977,33.8522],[-96.0003,33.8494],[-96.0036,33.8479],[-96.005,33.846],[-96.0036,33.846],[-96.0041,33.8452],[-96.0109,33.8443],[-96.0206,33.8406],[-96.0227,33.8411],[-96.0232,33.8425],[-96.0225,33.8461],[-96.0203,33.8496],[-96.0195,33.8535],[-96.0201,33.855],[-96.0224,33.857],[-96.027,33.8575],[-96.0305,33.8553],[-96.0309,33.8484],[-96.035,33.8426],[-96.039,33.8403],[-96.0488,33.8365],[-96.0639,33.8415],[-96.0727,33.8429],[-96.0774,33.845],[-96.0846,33.8467],[-96.1001,33.848],[-96.1015,33.8467],[-96.1013,33.8457],[-96.0976,33.8379],[-96.0974,33.8327],[-96.0994,33.8305],[-96.1041,33.8307],[-96.11,33.8324],[-96.1182,33.8379],[-96.1229,33.84],[-96.1278,33.8399],[-96.1311,33.8374],[-96.1389,33.8392],[-96.1465,33.8383],[-96.1492,33.8371],[-96.1516,33.8319],[-96.1488,33.8192],[-96.1508,33.817],[-96.1593,33.8186],[-96.1615,33.8176],[-96.1665,33.8179],[-96.1714,33.8147],[-96.1763,33.8144],[-96.1791,33.8102],[-96.1757,33.8023],[-96.1729,33.8011],[-96.1696,33.8009],[-96.1695,33.8041],[-96.1707,33.8032],[-96.1699,33.8051],[-96.1638,33.8131],[-96.1555,33.814],[-96.1598,33.8115],[-96.162,33.7997],[-96.1608,33.7959],[-96.1627,33.7926],[-96.1625,33.7899],[-96.1637,33.7877],[-96.1628,33.7864],[-96.1681,33.7745],[-96.1689,33.7708],[-96.1729,33.7652],[-96.1786,33.7604],[-96.1877,33.7561],[-96.1866,33.755],[-96.188,33.756],[-96.1902,33.7556],[-96.198,33.7526],[-96.2159,33.7492],[-96.2211,33.7474],[-96.2246,33.7483],[-96.2304,33.7485],[-96.2357,33.7526],[-96.2482,33.7591],[-96.2551,33.7616],[-96.2569,33.7637],[-96.2636,33.7675],[-96.2689,33.768],[-96.2783,33.7706],[-96.2871,33.7712],[-96.2937,33.7694],[-96.2964,33.7668],[-96.297,33.7632],[-96.2988,33.7609],[-96.2988,33.7585],[-96.2978,33.7612],[-96.2981,33.7591],[-96.3062,33.744],[-96.3079,33.735],[-96.3063,33.7293],[-96.3064,33.7231],[-96.3085,33.7176],[-96.3087,33.714],[-96.3122,33.7063],[-96.3184,33.6971],[-96.3211,33.6951],[-96.3329,33.6932],[-96.3388,33.6883],[-96.3426,33.6868],[-96.3469,33.6862],[-96.3556,33.6875],[-96.3622,33.6918],[-96.3631,33.6942],[-96.3633,33.7011],[-96.366,33.7055],[-96.3669,33.7112],[-96.3696,33.7168],[-96.3755,33.7209],[-96.3828,33.7293],[-96.395,33.7384],[-96.4082,33.7505],[-96.4134,33.7577],[-96.419,33.7716],[-96.4235,33.7764],[-96.432,33.7791],[-96.448,33.781],[-96.4505,33.7806],[-96.4563,33.776],[-96.4592,33.7752],[-96.4694,33.7758],[-96.4863,33.773],[-96.501,33.7728],[-96.5109,33.7806],[-96.5166,33.7883],[-96.5157,33.7952],[-96.5178,33.8069],[-96.5249,33.8195],[-96.5325,33.8229],[-96.532,33.824],[-96.5334,33.8228],[-96.5488,33.8199],[-96.5517,33.8185],[-96.5511,33.8193],[-96.555,33.8189],[-96.5557,33.8194],[-96.5581,33.8171],[-96.5562,33.8191],[-96.5667,33.8185],[-96.5729,33.8191],[-96.5929,33.8309],[-96.6231,33.8415],[-96.6293,33.8455],[-96.63,33.8485],[-96.629,33.8524],[-96.612,33.869],[-96.5973,33.8751],[-96.5901,33.8807],[-96.5854,33.8889],[-96.5855,33.8913],[-96.5879,33.8948],[-96.5922,33.8955],[-96.6148,33.8945],[-96.6241,33.8951],[-96.6283,33.8945],[-96.6582,33.9158],[-96.6644,33.9173],[-96.6672,33.9169],[-96.6734,33.9123],[-96.6809,33.8962],[-96.6835,33.8842],[-96.6822,33.8739],[-96.6847,33.8629],[-96.6907,33.85],[-96.6996,33.839],[-96.7045,33.835],[-96.7124,33.8316],[-96.7251,33.8303],[-96.746,33.8257],[-96.7616,33.8244],[-96.7662,33.8255],[-96.7694,33.8275],[-96.7707,33.8296],[-96.7768,33.842],[-96.7772,33.8482],[-96.7806,33.8601],[-96.7835,33.8635],[-96.7943,33.8689],[-96.8128,33.8726],[-96.8322,33.8748],[-96.8374,33.8713],[-96.8398,33.8684],[-96.8416,33.8529],[-96.8459,33.849],[-96.8506,33.8472],[-96.8561,33.8475],[-96.8664,33.8531],[-96.883,33.868],[-96.8895,33.8816],[-96.8909,33.8868],[-96.8957,33.8964],[-96.897,33.9016],[-96.8965,33.9133],[-96.8994,33.9337],[-96.9024,33.942],[-96.9074,33.95],[-96.9163,33.9578],[-96.9221,33.9596],[-96.9323,33.9557],[-96.9446,33.9492],[-96.9451,33.847],[-96.9433,33.6227],[-96.9439,33.4164],[-96.8766,33.4135],[-96.8756,33.4141],[-96.8411,33.4134],[-96.8412,33.4056],[-96.8341,33.4055],[-96.8384,33.2302],[-96.8385,33.2263],[-96.8396,33.2266],[-96.8403,33.2259],[-96.8386,33.226],[-96.8388,33.2194],[-96.8875,33.2193],[-96.8888,33.2166],[-96.8945,33.2125],[-96.8944,33.2118],[-96.8929,33.2119],[-96.8929,33.2113],[-96.8946,33.2112],[-96.8936,33.21],[-96.891,33.2101],[-96.8915,33.2072],[-96.8983,33.2037],[-96.8989,33.2044],[-96.9012,33.204],[-96.9011,33.2032],[-96.9038,33.2032],[-96.9045,33.1996],[-96.901,33.1997],[-96.8984,33.201],[-96.8954,33.2047],[-96.8929,33.2035],[-96.8884,33.2059],[-96.8877,33.2058],[-96.8879,33.204],[-96.8804,33.2039],[-96.8809,33.2014],[-96.887,33.1899],[-96.8873,33.1784],[-96.8819,33.1783],[-96.8822,33.163],[-96.8905,33.1632],[-96.8908,33.1514],[-96.8994,33.1516],[-96.8996,33.1546],[-96.9118,33.1546],[-96.9118,33.1468],[-96.9141,33.1468],[-96.9141,33.1409],[-96.9228,33.1411],[-96.9228,33.1333],[-96.9216,33.1331],[-96.9215,33.1316],[-96.9207,33.1316],[-96.9207,33.1295],[-96.92,33.1307],[-96.919,33.1304],[-96.9175,33.1328],[-96.9163,33.1309],[-96.9124,33.1322],[-96.9115,33.1364],[-96.9106,33.1308],[-96.906,33.1315],[-96.9088,33.1294],[-96.9051,33.1283],[-96.9005,33.129],[-96.9002,33.1285],[-96.8987,33.1301],[-96.8953,33.1315],[-96.8948,33.1326],[-96.8906,33.1337],[-96.8909,33.1445],[-96.8838,33.1436],[-96.8763,33.134],[-96.8736,33.133],[-96.8694,33.1331],[-96.8686,33.1364],[-96.8651,33.1398],[-96.8648,33.1439],[-96.8628,33.144],[-96.8625,33.1426],[-96.8608,33.1427],[-96.8608,33.1445],[-96.8597,33.1444],[-96.8595,33.1452],[-96.8571,33.1444],[-96.8566,33.1451],[-96.8598,33.1463],[-96.8581,33.1473],[-96.8582,33.1482],[-96.8552,33.1482],[-96.8556,33.1498],[-96.8535,33.1498],[-96.8534,33.1529],[-96.8404,33.1525],[-96.8438,33.0113],[-96.8441,32.9874],[-96.7565,32.9863],[-96.7564,32.9952],[-96.7551,32.9969],[-96.7565,32.9975],[-96.7569,33.0004],[-96.7468,33.0037],[-96.7202,33.0041],[-96.7195,33.0051],[-96.7171,33.0054],[-96.7159,33.0047],[-96.7159,33.0104],[-96.7193,33.009],[-96.7217,33.0124],[-96.7235,33.0133],[-96.7239,33.0144],[-96.7251,33.0144],[-96.7244,33.0187],[-96.7092,33.0197],[-96.7093,33.0273],[-96.7043,33.0376],[-96.6987,33.0373],[-96.6891,33.0408],[-96.6847,33.0435],[-96.6825,33.0437],[-96.6739,33.0443],[-96.6616,33.0432],[-96.6599,33.0464],[-96.6575,33.0483],[-96.659,33.0485],[-96.6589,33.0516],[-96.6561,33.0515],[-96.6547,33.0503],[-96.654,33.0508],[-96.6571,33.0551],[-96.655,33.0576],[-96.6564,33.0607],[-96.6558,33.0628],[-96.6572,33.0649],[-96.657,33.0665],[-96.6551,33.0687],[-96.6549,33.0728],[-96.6822,33.0731],[-96.684,33.0709],[-96.6851,33.0709],[-96.6846,33.0737],[-96.6855,33.0738],[-96.6857,33.0752],[-96.687,33.0756],[-96.688,33.0773],[-96.6903,33.0773],[-96.6929,33.0784],[-96.6927,33.0791],[-96.6937,33.0789],[-96.6942,33.0807],[-96.6957,33.0806],[-96.6959,33.0817],[-96.6969,33.0818],[-96.6972,33.0836],[-96.6982,33.0838],[-96.6977,33.0846],[-96.6989,33.0844],[-96.7025,33.0879],[-96.7091,33.0894],[-96.712,33.0832],[-96.712,33.0802],[-96.7104,33.0759],[-96.7115,33.0752],[-96.7152,33.0783],[-96.7182,33.0782],[-96.7238,33.0808],[-96.725,33.0787],[-96.7367,33.0801],[-96.7366,33.0646],[-96.7333,33.0618],[-96.7333,33.0556],[-96.7322,33.0552],[-96.7326,33.0531],[-96.7334,33.053],[-96.7337,33.0266],[-96.744,33.0272],[-96.744,33.0266],[-96.7536,33.0267],[-96.7532,33.0253],[-96.75,33.023],[-96.75,33.0217],[-96.753,33.0217],[-96.7527,33.0194],[-96.7659,33.0194],[-96.774,33.0159],[-96.7757,33.0165],[-96.7859,33.0164],[-96.7868,33.0161],[-96.7866,33.0117],[-96.7953,33.0131],[-96.7952,33.0147],[-96.7908,33.0144],[-96.7898,33.0162],[-96.7929,33.0168],[-96.7928,33.0185],[-96.7893,33.0182],[-96.789,33.0195],[-96.789,33.02],[-96.7914,33.0201],[-96.7914,33.0215],[-96.7935,33.0215],[-96.7951,33.0201],[-96.7951,33.0273],[-96.8288,33.0281],[-96.8298,33.0558],[-96.8246,33.0656],[-96.8175,33.0655],[-96.8148,33.0648],[-96.8087,33.0583],[-96.8061,33.0571],[-96.7954,33.0566],[-96.7945,33.0504],[-96.7853,33.0513],[-96.7766,33.0505],[-96.7703,33.0518],[-96.7704,33.0681],[-96.772,33.0717],[-96.7715,33.101],[-96.7335,33.101],[-96.7335,33.118],[-96.732,33.1224],[-96.7329,33.1253],[-96.7532,33.1184],[-96.8054,33.0973],[-96.8054,33.1248],[-96.8041,33.1345],[-96.8045,33.1475],[-96.8034,33.1529],[-96.7332,33.1522],[-96.7328,33.2186],[-96.8116,33.2192],[-96.7923,33.2937],[-96.7669,33.2935],[-96.7666,33.2917],[-96.6802,33.2909],[-96.6795,33.2936],[-96.6716,33.2933],[-96.6703,33.2941],[-96.672,33.2956],[-96.6756,33.2959],[-96.6776,33.2976],[-96.6767,33.299],[-96.6786,33.299],[-96.6805,33.3012],[-96.6797,33.303],[-96.6809,33.305],[-96.6826,33.3055],[-96.682,33.3067],[-96.6829,33.3088],[-96.6856,33.3097],[-96.6851,33.3114],[-96.6866,33.3128],[-96.6881,33.3126],[-96.6877,33.3155],[-96.6893,33.3161],[-96.6877,33.3177],[-96.6874,33.321],[-96.6857,33.3222],[-96.6873,33.3254],[-96.6896,33.327],[-96.6895,33.3282],[-96.6907,33.3284],[-96.6902,33.3313],[-96.6918,33.3316],[-96.6931,33.3342],[-96.6944,33.3343],[-96.6958,33.3363],[-96.6959,33.3384],[-96.6975,33.3376],[-96.6984,33.3416],[-96.7013,33.3434],[-96.7009,33.3455],[-96.7059,33.3513],[-96.7061,33.3541],[-96.7108,33.3563],[-96.7115,33.3584],[-96.7133,33.3593],[-96.7125,33.3609],[-96.7131,33.3637],[-96.7178,33.3684],[-96.7166,33.3694],[-96.7163,33.3713],[-96.7204,33.3747],[-96.7198,33.3766],[-96.7208,33.3773],[-96.7206,33.3786],[-96.7196,33.3791],[-96.722,33.3808],[-96.7212,33.3824],[-96.7226,33.3835],[-96.7219,33.3845],[-96.7226,33.3883],[-96.7248,33.3899],[-96.7241,33.392],[-96.7253,33.3927],[-96.7251,33.3942],[-96.7263,33.394],[-96.7251,33.3951],[-96.7262,33.3964],[-96.7254,33.3972],[-96.7263,33.3972],[-96.7271,33.3991],[-96.7285,33.3994],[-96.7273,33.4029],[-96.5694,33.3998],[-96.3846,33.3978],[-96.3848,33.3968],[-96.393,33.3886],[-96.3848,33.3966],[-96.3845,33.3411],[-96.2503,33.3578],[-95.8587,33.4095],[-95.8614,33.28],[-95.8628,33.1251],[-95.8633,33.0001],[-95.8625,32.9796],[-95.9453,32.9799],[-95.9684,32.9136],[-95.9714,32.9146],[-95.9741,32.9169],[-95.9734,32.9182],[-95.9744,32.9176],[-95.9763,32.9184],[-95.9765,32.9202],[-95.9909,32.9136],[-95.9983,32.926],[-96.0222,32.9202],[-96.0395,32.9183],[-96.0678,32.9195],[-96.0762,32.921],[-96.0966,32.9302],[-96.1029,32.9316],[-96.1057,32.9308],[-96.1047,32.9324],[-96.1059,32.9321],[-96.1067,32.9335],[-96.108,32.9329],[-96.1096,32.9337],[-96.1091,32.9356],[-96.1101,32.9357],[-96.1101,32.9365],[-96.1125,32.9372],[-96.1131,32.9363],[-96.1146,32.9372],[-96.1207,32.93],[-96.1277,32.9146],[-96.128,32.9093],[-96.1345,32.9093],[-96.1345,32.9084],[-96.1362,32.9084],[-96.1368,32.9093],[-96.1404,32.9094],[-96.1404,32.9104],[-96.1628,32.9108],[-96.1746,32.9107],[-96.1838,32.9094],[-96.2222,32.9099],[-96.2418,32.9169],[-96.2669,32.9163],[-96.2718,32.9147],[-96.2907,32.8992],[-96.2957,32.8978],[-96.2972,32.898],[-96.2972,32.9818],[-96.517,32.9829],[-96.519,32.8136],[-96.2974,32.8142],[-96.2973,32.8417],[-96.0765,32.8385],[-95.9344,32.8372],[-95.9256,32.8293],[-95.9255,32.8272],[-95.9276,32.8271],[-95.9277,32.8261],[-95.9265,32.8254],[-95.9275,32.8224],[-95.9257,32.8228],[-95.9246,32.821],[-95.9222,32.821],[-95.9224,32.8197],[-95.924,32.8195],[-95.9246,32.8184],[-95.9241,32.8177],[-95.9215,32.818],[-95.9224,32.8156],[-95.9188,32.8149],[-95.9177,32.8134],[-95.9167,32.8135],[-95.9157,32.811],[-95.9125,32.8116],[-95.905,32.8097],[-95.9043,32.8085],[-95.9067,32.8069],[-95.9013,32.8046],[-95.9012,32.8034],[-95.8993,32.8022],[-95.8977,32.803],[-95.8959,32.8022],[-95.8954,32.8037],[-95.8946,32.8036],[-95.8935,32.8025],[-95.8949,32.801],[-95.8947,32.7991],[-95.8926,32.8006],[-95.8922,32.7995],[-95.8932,32.7984],[-95.8911,32.799],[-95.8895,32.7951],[-95.8844,32.7928],[-95.8798,32.7894],[-95.8787,32.7896],[-95.879,32.7917],[-95.8777,32.7912],[-95.8771,32.7891],[-95.8785,32.7878],[-95.8773,32.7875],[-95.8754,32.7895],[-95.8753,32.7871],[-95.8726,32.7884],[-95.8726,32.7858],[-95.8706,32.785],[-95.8701,32.7835],[-95.8653,32.7824],[-95.8637,32.7769],[-95.8589,32.777],[-95.8578,32.7785],[-95.8548,32.7786],[-95.8566,32.7764],[-95.8548,32.7746],[-95.8521,32.7742],[-95.8527,32.772],[-95.8507,32.7708],[-95.8486,32.7715],[-95.8471,32.7696],[-95.8454,32.7693],[-95.8447,32.7704],[-95.8438,32.7691],[-95.8428,32.7703],[-95.8382,32.7704],[-95.838,32.7713],[-95.8353,32.7719],[-95.8342,32.7707],[-95.8312,32.7703],[-95.8297,32.7688],[-95.8297,32.7671],[-95.8279,32.7668],[-95.8258,32.768],[-95.8233,32.7678],[-95.8226,32.7687],[-95.8217,32.7675],[-95.8203,32.7673],[-95.8193,32.7679],[-95.819,32.77],[-95.8174,32.7682],[-95.8148,32.771],[-95.8137,32.7697],[-95.8146,32.7683],[-95.8131,32.7671],[-95.8167,32.7668],[-95.8158,32.7655],[-95.8077,32.768],[-95.8081,32.7693],[-95.8068,32.7698],[-95.8076,32.7739],[-95.8066,32.7737],[-95.8063,32.7724],[-95.8047,32.7726],[-95.8046,32.7713],[-95.8019,32.7741],[-95.7989,32.7738],[-95.7971,32.7725],[-95.795,32.7732],[-95.7959,32.7749],[-95.7954,32.7758],[-95.7922,32.7745],[-95.7897,32.7746],[-95.7898,32.7734],[-95.7915,32.7733],[-95.7913,32.7724],[-95.7867,32.7733],[-95.785,32.7719],[-95.7847,32.7701],[-95.7829,32.7704],[-95.7824,32.7722],[-95.7789,32.7708],[-95.78,32.7731],[-95.7792,32.7737],[-95.7765,32.7723],[-95.7758,32.7708],[-95.7743,32.7713],[-95.7727,32.7708],[-95.7724,32.7727],[-95.7713,32.772],[-95.77,32.7727],[-95.7687,32.7714],[-95.7669,32.7719],[-95.7661,32.771],[-95.7655,32.7716],[-95.7644,32.7698],[-95.7625,32.7706],[-95.761,32.7697],[-95.7613,32.7687],[-95.7629,32.7685],[-95.7631,32.7663],[-95.765,32.764],[-95.7612,32.762],[-95.7614,32.7613],[-95.7631,32.7614],[-95.763,32.7601],[-95.7644,32.7594],[-95.7623,32.7554],[-95.7606,32.7583],[-95.7593,32.7559],[-95.7558,32.7541],[-95.755,32.7549],[-95.7561,32.7566],[-95.7541,32.7578],[-95.7528,32.7579],[-95.7508,32.7561],[-95.7494,32.7564],[-95.7485,32.7542],[-95.7468,32.7538],[-95.7447,32.7556],[-95.7427,32.7546],[-95.7404,32.7546],[-95.7398,32.7551],[-95.7404,32.7564],[-95.7392,32.7568],[-95.7367,32.7539],[-95.733,32.7522],[-95.7333,32.7512],[-95.736,32.7514],[-95.7336,32.7478],[-95.7335,32.7462],[-95.7315,32.7471],[-95.7318,32.7494],[-95.7303,32.7483],[-95.7271,32.7482],[-95.7257,32.7468],[-95.7254,32.7482],[-95.7235,32.7482],[-95.7204,32.7459],[-95.7159,32.744],[-95.7132,32.7439],[-95.7101,32.7456],[-95.7083,32.7431],[-95.7071,32.7438],[-95.7064,32.7425],[-95.7049,32.7428],[-95.7036,32.7418],[-95.7023,32.7424],[-95.7023,32.7403],[-95.7012,32.7395],[-95.7021,32.7389],[-95.7018,32.7376],[-95.6963,32.7377],[-95.695,32.7366],[-95.6912,32.7373],[-95.6893,32.7345],[-95.6887,32.7315],[-95.6894,32.7306],[-95.687,32.7309],[-95.6875,32.7299],[-95.689,32.7297],[-95.6885,32.7285],[-95.6856,32.7288],[-95.6849,32.7273],[-95.6811,32.7285],[-95.6797,32.7273],[-95.6777,32.728],[-95.6768,32.7232],[-95.6742,32.7217],[-95.6728,32.7233],[-95.6716,32.7224],[-95.6715,32.7207],[-95.6737,32.7189],[-95.6705,32.7163],[-95.6679,32.7164],[-95.6682,32.7134],[-95.6669,32.7138],[-95.6661,32.7155],[-95.6641,32.7157],[-95.6615,32.7135],[-95.6627,32.7118],[-95.6598,32.7114],[-95.657,32.7141],[-95.6554,32.7141],[-95.6547,32.7131],[-95.6536,32.7141],[-95.6521,32.7139],[-95.6515,32.7153],[-95.6522,32.7162],[-95.6506,32.7166],[-95.6504,32.7177],[-95.6489,32.7181],[-95.6485,32.7193],[-95.6466,32.7179],[-95.6424,32.719],[-95.6412,32.718],[-95.6393,32.7217],[-95.6401,32.7233],[-95.6396,32.7245],[-95.6371,32.7247],[-95.635,32.7204],[-95.6349,32.7211],[-95.6654,32.9604],[-95.309,32.9626],[-95.3077,33.1251],[-95.3076,33.2913],[-95.3086,33.3772],[-95.3066,33.378],[-95.3072,33.3804],[-95.3086,33.3807],[-95.3093,33.4951],[-95.3103,33.5208],[-95.3095,33.5207],[-95.3103,33.5212],[-95.3106,33.5285],[-95.3107,33.6632],[-95.3017,33.657],[-95.2974,33.6559],[-95.2929,33.6562],[-95.2872,33.6577],[-95.2872,33.6611],[-95.2746,33.6612],[-95.2745,33.6674],[-95.2715,33.6674],[-95.2715,33.6706],[-95.2684,33.6706],[-95.2684,33.6729],[-95.2648,33.6728],[-95.2649,33.6715],[-95.2617,33.6715],[-95.2619,33.6701],[-95.2631,33.6696],[-95.2631,33.6658],[-95.2619,33.6649],[-95.2577,33.665],[-95.2577,33.668],[-95.2561,33.668],[-95.256,33.669],[-95.255,33.669],[-95.2543,33.6672],[-95.2512,33.6672],[-95.2512,33.6637],[-95.2522,33.6636],[-95.2522,33.6621],[-95.2493,33.6603],[-95.2412,33.651],[-95.2381,33.649],[-95.2245,33.6465],[-95.2093,33.6402],[-95.1997,33.6345],[-95.1864,33.6338],[-95.1754,33.6304],[-95.155,33.6275],[-95.1153,33.6129],[-95.0865,33.6129],[-95.0864,33.6141],[-95.0735,33.6135],[-95.0705,33.6202],[-95.0651,33.6227],[-95.065,33.6236],[-95.0576,33.6242],[-95.0551,33.6261],[-95.0553,33.6269],[-95.0461,33.6276],[-95.0485,33.6238],[-95.0471,33.6222],[-95.0445,33.6216],[-95.0417,33.6194],[-95.0336,33.6177],[-95.0332,33.6148],[-95.0269,33.6114],[-94.9853,33.6027],[-94.944,33.5897],[-94.9384,33.5867],[-94.9304,33.5881],[-94.9218,33.5873],[-94.9218,33.5888],[-94.9203,33.5888],[-94.9203,33.5897],[-94.9154,33.5893],[-94.9155,33.5883],[-94.9168,33.5884],[-94.917,33.5872],[-94.9143,33.5875],[-94.9138,33.5868],[-94.8852,33.5832],[-94.8155,33.5689],[-94.7968,33.5621],[-94.7965,33.5628],[-94.7947,33.5622],[-94.7893,33.5582],[-94.7864,33.5582],[-94.7868,33.5594],[-94.7853,33.5593],[-94.7852,33.5632],[-94.7799,33.5633],[-94.7804,33.5641],[-94.7782,33.5623],[-94.7782,33.5556],[-94.7772,33.5528],[-94.7726,33.5532],[-94.7739,33.5569],[-94.773,33.5569],[-94.7737,33.5597],[-94.7724,33.5598],[-94.7724,33.5532],[-94.7705,33.5532],[-94.7704,33.552],[-94.7698,33.5528],[-94.7672,33.5527],[-94.7672,33.5534],[-94.7657,33.5534],[-94.7656,33.552],[-94.7383,33.5553],[-94.7313,33.5548],[-94.6528,33.5206],[-94.6348,33.5164],[-94.6138,33.5161],[-94.6128,33.516],[-94.6128,33.5153],[-94.6097,33.5153],[-94.61,33.5071],[-94.6062,33.5066],[-94.6061,33.5086],[-94.6046,33.5087],[-94.6044,33.5058],[-94.6029,33.5053],[-94.6029,33.5044],[-94.6019,33.5044],[-94.6017,33.5075],[-94.5996,33.5072],[-94.5998,33.5039],[-94.5812,33.504],[-94.5729,33.5029],[-94.4684,33.4725],[-94.4565,33.4709],[-94.4436,33.476],[-94.438,33.4766],[-94.4268,33.4763],[-94.4262,33.4796],[-94.4151,33.4792],[-94.4151,33.4798],[-94.4169,33.4798],[-94.4169,33.4814],[-94.4095,33.4822],[-94.4094,33.4791],[-94.3819,33.4791],[-94.382,33.4721],[-94.409,33.4745],[-94.3992,33.4734],[-94.3991,33.4673],[-94.4019,33.4681],[-94.4018,33.4662],[-94.4052,33.4657],[-94.399,33.4652],[-94.399,33.4603],[-94.4081,33.4598],[-94.4082,33.4558],[-94.4153,33.4359],[-94.4185,33.4225],[-94.4185,33.4097],[-94.4162,33.4037],[-94.3988,33.4077],[-94.3456,33.4078],[-94.3456,33.4031],[-94.3417,33.4004],[-94.3269,33.4007],[-94.323,33.3975],[-94.304,33.3973],[-94.2966,33.3981],[-94.2965,33.3907],[-94.2946,33.387],[-94.2972,33.3778],[-94.2633,33.3771],[-94.2583,33.3854],[-94.2585,33.3945],[-94.2375,33.3945],[-94.2294,33.4],[-94.2176,33.4025],[-94.2058,33.4039],[-94.2058,33.4144],[-94.2017,33.4146],[-94.2017,33.4193],[-94.1936,33.4194],[-94.1933,33.4234],[-94.1837,33.4237],[-94.1839,33.4373],[-94.1768,33.438],[-94.1769,33.4513],[-94.1854,33.4539],[-94.1851,33.4627],[-94.184,33.464],[-94.181,33.4633],[-94.1727,33.4608],[-94.1711,33.459],[-94.1709,33.4605],[-94.1837,33.4641],[-94.2023,33.4653],[-94.2026,33.4662],[-94.2014,33.4669],[-94.2009,33.4688],[-94.2003,33.4781],[-94.1979,33.4808],[-94.1961,33.4808],[-94.1963,33.4874],[-94.1939,33.4943],[-94.196,33.4934],[-94.196,33.4985],[-94.1984,33.498],[-94.2012,33.499],[-94.2159,33.4973],[-94.2161,33.5546],[-94.2124,33.5637]]]},"properties":{"STATEFP":"48","CD118FP":"04","GEOID":"4804","GEOIDFQ":"5001800US4804","NAMELSAD":"Congressional District 4","LSAD":"C2","CDSESSN":"118","MTFCC":"G5200","FUNCSTAT":"N","ALAND":13506053492,"AWATER":562955911,"INTPTLAT":"+33.4694232","INTPTLON":"-095.8246567"}},
{"type":"Feature","geometry":{"type":"Polygon","coordinates":[[[-96.9399,32.9888],[-96.91,32.9883],[-96.9099,32.9989],[-96.8985,32.9989],[-96.8984,33.0044],[-96.8933,33.0044],[-96.8932,33.0057],[-96.8917,33.0057],[-96.8918,33.0025],[-96.8938,32.999],[-96.8868,33.0003],[-96.8869,32.9976],[-96.8884,32.9955],[-96.8825,32.9942],[-96.8809,32.9967],[-96.8782,32.9978],[-96.8793,32.9984],[-96.879,32.9991],[-96.8728,32.9971],[-96.8715,33.0021],[-96.8672,33.0015],[-96.8662,33.0023],[-96.866,33.0118],[-96.8438,33.0113],[-96.8404,33.1525],[-96.8534,33.1529],[-96.8535,33.1498],[-96.8556,33.1498],[-96.8552,33.1482],[-96.8582,33.1482],[-96.8581,33.1473],[-96.8598,33.1463],[-96.8566,33.1451],[-96.8571,33.1444],[-96.8595,33.1452],[-96.8597,33.1444],[-96.8608,33.1445],[-96.8608,33.1427],[-96.8625,33.1426],[-96.8628,33.144],[-96.8648,33.1439],[-96.8651,33.1398],[-96.8686,33.1364],[-96.8694,33.1331],[-96.8736,33.133],[-96.8763,33.134],[-96.8838,33.1436],[-96.8909,33.1445],[-96.8906,33.1337],[-96.8948,33.1326],[-96.8953,33.1315],[-96.8987,33.1301],[-96.9002,33.1285],[-96.9005,33.129],[-96.9051,33.1283],[-96.9088,33.1294],[-96.906,33.1315],[-96.9106,33.1308],[-96.9115,33.1364],[-96.9124,33.1322],[-96.9163,33.1309],[-96.9175,33.1328],[-96.919,33.1304],[-96.92,33.1307],[-96.9207,33.1295],[-96.9207,33.1316],[-96.9215,33.1316],[-96.9216,33.1331],[-96.9228,33.1333],[-96.9228,33.1411],[-96.9141,33.1409],[-96.9141,33.1468],[-96.9118,33.1468],[-96.9118,33.1546],[-96.8996,33.1546],[-96.8994,33.1516],[-96.8908,33.1514],[-96.8905,33.1632],[-96.8822,33.163],[-96.8819,33.1783],[-96.8873,33.1784],[-96.887,33.1899],[-96.8809,33.2014],[-96.8804,33.2039],[-96.8879,33.204],[-96.8877,33.2058],[-96.8884,33.2059],[-96.8929,33.2035],[-96.8954,33.2047],[-96.8984,33.201],[-96.901,33.1997],[-96.9045,33.1996],[-96.9038,33.2032],[-96.9011,33.2032],[-96.9012,33.204],[-96.8989,33.2044],[-96.8983,33.2037],[-96.8915,33.2072],[-96.891,33.2101],[-96.8936,33.21],[-96.8946,33.2112],[-96.8929,33.2113],[-96.8929,33.2119],[-96.8944,33.2118],[-96.8945,33.2125],[-96.8888,33.2166],[-96.8875,33.2193],[-96.8388,33.2194],[-96.8386,33.226],[-96.8403,33.2259],[-96.8396,33.2266],[-96.8385,33.2263],[-96.8384,33.2302],[-96.8341,33.4055],[-96.8412,33.4056],[-96.8411,33.4134],[-96.8756,33.4141],[-96.8766,33.4135],[-96.9439,33.4164],[-96.9433,33.6227],[-96.9451,33.847],[-96.9446,33.9492],[-96.9518,33.9447],[-96.9664,33.9395],[-96.9738,33.9357],[-96.977,33.9375],[-96.9798,33.9416],[-96.981,33.9492],[-96.9794,33.9562],[-96.9816,33.9563],[-96.9885,33.9544],[-96.9943,33.9492],[-96.9963,33.9427],[-96.9954,33.9338],[-96.994,33.929],[-96.9879,33.917],[-96.9849,33.9049],[-96.9838,33.8909],[-96.9847,33.8887],[-96.988,33.886],[-96.9971,33.871],[-97.0099,33.8598],[-97.0214,33.8464],[-97.0313,33.8412],[-97.041,33.8376],[-97.0461,33.8396],[-97.0565,33.8565],[-97.0638,33.86],[-97.0695,33.8604],[-97.0756,33.8587],[-97.0846,33.8552],[-97.088,33.8526],[-97.0905,33.8452],[-97.0872,33.8414],[-97.0623,33.838],[-97.057,33.8362],[-97.0519,33.833],[-97.0483,33.8279],[-97.0475,33.8223],[-97.0481,33.8175],[-97.0721,33.814],[-97.0791,33.8123],[-97.0873,33.8085],[-97.0929,33.8038],[-97.0952,33.7984],[-97.0951,33.7922],[-97.0943,33.788],[-97.0866,33.7707],[-97.0848,33.7616],[-97.0849,33.7523],[-97.0865,33.7433],[-97.0916,33.7343],[-97.0992,33.7262],[-97.1111,33.7194],[-97.1212,33.7172],[-97.1384,33.7189],[-97.1574,33.7255],[-97.1653,33.731],[-97.1722,33.7375],[-97.1736,33.7396],[-97.1746,33.745],[-97.1801,33.7545],[-97.1827,33.7555],[-97.1818,33.7559],[-97.1853,33.7555],[-97.1915,33.758],[-97.1926,33.7597],[-97.1928,33.7612],[-97.1881,33.768],[-97.1877,33.7698],[-97.1908,33.7764],[-97.1894,33.7761],[-97.1904,33.7812],[-97.1948,33.7853],[-97.1956,33.7878],[-97.2005,33.7932],[-97.201,33.7954],[-97.2032,33.7973],[-97.2054,33.8015],[-97.205,33.8189],[-97.1998,33.8274],[-97.1958,33.8308],[-97.1814,33.8314],[-97.1716,33.8353],[-97.1668,33.8404],[-97.1666,33.8473],[-97.1699,33.8597],[-97.177,33.8767],[-97.1764,33.8791],[-97.1808,33.8952],[-97.1855,33.9007],[-97.2004,33.9088],[-97.2061,33.9143],[-97.2109,33.9161],[-97.2285,33.9133],[-97.2316,33.9102],[-97.2395,33.908],[-97.2422,33.9064],[-97.2463,33.9005],[-97.2471,33.8929],[-97.2465,33.8875],[-97.2488,33.8828],[-97.2492,33.8751],[-97.2542,33.8653],[-97.2566,33.8633],[-97.2651,33.8624],[-97.2669,33.86],[-97.2709,33.858],[-97.2729,33.8617],[-97.2854,33.8682],[-97.3022,33.8839],[-97.3092,33.8887],[-97.3103,33.8885],[-97.3112,33.8871],[-97.3094,33.8801],[-97.3099,33.8744],[-97.3143,33.867],[-97.3143,33.8651],[-97.3155,33.8662],[-97.3164,33.8658],[-97.3181,33.8635],[-97.3287,33.8554],[-97.3328,33.8553],[-97.3346,33.8572],[-97.3342,33.8629],[-97.3281,33.8703],[-97.3233,33.8792],[-97.3238,33.8817],[-97.3266,33.8844],[-97.3325,33.8843],[-97.3348,33.8818],[-97.3372,33.8751],[-97.3396,33.8607],[-97.3441,33.8531],[-97.3472,33.8451],[-97.3543,33.838],[-97.3573,33.8314],[-97.3655,33.8237],[-97.3747,33.8186],[-97.3862,33.8195],[-97.3906,33.8188],[-97.3951,33.82],[-97.4064,33.8188],[-97.4137,33.8193],[-97.4142,33.818],[-97.4182,33.8187],[-97.4268,33.8186],[-97.4303,33.8204],[-97.4442,33.8238],[-97.4531,33.8285],[-97.4591,33.8346],[-97.4632,33.8431],[-97.4606,33.8517],[-97.4559,33.8576],[-97.454,33.8667],[-97.4515,33.8709],[-97.4509,33.8914],[-97.4614,33.9052],[-97.4636,33.905],[-97.4691,33.9086],[-97.4842,33.9155],[-97.4851,33.6798],[-97.4871,33.4337],[-97.383,33.4329],[-97.3831,33.4305],[-97.2193,33.4247],[-97.2194,33.4034],[-97.2175,33.403],[-97.2176,33.3959],[-97.2166,33.3956],[-97.2167,33.3923],[-97.2188,33.3909],[-97.219,33.3757],[-97.2171,33.3751],[-97.217,33.3496],[-97.2206,33.3461],[-97.2215,33.3258],[-97.2145,33.3255],[-97.2146,33.3193],[-97.2139,33.3182],[-97.2043,33.318],[-97.2039,33.3209],[-97.2012,33.3219],[-97.1811,33.3238],[-97.1813,33.3246],[-97.1802,33.3246],[-97.18,33.3238],[-97.1687,33.3236],[-97.1678,33.323],[-97.1672,33.3276],[-97.1644,33.3265],[-97.1631,33.3274],[-97.1619,33.3271],[-97.1621,33.3288],[-97.1612,33.3298],[-97.159,33.3289],[-97.1585,33.3272],[-97.1559,33.3261],[-97.1542,33.3272],[-97.1544,33.3284],[-97.156,33.3284],[-97.1553,33.3295],[-97.1521,33.3295],[-97.1479,33.3313],[-97.1414,33.3317],[-97.1427,33.3296],[-97.1413,33.3272],[-97.1418,33.3253],[-97.1399,33.3246],[-97.14,33.3259],[-97.1378,33.327],[-97.1373,33.3243],[-97.1356,33.3238],[-97.1367,33.3227],[-97.1352,33.3218],[-97.1361,33.3195],[-97.1356,33.3118],[-97.1343,33.3118],[-97.1339,33.3131],[-97.1331,33.3117],[-97.1342,33.3102],[-97.1299,33.306],[-97.123,33.3054],[-97.1206,33.3038],[-97.1205,33.3032],[-97.1217,33.3031],[-97.1221,33.302],[-97.1237,33.3013],[-97.1238,33.2996],[-97.1225,33.2989],[-97.1217,33.2996],[-97.1182,33.2999],[-97.1197,33.2974],[-97.117,33.2946],[-97.1149,33.294],[-97.1167,33.2939],[-97.1172,33.2931],[-97.1135,33.2934],[-97.1128,33.2922],[-97.1106,33.2917],[-97.1111,33.2906],[-97.1125,33.2905],[-97.1129,33.2893],[-97.1087,33.2847],[-97.1024,33.282],[-97.0994,33.2787],[-97.0963,33.2778],[-97.0924,33.2818],[-97.0875,33.2824],[-97.088,33.2842],[-97.0867,33.2835],[-97.0843,33.2838],[-97.0825,33.2852],[-97.0812,33.2841],[-97.0771,33.283],[-97.0799,33.2825],[-97.0795,33.2817],[-97.0777,33.2812],[-97.0757,33.2817],[-97.0724,33.2805],[-97.0711,33.2808],[-97.0709,33.2823],[-97.0694,33.2824],[-97.0687,33.279],[-97.0648,33.2804],[-97.0607,33.2782],[-97.061,33.2771],[-97.0583,33.2775],[-97.0551,33.271],[-97.055,33.2676],[-97.057,33.2675],[-97.0575,33.2657],[-97.0539,33.2621],[-97.0533,33.2625],[-97.0544,33.2635],[-97.0542,33.2646],[-97.0501,33.2631],[-97.0488,33.2639],[-97.0491,33.2686],[-97.0449,33.2686],[-97.0372,33.2581],[-97.0361,33.2372],[-97.0312,33.222],[-97.0307,33.2166],[-97.029,33.2123],[-97.0256,33.2084],[-97.0237,33.203],[-97.0203,33.1995],[-97.0198,33.1774],[-97.0421,33.1811],[-97.0415,33.1803],[-97.0426,33.1797],[-97.0445,33.1803],[-97.0465,33.1786],[-97.0474,33.1792],[-97.0492,33.1774],[-97.0521,33.178],[-97.0559,33.1753],[-97.0583,33.1749],[-97.0611,33.1731],[-97.0621,33.1712],[-97.0643,33.1709],[-97.0647,33.1687],[-97.0655,33.1685],[-97.0656,33.1644],[-97.0648,33.1631],[-97.087,33.1638],[-97.087,33.1631],[-97.0889,33.163],[-97.0899,33.1623],[-97.0885,33.1591],[-97.0895,33.1582],[-97.092,33.1582],[-97.092,33.1541],[-97.0907,33.154],[-97.0903,33.1521],[-97.0912,33.1503],[-97.091,33.1471],[-97.0926,33.147],[-97.0933,33.1454],[-97.091,33.1443],[-97.096,33.1432],[-97.0964,33.1321],[-97.1147,33.1325],[-97.1216,33.1369],[-97.1233,33.1369],[-97.1235,33.149],[-97.1223,33.1515],[-97.1225,33.1529],[-97.1234,33.1528],[-97.1224,33.156],[-97.1233,33.1562],[-97.1246,33.1611],[-97.1256,33.1614],[-97.1261,33.1663],[-97.125,33.1679],[-97.1268,33.1701],[-97.1266,33.176],[-97.1419,33.176],[-97.139,33.1821],[-97.1402,33.1939],[-97.1381,33.1989],[-97.1417,33.1988],[-97.1415,33.2053],[-97.146,33.2054],[-97.146,33.2067],[-97.1529,33.2068],[-97.1529,33.2094],[-97.1551,33.2094],[-97.1551,33.2108],[-97.1614,33.2108],[-97.162,33.219],[-97.1958,33.2194],[-97.2168,33.2214],[-97.2296,33.2216],[-97.2295,33.2258],[-97.2344,33.2259],[-97.2344,33.2216],[-97.2453,33.2217],[-97.2571,33.2243],[-97.2601,33.2203],[-97.3174,33.2207],[-97.3182,33.2229],[-97.3314,33.2229],[-97.3377,33.2241],[-97.3539,33.2244],[-97.3551,33.2234],[-97.3602,33.2233],[-97.3609,33.2168],[-97.3734,33.2173],[-97.3742,33.2191],[-97.3834,33.2198],[-97.3887,33.2185],[-97.3916,33.2189],[-97.3908,33.2458],[-97.4115,33.2508],[-97.4381,33.2485],[-97.4507,33.2456],[-97.5061,33.2444],[-97.5274,33.2414],[-97.5679,33.2401],[-97.5807,33.2448],[-97.5878,33.2454],[-97.5941,33.2438],[-97.6113,33.2332],[-97.6196,33.2309],[-97.6388,33.2313],[-97.6644,33.2305],[-97.6787,33.2329],[-97.684,33.2328],[-97.6945,33.232],[-97.7127,33.2291],[-97.7238,33.225],[-97.7186,33.2252],[-97.7192,33.2152],[-97.7324,33.2151],[-97.7323,33.209],[-97.7394,33.2091],[-97.7394,33.2084],[-97.741,33.2091],[-97.7408,33.194],[-97.7444,33.1904],[-97.7462,33.1899],[-97.7482,33.1904],[-97.7484,33.1921],[-97.7493,33.1925],[-97.7506,33.1923],[-97.751,33.1907],[-97.7524,33.1903],[-97.7559,33.1913],[-97.7567,33.1947],[-97.7557,33.2007],[-97.7591,33.2035],[-97.7589,33.2042],[-97.7617,33.2042],[-97.7616,33.2012],[-97.7628,33.2019],[-97.7634,33.1996],[-97.7657,33.2003],[-97.7685,33.1983],[-97.7689,33.2014],[-97.7796,33.196],[-97.7795,33.2013],[-97.7769,33.2013],[-97.7766,33.2056],[-97.7782,33.2061],[-97.7768,33.2078],[-97.7754,33.207],[-97.7736,33.2073],[-97.7736,33.2087],[-97.7788,33.2091],[-97.7787,33.2149],[-97.7827,33.215],[-97.7805,33.2166],[-97.7814,33.2176],[-97.8044,33.2008],[-97.8308,33.1828],[-97.8302,33.1819],[-97.8274,33.182],[-97.8277,33.1672],[-97.8261,33.1673],[-97.826,33.1631],[-97.8243,33.163],[-97.8241,33.1474],[-97.8337,33.1474],[-97.8338,33.15],[-97.8351,33.1501],[-97.8347,33.1513],[-97.8384,33.1526],[-97.8456,33.1529],[-97.8465,33.155],[-97.847,33.1486],[-97.8602,33.1238],[-97.8612,33.1146],[-97.9075,33.1154],[-97.9101,33.114],[-97.9116,33.1121],[-97.9121,33.1039],[-97.9131,33.1017],[-97.9161,33.0996],[-97.9204,33.0993],[-97.9216,33.0013],[-97.6796,32.9964],[-97.5492,32.9949],[-97.5442,32.9942],[-97.4202,32.9922],[-97.3985,32.9908],[-97.3985,32.9917],[-97.3278,32.9914],[-97.3432,32.9784],[-97.3402,32.9764],[-97.3369,32.9775],[-97.3351,32.9772],[-97.3315,32.9749],[-97.3288,32.977],[-97.3259,32.9773],[-97.3231,32.9765],[-97.3218,32.975],[-97.3197,32.9748],[-97.3161,32.9727],[-97.3082,32.9752],[-97.3063,32.981],[-97.2993,32.9913],[-96.9399,32.9888]]]},"properties":{"STATEFP":"48","CD118FP":"26","GEOID":"4826","GEOIDFQ":"5001800US4826","NAMELSAD":"Congressional District 26","LSAD":"C2","CDSESSN":"118","MTFCC":"G5200","FUNCSTAT":"N","ALAND":5091124361,"AWATER":237392605,"INTPTLAT":"+33.4652019","INTPTLON":"-097.3824604"}},
{"type":"Feature","geometry":{"type":"Polygon","coordinates":[[[-96.6403,29.2478],[-96.6585,29.2639],[-96.5606,29.3354],[-96.6876,29.4665],[-96.7931,29.5774],[-96.8328,29.5769],[-96.8348,29.5799],[-96.8386,29.5827],[-96.8393,29.5852],[-96.8365,29.5882],[-96.8357,29.5929],[-96.8333,29.5958],[-96.8371,29.5988],[-96.8379,29.6038],[-96.8404,29.6052],[-96.8413,29.6076],[-96.8442,29.6089],[-96.8423,29.6128],[-96.8429,29.6161],[-96.8445,29.6169],[-96.8462,29.6166],[-96.8487,29.6182],[-96.8475,29.6207],[-96.8591,29.6244],[-96.8591,29.6267],[-96.8631,29.6283],[-96.8629,29.6297],[-96.8659,29.6304],[-96.865,29.6327],[-97.1433,29.6281],[-97.1305,29.6433],[-97.3179,29.7847],[-97.1942,29.8968],[-97.1943,29.9212],[-97.1872,29.9313],[-97.1676,29.9749],[-97.1676,29.9958],[-97.1668,30.0049],[-97.1625,30.0118],[-97.162,30.0155],[-97.1606,30.0171],[-97.1648,30.0328],[-97.1675,30.0367],[-97.1771,30.0443],[-97.2011,30.0534],[-97.2183,30.0674],[-97.2365,30.0734],[-97.2386,30.0753],[-97.2437,30.0832],[-97.2528,30.0891],[-97.2651,30.0929],[-97.2712,30.0975],[-97.2776,30.1003],[-97.2909,30.1041],[-97.292,30.1011],[-97.2897,30.1001],[-97.291,30.0976],[-97.2932,30.0959],[-97.2899,30.0939],[-97.2878,30.0938],[-97.2874,30.0922],[-97.29,30.0914],[-97.2907,30.0879],[-97.2875,30.0875],[-97.2844,30.0883],[-97.282,30.0824],[-97.2826,30.0799],[-97.285,30.0767],[-97.2835,30.0725],[-97.2882,30.0676],[-97.2903,30.0671],[-97.2965,30.0683],[-97.2995,30.0707],[-97.3075,30.0736],[-97.3118,30.0761],[-97.3125,30.0745],[-97.3172,30.0796],[-97.3221,30.081],[-97.3295,30.0806],[-97.3364,30.077],[-97.3418,30.0757],[-97.3464,30.0763],[-97.3488,30.0789],[-97.3498,30.0827],[-97.3499,30.0894],[-97.3479,30.0923],[-97.343,30.095],[-97.3379,30.0937],[-97.3384,30.0939],[-97.335,30.0941],[-97.3328,30.0953],[-97.3236,30.0976],[-97.3224,30.0981],[-97.3197,30.1038],[-97.3228,30.11],[-97.329,30.1128],[-97.3318,30.1182],[-97.3372,30.1222],[-97.3414,30.1226],[-97.3506,30.1209],[-97.3535,30.1217],[-97.3577,30.125],[-97.3613,30.1293],[-97.3613,30.1341],[-97.3646,30.1409],[-97.3671,30.1433],[-97.373,30.1458],[-97.374,30.1492],[-97.3733,30.1526],[-97.3703,30.1542],[-97.3673,30.1536],[-97.3649,30.1507],[-97.3589,30.1476],[-97.3522,30.1472],[-97.3499,30.1481],[-97.3456,30.1556],[-97.3485,30.1678],[-97.3546,30.1647],[-97.3642,30.1619],[-97.3795,30.1617],[-97.3844,30.164],[-97.3851,30.166],[-97.3778,30.182],[-97.3814,30.1834],[-97.3866,30.1822],[-97.3932,30.1872],[-97.3989,30.187],[-97.4017,30.1853],[-97.402,30.1835],[-97.4005,30.1793],[-97.3966,30.177],[-97.3971,30.1717],[-97.4044,30.1665],[-97.4106,30.1603],[-97.4163,30.1601],[-97.4225,30.1574],[-97.4285,30.1527],[-97.432,30.1476],[-97.4372,30.1437],[-97.4417,30.1422],[-97.4438,30.1426],[-97.4528,30.1496],[-97.4532,30.1516],[-97.4521,30.1534],[-97.447,30.1573],[-97.4438,30.1627],[-97.4395,30.1666],[-97.434,30.1751],[-97.4245,30.1821],[-97.4227,30.1859],[-97.4237,30.1882],[-97.4282,30.1908],[-97.432,30.1908],[-97.4585,30.1821],[-97.4614,30.1821],[-97.465,30.1844],[-97.4697,30.1829],[-97.4723,30.1832],[-97.4753,30.1855],[-97.4846,30.1888],[-97.4854,30.1901],[-97.4855,30.1953],[-97.4889,30.2004],[-97.4884,30.2014],[-97.4853,30.2018],[-97.4842,30.2028],[-97.4836,30.2061],[-97.4913,30.2121],[-97.4925,30.21],[-97.5189,30.1859],[-97.6095,30.1037],[-97.6142,30.1005],[-97.6392,30.0783],[-97.6494,30.0679],[-97.6537,30.0716],[-97.7078,30.0241],[-97.7468,29.9958],[-97.7492,29.9959],[-97.7532,29.994],[-97.7607,29.9881],[-97.7648,29.9798],[-97.7747,29.9675],[-97.7769,29.9635],[-97.7856,29.9573],[-97.7878,29.9548],[-97.7903,29.9478],[-97.7924,29.9452],[-97.8035,29.9412],[-97.8174,29.9347],[-97.8274,29.9291],[-97.8368,29.9222],[-97.8502,29.9154],[-97.8939,29.8837],[-97.8969,29.865],[-97.8991,29.8574],[-97.8896,29.8564],[-97.8879,29.8578],[-97.886,29.8623],[-97.8843,29.8625],[-97.881,29.8608],[-97.8753,29.8603],[-97.8745,29.8596],[-97.8753,29.8582],[-97.873,29.8559],[-97.8722,29.8525],[-97.8689,29.8514],[-97.8673,29.8519],[-97.8672,29.8545],[-97.8646,29.8561],[-97.8614,29.855],[-97.8562,29.8489],[-97.8555,29.8439],[-97.8537,29.8431],[-97.849,29.8435],[-97.8473,29.8424],[-97.8448,29.8391],[-97.8439,29.8328],[-97.8413,29.8319],[-97.8403,29.8294],[-97.837,29.8277],[-97.8369,29.825],[-97.8415,29.8249],[-97.8427,29.824],[-97.8421,29.8215],[-97.8397,29.8204],[-97.8406,29.8162],[-97.8423,29.8132],[-97.8454,29.8109],[-97.8464,29.8086],[-97.8457,29.8074],[-97.8448,29.8085],[-97.8424,29.8083],[-97.8419,29.8075],[-97.8423,29.8023],[-97.8432,29.8008],[-97.8424,29.7992],[-97.8385,29.7976],[-97.8369,29.7952],[-97.8341,29.7947],[-97.8303,29.7955],[-97.8295,29.7935],[-97.83,29.79],[-97.8317,29.7874],[-97.8324,29.7845],[-97.8293,29.7796],[-97.8277,29.7792],[-97.829,29.7808],[-97.8282,29.7816],[-97.8242,29.7814],[-97.8263,29.7834],[-97.8261,29.7846],[-97.8233,29.7855],[-97.8227,29.7846],[-97.824,29.7835],[-97.8218,29.7827],[-97.8196,29.7894],[-97.8171,29.7904],[-97.8154,29.7882],[-97.8143,29.7847],[-97.8119,29.7839],[-97.815,29.7809],[-97.8148,29.7802],[-97.8125,29.7781],[-97.8109,29.7792],[-97.8118,29.7797],[-97.8114,29.7803],[-97.8085,29.7798],[-97.8056,29.7771],[-97.8065,29.7753],[-97.8055,29.7732],[-97.808,29.7746],[-97.8112,29.7745],[-97.8104,29.7729],[-97.8054,29.7674],[-97.8021,29.7666],[-97.8012,29.767],[-97.8003,29.7662],[-97.8002,29.7609],[-97.8009,29.7592],[-97.8028,29.7587],[-97.8038,29.7574],[-97.803,29.7567],[-97.804,29.7553],[-97.8036,29.7537],[-97.8014,29.7542],[-97.8011,29.7532],[-97.7994,29.7523],[-97.7942,29.7528],[-97.7929,29.7542],[-97.7928,29.7593],[-97.787,29.7609],[-97.7808,29.7591],[-97.7805,29.7582],[-97.7817,29.758],[-97.7801,29.7563],[-97.7812,29.7527],[-97.7795,29.7482],[-97.7803,29.7477],[-97.7815,29.7487],[-97.7822,29.7479],[-97.7771,29.7467],[-97.774,29.7439],[-97.7741,29.7416],[-97.7729,29.7422],[-97.7686,29.7416],[-97.7707,29.7378],[-97.7705,29.7335],[-97.7713,29.7328],[-97.7723,29.7338],[-97.771,29.7323],[-97.7653,29.7285],[-97.7637,29.7279],[-97.7613,29.7283],[-97.761,29.7255],[-97.7587,29.7255],[-97.7592,29.7238],[-97.7635,29.7218],[-97.7665,29.7218],[-97.7685,29.7201],[-97.7683,29.7189],[-97.7657,29.7171],[-97.7634,29.713],[-97.759,29.7146],[-97.7565,29.7178],[-97.7471,29.714],[-97.7466,29.7126],[-97.7497,29.7119],[-97.749,29.7111],[-97.7461,29.7113],[-97.7449,29.7127],[-97.7439,29.7119],[-97.7384,29.713],[-97.7366,29.7107],[-97.7359,29.7056],[-97.7368,29.7022],[-97.7433,29.6988],[-97.7433,29.697],[-97.7385,29.6965],[-97.7354,29.6936],[-97.736,29.6913],[-97.7276,29.6879],[-97.7256,29.6857],[-97.7221,29.6855],[-97.7214,29.6844],[-97.7227,29.6822],[-97.7172,29.6841],[-97.7172,29.6818],[-97.7117,29.6815],[-97.7087,29.6837],[-97.7043,29.6824],[-97.7039,29.6813],[-97.7058,29.6799],[-97.7048,29.6791],[-97.7053,29.6775],[-97.7066,29.6773],[-97.7052,29.6756],[-97.7061,29.6746],[-97.7038,29.6742],[-97.7034,29.6705],[-97.7022,29.6701],[-97.7022,29.6686],[-97.7009,29.6686],[-97.6983,29.6667],[-97.6972,29.667],[-97.6983,29.6692],[-97.6927,29.6734],[-97.692,29.6727],[-97.6907,29.6731],[-97.6916,29.6724],[-97.6909,29.6717],[-97.6883,29.6726],[-97.6851,29.6668],[-97.6853,29.6663],[-97.6865,29.6673],[-97.6872,29.6664],[-97.6858,29.6657],[-97.6839,29.6661],[-97.6833,29.6673],[-97.682,29.6661],[-97.6838,29.6643],[-97.6805,29.6636],[-97.6786,29.6643],[-97.6784,29.6668],[-97.6766,29.667],[-97.6778,29.6688],[-97.6759,29.6681],[-97.6741,29.6686],[-97.6752,29.6657],[-97.6732,29.6632],[-97.6712,29.6641],[-97.6709,29.6671],[-97.6692,29.6675],[-97.6659,29.6669],[-97.665,29.6688],[-97.6634,29.667],[-97.661,29.6685],[-97.6594,29.6665],[-97.6588,29.6634],[-97.6567,29.6626],[-97.6568,29.6647],[-97.6529,29.6679],[-97.6505,29.6658],[-97.6492,29.6623],[-97.6479,29.6623],[-97.6476,29.6611],[-97.6485,29.657],[-97.6496,29.6574],[-97.6492,29.6596],[-97.6502,29.6614],[-97.6521,29.6619],[-97.6534,29.6604],[-97.6533,29.6586],[-97.6543,29.658],[-97.6518,29.654],[-97.65,29.6553],[-97.6482,29.6542],[-97.6429,29.6546],[-97.6419,29.6523],[-97.6405,29.6519],[-97.639,29.6533],[-97.638,29.6532],[-97.6378,29.6543],[-97.6363,29.6554],[-97.6353,29.6537],[-97.631,29.6535],[-97.6313,29.6508],[-97.6332,29.651],[-97.6332,29.6499],[-97.6531,29.6233],[-97.7466,29.5003],[-97.7539,29.4886],[-97.8588,29.3529],[-97.7933,29.2873],[-97.7577,29.2502],[-97.6131,29.1098],[-97.625,29.1008],[-97.6302,29.0984],[-97.7551,29.0071],[-97.5746,28.8133],[-97.7785,28.668],[-97.7812,28.6702],[-97.7845,28.6707],[-97.785,28.6728],[-97.7871,28.6741],[-97.7874,28.6756],[-97.7899,28.6756],[-97.7919,28.677],[-97.7935,28.6761],[-97.7952,28.6734],[-97.8253,28.6703],[-97.8264,28.6726],[-97.8256,28.6735],[-97.8261,28.6746],[-97.8297,28.678],[-97.8309,28.6776],[-97.8315,28.6759],[-97.834,28.6756],[-97.8339,28.6773],[-97.8352,28.678],[-97.8357,28.6804],[-97.8374,28.6806],[-97.8381,28.6793],[-97.8393,28.6813],[-97.8411,28.6805],[-97.8424,28.6816],[-97.8506,28.6837],[-97.8529,28.6851],[-97.8582,28.6843],[-97.863,28.6864],[-97.8668,28.6894],[-97.8707,28.6895],[-97.8736,28.6912],[-97.8758,28.6914],[-97.8767,28.6935],[-97.8794,28.6937],[-97.8794,28.6959],[-97.8807,28.6946],[-97.8814,28.6965],[-97.8843,28.6957],[-97.8847,28.6985],[-97.886,28.698],[-97.8864,28.6989],[-97.8891,28.6999],[-97.8922,28.6992],[-97.8934,28.7006],[-97.8919,28.7033],[-97.8926,28.7039],[-97.8931,28.7034],[-97.8933,28.705],[-97.8951,28.704],[-97.8978,28.7057],[-97.8983,28.7086],[-97.8994,28.7103],[-97.9009,28.7106],[-97.9004,28.7113],[-97.902,28.7129],[-97.9071,28.7133],[-97.9151,28.7196],[-97.9167,28.7184],[-97.9181,28.7192],[-97.9988,28.6922],[-98.0898,28.663],[-97.9933,28.5003],[-97.9507,28.426],[-97.8088,28.1834],[-97.9041,28.1142],[-97.8978,28.1133],[-97.8993,28.1034],[-97.8988,28.1021],[-97.8966,28.1018],[-97.8966,28.1002],[-97.8981,28.0994],[-97.9034,28.0993],[-97.9073,28.0976],[-97.9069,28.0954],[-97.9087,28.0925],[-97.9085,28.0896],[-97.9074,28.0865],[-97.905,28.0874],[-97.9017,28.0829],[-97.8995,28.0821],[-97.8954,28.0759],[-97.8974,28.0745],[-97.8997,28.0761],[-97.9011,28.0759],[-97.9021,28.0719],[-97.9002,28.0695],[-97.9014,28.0683],[-97.8998,28.0653],[-97.8978,28.0645],[-97.8953,28.0612],[-97.8937,28.0608],[-97.8917,28.0631],[-97.8904,28.0634],[-97.8891,28.0629],[-97.8899,28.0617],[-97.8893,28.0607],[-97.884,28.06],[-97.8836,28.0591],[-97.8846,28.0576],[-97.8828,28.0563],[-97.8845,28.0554],[-97.8844,28.0542],[-97.8825,28.0531],[-97.8794,28.0541],[-97.875,28.0504],[-97.875,28.049],[-97.8783,28.0476],[-97.8781,28.0463],[-97.8747,28.0452],[-97.872,28.0463],[-97.868,28.0412],[-97.8646,28.0415],[-97.8606,28.0381],[-97.8548,28.0384],[-97.8529,28.0366],[-97.8495,28.0376],[-97.8486,28.0363],[-97.8455,28.0368],[-97.8412,28.0361],[-97.8389,28.0346],[-97.8343,28.0361],[-97.8342,28.0372],[-97.8235,28.0357],[-97.8227,28.0368],[-97.8249,28.0366],[-97.8261,28.038],[-97.8233,28.0394],[-97.8199,28.0389],[-97.8204,28.0403],[-97.8195,28.0408],[-97.8143,28.0385],[-97.8128,28.0392],[-97.8118,28.0416],[-97.8058,28.0414],[-97.8011,28.038],[-97.8016,28.0361],[-97.7986,28.0336],[-97.8001,28.0325],[-97.7989,28.0311],[-97.7961,28.0313],[-97.7937,28.0249],[-97.7903,28.0194],[-97.7912,28.0163],[-97.789,28.0139],[-97.7905,28.0128],[-97.7906,28.0114],[-97.7916,28.0112],[-97.7924,28.012],[-97.7917,28.0146],[-97.7934,28.0145],[-97.7951,28.0111],[-97.7966,28.011],[-97.7958,28.0031],[-97.7985,27.9957],[-97.9343,27.8852],[-97.9336,27.7769],[-97.9421,27.6359],[-97.9324,27.6359],[-97.9316,27.6326],[-97.9285,27.631],[-97.9246,27.6273],[-97.9251,27.6246],[-97.9232,27.6246],[-97.9211,27.6229],[-97.918,27.6227],[-97.9132,27.6236],[-97.9104,27.6222],[-97.9076,27.6244],[-97.9057,27.6222],[-97.9027,27.6218],[-97.9009,27.6227],[-97.8958,27.6205],[-97.8909,27.6212],[-97.8886,27.6202],[-97.8871,27.6178],[-97.8878,27.6165],[-97.8873,27.6158],[-97.8819,27.6136],[-97.8809,27.6121],[-97.8796,27.6122],[-97.8794,27.6093],[-97.8767,27.6085],[-97.8763,27.6067],[-97.8774,27.6059],[-97.8774,27.6036],[-97.8764,27.603],[-97.8752,27.5987],[-97.8774,27.5965],[-97.8758,27.5947],[-97.8759,27.5921],[-97.8744,27.5905],[-97.8738,27.5878],[-97.8719,27.5866],[-97.8701,27.5874],[-97.8692,27.5855],[-97.8654,27.5823],[-97.8644,27.5829],[-97.8624,27.581],[-97.8602,27.5818],[-97.8579,27.5807],[-97.8583,27.5784],[-97.8554,27.5765],[-97.8532,27.5764],[-97.8524,27.5745],[-97.8513,27.5748],[-97.851,27.5731],[-97.849,27.573],[-97.8494,27.5703],[-97.8475,27.5697],[-97.8476,27.5685],[-97.8455,27.5682],[-97.8471,27.5667],[-97.8468,27.5662],[-97.8449,27.5673],[-97.844,27.5659],[-97.8416,27.5656],[-97.8419,27.5645],[-97.8399,27.565],[-97.8389,27.5629],[-97.8402,27.562],[-97.8386,27.5615],[-97.84,27.5602],[-97.8388,27.5592],[-97.8407,27.5584],[-97.6424,27.5595],[-97.6069,27.5603],[-97.3909,27.56],[-97.3252,27.5609],[-97.2421,27.5829],[-97.2223,27.5764],[-97.1651,27.5683],[-97.1253,27.6406],[-97.0467,27.755],[-97.0219,27.7834],[-97.0089,27.7868],[-96.9917,27.7972],[-96.9843,27.8038],[-96.9595,27.8753],[-96.9385,27.9012],[-96.9087,27.9341],[-96.8753,27.9699],[-96.8442,28.0003],[-96.7463,28.0796],[-96.6661,28.1377],[-96.6407,28.1554],[-96.6188,28.1695],[-96.531,28.2212],[-96.4258,28.2687],[-96.4024,28.2781],[-96.3952,28.2797],[-96.3805,28.3809],[-96.3227,28.6429],[-96.3235,28.6756],[-96.3128,28.8764],[-96.3092,28.9633],[-96.6101,29.2228],[-96.6253,29.2344],[-96.6403,29.2478]]]},"properties":{"STATEFP":"48","CD118FP":"27","GEOID":"4827","GEOIDFQ":"5001800US4827","NAMELSAD":"Congressional District 27","LSAD":"C2","CDSESSN":"118","MTFCC":"G5200","FUNCSTAT":"N","ALAND":27008446710,"AWATER":3216029043,"INTPTLAT":"+28.7484113","INTPTLON":"-097.2271464"}},
{"type":"Feature","geometry":{"type":"Polygon","coordinates":[[[-95.309,32.9626],[-95.6654,32.9604],[-95.6349,32.7211],[-95.635,32.7204],[-95.6371,32.7247],[-95.6396,32.7245],[-95.6401,32.7233],[-95.6393,32.7217],[-95.6412,32.718],[-95.6424,32.719],[-95.6466,32.7179],[-95.6485,32.7193],[-95.6489,32.7181],[-95.6504,32.7177],[-95.6506,32.7166],[-95.6522,32.7162],[-95.6515,32.7153],[-95.6521,32.7139],[-95.6536,32.7141],[-95.6547,32.7131],[-95.6554,32.7141],[-95.657,32.7141],[-95.6598,32.7114],[-95.6627,32.7118],[-95.6615,32.7135],[-95.6641,32.7157],[-95.6661,32.7155],[-95.6669,32.7138],[-95.6682,32.7134],[-95.6679,32.7164],[-95.6705,32.7163],[-95.6737,32.7189],[-95.6715,32.7207],[-95.6716,32.7224],[-95.6728,32.7233],[-95.6742,32.7217],[-95.6768,32.7232],[-95.6777,32.728],[-95.6797,32.7273],[-95.6811,32.7285],[-95.6849,32.7273],[-95.6856,32.7288],[-95.6885,32.7285],[-95.689,32.7297],[-95.6875,32.7299],[-95.687,32.7309],[-95.6894,32.7306],[-95.6887,32.7315],[-95.6893,32.7345],[-95.6912,32.7373],[-95.695,32.7366],[-95.6963,32.7377],[-95.7018,32.7376],[-95.7021,32.7389],[-95.7012,32.7395],[-95.7023,32.7403],[-95.7023,32.7424],[-95.7036,32.7418],[-95.7049,32.7428],[-95.7064,32.7425],[-95.7071,32.7438],[-95.7083,32.7431],[-95.7101,32.7456],[-95.7132,32.7439],[-95.7159,32.744],[-95.7204,32.7459],[-95.7235,32.7482],[-95.7254,32.7482],[-95.7257,32.7468],[-95.7271,32.7482],[-95.7303,32.7483],[-95.7318,32.7494],[-95.7315,32.7471],[-95.7335,32.7462],[-95.7336,32.7478],[-95.736,32.7514],[-95.7333,32.7512],[-95.733,32.7522],[-95.7367,32.7539],[-95.7392,32.7568],[-95.7404,32.7564],[-95.7398,32.7551],[-95.7404,32.7546],[-95.7427,32.7546],[-95.7447,32.7556],[-95.7468,32.7538],[-95.7485,32.7542],[-95.7494,32.7564],[-95.7508,32.7561],[-95.7528,32.7579],[-95.7541,32.7578],[-95.7561,32.7566],[-95.755,32.7549],[-95.7558,32.7541],[-95.7593,32.7559],[-95.7606,32.7583],[-95.7623,32.7554],[-95.7644,32.7594],[-95.763,32.7601],[-95.7631,32.7614],[-95.7614,32.7613],[-95.7612,32.762],[-95.765,32.764],[-95.7631,32.7663],[-95.7629,32.7685],[-95.7613,32.7687],[-95.761,32.7697],[-95.7625,32.7706],[-95.7644,32.7698],[-95.7655,32.7716],[-95.7661,32.771],[-95.7669,32.7719],[-95.7687,32.7714],[-95.77,32.7727],[-95.7713,32.772],[-95.7724,32.7727],[-95.7727,32.7708],[-95.7743,32.7713],[-95.7758,32.7708],[-95.7765,32.7723],[-95.7792,32.7737],[-95.78,32.7731],[-95.7789,32.7708],[-95.7824,32.7722],[-95.7829,32.7704],[-95.7847,32.7701],[-95.785,32.7719],[-95.7867,32.7733],[-95.7913,32.7724],[-95.7915,32.7733],[-95.7898,32.7734],[-95.7897,32.7746],[-95.7922,32.7745],[-95.7954,32.7758],[-95.7959,32.7749],[-95.795,32.7732],[-95.7971,32.7725],[-95.7989,32.7738],[-95.8019,32.7741],[-95.8046,32.7713],[-95.8047,32.7726],[-95.8063,32.7724],[-95.8066,32.7737],[-95.8076,32.7739],[-95.8068,32.7698],[-95.8081,32.7693],[-95.8077,32.768],[-95.8158,32.7655],[-95.8167,32.7668],[-95.8131,32.7671],[-95.8146,32.7683],[-95.8137,32.7697],[-95.8148,32.771],[-95.8174,32.7682],[-95.819,32.77],[-95.8193,32.7679],[-95.8203,32.7673],[-95.8217,32.7675],[-95.8226,32.7687],[-95.8233,32.7678],[-95.8258,32.768],[-95.8279,32.7668],[-95.8297,32.7671],[-95.8297,32.7688],[-95.8312,32.7703],[-95.8342,32.7707],[-95.8353,32.7719],[-95.838,32.7713],[-95.8382,32.7704],[-95.8428,32.7703],[-95.8438,32.7691],[-95.8447,32.7704],[-95.8454,32.7693],[-95.8471,32.7696],[-95.8486,32.7715],[-95.8507,32.7708],[-95.8527,32.772],[-95.8521,32.7742],[-95.8548,32.7746],[-95.8566,32.7764],[-95.8548,32.7786],[-95.8578,32.7785],[-95.8589,32.777],[-95.8637,32.7769],[-95.8653,32.7824],[-95.8701,32.7835],[-95.8706,32.785],[-95.8726,32.7858],[-95.8726,32.7884],[-95.8753,32.7871],[-95.8754,32.7895],[-95.8773,32.7875],[-95.8785,32.7878],[-95.8771,32.7891],[-95.8777,32.7912],[-95.879,32.7917],[-95.8787,32.7896],[-95.8798,32.7894],[-95.8844,32.7928],[-95.8895,32.7951],[-95.8911,32.799],[-95.8932,32.7984],[-95.8922,32.7995],[-95.8926,32.8006],[-95.8947,32.7991],[-95.8949,32.801],[-95.8935,32.8025],[-95.8946,32.8036],[-95.8954,32.8037],[-95.8959,32.8022],[-95.8977,32.803],[-95.8993,32.8022],[-95.9012,32.8034],[-95.9013,32.8046],[-95.9067,32.8069],[-95.9043,32.8085],[-95.905,32.8097],[-95.9125,32.8116],[-95.9157,32.811],[-95.9167,32.8135],[-95.9177,32.8134],[-95.9188,32.8149],[-95.9224,32.8156],[-95.9215,32.818],[-95.9241,32.8177],[-95.9246,32.8184],[-95.924,32.8195],[-95.9224,32.8197],[-95.9222,32.821],[-95.9246,32.821],[-95.9257,32.8228],[-95.9275,32.8224],[-95.9265,32.8254],[-95.9277,32.8261],[-95.9276,32.8271],[-95.9255,32.8272],[-95.9256,32.8293],[-95.9344,32.8372],[-96.0765,32.8385],[-96.2973,32.8417],[-96.2974,32.8142],[-96.519,32.8136],[-96.517,32.9829],[-96.6134,32.9843],[-96.6409,32.9847],[-96.6411,32.9694],[-96.6426,32.9653],[-96.6562,32.9539],[-96.6536,32.9514],[-96.6655,32.9515],[-96.6649,32.9291],[-96.6655,32.8716],[-96.6681,32.8681],[-96.6461,32.8541],[-96.6349,32.8438],[-96.6397,32.8397],[-96.6423,32.8396],[-96.6472,32.8377],[-96.6484,32.8388],[-96.6526,32.8353],[-96.6553,32.8376],[-96.659,32.8344],[-96.6605,32.8348],[-96.6605,32.8308],[-96.6582,32.8309],[-96.6581,32.8215],[-96.6617,32.8214],[-96.6623,32.8155],[-96.6653,32.8155],[-96.6654,32.8071],[-96.6683,32.807],[-96.6682,32.8037],[-96.6746,32.8001],[-96.6742,32.799],[-96.6558,32.7932],[-96.6554,32.7895],[-96.6459,32.781],[-96.6467,32.7683],[-96.6299,32.7681],[-96.6287,32.7737],[-96.6127,32.7689],[-96.5972,32.7673],[-96.5972,32.7641],[-96.5996,32.7641],[-96.6006,32.7664],[-96.6043,32.7667],[-96.6044,32.7653],[-96.6024,32.7653],[-96.6024,32.7627],[-96.6044,32.7626],[-96.6052,32.7614],[-96.6052,32.7559],[-96.6174,32.7559],[-96.613,32.7465],[-96.6122,32.7425],[-96.6116,32.7431],[-96.612,32.746],[-96.608,32.746],[-96.6064,32.7468],[-96.6045,32.7461],[-96.602,32.7467],[-96.5988,32.7439],[-96.5973,32.7452],[-96.5835,32.7448],[-96.5835,32.7456],[-96.5817,32.7455],[-96.5712,32.7375],[-96.5661,32.7376],[-96.5644,32.7394],[-96.5592,32.7349],[-96.5798,32.7178],[-96.5783,32.7165],[-96.5807,32.7146],[-96.5799,32.714],[-96.5827,32.7117],[-96.5838,32.7127],[-96.5849,32.7118],[-96.5753,32.7033],[-96.5736,32.7019],[-96.563,32.7012],[-96.5616,32.6976],[-96.5553,32.6921],[-96.5585,32.6891],[-96.5566,32.6875],[-96.5631,32.6817],[-96.5629,32.6811],[-96.5735,32.6802],[-96.5747,32.6809],[-96.5759,32.6799],[-96.5746,32.6787],[-96.579,32.6752],[-96.5807,32.676],[-96.5884,32.6698],[-96.5954,32.6731],[-96.598,32.6709],[-96.5883,32.6661],[-96.5899,32.6648],[-96.5907,32.6653],[-96.5904,32.6644],[-96.5946,32.661],[-96.5902,32.6595],[-96.5821,32.6524],[-96.5854,32.6478],[-96.5957,32.6395],[-96.5963,32.6372],[-96.6084,32.6274],[-96.6134,32.6272],[-96.614,32.6252],[-96.6222,32.6177],[-96.6172,32.6122],[-96.6075,32.6128],[-96.6059,32.61],[-96.6027,32.6086],[-96.6014,32.6087],[-96.5985,32.6114],[-96.5953,32.6113],[-96.5944,32.6096],[-96.5977,32.6092],[-96.5994,32.6079],[-96.5983,32.6049],[-96.5952,32.6064],[-96.5888,32.606],[-96.5863,32.6005],[-96.5881,32.5967],[-96.5828,32.5848],[-96.584,32.5825],[-96.5806,32.5806],[-96.5821,32.5785],[-96.5807,32.5772],[-96.5779,32.5764],[-96.575,32.578],[-96.5731,32.5775],[-96.5756,32.5712],[-96.5754,32.5698],[-96.5742,32.5688],[-96.5684,32.5676],[-96.5667,32.5664],[-96.5612,32.5553],[-96.5561,32.5517],[-96.5544,32.5519],[-96.5511,32.5544],[-96.55,32.5542],[-96.548,32.5512],[-96.5415,32.5459],[-96.531,32.546],[-96.5297,32.5453],[-96.529,32.5401],[-96.5272,32.5395],[-96.5258,32.5414],[-96.5238,32.5412],[-96.5243,32.537],[-96.5202,32.5351],[-96.5197,32.5318],[-96.5155,32.532],[-96.5145,32.536],[-96.5122,32.5362],[-96.5072,32.5324],[-96.5079,32.531],[-96.5097,32.5311],[-96.5104,32.5303],[-96.5094,32.5265],[-96.5062,32.5251],[-96.5046,32.5272],[-96.503,32.526],[-96.5051,32.518],[-96.5076,32.5175],[-96.5071,32.5164],[-96.5034,32.5153],[-96.5015,32.5129],[-96.5019,32.5119],[-96.504,32.5116],[-96.5065,32.5132],[-96.5094,32.5112],[-96.5125,32.5133],[-96.5133,32.5121],[-96.5113,32.5092],[-96.5089,32.5016],[-96.5079,32.5012],[-96.506,32.5023],[-96.5047,32.5018],[-96.5005,32.4955],[-96.5009,32.4942],[-96.5031,32.4937],[-96.5047,32.4956],[-96.5047,32.4979],[-96.5067,32.4976],[-96.5087,32.4947],[-96.5087,32.4919],[-96.5062,32.4901],[-96.5026,32.4898],[-96.5018,32.4882],[-96.5032,32.4869],[-96.5062,32.4864],[-96.51,32.4835],[-96.5102,32.4819],[-96.5047,32.4779],[-96.5012,32.47],[-96.4963,32.4685],[-96.4928,32.4662],[-96.4949,32.4608],[-96.4933,32.4579],[-96.4935,32.4566],[-96.4973,32.4549],[-96.4982,32.4534],[-96.4931,32.4531],[-96.4879,32.4511],[-96.4859,32.452],[-96.4843,32.4515],[-96.4832,32.4464],[-96.4842,32.4437],[-96.4774,32.4344],[-96.471,32.4318],[-96.4627,32.4266],[-96.4568,32.4243],[-96.4537,32.4238],[-96.4503,32.4246],[-96.4493,32.4221],[-96.4409,32.4162],[-96.4388,32.4126],[-96.4344,32.4111],[-96.4352,32.409],[-96.4377,32.4075],[-96.4364,32.4042],[-96.4398,32.4001],[-96.4384,32.3982],[-96.4373,32.3934],[-96.4354,32.3919],[-96.4345,32.3892],[-96.4356,32.3881],[-96.438,32.3896],[-96.4389,32.3891],[-96.4356,32.3867],[-96.439,32.3833],[-96.4374,32.3786],[-96.4444,32.3784],[-96.4453,32.3752],[-96.4486,32.376],[-96.4473,32.3725],[-96.4442,32.3711],[-96.4437,32.3701],[-96.4444,32.3691],[-96.4459,32.369],[-96.4484,32.3706],[-96.4469,32.368],[-96.4477,32.3667],[-96.4495,32.3667],[-96.4514,32.3685],[-96.4504,32.37],[-96.4517,32.3712],[-96.4538,32.3679],[-96.4537,32.3669],[-96.4513,32.3663],[-96.45,32.3645],[-96.4546,32.3615],[-96.4523,32.3594],[-96.4537,32.3572],[-96.4505,32.3548],[-96.4484,32.3545],[-96.4493,32.351],[-96.4505,32.3509],[-96.4531,32.3528],[-96.4546,32.3523],[-96.4539,32.3488],[-96.452,32.3476],[-96.4518,32.345],[-96.45,32.3442],[-96.4471,32.3458],[-96.4413,32.3463],[-96.4418,32.3443],[-96.4408,32.3438],[-96.4389,32.3457],[-96.4363,32.3454],[-96.4369,32.3414],[-96.4338,32.3407],[-96.4329,32.3393],[-96.4303,32.3389],[-96.4314,32.3372],[-96.4302,32.3322],[-96.4262,32.3344],[-96.4259,32.3362],[-96.4238,32.3353],[-96.4233,32.3332],[-96.4216,32.3323],[-96.4198,32.3329],[-96.4204,32.3348],[-96.4175,32.3355],[-96.4164,32.335],[-96.4157,32.3331],[-96.4116,32.3325],[-96.4081,32.3285],[-96.4056,32.3277],[-96.4004,32.3288],[-96.3942,32.3327],[-96.3908,32.3339],[-96.3857,32.3322],[-96.3813,32.3275],[-96.3747,32.3249],[-96.3672,32.3177],[-96.3644,32.3164],[-96.3601,32.3169],[-96.3573,32.3159],[-96.3531,32.3117],[-96.3488,32.3134],[-96.3461,32.3131],[-96.3437,32.3105],[-96.3454,32.309],[-96.3424,32.3077],[-96.3393,32.3085],[-96.339,32.306],[-96.331,32.3035],[-96.3244,32.3031],[-96.3233,32.3042],[-96.3244,32.3061],[-96.3234,32.3063],[-96.3194,32.3036],[-96.3159,32.3028],[-96.3174,32.301],[-96.3166,32.3003],[-96.3152,32.3003],[-96.3135,32.303],[-96.3119,32.3028],[-96.3098,32.3002],[-96.3113,32.2989],[-96.3101,32.2983],[-96.3072,32.2988],[-96.3073,32.301],[-96.3049,32.3022],[-96.304,32.3011],[-96.3047,32.2989],[-96.3034,32.2973],[-96.3016,32.2979],[-96.301,32.3006],[-96.2992,32.3014],[-96.2966,32.2982],[-96.2976,32.2965],[-96.3,32.2954],[-96.3004,32.2942],[-96.2975,32.2933],[-96.2889,32.2932],[-96.2893,32.2919],[-96.2937,32.29],[-96.2899,32.2887],[-96.2882,32.2871],[-96.2838,32.2789],[-96.2847,32.2719],[-96.2883,32.2713],[-96.2902,32.2689],[-96.2892,32.2675],[-96.2859,32.2671],[-96.2849,32.2658],[-96.2859,32.256],[-96.2851,32.2546],[-96.2806,32.2541],[-96.2804,32.2551],[-96.2823,32.257],[-96.2823,32.2581],[-96.2777,32.2606],[-96.2766,32.2558],[-96.2742,32.2529],[-96.2728,32.2525],[-96.2721,32.2532],[-96.2726,32.2556],[-96.2677,32.2592],[-96.2647,32.2522],[-96.2617,32.2495],[-96.2607,32.2499],[-96.2605,32.2513],[-96.2596,32.2512],[-96.2595,32.2494],[-96.2574,32.2474],[-96.2576,32.2454],[-96.2565,32.2451],[-96.2509,32.2473],[-96.252,32.2486],[-96.2553,32.2492],[-96.2544,32.2506],[-96.2489,32.251],[-96.238,32.2501],[-96.2351,32.2509],[-96.234,32.25],[-96.2345,32.2475],[-96.233,32.244],[-96.2335,32.2432],[-96.2361,32.2429],[-96.2361,32.2422],[-96.2322,32.2409],[-96.2287,32.2358],[-96.2235,32.235],[-96.2212,32.233],[-96.2173,32.2335],[-96.2156,32.2277],[-96.2161,32.2244],[-96.2139,32.2243],[-96.2121,32.2264],[-96.2111,32.2264],[-96.2082,32.222],[-96.2099,32.2202],[-96.2091,32.2187],[-96.2045,32.2182],[-96.2038,32.2148],[-96.2007,32.2143],[-96.1976,32.2151],[-96.1975,32.2198],[-96.1961,32.2198],[-96.1939,32.2159],[-96.1964,32.213],[-96.1942,32.2112],[-96.1969,32.2099],[-96.1971,32.2074],[-96.1907,32.2026],[-96.1861,32.203],[-96.1834,32.2018],[-96.1814,32.2046],[-96.1793,32.2036],[-96.1757,32.204],[-96.175,32.2068],[-96.1706,32.2071],[-96.1668,32.2102],[-96.1559,32.215],[-96.1516,32.2137],[-96.1505,32.2141],[-96.1465,32.2117],[-96.1464,32.21],[-96.1478,32.207],[-96.1579,32.2058],[-96.1607,32.204],[-96.1603,32.2006],[-96.1563,32.201],[-96.1556,32.2004],[-96.1573,32.1972],[-96.156,32.1956],[-96.1561,32.1944],[-96.1579,32.1913],[-96.1608,32.1899],[-96.164,32.1903],[-96.1649,32.1891],[-96.1642,32.1878],[-96.1683,32.1869],[-96.1682,32.1857],[-96.1662,32.1845],[-96.1668,32.1828],[-96.1717,32.1853],[-96.1762,32.1818],[-96.1769,32.1793],[-96.1753,32.1759],[-96.1754,32.1736],[-96.1729,32.1707],[-96.1758,32.1682],[-96.1749,32.1678],[-96.1719,32.1687],[-96.1665,32.1661],[-96.1654,32.1626],[-96.1668,32.1583],[-96.1636,32.1562],[-96.1611,32.156],[-96.1595,32.1549],[-96.1522,32.1584],[-96.1451,32.1527],[-96.1408,32.1533],[-96.1384,32.1514],[-96.1359,32.1528],[-96.131,32.153],[-96.1211,32.1565],[-96.1177,32.1599],[-96.1137,32.1609],[-96.1129,32.1603],[-96.1127,32.1568],[-96.1043,32.1524],[-96.1025,32.1493],[-96.103,32.1409],[-96.106,32.1352],[-96.1116,32.132],[-96.1147,32.1265],[-96.1143,32.1201],[-96.1115,32.1158],[-96.1169,32.1051],[-96.1181,32.0976],[-96.1177,32.0946],[-96.1144,32.091],[-96.1112,32.09],[-96.108,32.0836],[-96.1092,32.0771],[-96.1068,32.0754],[-96.1006,32.0775],[-96.099,32.0816],[-96.0954,32.0807],[-96.0921,32.0819],[-96.0821,32.0813],[-96.073,32.0836],[-96.0678,32.0859],[-96.0657,32.0855],[-96.0649,32.083],[-96.063,32.0809],[-96.0625,32.0778],[-96.0639,32.0765],[-96.0666,32.0773],[-96.069,32.0769],[-96.0702,32.0748],[-96.0698,32.0734],[-96.0668,32.0714],[-96.0689,32.0668],[-96.0643,32.0652],[-96.0623,32.0625],[-96.0626,32.0615],[-96.066,32.0605],[-96.0668,32.0595],[-96.066,32.0551],[-96.064,32.0511],[-96.0662,32.0488],[-96.0646,32.0452],[-96.0665,32.0378],[-96.0622,32.032],[-96.0635,32.0292],[-96.0616,32.025],[-96.0574,32.0204],[-96.0528,32.0186],[-96.0508,32.0168],[-96.0516,32.0156],[-96.0544,32.0158],[-96.0556,32.0146],[-96.0531,32.009],[-96.0528,32.0059],[-95.7423,32.0431],[-95.4879,32.0759],[-95.4285,32.0845],[-95.429,32.0854],[-95.4281,32.0865],[-95.4291,32.0902],[-95.4307,32.0912],[-95.4299,32.0919],[-95.4316,32.0939],[-95.4368,32.0965],[-95.4383,32.0955],[-95.4403,32.0958],[-95.4417,32.0991],[-95.4435,32.0988],[-95.4427,32.1023],[-95.4459,32.1043],[-95.4471,32.1073],[-95.4523,32.1077],[-95.4526,32.1098],[-95.4544,32.1096],[-95.454,32.1109],[-95.4548,32.1123],[-95.4573,32.1126],[-95.4574,32.1159],[-95.46,32.1186],[-95.4593,32.1218],[-95.4615,32.1237],[-95.4612,32.1274],[-95.4622,32.129],[-95.4608,32.129],[-95.4605,32.1306],[-95.462,32.1338],[-95.4599,32.1356],[-95.4692,32.1435],[-95.4732,32.1451],[-95.4755,32.1447],[-95.4779,32.1462],[-95.4798,32.1519],[-95.4776,32.1569],[-95.479,32.1587],[-95.4755,32.1623],[-95.4753,32.1659],[-95.4738,32.1689],[-95.4715,32.1686],[-95.4712,32.1705],[-95.4694,32.1704],[-95.4715,32.1723],[-95.4694,32.1745],[-95.4703,32.1755],[-95.4697,32.1778],[-95.471,32.1787],[-95.4689,32.1804],[-95.4659,32.1787],[-95.4652,32.1805],[-95.4631,32.1798],[-95.4629,32.1816],[-95.4616,32.1829],[-95.4623,32.184],[-95.464,32.1833],[-95.4651,32.1838],[-95.4645,32.1854],[-95.4681,32.1876],[-95.4683,32.1905],[-95.4671,32.1911],[-95.4654,32.19],[-95.4644,32.191],[-95.4659,32.1927],[-95.4632,32.1944],[-95.465,32.197],[-95.4625,32.2015],[-95.4643,32.2019],[-95.4656,32.2042],[-95.4675,32.2047],[-95.4705,32.2041],[-95.4706,32.2055],[-95.4686,32.2054],[-95.4679,32.2065],[-95.47,32.2093],[-95.4692,32.211],[-95.4701,32.2121],[-95.4742,32.2119],[-95.4752,32.2111],[-95.4779,32.2124],[-95.4789,32.2122],[-95.4804,32.2153],[-95.4785,32.2176],[-95.4855,32.2242],[-95.4867,32.2268],[-95.4865,32.231],[-95.4887,32.2325],[-95.4872,32.2336],[-95.4881,32.2349],[-95.4868,32.2367],[-95.4839,32.2358],[-95.4816,32.2365],[-95.4833,32.2383],[-95.4817,32.2414],[-95.4766,32.2424],[-95.4676,32.2466],[-95.4678,32.2479],[-95.4696,32.2492],[-95.469,32.253],[-95.4701,32.2543],[-95.4689,32.2564],[-95.4699,32.2575],[-95.4699,32.2621],[-95.4642,32.2672],[-95.4624,32.2699],[-95.4602,32.27],[-95.4573,32.2731],[-95.4549,32.2798],[-95.4534,32.2803],[-95.454,32.2813],[-95.4528,32.286],[-95.4518,32.2859],[-95.4513,32.2877],[-95.4523,32.2903],[-95.4514,32.2922],[-95.4515,32.2947],[-95.4495,32.2947],[-95.447,32.2958],[-95.4469,32.2978],[-95.4482,32.2989],[-95.4483,32.3003],[-95.4518,32.3025],[-95.4518,32.3039],[-95.4538,32.3058],[-95.4542,32.3093],[-95.4555,32.3115],[-95.4542,32.3135],[-95.4508,32.3134],[-95.4506,32.3144],[-95.4577,32.3191],[-95.4554,32.3219],[-95.4564,32.3244],[-95.4557,32.325],[-95.4587,32.3284],[-95.4583,32.3298],[-95.4574,32.3293],[-95.4564,32.3316],[-95.4553,32.3318],[-95.4556,32.3328],[-95.4536,32.3335],[-95.4531,32.3346],[-95.4535,32.3371],[-95.4547,32.3378],[-95.4527,32.342],[-95.4526,32.3456],[-95.4476,32.3473],[-95.4488,32.3494],[-95.448,32.3531],[-95.4498,32.3557],[-95.45,32.3579],[-95.4491,32.3595],[-95.4507,32.362],[-95.4529,32.3625],[-95.4529,32.3648],[-95.4545,32.3669],[-95.4562,32.3666],[-95.4565,32.3682],[-95.4587,32.3678],[-95.459,32.3665],[-95.4597,32.3674],[-95.4599,32.3658],[-95.4628,32.3649],[-95.4639,32.3675],[-95.4664,32.3671],[-95.4684,32.3691],[-95.4694,32.3684],[-95.471,32.3692],[-95.4721,32.3719],[-95.4737,32.3732],[-95.4736,32.3742],[-95.4781,32.3765],[-95.4783,32.3776],[-95.4803,32.3791],[-95.4796,32.3797],[-95.4824,32.3808],[-95.4819,32.3826],[-95.4865,32.3861],[-95.4909,32.3872],[-95.4912,32.3884],[-95.4937,32.3895],[-95.497,32.3979],[-95.5002,32.3995],[-95.502,32.4017],[-95.5009,32.4047],[-95.5016,32.4092],[-95.505,32.4108],[-95.5045,32.4119],[-95.5068,32.4134],[-95.5069,32.4149],[-95.5096,32.4155],[-95.5096,32.4169],[-95.5107,32.4161],[-95.5136,32.4166],[-95.5154,32.4188],[-95.5163,32.4187],[-95.516,32.4201],[-95.517,32.4208],[-95.5184,32.4201],[-95.5208,32.4214],[-95.5207,32.4201],[-95.5218,32.4204],[-95.5216,32.4218],[-95.5224,32.4218],[-95.5223,32.4211],[-95.5248,32.4212],[-95.5246,32.4228],[-95.5261,32.4238],[-95.5249,32.4255],[-95.5264,32.4253],[-95.5322,32.431],[-95.5397,32.4334],[-95.5393,32.4347],[-95.5409,32.436],[-95.541,32.4394],[-95.5442,32.4401],[-95.5457,32.4419],[-95.5457,32.4428],[-95.5447,32.4429],[-95.5452,32.4444],[-95.5478,32.4448],[-95.5477,32.4458],[-95.5488,32.4458],[-95.5517,32.4487],[-95.5528,32.4504],[-95.5522,32.4517],[-95.5531,32.4519],[-95.5524,32.4522],[-95.5532,32.4526],[-95.5528,32.4536],[-95.5545,32.4533],[-95.5556,32.455],[-95.5568,32.4546],[-95.5602,32.4556],[-95.5596,32.4548],[-95.5609,32.4545],[-95.5616,32.4556],[-95.5608,32.4574],[-95.5625,32.4577],[-95.5627,32.4595],[-95.5644,32.4591],[-95.5662,32.4601],[-95.567,32.4596],[-95.5669,32.4609],[-95.5679,32.4616],[-95.5707,32.4607],[-95.5722,32.4623],[-95.5729,32.4614],[-95.5943,32.4799],[-95.5945,32.687],[-95.593,32.6865],[-95.5942,32.6846],[-95.5926,32.6839],[-95.5922,32.6825],[-95.5892,32.6836],[-95.5878,32.6819],[-95.5865,32.6831],[-95.5843,32.6819],[-95.5839,32.6803],[-95.5849,32.6793],[-95.583,32.6776],[-95.5842,32.6764],[-95.5831,32.6756],[-95.5837,32.6748],[-95.583,32.6742],[-95.5807,32.6736],[-95.5781,32.674],[-95.5754,32.6759],[-95.5735,32.6746],[-95.5729,32.6757],[-95.5709,32.6759],[-95.5719,32.6731],[-95.569,32.6725],[-95.5683,32.6738],[-95.5674,32.6736],[-95.5667,32.6726],[-95.5675,32.6708],[-95.566,32.6703],[-95.5654,32.6684],[-95.5636,32.6681],[-95.5631,32.6659],[-95.5646,32.6662],[-95.5649,32.6648],[-95.5617,32.6654],[-95.5604,32.6621],[-95.5555,32.6609],[-95.5544,32.6587],[-95.5535,32.6608],[-95.5422,32.655],[-95.5406,32.6515],[-95.5409,32.6508],[-95.5437,32.6513],[-95.5437,32.6491],[-95.542,32.6484],[-95.5421,32.6469],[-95.5387,32.6464],[-95.536,32.6472],[-95.5333,32.646],[-95.533,32.6472],[-95.5313,32.6468],[-95.5305,32.6476],[-95.528,32.6441],[-95.526,32.6446],[-95.5243,32.6437],[-95.521,32.6403],[-95.5197,32.6399],[-95.5208,32.6385],[-95.5194,32.6371],[-95.5184,32.6373],[-95.5173,32.6353],[-95.5176,32.6337],[-95.5151,32.6339],[-95.5117,32.6328],[-95.5122,32.6316],[-95.5139,32.6312],[-95.5129,32.6282],[-95.5115,32.6282],[-95.5107,32.6269],[-95.5136,32.6268],[-95.5158,32.6256],[-95.5162,32.6245],[-95.5148,32.6229],[-95.5129,32.6233],[-95.5128,32.6221],[-95.5109,32.6203],[-95.5079,32.6209],[-95.506,32.6191],[-95.5038,32.6189],[-95.5019,32.6203],[-95.4975,32.6184],[-95.494,32.6187],[-95.4908,32.6175],[-95.4918,32.6161],[-95.4901,32.6142],[-95.4859,32.6129],[-95.4851,32.6143],[-95.4842,32.6144],[-95.483,32.6135],[-95.4845,32.6122],[-95.4826,32.6116],[-95.481,32.6129],[-95.4795,32.6126],[-95.4782,32.6119],[-95.4775,32.61],[-95.4765,32.61],[-95.4758,32.6113],[-95.4746,32.6096],[-95.4761,32.6081],[-95.4747,32.6061],[-95.4727,32.6064],[-95.4729,32.6073],[-95.4713,32.6077],[-95.4704,32.6094],[-95.4672,32.6087],[-95.4702,32.6074],[-95.4691,32.6056],[-95.4668,32.6073],[-95.4655,32.6064],[-95.4653,32.6088],[-95.4621,32.6075],[-95.4618,32.6085],[-95.4628,32.6091],[-95.461,32.6097],[-95.4594,32.6088],[-95.4605,32.6074],[-95.4593,32.6057],[-95.457,32.6075],[-95.455,32.606],[-95.4502,32.6063],[-95.4504,32.6077],[-95.4473,32.6061],[-95.4465,32.6073],[-95.4428,32.6077],[-95.4437,32.6086],[-95.4459,32.6087],[-95.4452,32.6111],[-95.447,32.613],[-95.4467,32.6137],[-95.4453,32.6126],[-95.4434,32.6125],[-95.4438,32.6115],[-95.4379,32.6102],[-95.4376,32.6121],[-95.4353,32.6122],[-95.437,32.6089],[-95.4353,32.6068],[-95.4331,32.6081],[-95.4331,32.6065],[-95.432,32.6059],[-95.4289,32.6068],[-95.4297,32.6085],[-95.4284,32.6103],[-95.4251,32.6072],[-95.4228,32.609],[-95.4189,32.6089],[-95.4198,32.606],[-95.4189,32.6053],[-95.4131,32.6071],[-95.4107,32.6046],[-95.4087,32.6046],[-95.4063,32.6063],[-95.4041,32.6067],[-95.4038,32.6059],[-95.4055,32.6049],[-95.4055,32.6038],[-95.4036,32.6043],[-95.4018,32.6034],[-95.4022,32.6062],[-95.4003,32.6045],[-95.4004,32.606],[-95.3994,32.6064],[-95.3984,32.6051],[-95.3958,32.6046],[-95.3968,32.602],[-95.3955,32.6013],[-95.3913,32.6013],[-95.3899,32.6003],[-95.3896,32.5989],[-95.3879,32.5995],[-95.3875,32.6005],[-95.385,32.6005],[-95.3846,32.6019],[-95.3837,32.6022],[-95.3818,32.6017],[-95.3825,32.6009],[-95.3819,32.5985],[-95.3784,32.5993],[-95.3752,32.5974],[-95.3741,32.6],[-95.3747,32.603],[-95.3735,32.6035],[-95.372,32.6029],[-95.3702,32.6048],[-95.3638,32.6033],[-95.3618,32.6067],[-95.3594,32.6067],[-95.358,32.6081],[-95.3535,32.6053],[-95.3512,32.6053],[-95.3517,32.607],[-95.3506,32.6075],[-95.3473,32.6051],[-95.3469,32.6066],[-95.3477,32.6074],[-95.3459,32.6093],[-95.3446,32.6075],[-95.3458,32.6071],[-95.346,32.606],[-95.3453,32.6052],[-95.3439,32.6054],[-95.3442,32.6038],[-95.3411,32.604],[-95.3409,32.606],[-95.3393,32.6054],[-95.3394,32.6033],[-95.3384,32.603],[-95.3369,32.6038],[-95.3378,32.6054],[-95.3353,32.6038],[-95.3322,32.6043],[-95.3312,32.6057],[-95.3299,32.6047],[-95.3298,32.6028],[-95.3269,32.5998],[-95.3222,32.5994],[-95.319,32.5956],[-95.315,32.5963],[-95.3135,32.5951],[-95.3132,32.5934],[-95.3104,32.5932],[-95.3104,32.5951],[-95.307,32.5967],[-95.3067,32.5955],[-95.3053,32.5948],[-95.3064,32.5933],[-95.3061,32.5923],[-95.3032,32.5924],[-95.3021,32.5903],[-95.3002,32.5903],[-95.2977,32.5916],[-95.2972,32.5904],[-95.2992,32.5901],[-95.2996,32.5894],[-95.2968,32.5885],[-95.2967,32.5868],[-95.294,32.5865],[-95.2952,32.585],[-95.2925,32.586],[-95.2899,32.5854],[-95.2894,32.5834],[-95.2905,32.583],[-95.2905,32.581],[-95.2875,32.5802],[-95.2838,32.5812],[-95.2813,32.58],[-95.2801,32.5776],[-95.2806,32.5768],[-95.2796,32.5771],[-95.279,32.5763],[-95.2799,32.5754],[-95.2781,32.5716],[-95.2772,32.5731],[-95.2759,32.5725],[-95.2752,32.5734],[-95.2744,32.5728],[-95.2739,32.5739],[-95.2719,32.5739],[-95.2705,32.5723],[-95.2658,32.5725],[-95.2639,32.5752],[-95.2543,32.5754],[-95.2541,32.5769],[-95.2561,32.5775],[-95.2553,32.5781],[-95.2503,32.5777],[-95.2499,32.576],[-95.2472,32.5752],[-95.248,32.5737],[-95.2449,32.5719],[-95.2464,32.5714],[-95.2462,32.5694],[-95.2426,32.5688],[-95.2446,32.5673],[-95.2411,32.5628],[-95.2386,32.5616],[-95.2382,32.5606],[-95.2326,32.561],[-95.228,32.5603],[-95.2259,32.5625],[-95.2236,32.5636],[-95.2232,32.566],[-95.219,32.5631],[-95.2151,32.5655],[-95.2147,32.569],[-95.2085,32.5686],[-95.2065,32.5719],[-95.205,32.5724],[-95.2031,32.5681],[-95.2054,32.567],[-95.2031,32.5667],[-95.202,32.5644],[-95.2066,32.5601],[-95.2068,32.559],[-95.206,32.5578],[-95.2031,32.5566],[-95.2011,32.5538],[-95.1891,32.5466],[-95.1898,32.5421],[-95.1868,32.5423],[-95.1835,32.541],[-95.1812,32.5418],[-95.1822,32.5466],[-95.1784,32.5497],[-95.1771,32.5538],[-95.1754,32.5555],[-95.173,32.5532],[-95.1721,32.5489],[-95.1694,32.5478],[-95.1682,32.5444],[-95.1663,32.5439],[-95.1596,32.5505],[-95.1602,32.5529],[-95.1624,32.5546],[-95.1583,32.5663],[-95.1565,32.5686],[-95.1534,32.5701],[-95.1527,32.6609],[-95.149,32.6635],[-95.1445,32.664],[-95.1407,32.6697],[-95.1336,32.6724],[-95.1328,32.6815],[-95.1271,32.681],[-95.1246,32.6756],[-95.1169,32.6756],[-95.1143,32.6785],[-95.1037,32.6805],[-95.0956,32.6858],[-95.0802,32.6896],[-95.0734,32.6903],[-95.0719,32.6956],[-95.07,32.696],[-95.0671,32.6985],[-95.0628,32.6992],[-95.0594,32.7009],[-95.0566,32.7011],[-95.0548,32.7024],[-95.0537,32.7061],[-95.05,32.7111],[-95.0459,32.7125],[-95.0457,32.7199],[-95.0436,32.7207],[-95.0417,32.723],[-95.0395,32.7237],[-95.0376,32.7271],[-95.0331,32.731],[-95.0306,32.7372],[-95.028,32.7387],[-95.0266,32.7386],[-95.0256,32.7404],[-95.0252,32.7419],[-95.0261,32.7428],[-95.0316,32.744],[-95.0316,32.7504],[-95.034,32.7514],[-95.0338,32.7647],[-95.0302,32.7694],[-95.0303,32.7808],[-95.0275,32.7854],[-95.0221,32.7876],[-95.022,32.7906],[-95.0237,32.7943],[-95.0244,32.7939],[-95.0267,32.7965],[-95.0284,32.7962],[-95.0292,32.7972],[-95.0278,32.7986],[-95.0293,32.7988],[-95.03,32.8001],[-95.0312,32.8002],[-95.0315,32.7991],[-95.0325,32.7997],[-95.0321,32.8006],[-95.0337,32.8017],[-95.0336,32.803],[-95.032,32.805],[-95.0338,32.8057],[-95.0331,32.8057],[-95.0346,32.8071],[-95.0349,32.8091],[-95.0359,32.8082],[-95.0371,32.8084],[-95.0372,32.8118],[-95.0381,32.8122],[-95.0382,32.8289],[-95.0326,32.8292],[-95.0325,32.8352],[-95.0284,32.8344],[-95.0225,32.8308],[-95.0223,32.8328],[-95.0233,32.8353],[-95.0236,32.8441],[-95.025,32.8478],[-95.0256,32.8544],[-95.025,32.859],[-95.0349,32.859],[-95.0353,32.8621],[-95.0346,32.8625],[-95.0333,32.8616],[-95.0293,32.863],[-95.0277,32.8627],[-95.0252,32.8651],[-95.021,32.8666],[-95.0154,32.8667],[-95.0134,32.8675],[-95.011,32.8618],[-95.0076,32.8587],[-94.9924,32.8593],[-94.9873,32.8584],[-94.9854,32.859],[-94.9796,32.8569],[-94.978,32.8576],[-94.9768,32.8599],[-94.9746,32.8609],[-94.9715,32.8603],[-94.971,32.8594],[-94.9642,32.8594],[-94.9602,32.8573],[-94.9565,32.8564],[-94.9517,32.8576],[-94.9441,32.8573],[-94.932,32.8584],[-94.9217,32.8618],[-94.9059,32.8634],[-94.9042,32.8571],[-94.9107,32.8265],[-94.9127,32.8078],[-94.9087,32.7944],[-94.9084,32.7744],[-94.9051,32.7759],[-94.9046,32.7743],[-94.8973,32.7731],[-94.8932,32.7711],[-94.8914,32.7686],[-94.8879,32.7683],[-94.8877,32.7671],[-94.8902,32.7646],[-94.8869,32.7601],[-94.8876,32.7556],[-94.8847,32.7555],[-94.8853,32.7543],[-94.8826,32.7525],[-94.8809,32.7488],[-94.8789,32.7495],[-94.878,32.7482],[-94.8762,32.7488],[-94.8761,32.7469],[-94.8738,32.7482],[-94.8719,32.7455],[-94.8712,32.7466],[-94.8691,32.7465],[-94.8675,32.7436],[-94.868,32.7411],[-94.8662,32.7386],[-94.867,32.7373],[-94.8662,32.7355],[-94.867,32.734],[-94.8658,32.7329],[-94.8643,32.7332],[-94.8614,32.7322],[-94.8614,32.7307],[-94.8601,32.7304],[-94.8587,32.728],[-94.8586,32.7288],[-94.8573,32.7288],[-94.8566,32.7275],[-94.8554,32.7289],[-94.8544,32.7285],[-94.8533,32.7292],[-94.851,32.7266],[-94.8498,32.7269],[-94.8485,32.723],[-94.8501,32.7221],[-94.8501,32.7203],[-94.8464,32.7185],[-94.846,32.7196],[-94.8442,32.7189],[-94.8424,32.7198],[-94.8421,32.7187],[-94.8409,32.7187],[-94.841,32.7179],[-94.8398,32.7171],[-94.8402,32.7159],[-94.8369,32.7172],[-94.8359,32.7142],[-94.8332,32.7143],[-94.8312,32.7128],[-94.83,32.7131],[-94.8281,32.7121],[-94.8267,32.7134],[-94.8254,32.7099],[-94.822,32.7089],[-94.8222,32.708],[-94.8207,32.7071],[-94.8209,32.7047],[-94.8232,32.703],[-94.8219,32.7033],[-94.8212,32.7026],[-94.8208,32.704],[-94.82,32.7032],[-94.8178,32.7036],[-94.8173,32.7023],[-94.8187,32.7022],[-94.8189,32.7011],[-94.8166,32.7016],[-94.814,32.6993],[-94.8222,32.694],[-94.8259,32.6853],[-94.8184,32.6844],[-94.8112,32.6846],[-94.8043,32.6818],[-94.8008,32.6759],[-94.7994,32.6617],[-94.7961,32.6585],[-94.7839,32.6577],[-94.7709,32.658],[-94.7686,32.656],[-94.7685,32.6522],[-94.7664,32.651],[-94.7583,32.66],[-94.753,32.6607],[-94.7519,32.6626],[-94.7498,32.6608],[-94.7478,32.6611],[-94.747,32.6603],[-94.7471,32.6662],[-94.7459,32.6676],[-94.7432,32.6652],[-94.737,32.6636],[-94.7355,32.6603],[-94.7347,32.6604],[-94.7344,32.6615],[-94.7322,32.6581],[-94.7293,32.6585],[-94.7277,32.6552],[-94.7241,32.6545],[-94.7217,32.6558],[-94.7192,32.6544],[-94.7181,32.6561],[-94.717,32.6555],[-94.7172,32.6563],[-94.7161,32.6559],[-94.7154,32.657],[-94.7141,32.6566],[-94.7144,32.6576],[-94.7125,32.658],[-94.7111,32.6568],[-94.7104,32.6581],[-94.7085,32.657],[-94.7088,32.6557],[-94.7069,32.6557],[-94.7039,32.6581],[-94.7026,32.6564],[-94.7031,32.654],[-94.7018,32.6522],[-94.7021,32.8205],[-94.6724,32.8348],[-94.6739,32.8359],[-94.6727,32.8371],[-94.675,32.8384],[-94.6749,32.837],[-94.6765,32.8368],[-94.6784,32.838],[-94.6792,32.8363],[-94.68,32.8363],[-94.6807,32.8381],[-94.6817,32.8368],[-94.6828,32.8384],[-94.6817,32.8402],[-94.6832,32.8411],[-94.6863,32.8402],[-94.6861,32.838],[-94.6887,32.8391],[-94.6889,32.8399],[-94.6867,32.8422],[-94.6871,32.8428],[-94.695,32.8436],[-94.6977,32.8431],[-94.699,32.8451],[-94.6981,32.8481],[-94.6997,32.8489],[-94.7002,32.8514],[-94.6997,32.8561],[-94.6983,32.8567],[-94.6983,32.8602],[-94.7018,32.8627],[-94.7034,32.8617],[-94.703,32.8607],[-94.7044,32.8613],[-94.7054,32.8606],[-94.7063,32.8614],[-94.7074,32.8708],[-94.7093,32.8699],[-94.7097,32.8705],[-94.708,32.8726],[-94.7078,32.8761],[-94.7059,32.8792],[-94.7081,32.8838],[-94.7055,32.886],[-94.7052,32.8921],[-94.707,32.8937],[-94.7068,32.8949],[-94.7094,32.8946],[-94.7083,32.8961],[-94.7114,32.8969],[-94.7117,32.8985],[-94.7152,32.8977],[-94.7156,32.9002],[-94.7173,32.8996],[-94.7183,32.8999],[-94.7182,32.9012],[-94.72,32.9004],[-94.7217,32.9009],[-94.7208,32.9017],[-94.7223,32.9017],[-94.7231,32.9031],[-94.7199,32.9045],[-94.8752,32.9026],[-95.1521,32.9026],[-95.1522,32.9903],[-95.15,33.006],[-95.1505,33.0114],[-95.1522,33.0135],[-95.1536,33.0124],[-95.1546,33.0091],[-95.1544,33.0079],[-95.1532,33.0083],[-95.1512,33.0067],[-95.1521,33.0027],[-95.1541,33.0029],[-95.1563,33.0014],[-95.1563,32.9994],[-95.1574,32.9977],[-95.1584,32.9982],[-95.1587,32.9972],[-95.1575,32.997],[-95.1582,32.9958],[-95.1574,32.9958],[-95.1576,32.9947],[-95.1592,32.9956],[-95.1591,32.9945],[-95.1623,32.9942],[-95.1627,32.9927],[-95.1613,32.9894],[-95.1639,32.9887],[-95.1623,32.988],[-95.1628,32.9872],[-95.1618,32.9867],[-95.1619,32.9858],[-95.164,32.9848],[-95.162,32.983],[-95.1622,32.9809],[-95.1644,32.9785],[-95.1639,32.9771],[-95.1649,32.9769],[-95.165,32.9753],[-95.1674,32.9748],[-95.1695,32.9726],[-95.1717,32.9725],[-95.1726,32.9694],[-95.1741,32.969],[-95.1736,32.9672],[-95.175,32.9668],[-95.1759,32.9648],[-95.1726,32.9633],[-95.1729,32.9618],[-95.309,32.9626]]]},"properties":{"STATEFP":"48","CD118FP":"05","GEOID":"4805","GEOIDFQ":"5001800US4805","NAMELSAD":"Congressional District 5","LSAD":"C2","CDSESSN":"118","MTFCC":"G5200","FUNCSTAT":"N","ALAND":9316457856,"AWATER":486192140,"INTPTLAT":"+32.5546322","INTPTLON":"-095.8149222"}},
{"type":"Feature","geometry":{"type":"Polygon","coordinates":[[[-95.4599,32.1356],[-95.462,32.1338],[-95.4605,32.1306],[-95.4608,32.129],[-95.4622,32.129],[-95.4612,32.1274],[-95.4615,32.1237],[-95.4593,32.1218],[-95.46,32.1186],[-95.4574,32.1159],[-95.4573,32.1126],[-95.4548,32.1123],[-95.454,32.1109],[-95.4544,32.1096],[-95.4526,32.1098],[-95.4523,32.1077],[-95.4471,32.1073],[-95.4459,32.1043],[-95.4427,32.1023],[-95.4435,32.0988],[-95.4417,32.0991],[-95.4403,32.0958],[-95.4383,32.0955],[-95.4368,32.0965],[-95.4316,32.0939],[-95.4299,32.0919],[-95.4307,32.0912],[-95.4291,32.0902],[-95.4281,32.0865],[-95.429,32.0854],[-95.4285,32.0845],[-95.4879,32.0759],[-95.7423,32.0431],[-96.0528,32.0059],[-96.0531,32.009],[-96.0556,32.0146],[-96.0544,32.0158],[-96.0516,32.0156],[-96.0508,32.0168],[-96.0528,32.0186],[-96.0574,32.0204],[-96.0616,32.025],[-96.0635,32.0292],[-96.0622,32.032],[-96.0665,32.0378],[-96.0646,32.0452],[-96.0662,32.0488],[-96.064,32.0511],[-96.066,32.0551],[-96.0668,32.0595],[-96.066,32.0605],[-96.0626,32.0615],[-96.0623,32.0625],[-96.0643,32.0652],[-96.0689,32.0668],[-96.0668,32.0714],[-96.0698,32.0734],[-96.0702,32.0748],[-96.069,32.0769],[-96.0666,32.0773],[-96.0639,32.0765],[-96.0625,32.0778],[-96.063,32.0809],[-96.0649,32.083],[-96.0657,32.0855],[-96.0678,32.0859],[-96.073,32.0836],[-96.0821,32.0813],[-96.0921,32.0819],[-96.0954,32.0807],[-96.099,32.0816],[-96.1006,32.0775],[-96.1068,32.0754],[-96.1092,32.0771],[-96.108,32.0836],[-96.1112,32.09],[-96.1144,32.091],[-96.1177,32.0946],[-96.1181,32.0976],[-96.1169,32.1051],[-96.1115,32.1158],[-96.1143,32.1201],[-96.1147,32.1265],[-96.1116,32.132],[-96.106,32.1352],[-96.103,32.1409],[-96.1025,32.1493],[-96.1043,32.1524],[-96.1127,32.1568],[-96.1129,32.1603],[-96.1137,32.1609],[-96.1177,32.1599],[-96.1211,32.1565],[-96.131,32.153],[-96.1359,32.1528],[-96.1384,32.1514],[-96.1408,32.1533],[-96.1451,32.1527],[-96.1522,32.1584],[-96.1595,32.1549],[-96.1611,32.156],[-96.1636,32.1562],[-96.1668,32.1583],[-96.1654,32.1626],[-96.1665,32.1661],[-96.1719,32.1687],[-96.1749,32.1678],[-96.1758,32.1682],[-96.1729,32.1707],[-96.1754,32.1736],[-96.1753,32.1759],[-96.1769,32.1793],[-96.1762,32.1818],[-96.1717,32.1853],[-96.1668,32.1828],[-96.1662,32.1845],[-96.1682,32.1857],[-96.1683,32.1869],[-96.1642,32.1878],[-96.1649,32.1891],[-96.164,32.1903],[-96.1608,32.1899],[-96.1579,32.1913],[-96.1561,32.1944],[-96.156,32.1956],[-96.1573,32.1972],[-96.1556,32.2004],[-96.1563,32.201],[-96.1603,32.2006],[-96.1607,32.204],[-96.1579,32.2058],[-96.1478,32.207],[-96.1464,32.21],[-96.1465,32.2117],[-96.1505,32.2141],[-96.1516,32.2137],[-96.1559,32.215],[-96.1668,32.2102],[-96.1706,32.2071],[-96.175,32.2068],[-96.1757,32.204],[-96.1793,32.2036],[-96.1814,32.2046],[-96.1834,32.2018],[-96.1861,32.203],[-96.1907,32.2026],[-96.1971,32.2074],[-96.1969,32.2099],[-96.1942,32.2112],[-96.1964,32.213],[-96.1939,32.2159],[-96.1961,32.2198],[-96.1975,32.2198],[-96.1976,32.2151],[-96.2007,32.2143],[-96.2038,32.2148],[-96.2045,32.2182],[-96.2091,32.2187],[-96.2099,32.2202],[-96.2082,32.222],[-96.2111,32.2264],[-96.2121,32.2264],[-96.2139,32.2243],[-96.2161,32.2244],[-96.2156,32.2277],[-96.2173,32.2335],[-96.2212,32.233],[-96.2235,32.235],[-96.2287,32.2358],[-96.2322,32.2409],[-96.2361,32.2422],[-96.2361,32.2429],[-96.2335,32.2432],[-96.233,32.244],[-96.2345,32.2475],[-96.234,32.25],[-96.2351,32.2509],[-96.238,32.2501],[-96.2489,32.251],[-96.2544,32.2506],[-96.2553,32.2492],[-96.252,32.2486],[-96.2509,32.2473],[-96.2565,32.2451],[-96.2576,32.2454],[-96.2574,32.2474],[-96.2595,32.2494],[-96.2596,32.2512],[-96.2605,32.2513],[-96.2607,32.2499],[-96.2617,32.2495],[-96.2647,32.2522],[-96.2677,32.2592],[-96.2726,32.2556],[-96.2721,32.2532],[-96.2728,32.2525],[-96.2742,32.2529],[-96.2766,32.2558],[-96.2777,32.2606],[-96.2823,32.2581],[-96.2823,32.257],[-96.2804,32.2551],[-96.2806,32.2541],[-96.2851,32.2546],[-96.2859,32.256],[-96.2849,32.2658],[-96.2859,32.2671],[-96.2892,32.2675],[-96.2902,32.2689],[-96.2883,32.2713],[-96.2847,32.2719],[-96.2838,32.2789],[-96.2882,32.2871],[-96.2899,32.2887],[-96.2937,32.29],[-96.2893,32.2919],[-96.2889,32.2932],[-96.2975,32.2933],[-96.3004,32.2942],[-96.3,32.2954],[-96.2976,32.2965],[-96.2966,32.2982],[-96.2992,32.3014],[-96.301,32.3006],[-96.3016,32.2979],[-96.3034,32.2973],[-96.3047,32.2989],[-96.304,32.3011],[-96.3049,32.3022],[-96.3073,32.301],[-96.3072,32.2988],[-96.3101,32.2983],[-96.3113,32.2989],[-96.3098,32.3002],[-96.3119,32.3028],[-96.3135,32.303],[-96.3152,32.3003],[-96.3166,32.3003],[-96.3174,32.301],[-96.3159,32.3028],[-96.3194,32.3036],[-96.3234,32.3063],[-96.3244,32.3061],[-96.3233,32.3042],[-96.3244,32.3031],[-96.331,32.3035],[-96.339,32.306],[-96.3393,32.3085],[-96.3424,32.3077],[-96.3454,32.309],[-96.3437,32.3105],[-96.3461,32.3131],[-96.3488,32.3134],[-96.3531,32.3117],[-96.3573,32.3159],[-96.3601,32.3169],[-96.3644,32.3164],[-96.3672,32.3177],[-96.3747,32.3249],[-96.3813,32.3275],[-96.3857,32.3322],[-96.3908,32.3339],[-96.3942,32.3327],[-96.4004,32.3288],[-96.4056,32.3277],[-96.4081,32.3285],[-96.4116,32.3325],[-96.4157,32.3331],[-96.4164,32.335],[-96.4175,32.3355],[-96.4204,32.3348],[-96.4198,32.3329],[-96.4216,32.3323],[-96.4233,32.3332],[-96.4238,32.3353],[-96.4259,32.3362],[-96.4262,32.3344],[-96.4302,32.3322],[-96.4314,32.3372],[-96.4303,32.3389],[-96.4329,32.3393],[-96.4338,32.3407],[-96.4369,32.3414],[-96.4363,32.3454],[-96.4389,32.3457],[-96.4408,32.3438],[-96.4418,32.3443],[-96.4413,32.3463],[-96.4471,32.3458],[-96.45,32.3442],[-96.4518,32.345],[-96.452,32.3476],[-96.4539,32.3488],[-96.4546,32.3523],[-96.4531,32.3528],[-96.4505,32.3509],[-96.4493,32.351],[-96.4484,32.3545],[-96.4505,32.3548],[-96.4537,32.3572],[-96.4523,32.3594],[-96.4546,32.3615],[-96.45,32.3645],[-96.4513,32.3663],[-96.4537,32.3669],[-96.4538,32.3679],[-96.4517,32.3712],[-96.4504,32.37],[-96.4514,32.3685],[-96.4495,32.3667],[-96.4477,32.3667],[-96.4469,32.368],[-96.4484,32.3706],[-96.4459,32.369],[-96.4444,32.3691],[-96.4437,32.3701],[-96.4442,32.3711],[-96.4473,32.3725],[-96.4486,32.376],[-96.4453,32.3752],[-96.4444,32.3784],[-96.4374,32.3786],[-96.439,32.3833],[-96.4356,32.3867],[-96.4389,32.3891],[-96.438,32.3896],[-96.4356,32.3881],[-96.4345,32.3892],[-96.4354,32.3919],[-96.4373,32.3934],[-96.4384,32.3982],[-96.4398,32.4001],[-96.4364,32.4042],[-96.4377,32.4075],[-96.4352,32.409],[-96.4344,32.4111],[-96.4388,32.4126],[-96.4409,32.4162],[-96.4493,32.4221],[-96.4503,32.4246],[-96.4537,32.4238],[-96.4568,32.4243],[-96.4627,32.4266],[-96.471,32.4318],[-96.4774,32.4344],[-96.4842,32.4437],[-96.4832,32.4464],[-96.4843,32.4515],[-96.4859,32.452],[-96.4879,32.4511],[-96.4931,32.4531],[-96.4982,32.4534],[-96.4973,32.4549],[-96.4935,32.4566],[-96.4933,32.4579],[-96.4949,32.4608],[-96.4928,32.4662],[-96.4963,32.4685],[-96.5012,32.47],[-96.5047,32.4779],[-96.5102,32.4819],[-96.51,32.4835],[-96.5062,32.4864],[-96.5032,32.4869],[-96.5018,32.4882],[-96.5026,32.4898],[-96.5062,32.4901],[-96.5087,32.4919],[-96.5087,32.4947],[-96.5067,32.4976],[-96.5047,32.4979],[-96.5047,32.4956],[-96.5031,32.4937],[-96.5009,32.4942],[-96.5005,32.4955],[-96.5047,32.5018],[-96.506,32.5023],[-96.5079,32.5012],[-96.5089,32.5016],[-96.5113,32.5092],[-96.5133,32.5121],[-96.5125,32.5133],[-96.5094,32.5112],[-96.5065,32.5132],[-96.504,32.5116],[-96.5019,32.5119],[-96.5015,32.5129],[-96.5034,32.5153],[-96.5071,32.5164],[-96.5076,32.5175],[-96.5051,32.518],[-96.503,32.526],[-96.5046,32.5272],[-96.5062,32.5251],[-96.5094,32.5265],[-96.5104,32.5303],[-96.5097,32.5311],[-96.5079,32.531],[-96.5072,32.5324],[-96.5122,32.5362],[-96.5145,32.536],[-96.5155,32.532],[-96.5197,32.5318],[-96.5202,32.5351],[-96.5243,32.537],[-96.5238,32.5412],[-96.5258,32.5414],[-96.5272,32.5395],[-96.529,32.5401],[-96.5297,32.5453],[-96.8053,32.5471],[-96.8247,32.5472],[-96.8248,32.5462],[-96.8346,32.5462],[-96.8394,32.5463],[-96.8394,32.5472],[-97.0527,32.5488],[-97.0552,32.5512],[-97.0542,32.5553],[-97.0528,32.5566],[-97.0478,32.5585],[-97.0468,32.56],[-97.049,32.563],[-97.0534,32.5637],[-97.0535,32.5736],[-97.0554,32.5754],[-97.0616,32.5853],[-97.0518,32.591],[-97.0451,32.5924],[-97.0542,32.606],[-97.0613,32.6122],[-97.0703,32.627],[-97.0658,32.6334],[-97.0661,32.6355],[-97.0639,32.6422],[-97.0642,32.6483],[-97.0623,32.6514],[-97.0633,32.6619],[-97.0628,32.6775],[-97.0803,32.6777],[-97.0805,32.6915],[-97.0806,32.6971],[-97.0763,32.6973],[-97.0761,32.6953],[-97.0721,32.6952],[-97.072,32.7038],[-97.072,32.7047],[-97.0777,32.7047],[-97.0777,32.7061],[-97.0805,32.7061],[-97.0803,32.7163],[-97.0718,32.7157],[-97.0717,32.7209],[-97.0627,32.7208],[-97.0626,32.7357],[-97.046,32.7378],[-97.046,32.7396],[-97.0355,32.7395],[-97.02,32.7411],[-97.0201,32.7299],[-97.0192,32.7288],[-97.0072,32.7286],[-97.006,32.7298],[-97.0059,32.7319],[-96.999,32.7322],[-96.999,32.7346],[-97.0001,32.7358],[-96.9993,32.7354],[-96.9971,32.7322],[-96.9941,32.7316],[-96.9941,32.7323],[-96.993,32.7323],[-96.993,32.7349],[-96.9944,32.7354],[-96.9913,32.7356],[-96.9903,32.7385],[-96.9924,32.7406],[-96.9927,32.7423],[-96.9981,32.7423],[-96.9981,32.7559],[-96.9949,32.755],[-96.9945,32.7778],[-96.9775,32.7778],[-96.977,32.7831],[-96.9599,32.7831],[-96.96,32.7734],[-96.9579,32.7719],[-96.9563,32.773],[-96.9568,32.7749],[-96.9546,32.7785],[-96.9515,32.7792],[-96.9506,32.7788],[-96.9536,32.7763],[-96.9531,32.7746],[-96.9521,32.7745],[-96.9481,32.7754],[-96.9465,32.7769],[-96.9435,32.7766],[-96.9412,32.7779],[-96.9261,32.7821],[-96.9189,32.7857],[-96.9191,32.7867],[-96.9198,32.7865],[-96.9278,32.783],[-96.9341,32.7865],[-96.9346,32.7939],[-96.9301,32.7939],[-96.9301,32.7922],[-96.9286,32.7938],[-96.9207,32.7939],[-96.9218,32.8012],[-96.9346,32.801],[-96.9346,32.8031],[-96.937,32.8031],[-96.937,32.8049],[-96.9403,32.8049],[-96.9403,32.8086],[-96.9633,32.8087],[-96.9635,32.8153],[-96.9499,32.8149],[-96.9496,32.8218],[-96.9512,32.8245],[-96.9512,32.8295],[-96.948,32.8294],[-96.9472,32.837],[-96.9303,32.8366],[-96.9303,32.8296],[-96.9336,32.8296],[-96.9325,32.8231],[-96.9259,32.823],[-96.9257,32.8176],[-96.922,32.8175],[-96.9216,32.8144],[-96.9169,32.8143],[-96.917,32.8012],[-96.909,32.8013],[-96.9041,32.8049],[-96.9061,32.8089],[-96.9057,32.8162],[-96.897,32.8251],[-96.8922,32.8285],[-96.8897,32.8317],[-96.8899,32.8451],[-96.8888,32.8475],[-96.8896,32.8482],[-96.8916,32.8472],[-96.8932,32.8478],[-96.8822,32.8571],[-96.8809,32.858],[-96.8777,32.8583],[-96.8792,32.8651],[-96.8811,32.8638],[-96.8809,32.8615],[-96.8906,32.8614],[-96.9005,32.8648],[-96.8997,32.8666],[-96.9006,32.8666],[-96.9001,32.8739],[-96.8983,32.8739],[-96.8981,32.8752],[-96.8981,32.9082],[-96.909,32.9079],[-96.9107,32.8963],[-96.9115,32.8957],[-96.9589,32.896],[-96.9626,32.8905],[-96.9559,32.8868],[-96.958,32.885],[-96.9642,32.8851],[-96.9632,32.8772],[-96.9681,32.8781],[-96.9684,32.8749],[-96.9709,32.8745],[-96.9716,32.8689],[-96.9738,32.8672],[-96.9773,32.8663],[-96.9773,32.863],[-96.9753,32.8588],[-96.9752,32.8555],[-96.9793,32.8551],[-96.9813,32.8562],[-96.9881,32.8558],[-96.9911,32.8571],[-97.0016,32.8569],[-97.0004,32.8517],[-97.0013,32.8454],[-97.0053,32.8426],[-97.0065,32.8398],[-97.0065,32.8374],[-97.0034,32.8371],[-97.0096,32.8371],[-97.0096,32.8331],[-97.0014,32.8296],[-97.0015,32.8282],[-96.9999,32.8282],[-96.9999,32.8275],[-97.0044,32.8275],[-97.0038,32.8173],[-97.0082,32.8173],[-97.008,32.8161],[-97.0342,32.8167],[-97.0349,32.7799],[-97.0352,32.7597],[-97.0633,32.7598],[-97.0627,32.749],[-97.0685,32.748],[-97.0758,32.748],[-97.0811,32.7499],[-97.0813,32.7481],[-97.0839,32.744],[-97.0835,32.7416],[-97.0974,32.7389],[-97.0973,32.7356],[-97.0991,32.7356],[-97.0991,32.7341],[-97.0973,32.734],[-97.0974,32.7321],[-97.0999,32.7321],[-97.0999,32.7312],[-97.1029,32.7312],[-97.1029,32.7302],[-97.1057,32.7301],[-97.1047,32.7269],[-97.1065,32.7269],[-97.1065,32.7263],[-97.103,32.7229],[-97.1029,32.7211],[-97.1112,32.7211],[-97.1112,32.7225],[-97.1126,32.7225],[-97.1147,32.7225],[-97.1147,32.7212],[-97.1233,32.7212],[-97.1233,32.7089],[-97.1147,32.7082],[-97.115,32.691],[-97.0978,32.6917],[-97.0954,32.6866],[-97.0948,32.6823],[-97.093,32.6792],[-97.0928,32.6744],[-97.0907,32.6706],[-97.0906,32.6627],[-97.0875,32.6627],[-97.0875,32.6605],[-97.086,32.6605],[-97.0859,32.6597],[-97.0825,32.6597],[-97.0817,32.6577],[-97.0776,32.658],[-97.0772,32.6486],[-97.0751,32.6484],[-97.0751,32.6412],[-97.088,32.6413],[-97.0891,32.6329],[-97.0871,32.6286],[-97.0985,32.6233],[-97.0985,32.6196],[-97.1,32.6162],[-97.1164,32.6082],[-97.1201,32.6136],[-97.1255,32.6109],[-97.1424,32.6111],[-97.145,32.601],[-97.1496,32.5945],[-97.1505,32.5918],[-97.1605,32.5914],[-97.1892,32.5779],[-97.1849,32.5754],[-97.1832,32.5762],[-97.1806,32.5726],[-97.1743,32.5686],[-97.1711,32.569],[-97.1637,32.5651],[-97.1645,32.5643],[-97.1707,32.5636],[-97.1709,32.5629],[-97.1715,32.5636],[-97.1741,32.5621],[-97.1739,32.5608],[-97.176,32.559],[-97.1754,32.5568],[-97.1743,32.5562],[-97.1766,32.553],[-97.176,32.5523],[-97.177,32.5506],[-97.2328,32.5515],[-97.2282,32.5438],[-97.2228,32.5417],[-97.2377,32.5348],[-97.2365,32.5327],[-97.2439,32.5293],[-97.2425,32.5264],[-97.2534,32.5211],[-97.2527,32.5194],[-97.2591,32.5162],[-97.2606,32.5161],[-97.2604,32.5116],[-97.2561,32.5052],[-97.2533,32.4963],[-97.2482,32.4907],[-97.2431,32.4786],[-97.2396,32.4731],[-97.2408,32.4734],[-97.2497,32.4696],[-97.2545,32.4658],[-97.2569,32.4652],[-97.2598,32.4696],[-97.2654,32.4671],[-97.2678,32.4695],[-97.2664,32.4702],[-97.2694,32.4702],[-97.2651,32.4648],[-97.2696,32.4644],[-97.2928,32.4529],[-97.297,32.4543],[-97.2999,32.4531],[-97.2963,32.4485],[-97.2823,32.4361],[-97.2934,32.4358],[-97.2967,32.4344],[-97.2982,32.4173],[-97.2972,32.4161],[-97.2978,32.4113],[-97.2964,32.4108],[-97.296,32.3916],[-97.2969,32.389],[-97.3026,32.3897],[-97.3059,32.3886],[-97.3058,32.3841],[-97.2935,32.3659],[-97.2974,32.3641],[-97.2957,32.3612],[-97.2992,32.3592],[-97.2821,32.333],[-97.2782,32.3275],[-97.2762,32.3264],[-97.2755,32.3226],[-97.2812,32.3197],[-97.2694,32.3138],[-97.281,32.3081],[-97.2825,32.3056],[-97.2824,32.3027],[-97.2868,32.3027],[-97.2972,32.2976],[-97.2935,32.2922],[-97.2958,32.2906],[-97.2841,32.2733],[-97.2833,32.2688],[-97.2866,32.267],[-97.283,32.2616],[-97.2874,32.2595],[-97.2859,32.2515],[-97.2749,32.2352],[-97.2705,32.2268],[-97.476,32.1817],[-97.4718,32.1755],[-97.4761,32.1735],[-97.4695,32.1736],[-97.4613,32.1719],[-97.4582,32.1694],[-97.4564,32.1644],[-97.4616,32.1579],[-97.4656,32.1551],[-97.4692,32.1483],[-97.4941,32.1396],[-97.4968,32.1361],[-97.4967,32.13],[-97.4862,32.1117],[-97.4724,32.0976],[-97.4699,32.0916],[-97.4707,32.0867],[-97.4771,32.0806],[-97.4909,32.0635],[-97.4921,32.0597],[-97.4857,32.0429],[-97.4853,32.0394],[-97.4868,32.0289],[-97.486,32.0176],[-97.4835,32.0148],[-97.4778,32.011],[-97.4749,32.0101],[-97.4477,32.0125],[-97.442,32.0144],[-97.4368,32.0209],[-97.4353,32.025],[-97.4337,32.0265],[-97.43,32.0286],[-97.4264,32.0286],[-97.4235,32.0236],[-97.4227,32.0079],[-97.4218,32.0048],[-97.4186,32.0009],[-97.4101,31.9937],[-97.4056,31.9876],[-97.4035,31.9865],[-97.3813,31.9856],[-97.3788,31.9826],[-97.3772,31.9773],[-97.38,31.9727],[-97.3841,31.969],[-97.3892,31.9661],[-97.3986,31.9576],[-97.4042,31.9537],[-97.427,31.9426],[-97.4319,31.9379],[-97.4388,31.9335],[-97.4395,31.9298],[-97.4324,31.925],[-97.4227,31.9232],[-97.4125,31.9098],[-97.4094,31.9083],[-97.4077,31.9078],[-97.4021,31.9099],[-97.3983,31.9098],[-97.3603,31.8907],[-97.3594,31.8896],[-97.3597,31.8884],[-97.3627,31.8862],[-97.3662,31.8849],[-97.3785,31.8849],[-97.3818,31.8843],[-97.3843,31.8817],[-97.3855,31.8786],[-97.3845,31.8732],[-97.3828,31.8708],[-97.3697,31.8656],[-97.3661,31.8658],[-97.3625,31.865],[-97.3524,31.8599],[-97.341,31.8531],[-97.3361,31.8492],[-97.3316,31.8432],[-97.3291,31.8419],[-97.3255,31.8418],[-97.3109,31.8475],[-97.3037,31.8484],[-97.2854,31.8442],[-97.2821,31.8432],[-97.2795,31.8413],[-97.2767,31.8335],[-97.2781,31.8281],[-97.281,31.8243],[-97.2926,31.8172],[-97.3085,31.8007],[-97.32,31.7936],[-97.3255,31.7914],[-97.3265,31.7884],[-97.3237,31.7783],[-97.3103,31.7616],[-97.3049,31.7585],[-97.2965,31.7555],[-97.2891,31.7509],[-97.2773,31.7455],[-97.0948,31.8353],[-97.0914,31.8379],[-97.0879,31.8387],[-97.0373,31.8631],[-96.9613,31.7503],[-96.9322,31.7089],[-96.7191,31.8149],[-96.4968,31.7962],[-96.4783,31.7695],[-96.4705,31.7695],[-96.4696,31.7722],[-96.4625,31.7722],[-96.4592,31.7711],[-96.4586,31.768],[-96.4594,31.7677],[-96.456,31.766],[-96.4563,31.7756],[-96.458,31.7759],[-96.4581,31.7786],[-96.4569,31.7786],[-96.4569,31.7795],[-96.4492,31.7796],[-96.4442,31.7743],[-96.4316,31.7668],[-96.419,31.7822],[-96.3842,31.7677],[-96.374,31.7658],[-96.3743,31.7523],[-96.3719,31.7464],[-96.3729,31.7419],[-96.3676,31.7426],[-96.3611,31.7419],[-96.3607,31.7391],[-96.3448,31.7389],[-96.3327,31.7408],[-96.3327,31.7182],[-96.3247,31.6877],[-96.3162,31.6744],[-96.3152,31.6747],[-96.3077,31.6643],[-96.3015,31.6583],[-96.285,31.6482],[-96.2806,31.6477],[-96.281,31.6413],[-96.2747,31.6411],[-96.2745,31.6443],[-96.2713,31.6443],[-96.2714,31.6418],[-96.2588,31.6411],[-96.2472,31.6539],[-96.2432,31.6533],[-96.23,31.6537],[-96.2306,31.6515],[-96.2105,31.6524],[-96.2042,31.652],[-96.2039,31.6508],[-96.1947,31.6508],[-96.1885,31.6461],[-96.1748,31.6441],[-96.1718,31.6448],[-96.1709,31.6474],[-96.1694,31.6476],[-96.1699,31.6488],[-96.1664,31.6498],[-96.1654,31.6515],[-96.1583,31.6493],[-96.1567,31.6466],[-96.1516,31.6467],[-96.15,31.6495],[-96.1482,31.6502],[-96.1401,31.6492],[-96.1356,31.6505],[-96.1347,31.6483],[-96.1319,31.6488],[-96.1289,31.6475],[-96.1259,31.6505],[-96.1149,31.6462],[-96.1116,31.6481],[-96.1109,31.6514],[-96.1084,31.6528],[-96.1067,31.6529],[-96.1053,31.6519],[-96.1022,31.6523],[-96.1003,31.6501],[-96.0995,31.6506],[-96.0976,31.6495],[-96.0973,31.6482],[-96.0907,31.6462],[-96.0897,31.6472],[-96.0893,31.6458],[-96.0881,31.6454],[-96.0877,31.6463],[-96.0865,31.6459],[-96.0854,31.6469],[-96.081,31.6475],[-96.0784,31.6458],[-96.0762,31.6461],[-96.076,31.6448],[-96.0746,31.6455],[-96.0737,31.6446],[-96.0727,31.6447],[-96.073,31.6453],[-96.0722,31.6446],[-96.0713,31.6454],[-96.0704,31.6451],[-96.0695,31.6464],[-96.0681,31.6462],[-96.0674,31.645],[-96.0663,31.6456],[-96.066,31.6435],[-96.0633,31.6416],[-96.0542,31.6439],[-96.0527,31.642],[-96.0501,31.6418],[-96.0469,31.6395],[-96.0467,31.638],[-96.0454,31.6369],[-96.0429,31.6368],[-96.0414,31.6355],[-96.0365,31.6351],[-96.0345,31.6336],[-96.0338,31.6339],[-96.0338,31.6329],[-96.0308,31.6339],[-96.029,31.6325],[-96.0255,31.6327],[-96.0214,31.6258],[-96.0213,31.6241],[-96.0185,31.6251],[-96.0186,31.624],[-96.0176,31.624],[-96.0181,31.6223],[-96.0173,31.6223],[-96.0165,31.6206],[-96.0146,31.6211],[-96.0156,31.6197],[-96.014,31.619],[-96.0145,31.6226],[-95.9927,31.6357],[-95.9918,31.6368],[-95.9919,31.6393],[-95.9896,31.6412],[-95.9871,31.639],[-95.9772,31.645],[-95.9741,31.6408],[-95.9701,31.6431],[-95.9668,31.638],[-95.9638,31.6451],[-95.9546,31.6526],[-95.9533,31.6549],[-95.9527,31.6579],[-95.9553,31.671],[-95.8471,31.6474],[-95.8009,31.6475],[-95.7897,31.6488],[-95.7897,31.6462],[-95.7951,31.6383],[-95.7967,31.6321],[-95.7964,31.6301],[-95.7951,31.6286],[-95.7894,31.6275],[-95.7882,31.6265],[-95.7889,31.622],[-95.7862,31.6168],[-95.7852,31.6114],[-95.78,31.6043],[-95.772,31.5986],[-95.7681,31.5974],[-95.7642,31.5996],[-95.7614,31.5996],[-95.7608,31.604],[-95.7533,31.6069],[-95.7526,31.6101],[-95.7533,31.6138],[-95.7487,31.6177],[-95.7489,31.6208],[-95.7532,31.6292],[-95.7528,31.6348],[-95.7536,31.6378],[-95.7572,31.6432],[-95.7565,31.646],[-95.7528,31.6493],[-95.7417,31.6521],[-95.7394,31.6538],[-95.7357,31.6538],[-95.7328,31.6488],[-95.7277,31.6444],[-95.7236,31.638],[-95.7185,31.6324],[-95.7174,31.6272],[-95.7134,31.6217],[-95.71,31.6147],[-95.7123,31.6083],[-95.7112,31.6039],[-95.714,31.6018],[-95.7163,31.5984],[-95.7159,31.5941],[-95.7199,31.5928],[-95.7219,31.5863],[-95.7252,31.5848],[-95.729,31.5842],[-95.7295,31.5835],[-95.7213,31.5778],[-95.7182,31.5732],[-95.7184,31.5713],[-95.7222,31.5697],[-95.717,31.5678],[-95.7173,31.5593],[-95.7157,31.554],[-95.7185,31.5537],[-95.7239,31.5558],[-95.7259,31.555],[-95.7288,31.5518],[-95.7304,31.5512],[-95.7352,31.5513],[-95.7426,31.5542],[-95.7511,31.552],[-95.7525,31.5507],[-95.7541,31.546],[-95.7534,31.5443],[-95.7511,31.5423],[-95.7509,31.5407],[-95.7527,31.5387],[-95.7567,31.5366],[-95.7586,31.5341],[-95.7583,31.5326],[-95.7565,31.5311],[-95.7479,31.5285],[-95.7469,31.5242],[-95.7411,31.5225],[-95.737,31.5185],[-95.7339,31.5084],[-95.7393,31.5041],[-95.6472,31.527],[-95.6518,31.5418],[-95.4932,31.5649],[-95.2732,31.5929],[-95.274,31.5914],[-95.273,31.5905],[-95.2701,31.5916],[-95.2692,31.5872],[-95.2681,31.5868],[-95.2669,31.5841],[-95.2648,31.5839],[-95.2638,31.5817],[-95.262,31.581],[-95.2603,31.5771],[-95.257,31.5765],[-95.2552,31.5748],[-95.2518,31.5764],[-95.2504,31.5754],[-95.241,31.5747],[-95.2408,31.5764],[-95.2398,31.5767],[-95.2302,31.5735],[-95.2282,31.5747],[-95.2283,31.5754],[-95.2308,31.5759],[-95.2316,31.577],[-95.2301,31.5773],[-95.2277,31.5763],[-95.226,31.5774],[-95.2213,31.5757],[-95.2205,31.5743],[-95.2195,31.5745],[-95.2184,31.5734],[-95.2139,31.5727],[-95.2114,31.5733],[-95.211,31.5719],[-95.2088,31.5731],[-95.2083,31.5719],[-95.2095,31.5708],[-95.2085,31.5702],[-95.2027,31.5734],[-95.1979,31.5715],[-95.1972,31.573],[-95.1988,31.5735],[-95.1983,31.5741],[-95.1947,31.5747],[-95.1926,31.5733],[-95.193,31.5752],[-95.1917,31.5771],[-95.1859,31.5789],[-95.1849,31.5782],[-95.1806,31.5806],[-95.1794,31.5804],[-95.1764,31.5848],[-95.1723,31.585],[-95.1706,31.5831],[-95.1685,31.5837],[-95.169,31.5823],[-95.171,31.5815],[-95.1707,31.5809],[-95.1622,31.5777],[-95.1616,31.5732],[-95.1582,31.5716],[-95.1566,31.5724],[-95.157,31.5709],[-95.155,31.5712],[-95.1497,31.5696],[-95.1492,31.5688],[-95.151,31.5659],[-95.1474,31.5632],[-95.1465,31.564],[-95.1437,31.5628],[-95.1431,31.5647],[-95.1397,31.563],[-95.1394,31.5614],[-95.1418,31.5579],[-95.1461,31.5556],[-95.1473,31.5538],[-95.147,31.5503],[-95.1431,31.544],[-95.1442,31.5419],[-95.1461,31.5429],[-95.1434,31.5396],[-95.135,31.5404],[-95.1284,31.5377],[-95.1264,31.5383],[-95.1253,31.5372],[-95.1262,31.5343],[-95.1237,31.5311],[-95.1229,31.5314],[-95.1232,31.5342],[-95.1205,31.5347],[-95.1204,31.5327],[-95.1101,31.528],[-95.1081,31.5261],[-95.1101,31.5243],[-95.108,31.5229],[-95.1058,31.5242],[-95.1043,31.5228],[-95.1033,31.5234],[-95.103,31.5216],[-95.1,31.5189],[-95.0989,31.5141],[-95.0999,31.5118],[-95.097,31.5111],[-95.0966,31.5095],[-95.0977,31.5089],[-95.1002,31.5108],[-95.1007,31.5088],[-95.0974,31.5059],[-95.0983,31.5044],[-95.0941,31.5039],[-95.0938,31.503],[-95.0956,31.5014],[-95.0951,31.5001],[-95.0959,31.4993],[-95.0944,31.4987],[-95.0958,31.4978],[-95.0978,31.4984],[-95.0983,31.4934],[-95.101,31.496],[-95.1025,31.4937],[-95.1038,31.4952],[-95.1056,31.4947],[-95.1049,31.4921],[-95.1076,31.4897],[-95.1097,31.4891],[-95.1089,31.4859],[-95.1111,31.4838],[-95.1062,31.4829],[-95.1068,31.4806],[-95.1039,31.4797],[-95.1031,31.4787],[-95.1033,31.4758],[-95.1026,31.4752],[-95.1035,31.4744],[-95.1017,31.4739],[-95.0984,31.4748],[-95.0988,31.4767],[-95.0978,31.4764],[-95.0974,31.4745],[-95.1011,31.4714],[-95.1014,31.4699],[-95.1001,31.4691],[-95.1007,31.4683],[-95.0986,31.4687],[-95.0953,31.4679],[-95.0924,31.4694],[-95.0913,31.467],[-95.0883,31.466],[-95.0814,31.4682],[-95.0806,31.4699],[-95.0785,31.4674],[-95.0742,31.4669],[-95.0737,31.4639],[-95.0723,31.4635],[-95.0673,31.4663],[-95.0664,31.4701],[-95.0675,31.4703],[-95.0685,31.4693],[-95.0691,31.4704],[-95.0647,31.4713],[-95.0622,31.4693],[-95.0623,31.4675],[-95.0605,31.468],[-95.057,31.4648],[-95.0586,31.4637],[-95.055,31.462],[-95.0558,31.4602],[-95.0522,31.459],[-95.0511,31.4564],[-95.0517,31.4531],[-95.0485,31.451],[-95.0489,31.4495],[-95.0447,31.4463],[-95.0452,31.4451],[-95.0392,31.4467],[-95.0345,31.4448],[-95.0353,31.4435],[-95.031,31.4434],[-95.0324,31.4448],[-95.0319,31.4456],[-95.0288,31.4439],[-95.0237,31.4426],[-95.0166,31.4449],[-95.0165,31.4457],[-95.0124,31.444],[-95.0073,31.4446],[-95.0076,31.4429],[-95.0063,31.4428],[-95.0062,31.4417],[-95.005,31.442],[-95.0052,31.4399],[-95.0113,31.4378],[-95.0121,31.4356],[-95.0108,31.4342],[-95.0071,31.4332],[-95.0077,31.4312],[-95.0065,31.4296],[-95.004,31.4286],[-95.0033,31.4257],[-94.8659,31.5269],[-94.8703,31.5268],[-94.8699,31.5289],[-94.8726,31.5291],[-94.8726,31.5274],[-94.8738,31.5267],[-94.8745,31.5268],[-94.8743,31.5283],[-94.8757,31.5276],[-94.8764,31.5286],[-94.8808,31.5285],[-94.8799,31.5297],[-94.8837,31.5294],[-94.8843,31.5324],[-94.882,31.5321],[-94.8855,31.5349],[-94.885,31.5359],[-94.8827,31.5363],[-94.8859,31.5372],[-94.8842,31.5379],[-94.8851,31.5401],[-94.8844,31.5409],[-94.8867,31.5424],[-94.8901,31.541],[-94.8904,31.5423],[-94.894,31.5412],[-94.8938,31.543],[-94.8961,31.5457],[-94.8931,31.5491],[-94.8933,31.5498],[-94.8964,31.5495],[-94.896,31.5509],[-94.8977,31.5532],[-94.8991,31.5519],[-94.9006,31.5526],[-94.8986,31.5557],[-94.8966,31.555],[-94.895,31.5589],[-94.8916,31.5624],[-94.8896,31.5663],[-94.8908,31.5692],[-94.8905,31.5729],[-94.8917,31.5779],[-94.8934,31.5779],[-94.8961,31.5759],[-94.9027,31.5741],[-94.9073,31.5707],[-94.9123,31.569],[-94.9157,31.57],[-94.9206,31.5741],[-94.9215,31.5776],[-94.9243,31.5798],[-94.9233,31.5819],[-94.925,31.5827],[-94.9223,31.5841],[-94.9192,31.5873],[-94.9249,31.5903],[-94.9245,31.5924],[-94.9264,31.5934],[-94.9263,31.5981],[-94.9284,31.5984],[-94.9267,31.5988],[-94.9279,31.6027],[-94.9262,31.6022],[-94.9267,31.6031],[-94.9256,31.603],[-94.9251,31.604],[-94.9257,31.6047],[-94.9252,31.606],[-94.9262,31.6066],[-94.9256,31.6074],[-94.9266,31.6077],[-94.9261,31.6098],[-94.9306,31.6119],[-94.9293,31.6131],[-94.9304,31.6135],[-94.9308,31.6156],[-94.9321,31.6158],[-94.9312,31.6168],[-94.9317,31.6187],[-94.9325,31.6177],[-94.9343,31.6189],[-94.9329,31.6197],[-94.933,31.6215],[-94.9356,31.6209],[-94.9414,31.627],[-94.9421,31.6292],[-94.9391,31.6302],[-94.9396,31.631],[-94.9405,31.63],[-94.9417,31.6319],[-94.9419,31.6333],[-94.941,31.6341],[-94.9418,31.6384],[-94.9458,31.6374],[-94.9471,31.638],[-94.9477,31.6363],[-94.9492,31.6364],[-94.9499,31.6366],[-94.9492,31.6374],[-94.9504,31.6381],[-94.9506,31.64],[-94.9527,31.6391],[-94.9542,31.6397],[-94.952,31.6414],[-94.9525,31.6428],[-94.9514,31.6423],[-94.9507,31.6455],[-94.9519,31.645],[-94.952,31.6471],[-94.9514,31.6474],[-94.9504,31.6466],[-94.95,31.6484],[-94.9487,31.6477],[-94.9483,31.6482],[-94.9491,31.6499],[-94.9512,31.6505],[-94.9526,31.6522],[-94.9511,31.6517],[-94.9488,31.6529],[-94.9486,31.6546],[-94.9504,31.655],[-94.9484,31.6554],[-94.9484,31.6572],[-94.9498,31.657],[-94.9511,31.6594],[-94.9522,31.6596],[-94.9508,31.6636],[-94.9513,31.6668],[-94.9526,31.6676],[-94.9515,31.6692],[-94.9519,31.6705],[-94.9524,31.6711],[-94.9542,31.6703],[-94.9549,31.6687],[-94.9566,31.6694],[-94.9571,31.6705],[-94.9556,31.6722],[-94.9529,31.6729],[-94.9546,31.6764],[-94.9528,31.6761],[-94.9535,31.6778],[-94.9507,31.6797],[-94.9527,31.6802],[-94.9517,31.6818],[-94.9553,31.681],[-94.9573,31.6869],[-94.9586,31.6855],[-94.9597,31.686],[-94.9651,31.6936],[-94.9659,31.6978],[-94.9655,31.6984],[-94.9646,31.6976],[-94.964,31.6988],[-94.9601,31.6985],[-94.9641,31.704],[-94.9633,31.705],[-94.9615,31.704],[-94.9597,31.7089],[-94.9608,31.7124],[-94.9629,31.7135],[-94.9629,31.7156],[-94.9613,31.7154],[-94.9587,31.7165],[-94.9586,31.7181],[-94.9552,31.7212],[-94.9544,31.7232],[-94.9568,31.7243],[-94.9582,31.724],[-94.9621,31.7332],[-94.9651,31.7365],[-94.9664,31.7347],[-94.9674,31.7367],[-94.9695,31.7365],[-94.9707,31.7381],[-94.9724,31.7373],[-94.9728,31.7386],[-94.9718,31.74],[-94.9701,31.7403],[-94.9702,31.7432],[-94.9682,31.7486],[-94.9667,31.7498],[-94.9673,31.7542],[-94.9662,31.7539],[-94.9644,31.755],[-94.9608,31.753],[-94.9594,31.7542],[-94.9585,31.7532],[-94.9552,31.7548],[-94.9453,31.7522],[-94.9436,31.7525],[-94.9428,31.755],[-94.9422,31.7532],[-94.9412,31.7541],[-94.9395,31.7541],[-94.9396,31.7555],[-94.9378,31.7568],[-94.9363,31.755],[-94.9346,31.7563],[-94.9321,31.7544],[-94.9288,31.7562],[-94.929,31.7581],[-94.9282,31.7591],[-94.927,31.7587],[-94.9263,31.7619],[-94.9281,31.7629],[-94.9293,31.7665],[-94.9331,31.7665],[-94.9335,31.7681],[-94.9374,31.7696],[-94.9386,31.7722],[-94.9421,31.7721],[-94.9445,31.7736],[-94.948,31.7714],[-94.9474,31.7726],[-94.9493,31.7746],[-94.9494,31.7735],[-94.9516,31.7726],[-94.9506,31.7693],[-94.9514,31.7691],[-94.9551,31.7731],[-94.9586,31.7788],[-94.9621,31.7782],[-94.9625,31.7787],[-94.9613,31.7794],[-94.9626,31.7807],[-94.9648,31.7801],[-94.9698,31.7818],[-94.9717,31.7813],[-94.9718,31.7824],[-94.9749,31.782],[-94.9739,31.7834],[-94.9749,31.7838],[-94.9747,31.7857],[-94.9768,31.7872],[-94.9758,31.7877],[-94.9782,31.7934],[-94.977,31.7934],[-94.9775,31.794],[-94.9764,31.7939],[-94.9758,31.7952],[-94.9751,31.7939],[-94.9735,31.7956],[-94.9723,31.7947],[-94.9723,31.7961],[-94.9711,31.7955],[-94.9704,31.7968],[-94.9689,31.7951],[-94.9662,31.7968],[-94.9646,31.7962],[-94.9607,31.7974],[-94.9605,31.7956],[-94.9539,31.797],[-94.955,31.7981],[-94.9531,31.7995],[-94.9557,31.8005],[-94.9518,31.801],[-94.9535,31.802],[-94.9524,31.8025],[-94.9523,31.8037],[-94.9538,31.8039],[-94.9543,31.8055],[-94.9526,31.8067],[-94.9511,31.8057],[-94.9513,31.8077],[-94.9498,31.8068],[-94.949,31.8076],[-94.9467,31.8071],[-94.9471,31.8108],[-94.9456,31.8127],[-94.9458,31.8142],[-94.9444,31.8146],[-94.9444,31.8166],[-94.9423,31.8178],[-94.9451,31.8229],[-94.9465,31.8235],[-94.9459,31.8249],[-94.9482,31.8252],[-94.9483,31.8263],[-94.9467,31.8269],[-94.9453,31.8253],[-94.945,31.8271],[-94.943,31.8274],[-94.9418,31.829],[-94.9414,31.8272],[-94.9406,31.827],[-94.9405,31.828],[-94.9359,31.8315],[-94.9347,31.834],[-94.9346,31.8347],[-94.9369,31.8358],[-94.9354,31.836],[-94.9378,31.8389],[-94.9352,31.8379],[-94.9367,31.8405],[-94.9354,31.8424],[-94.9379,31.8415],[-94.9365,31.8431],[-94.9368,31.8439],[-94.9382,31.844],[-94.9369,31.8446],[-94.9375,31.8456],[-94.985,31.8462],[-94.9853,32.138],[-95.3317,32.1355],[-95.4599,32.1356]]]},"properties":{"STATEFP":"48","CD118FP":"06","GEOID":"4806","GEOIDFQ":"5001800US4806","NAMELSAD":"Congressional District 6","LSAD":"C2","CDSESSN":"118","MTFCC":"G5200","FUNCSTAT":"N","ALAND":15173306875,"AWATER":417555566,"INTPTLAT":"+32.0096811","INTPTLON":"-096.2659539"}},
{"type":"Feature","geometry":{"type":"Polygon","coordinates":[[[-100.2122,28.1968],[-100.2113,28.1939],[-100.2081,28.1904],[-100.1965,28.1902],[-100.1857,28.1858],[-100.1744,28.1794],[-100.1684,28.1715],[-100.1606,28.1682],[-100.156,28.1674],[-100.1411,28.1681],[-100.1344,28.1637],[-100.1291,28.1618],[-100.1283,28.1606],[-100.1196,28.1556],[-100.1091,28.1536],[-100.0903,28.1483],[-100.0843,28.1448],[-100.0829,28.1431],[-100.0826,28.1397],[-100.0813,28.1385],[-100.079,28.131],[-100.0755,28.1249],[-100.0718,28.1208],[-100.0677,28.1136],[-100.0588,28.1073],[-100.0565,28.1042],[-100.0556,28.1011],[-100.057,28.0942],[-100.0531,28.0847],[-100.0461,28.0791],[-100.0287,28.0731],[-100.0219,28.0689],[-100.0179,28.0648],[-100.0161,28.0533],[-100.0131,28.0438],[-100.0128,28.0372],[-100.0086,28.024],[-100.0061,28.0184],[-100,28.0105],[-99.9964,28.0016],[-99.9914,27.9946],[-99.9898,27.9929],[-99.9849,27.9907],[-99.9773,27.9895],[-99.9701,27.9859],[-99.9628,27.9835],[-99.9502,27.9833],[-99.9471,27.9822],[-99.9412,27.9825],[-99.9318,27.981],[-99.9312,27.9795],[-99.9322,27.9677],[-99.9344,27.9615],[-99.9385,27.9541],[-99.939,27.9493],[-99.9371,27.9405],[-99.9329,27.9373],[-99.9266,27.9357],[-99.9241,27.9314],[-99.9243,27.9295],[-99.926,27.9275],[-99.922,27.9221],[-99.9175,27.918],[-99.9001,27.9121],[-99.8968,27.907],[-99.8935,27.8992],[-99.8941,27.893],[-99.897,27.8882],[-99.9012,27.8844],[-99.9033,27.8805],[-99.9044,27.8753],[-99.9015,27.8642],[-99.8971,27.8606],[-99.8936,27.8562],[-99.8834,27.8505],[-99.882,27.8504],[-99.8772,27.8422],[-99.876,27.838],[-99.8779,27.8254],[-99.8738,27.813],[-99.878,27.8005],[-99.8768,27.7978],[-99.8701,27.7946],[-99.8604,27.7937],[-99.8543,27.7947],[-99.8509,27.794],[-99.8497,27.7925],[-99.8489,27.7874],[-99.8447,27.7788],[-99.8432,27.7737],[-99.843,27.7685],[-99.8388,27.7642],[-99.8331,27.7629],[-99.826,27.7643],[-99.8221,27.7673],[-99.8191,27.776],[-99.8175,27.7763],[-99.8131,27.774],[-99.81,27.7693],[-99.8057,27.7587],[-99.8017,27.7418],[-99.7963,27.7356],[-99.7888,27.7307],[-99.7854,27.7304],[-99.7749,27.7335],[-99.7707,27.7321],[-99.7616,27.7221],[-99.7585,27.717],[-99.7576,27.7121],[-99.7385,27.6931],[-99.7324,27.6854],[-99.7239,27.6736],[-99.7236,27.6695],[-99.7215,27.6662],[-99.7115,27.6584],[-99.7046,27.655],[-99.6994,27.6554],[-99.6971,27.6625],[-99.6944,27.6661],[-99.6902,27.6689],[-99.6894,27.6686],[-99.6895,27.6651],[-99.6886,27.6632],[-99.6858,27.661],[-99.6789,27.659],[-99.6715,27.6602],[-99.6689,27.66],[-99.6618,27.6558],[-99.6615,27.6541],[-99.6583,27.6502],[-99.6581,27.648],[-99.6595,27.6452],[-99.6612,27.6431],[-99.6654,27.6403],[-99.6661,27.6361],[-99.6596,27.6326],[-99.6589,27.6311],[-99.6543,27.6298],[-99.6501,27.6306],[-99.6389,27.6268],[-99.6269,27.63],[-99.6251,27.6314],[-99.6232,27.6346],[-99.6271,27.6384],[-99.6271,27.6408],[-99.6243,27.644],[-99.6214,27.6438],[-99.6176,27.6384],[-99.6161,27.6377],[-99.6035,27.642],[-99.5962,27.6399],[-99.594,27.6386],[-99.5928,27.6347],[-99.5924,27.6286],[-99.5914,27.6275],[-99.5848,27.622],[-99.5789,27.62],[-99.5776,27.6186],[-99.5772,27.6113],[-99.58,27.6078],[-99.5844,27.6062],[-99.5848,27.6039],[-99.5786,27.6023],[-99.5691,27.6059],[-99.5612,27.6076],[-99.5587,27.6092],[-99.5576,27.613],[-99.5561,27.6144],[-99.5549,27.6145],[-99.5419,27.606],[-99.5397,27.6033],[-99.5369,27.5961],[-99.5362,27.5917],[-99.5297,27.5798],[-99.5249,27.5763],[-99.5164,27.5725],[-99.5121,27.5683],[-99.511,27.5645],[-99.514,27.5568],[-99.5188,27.5532],[-99.5219,27.5441],[-99.5222,27.5348],[-99.5254,27.5185],[-99.5253,27.5104],[-99.5284,27.4986],[-99.5261,27.4966],[-99.5198,27.4968],[-99.5136,27.4994],[-99.5103,27.4991],[-99.5025,27.5004],[-99.499,27.4992],[-99.4968,27.5001],[-99.4858,27.4932],[-99.4813,27.4885],[-99.4793,27.4786],[-99.4823,27.4763],[-99.4831,27.4694],[-99.4854,27.4641],[-99.4951,27.4515],[-99.4957,27.4389],[-99.4875,27.4116],[-99.4896,27.399],[-99.4927,27.392],[-99.4927,27.386],[-99.4917,27.3837],[-99.4921,27.3805],[-99.496,27.3752],[-99.4991,27.3731],[-99.5037,27.3646],[-99.5078,27.3542],[-99.5078,27.3486],[-99.5046,27.3387],[-99.509,27.3339],[-99.5189,27.3263],[-99.5236,27.3241],[-99.5314,27.3238],[-99.538,27.317],[-99.536,27.312],[-99.5285,27.3054],[-99.5211,27.3038],[-99.5115,27.3041],[-99.5052,27.306],[-99.501,27.306],[-99.4958,27.3044],[-99.492,27.3007],[-99.4879,27.2949],[-99.4876,27.2896],[-99.4891,27.2858],[-99.4947,27.2776],[-99.4967,27.2724],[-99.494,27.2662],[-99.4891,27.2615],[-99.486,27.2599],[-99.4812,27.2598],[-99.4737,27.2632],[-99.4658,27.268],[-99.4615,27.2682],[-99.4584,27.2662],[-99.4556,27.2662],[-99.4524,27.264],[-99.4415,27.2499],[-99.4414,27.2368],[-99.4452,27.2255],[-99.4452,27.2233],[-99.4428,27.2188],[-99.4343,27.2121],[-99.4326,27.2097],[-99.4328,27.2018],[-99.4263,27.1763],[-99.43,27.1591],[-99.4322,27.1571],[-99.438,27.1541],[-99.44,27.1511],[-99.44,27.1488],[-99.4383,27.1448],[-99.4314,27.1376],[-99.4306,27.1266],[-99.4334,27.1192],[-99.4411,27.11],[-99.4421,27.1069],[-99.4418,27.1054],[-99.4376,27.1004],[-99.4303,27.0949],[-99.4292,27.091],[-99.4345,27.0785],[-99.4503,27.0677],[-99.4523,27.0627],[-99.4509,27.0557],[-99.4456,27.0434],[-99.444,27.0365],[-99.4441,27.0313],[-99.4461,27.023],[-99.4436,27.0188],[-99.4355,27.0122],[-99.4322,27.0107],[-99.4294,27.0108],[-99.4204,27.0166],[-99.4155,27.0172],[-99.4112,27.0116],[-99.4085,27.0095],[-99.4037,26.9974],[-99.3874,26.9824],[-99.3848,26.9811],[-99.3784,26.98],[-99.3766,26.9777],[-99.3773,26.9738],[-99.3811,26.9708],[-99.3902,26.9663],[-99.393,26.9638],[-99.3937,26.9607],[-99.3883,26.9442],[-99.3791,26.9345],[-99.3734,26.9313],[-99.3671,26.929],[-99.3611,26.9289],[-99.3517,26.9251],[-99.3471,26.925],[-99.3373,26.9228],[-99.3299,26.9193],[-99.3247,26.916],[-99.323,26.9125],[-99.3218,26.9068],[-99.3262,26.8904],[-99.3266,26.8848],[-99.3289,26.8798],[-99.3286,26.8786],[-99.3259,26.8774],[-99.3238,26.8739],[-99.3168,26.8658],[-99.3102,26.865],[-99.2951,26.8654],[-99.2805,26.8581],[-99.2686,26.8432],[-99.2622,26.8157],[-99.2424,26.7883],[-99.24,26.7459],[-99.2089,26.7248],[-99.2099,26.6939],[-99.2005,26.6564],[-99.1781,26.6205],[-99.1674,26.56],[-99.1683,26.5559],[-99.1714,26.5492],[-99.1712,26.542],[-99.1692,26.5383],[-99.1667,26.5361],[-99.1437,26.5279],[-99.1373,26.5274],[-99.1357,26.5263],[-99.1278,26.5252],[-99.1236,26.5205],[-99.1186,26.5166],[-99.1123,26.5077],[-99.1049,26.5004],[-99.0955,26.4817],[-99.0916,26.4771],[-99.092,26.4724],[-99.0936,26.4683],[-99.0981,26.4633],[-99.1004,26.4587],[-99.1,26.4536],[-99.1008,26.4502],[-99.1024,26.448],[-99.1024,26.4427],[-99.1057,26.4387],[-99.1127,26.4355],[-99.1138,26.434],[-99.1109,26.4263],[-99.1057,26.4232],[-99.0996,26.4172],[-99.096,26.4118],[-99.0894,26.4081],[-99.0851,26.3988],[-99.082,26.3967],[-99.069,26.3976],[-99.0621,26.3974],[-99.0546,26.4013],[-99.0476,26.4069],[-99.0455,26.4098],[-99.0404,26.4127],[-99.0371,26.4136],[-99.032,26.4128],[-99.0219,26.4079],[-99.0164,26.4008],[-99.0124,26.393],[-99.0106,26.3921],[-99.0038,26.3935],[-99.0003,26.3923],[-98.9891,26.3917],[-98.9863,26.3928],[-98.9792,26.3999],[-98.9752,26.4011],[-98.9701,26.3992],[-98.9619,26.3984],[-98.9568,26.396],[-98.9534,26.3929],[-98.9533,26.3847],[-98.956,26.3795],[-98.9561,26.3776],[-98.9467,26.37],[-98.9392,26.3699],[-98.9362,26.3715],[-98.9346,26.3744],[-98.9343,26.3775],[-98.9359,26.3831],[-98.9356,26.385],[-98.9293,26.3934],[-98.9259,26.3944],[-98.9238,26.392],[-98.9234,26.3814],[-98.9222,26.3791],[-98.9174,26.3745],[-98.9111,26.3718],[-98.9039,26.3721],[-98.9017,26.3712],[-98.8996,26.3666],[-98.9009,26.3594],[-98.8986,26.3551],[-98.8967,26.3533],[-98.889,26.3571],[-98.8785,26.3607],[-98.8703,26.3624],[-98.8619,26.366],[-98.8534,26.365],[-98.851,26.3638],[-98.8476,26.3598],[-98.8441,26.3587],[-98.8416,26.3589],[-98.8329,26.3633],[-98.8269,26.3696],[-98.8246,26.3708],[-98.8205,26.371],[-98.814,26.3663],[-98.8114,26.3669],[-98.8084,26.3691],[-98.8066,26.3691],[-98.8022,26.3655],[-98.7982,26.3602],[-98.7963,26.3491],[-98.7931,26.3435],[-98.7883,26.3383],[-98.788,26.3361],[-98.7897,26.3321],[-98.789,26.3304],[-98.777,26.3257],[-98.7713,26.3251],[-98.7635,26.3267],[-98.755,26.3314],[-98.7511,26.3316],[-98.7495,26.33],[-98.7494,26.3248],[-98.748,26.3203],[-98.7458,26.3168],[-98.7435,26.3149],[-98.7385,26.3137],[-98.7367,26.3114],[-98.7362,26.3092],[-98.7372,26.305],[-98.7404,26.3028],[-98.7437,26.303],[-98.7504,26.3077],[-98.7542,26.3079],[-98.7561,26.3042],[-98.751,26.2963],[-98.7478,26.2949],[-98.7426,26.2942],[-98.74,26.2949],[-98.7348,26.2984],[-98.7322,26.2991],[-98.7278,26.2988],[-98.7241,26.2971],[-98.722,26.295],[-98.719,26.2882],[-98.7162,26.2862],[-98.7148,26.2861],[-98.7094,26.2892],[-98.7025,26.287],[-98.7008,26.2848],[-98.6999,26.2815],[-98.701,26.278],[-98.705,26.2774],[-98.7119,26.279],[-98.7173,26.278],[-98.7199,26.276],[-98.7199,26.2726],[-98.7099,26.2682],[-98.6987,26.2654],[-98.6866,26.2651],[-98.6807,26.2626],[-98.6777,26.2566],[-98.6795,26.2491],[-98.6785,26.2443],[-98.6744,26.2393],[-98.6676,26.2358],[-98.6639,26.2353],[-98.6552,26.2359],[-98.652,26.2369],[-98.6455,26.241],[-98.6343,26.2425],[-98.633,26.2441],[-98.6331,26.25],[-98.6322,26.2522],[-98.6237,26.2598],[-98.6215,26.2591],[-98.6187,26.2525],[-98.6182,26.2477],[-98.6167,26.2464],[-98.6144,26.2475],[-98.613,26.2522],[-98.6116,26.2533],[-98.6068,26.2535],[-98.598,26.258],[-98.5864,26.2578],[-98.4858,26.4578],[-98.4783,26.4698],[-98.4633,26.5003],[-98.3968,26.6253],[-98.3207,26.7831],[-98.4226,26.7835],[-98.4179,27.0553],[-98.4665,27.0547],[-98.4673,27.142],[-98.4929,27.1421],[-98.4929,27.235],[-98.4965,27.2369],[-98.5062,27.2387],[-98.5098,27.2438],[-98.5106,27.2491],[-98.5124,27.2512],[-98.5142,27.2515],[-98.5192,27.2502],[-98.5223,27.2541],[-98.5273,27.253],[-98.5311,27.2544],[-98.5336,27.2581],[-98.5341,27.2619],[-98.5366,27.2652],[-98.2325,27.2625],[-98.2337,27.6892],[-98.2344,27.7281],[-98.2355,28.058],[-98.3343,28.0578],[-98.3342,28.3585],[-98.335,28.6127],[-98.1238,28.7675],[-98.0983,28.7869],[-98.1253,28.8142],[-98.1684,28.8615],[-98.1844,28.8753],[-98.2524,28.9477],[-98.2702,28.9689],[-98.4073,29.1144],[-98.2871,29.2575],[-98.1372,29.4404],[-98.1296,29.4439],[-98.1287,29.4454],[-98.1252,29.4464],[-98.1225,29.446],[-98.1221,29.4418],[-98.1252,29.4401],[-98.1221,29.4354],[-98.1071,29.443],[-98.1051,29.4532],[-98.1028,29.4544],[-98.0984,29.4481],[-98.0964,29.4477],[-98.0931,29.4428],[-98.0908,29.4425],[-98.0886,29.4399],[-98.0848,29.4411],[-98.0803,29.4344],[-98.0736,29.4377],[-98.0735,29.4655],[-98.0653,29.4672],[-98.0585,29.4704],[-98.0496,29.4769],[-98.043,29.487],[-98.0615,29.5244],[-98.0723,29.5406],[-98.0436,29.5503],[-98.0316,29.5619],[-98.0239,29.5666],[-98.0287,29.5695],[-98.0329,29.5744],[-98.0366,29.5763],[-98.0374,29.5792],[-98.0362,29.5814],[-98.0327,29.584],[-98.0333,29.587],[-98.0374,29.5913],[-98.0389,29.594],[-98.0428,29.5948],[-98.044,29.5961],[-98.0377,29.5997],[-98.0316,29.6014],[-98.0303,29.6028],[-98.0273,29.609],[-98.0274,29.6209],[-98.0293,29.6226],[-98.0315,29.6229],[-98.0391,29.6195],[-98.0487,29.6186],[-98.0499,29.6254],[-98.0492,29.6267],[-98.0461,29.6284],[-98.0446,29.6386],[-98.0479,29.6402],[-98.0489,29.6401],[-98.0493,29.6391],[-98.0507,29.6402],[-98.0563,29.6401],[-98.0575,29.6415],[-98.0563,29.6475],[-98.0576,29.6502],[-98.0658,29.6535],[-98.0706,29.6601],[-98.0715,29.6654],[-98.0701,29.6692],[-98.0693,29.6703],[-98.0639,29.6716],[-98.0632,29.6749],[-98.0698,29.6821],[-98.0721,29.683],[-98.0784,29.6792],[-98.0788,29.6734],[-98.0799,29.6712],[-98.0884,29.6688],[-98.0905,29.6689],[-98.0932,29.6723],[-98.0921,29.6774],[-98.0928,29.6801],[-98.0909,29.6832],[-98.2019,29.6363],[-98.2425,29.6214],[-98.3109,29.5945],[-98.3117,29.5901],[-98.3041,29.5847],[-98.3118,29.5805],[-98.3221,29.5767],[-98.3484,29.5552],[-98.3371,29.5386],[-98.3529,29.5304],[-98.3458,29.5252],[-98.3448,29.5225],[-98.3466,29.5217],[-98.3458,29.517],[-98.3335,29.5139],[-98.3338,29.5109],[-98.318,29.5159],[-98.3154,29.5174],[-98.3137,29.5176],[-98.3127,29.5162],[-98.3101,29.5175],[-98.3106,29.5183],[-98.3119,29.5177],[-98.3131,29.5192],[-98.3118,29.5214],[-98.3013,29.5342],[-98.288,29.513],[-98.2875,29.5106],[-98.2885,29.5038],[-98.2552,29.5206],[-98.252,29.5207],[-98.2462,29.5237],[-98.2447,29.5199],[-98.2237,29.4881],[-98.2886,29.4665],[-98.3193,29.4583],[-98.3902,29.4359],[-98.3894,29.4234],[-98.4119,29.4248],[-98.4307,29.4242],[-98.4349,29.425],[-98.4685,29.425],[-98.4689,29.4257],[-98.4703,29.4251],[-98.4718,29.4263],[-98.4792,29.4264],[-98.4852,29.4304],[-98.4872,29.4287],[-98.488,29.4266],[-98.4878,29.423],[-98.4829,29.4217],[-98.4805,29.419],[-98.4799,29.4086],[-98.4811,29.4023],[-98.4852,29.4025],[-98.4863,29.3993],[-98.4878,29.3995],[-98.4903,29.3953],[-98.4923,29.392],[-98.4893,29.3841],[-98.4899,29.3812],[-98.4869,29.3706],[-98.4886,29.3706],[-98.4884,29.3697],[-98.4865,29.3697],[-98.4861,29.3689],[-98.4916,29.3688],[-98.4916,29.3676],[-98.4937,29.3676],[-98.4937,29.3664],[-98.4975,29.3667],[-98.4975,29.3657],[-98.504,29.3657],[-98.5038,29.3324],[-98.5012,29.3324],[-98.5013,29.3196],[-98.5028,29.2904],[-98.5011,29.2863],[-98.4999,29.2797],[-98.4907,29.264],[-98.4861,29.2656],[-98.4886,29.2619],[-98.4877,29.2591],[-98.4824,29.2594],[-98.4801,29.2559],[-98.4783,29.255],[-98.4758,29.2575],[-98.4743,29.2547],[-98.4747,29.2527],[-98.4734,29.2524],[-98.4725,29.254],[-98.4726,29.249],[-98.4783,29.2162],[-98.484,29.1407],[-98.8048,29.2507],[-98.8048,29.0246],[-98.8008,28.6475],[-98.8016,28.6253],[-98.8007,28.4748],[-98.8012,28.2503],[-98.8001,28.2009],[-98.8033,28.0575],[-98.8621,28.0548],[-99.0003,28.0505],[-99.1024,28.0437],[-99.3889,28.0304],[-99.3942,28.2046],[-99.7316,28.2011],[-100.2122,28.1968]]]},"properties":{"STATEFP":"48","CD118FP":"28","GEOID":"4828","GEOIDFQ":"5001800US4828","NAMELSAD":"Congressional District 28","LSAD":"C2","CDSESSN":"118","MTFCC":"G5200","FUNCSTAT":"N","ALAND":29415114978,"AWATER":291694900,"INTPTLAT":"+27.7069786","INTPTLON":"-098.8616303"}},
{"type":"Feature","geometry":{"type":"Polygon","coordinates":[[[-95.5971,29.6606],[-95.6232,29.6743],[-95.6231,29.6753],[-95.6143,29.6754],[-95.6142,29.6799],[-95.6111,29.6795],[-95.6106,29.6832],[-95.6088,29.6832],[-95.6087,29.681],[-95.6034,29.6814],[-95.6043,29.6889],[-95.5848,29.6889],[-95.5848,29.6902],[-95.5828,29.6903],[-95.583,29.6889],[-95.5766,29.6881],[-95.5703,29.6884],[-95.5711,29.6962],[-95.5611,29.6966],[-95.5572,29.6953],[-95.5574,29.7045],[-95.5172,29.7052],[-95.5127,29.7042],[-95.5028,29.7131],[-95.4991,29.7109],[-95.4948,29.7129],[-95.4931,29.7102],[-95.4924,29.6883],[-95.4932,29.6782],[-95.4879,29.6755],[-95.4852,29.6752],[-95.4766,29.6775],[-95.4626,29.6797],[-95.46,29.6814],[-95.4557,29.6813],[-95.4422,29.6909],[-95.4384,29.6899],[-95.4347,29.6921],[-95.432,29.6911],[-95.4294,29.6915],[-95.4286,29.6938],[-95.4256,29.6967],[-95.4232,29.6968],[-95.4204,29.6956],[-95.4172,29.6977],[-95.4121,29.6973],[-95.3903,29.725],[-95.3709,29.7493],[-95.3743,29.7521],[-95.3746,29.7578],[-95.3751,29.7545],[-95.376,29.7546],[-95.3768,29.7531],[-95.3787,29.7531],[-95.3786,29.7521],[-95.3857,29.752],[-95.3857,29.7617],[-95.3913,29.7626],[-95.3909,29.7689],[-95.3973,29.7696],[-95.3975,29.7834],[-95.4097,29.7833],[-95.4102,29.8068],[-95.4123,29.8068],[-95.4123,29.8058],[-95.4224,29.8057],[-95.4223,29.8037],[-95.4265,29.8017],[-95.4275,29.803],[-95.4332,29.8039],[-95.4366,29.8066],[-95.4405,29.8087],[-95.4412,29.8084],[-95.4425,29.8107],[-95.4444,29.8106],[-95.4439,29.8101],[-95.4451,29.8094],[-95.4473,29.8093],[-95.4479,29.8071],[-95.4464,29.806],[-95.4493,29.8041],[-95.4518,29.8044],[-95.4555,29.8077],[-95.4498,29.8017],[-95.4523,29.7909],[-95.4521,29.7841],[-95.4539,29.7809],[-95.45,29.7788],[-95.4288,29.7774],[-95.4242,29.7724],[-95.4233,29.7725],[-95.4231,29.7713],[-95.4218,29.771],[-95.4216,29.7628],[-95.4163,29.7635],[-95.4163,29.7659],[-95.4094,29.7668],[-95.4084,29.7564],[-95.4107,29.7546],[-95.4107,29.7469],[-95.4097,29.7469],[-95.4097,29.7447],[-95.4106,29.7447],[-95.4107,29.7426],[-95.4223,29.7422],[-95.4223,29.7431],[-95.425,29.7431],[-95.4249,29.7421],[-95.4482,29.7416],[-95.4479,29.73],[-95.4558,29.7303],[-95.4604,29.729],[-95.4566,29.7477],[-95.4586,29.7499],[-95.4672,29.7503],[-95.4672,29.7485],[-95.4709,29.7485],[-95.4708,29.7451],[-95.4743,29.745],[-95.4742,29.7379],[-95.5009,29.7375],[-95.5011,29.7529],[-95.5047,29.7526],[-95.5062,29.7486],[-95.5084,29.7483],[-95.5068,29.7471],[-95.5078,29.7461],[-95.5121,29.7454],[-95.5126,29.7437],[-95.5143,29.745],[-95.5164,29.7433],[-95.5174,29.744],[-95.5184,29.7427],[-95.5201,29.7454],[-95.5196,29.7467],[-95.5226,29.7482],[-95.524,29.7467],[-95.5256,29.7483],[-95.5262,29.7469],[-95.5292,29.7458],[-95.5314,29.7472],[-95.5348,29.7463],[-95.5384,29.7475],[-95.5389,29.7371],[-95.5577,29.7369],[-95.5583,29.7622],[-95.5596,29.7607],[-95.5627,29.762],[-95.5697,29.7621],[-95.5784,29.767],[-95.5809,29.7658],[-95.5848,29.7657],[-95.5894,29.7599],[-95.5854,29.751],[-95.5886,29.7436],[-95.5929,29.745],[-95.6041,29.7445],[-95.6041,29.7463],[-95.6061,29.7462],[-95.6062,29.7619],[-95.6121,29.7606],[-95.6185,29.7637],[-95.6192,29.7651],[-95.6185,29.7694],[-95.6213,29.7714],[-95.6252,29.7653],[-95.6253,29.7549],[-95.6292,29.7559],[-95.6466,29.7556],[-95.647,29.7461],[-95.6572,29.7303],[-95.6883,29.7109],[-95.6871,29.7101],[-95.691,29.7074],[-95.7755,29.7006],[-95.7746,29.6971],[-95.7685,29.6899],[-95.7659,29.6816],[-95.7535,29.6731],[-95.7444,29.6646],[-95.715,29.6651],[-95.7148,29.6574],[-95.7097,29.6491],[-95.7047,29.6374],[-95.7001,29.6395],[-95.6961,29.6391],[-95.6947,29.6373],[-95.6945,29.6457],[-95.6818,29.6458],[-95.6827,29.6417],[-95.6802,29.6407],[-95.6827,29.6354],[-95.6839,29.6166],[-95.7045,29.6262],[-95.7142,29.6263],[-95.7136,29.5986],[-95.7155,29.5984],[-95.7153,29.5892],[-95.7136,29.5874],[-95.7157,29.5839],[-95.7158,29.5812],[-95.7136,29.5806],[-95.7125,29.5791],[-95.7103,29.5786],[-95.7084,29.5739],[-95.7137,29.5713],[-95.7181,29.5719],[-95.72,29.5746],[-95.7206,29.5838],[-95.7227,29.5893],[-95.7241,29.5906],[-95.7265,29.5912],[-95.7318,29.5891],[-95.7333,29.5872],[-95.7345,29.5819],[-95.7359,29.5797],[-95.7387,29.5775],[-95.7422,29.5766],[-95.7445,29.5724],[-95.7464,29.5728],[-95.7474,29.5699],[-95.749,29.5703],[-95.7461,29.5689],[-95.749,29.5636],[-95.7506,29.5643],[-95.7521,29.5601],[-95.7464,29.5524],[-95.7411,29.5492],[-95.7472,29.5466],[-95.7439,29.5441],[-95.7366,29.5421],[-95.7027,29.5376],[-95.6904,29.5616],[-95.6741,29.565],[-95.6683,29.5683],[-95.6669,29.566],[-95.6647,29.5645],[-95.6556,29.5638],[-95.6453,29.5605],[-95.6436,29.5573],[-95.6442,29.5516],[-95.6382,29.5502],[-95.6299,29.5469],[-95.6217,29.5387],[-95.6202,29.5409],[-95.6176,29.5428],[-95.6187,29.5511],[-95.6182,29.5638],[-95.6384,29.5635],[-95.6389,29.5749],[-95.6356,29.5775],[-95.6312,29.5782],[-95.6205,29.585],[-95.6254,29.5872],[-95.6279,29.5852],[-95.631,29.5842],[-95.6349,29.5894],[-95.6272,29.5944],[-95.6225,29.5986],[-95.6163,29.5963],[-95.6139,29.5989],[-95.6091,29.5995],[-95.6068,29.6006],[-95.6137,29.6072],[-95.619,29.6021],[-95.6193,29.6044],[-95.6173,29.6088],[-95.6189,29.6106],[-95.6236,29.6083],[-95.6265,29.6091],[-95.6284,29.6108],[-95.6297,29.6089],[-95.6298,29.6048],[-95.629,29.6038],[-95.6309,29.6016],[-95.6339,29.6028],[-95.6492,29.6135],[-95.6508,29.6273],[-95.6482,29.6274],[-95.6465,29.6266],[-95.6404,29.6317],[-95.6369,29.6367],[-95.6367,29.638],[-95.6377,29.6386],[-95.6399,29.6379],[-95.6413,29.6388],[-95.641,29.6423],[-95.6386,29.6435],[-95.6393,29.6465],[-95.6359,29.6466],[-95.6351,29.6445],[-95.625,29.6465],[-95.6249,29.6492],[-95.619,29.6493],[-95.6192,29.662],[-95.5971,29.6606]]]},"properties":{"STATEFP":"48","CD118FP":"07","GEOID":"4807","GEOIDFQ":"5001800US4807","NAMELSAD":"Congressional District 7","LSAD":"C2","CDSESSN":"118","MTFCC":"G5200","FUNCSTAT":"N","ALAND":338548793,"AWATER":5418078,"INTPTLAT":"+29.6061408","INTPTLON":"-095.6795105"}},
{"type":"Feature","geometry":{"type":"Polygon","coordinates":[[[-95.2603,29.5899],[-95.2547,29.5853],[-95.2449,29.5941],[-95.2503,29.5983],[-95.2406,29.6072],[-95.2412,29.6083],[-95.2388,29.6105],[-95.236,29.6069],[-95.2343,29.6066],[-95.2326,29.6045],[-95.2313,29.6055],[-95.2283,29.6056],[-95.2279,29.609],[-95.2254,29.6087],[-95.221,29.6051],[-95.218,29.607],[-95.2165,29.6045],[-95.216,29.5993],[-95.2112,29.5962],[-95.2127,29.5947],[-95.2111,29.5934],[-95.2113,29.5915],[-95.2078,29.5896],[-95.2041,29.593],[-95.2038,29.591],[-95.2022,29.5911],[-95.199,29.586],[-95.1913,29.5922],[-95.1906,29.5915],[-95.1978,29.5989],[-95.1853,29.6095],[-95.211,29.637],[-95.2079,29.6406],[-95.2079,29.6471],[-95.2092,29.6471],[-95.2091,29.6455],[-95.2145,29.6445],[-95.2187,29.6491],[-95.2136,29.6507],[-95.208,29.651],[-95.2081,29.655],[-95.2073,29.654],[-95.2025,29.6541],[-95.2025,29.6588],[-95.1935,29.6589],[-95.195,29.665],[-95.1928,29.665],[-95.193,29.6787],[-95.1839,29.6788],[-95.1838,29.6771],[-95.176,29.6771],[-95.1727,29.6749],[-95.1725,29.6822],[-95.1704,29.6814],[-95.1641,29.6814],[-95.1643,29.6887],[-95.1726,29.6886],[-95.173,29.6947],[-95.1711,29.6937],[-95.1718,29.7417],[-95.173,29.7469],[-95.1689,29.7469],[-95.165,29.7506],[-95.165,29.7516],[-95.166,29.7523],[-95.1761,29.7535],[-95.1789,29.7573],[-95.1836,29.7609],[-95.1868,29.7607],[-95.19,29.7584],[-95.1914,29.7583],[-95.1915,29.7604],[-95.1882,29.7644],[-95.1901,29.7693],[-95.1815,29.7702],[-95.1812,29.7671],[-95.1726,29.7674],[-95.1728,29.7703],[-95.1662,29.7705],[-95.1662,29.7698],[-95.163,29.7698],[-95.1626,29.7686],[-95.1557,29.7687],[-95.1558,29.7706],[-95.1504,29.7708],[-95.1488,29.7717],[-95.1507,29.7733],[-95.1541,29.7736],[-95.1564,29.7723],[-95.1581,29.7734],[-95.1559,29.7761],[-95.1568,29.7775],[-95.1537,29.7838],[-95.159,29.7906],[-95.1535,29.7889],[-95.1441,29.7889],[-95.1443,29.7923],[-95.1406,29.7932],[-95.142,29.7968],[-95.1428,29.8154],[-95.1272,29.8205],[-95.1276,29.8358],[-95.1433,29.8385],[-95.1434,29.8463],[-95.1562,29.8409],[-95.1566,29.8416],[-95.159,29.8406],[-95.1757,29.8333],[-95.1857,29.845],[-95.1872,29.8708],[-95.1878,29.8707],[-95.2029,29.8899],[-95.2032,29.9014],[-95.2,29.9229],[-95.2013,29.9275],[-95.2078,29.9329],[-95.2116,29.9342],[-95.2495,29.9342],[-95.2497,29.9507],[-95.248,29.9561],[-95.248,29.962],[-95.2538,29.9617],[-95.2682,29.9545],[-95.2688,29.9571],[-95.2716,29.9591],[-95.2718,29.9651],[-95.2816,29.9648],[-95.2846,29.9657],[-95.296,29.94],[-95.3497,29.939],[-95.3506,29.9404],[-95.3592,29.9402],[-95.3626,29.944],[-95.3684,29.9456],[-95.3694,29.9471],[-95.3713,29.9472],[-95.3722,29.9493],[-95.3859,29.9493],[-95.3898,29.9453],[-95.3972,29.9452],[-95.4005,29.9483],[-95.4052,29.9496],[-95.4078,29.9534],[-95.413,29.9542],[-95.4163,29.9566],[-95.4184,29.9569],[-95.4191,29.9657],[-95.465,29.9647],[-95.4645,29.9459],[-95.4664,29.9458],[-95.46,29.9375],[-95.4833,29.9374],[-95.4831,29.934],[-95.4814,29.9297],[-95.4816,29.9191],[-95.4797,29.9145],[-95.48,29.9113],[-95.4699,29.9049],[-95.4585,29.8921],[-95.4504,29.8844],[-95.4313,29.8856],[-95.4313,29.8863],[-95.4252,29.8866],[-95.4218,29.8883],[-95.4081,29.8699],[-95.4146,29.8685],[-95.4144,29.8518],[-95.4114,29.8491],[-95.4108,29.8388],[-95.4069,29.8389],[-95.4069,29.8417],[-95.403,29.8418],[-95.4022,29.8319],[-95.3929,29.8316],[-95.3921,29.8351],[-95.3901,29.8338],[-95.3854,29.8339],[-95.3815,29.8288],[-95.3796,29.8221],[-95.3738,29.8093],[-95.3734,29.8076],[-95.382,29.8088],[-95.382,29.8076],[-95.3892,29.8073],[-95.388,29.8041],[-95.3878,29.7908],[-95.3721,29.7902],[-95.3724,29.7807],[-95.3682,29.7793],[-95.368,29.7762],[-95.3667,29.7739],[-95.3616,29.7761],[-95.3599,29.7724],[-95.3546,29.7744],[-95.3513,29.7745],[-95.3514,29.7784],[-95.3505,29.7784],[-95.3505,29.7795],[-95.349,29.7795],[-95.3487,29.7834],[-95.3451,29.7835],[-95.3459,29.7937],[-95.3502,29.7935],[-95.3505,29.8033],[-95.3479,29.8031],[-95.3521,29.8197],[-95.3355,29.8199],[-95.331,29.8329],[-95.3339,29.833],[-95.3352,29.8292],[-95.3349,29.833],[-95.3378,29.833],[-95.3378,29.8384],[-95.337,29.8384],[-95.337,29.8406],[-95.3271,29.8404],[-95.3066,29.8912],[-95.3182,29.891],[-95.3117,29.9028],[-95.3111,29.9026],[-95.3093,29.9095],[-95.303,29.9096],[-95.303,29.9084],[-95.3017,29.9084],[-95.3017,29.9118],[-95.2982,29.9119],[-95.2956,29.9186],[-95.2929,29.9151],[-95.2867,29.9133],[-95.2805,29.9162],[-95.2724,29.9167],[-95.2652,29.9154],[-95.2593,29.9174],[-95.2505,29.923],[-95.2463,29.9223],[-95.2446,29.9211],[-95.2432,29.9137],[-95.2369,29.907],[-95.2405,29.9029],[-95.2411,29.8991],[-95.2387,29.896],[-95.2401,29.8946],[-95.2402,29.8926],[-95.2382,29.8921],[-95.2379,29.8902],[-95.235,29.8872],[-95.2369,29.8838],[-95.237,29.8811],[-95.2359,29.8788],[-95.2382,29.8777],[-95.2383,29.8723],[-95.2369,29.8693],[-95.2307,29.8621],[-95.2314,29.8588],[-95.2284,29.8569],[-95.2286,29.8447],[-95.2316,29.8429],[-95.2316,29.8403],[-95.2337,29.8393],[-95.2342,29.8381],[-95.2302,29.8342],[-95.2318,29.83],[-95.2306,29.8283],[-95.2297,29.8243],[-95.2801,29.8025],[-95.2702,29.7958],[-95.2672,29.7902],[-95.2635,29.7802],[-95.2654,29.7696],[-95.259,29.7686],[-95.2591,29.7734],[-95.2513,29.7733],[-95.2511,29.7675],[-95.2561,29.7682],[-95.2559,29.7599],[-95.2517,29.7599],[-95.2516,29.7576],[-95.2543,29.7575],[-95.2538,29.7304],[-95.2811,29.7486],[-95.2812,29.7541],[-95.2795,29.7555],[-95.2794,29.7591],[-95.2782,29.7606],[-95.2783,29.7667],[-95.2797,29.768],[-95.2838,29.7679],[-95.284,29.7819],[-95.2873,29.7817],[-95.2882,29.7808],[-95.2884,29.7882],[-95.3119,29.7874],[-95.3125,29.7653],[-95.3141,29.7642],[-95.3155,29.7647],[-95.32,29.7561],[-95.323,29.7573],[-95.3255,29.7598],[-95.3289,29.7598],[-95.3308,29.7575],[-95.3301,29.7571],[-95.3427,29.7411],[-95.3442,29.7367],[-95.3405,29.7357],[-95.3402,29.7365],[-95.3267,29.6955],[-95.3091,29.7064],[-95.3129,29.7079],[-95.3134,29.7089],[-95.3107,29.7122],[-95.2915,29.6996],[-95.2865,29.6956],[-95.2746,29.682],[-95.2643,29.672],[-95.2435,29.6408],[-95.2471,29.6454],[-95.249,29.6454],[-95.249,29.6435],[-95.2648,29.6432],[-95.2646,29.6325],[-95.2668,29.6324],[-95.2691,29.6345],[-95.2759,29.6344],[-95.2758,29.633],[-95.2713,29.633],[-95.2713,29.6318],[-95.2785,29.6317],[-95.2777,29.6117],[-95.2821,29.6117],[-95.2821,29.6189],[-95.2853,29.6186],[-95.2853,29.6208],[-95.3047,29.6209],[-95.2974,29.5965],[-95.2937,29.5965],[-95.2926,29.5977],[-95.288,29.5983],[-95.2828,29.5977],[-95.2801,29.5954],[-95.2774,29.5961],[-95.2767,29.5949],[-95.2749,29.5952],[-95.2737,29.5944],[-95.2728,29.5951],[-95.272,29.5943],[-95.2702,29.5947],[-95.268,29.5938],[-95.2665,29.5947],[-95.2619,29.5933],[-95.2603,29.5899]]]},"properties":{"STATEFP":"48","CD118FP":"29","GEOID":"4829","GEOIDFQ":"5001800US4829","NAMELSAD":"Congressional District 29","LSAD":"C2","CDSESSN":"118","MTFCC":"G5200","FUNCSTAT":"N","ALAND":532578463,"AWATER":9525246,"INTPTLAT":"+29.7755977","INTPTLON":"-095.3050273"}},
{"type":"Feature","geometry":{"type":"Polygon","coordinates":[[[-95.7357,29.7852],[-95.6448,29.7846],[-95.6457,29.8396],[-95.6428,29.8398],[-95.6428,29.8413],[-95.6457,29.8412],[-95.6454,29.8522],[-95.6401,29.8523],[-95.64,29.8566],[-95.6328,29.8566],[-95.6328,29.8571],[-95.6278,29.8554],[-95.6261,29.8536],[-95.6258,29.8518],[-95.6242,29.8515],[-95.6233,29.8524],[-95.6228,29.8511],[-95.6219,29.851],[-95.6197,29.8532],[-95.6213,29.8543],[-95.6207,29.8571],[-95.6244,29.8618],[-95.6249,29.8655],[-95.624,29.8696],[-95.6254,29.8703],[-95.6266,29.8695],[-95.6329,29.869],[-95.633,29.8793],[-95.6545,29.8791],[-95.6546,29.8824],[-95.6511,29.8827],[-95.6521,29.8878],[-95.6536,29.8898],[-95.6521,29.8916],[-95.6534,29.8916],[-95.6538,29.9078],[-95.6482,29.9075],[-95.6431,29.9031],[-95.6411,29.906],[-95.6416,29.9104],[-95.6392,29.9104],[-95.6385,29.909],[-95.6333,29.9089],[-95.6307,29.9075],[-95.6264,29.9116],[-95.6198,29.9149],[-95.6734,29.9533],[-95.7011,29.9716],[-95.7028,29.9683],[-95.7027,29.9572],[-95.7045,29.9493],[-95.7059,29.9472],[-95.7107,29.9442],[-95.7153,29.9438],[-95.7179,29.9425],[-95.7196,29.9447],[-95.7202,29.9479],[-95.7181,29.9536],[-95.7191,29.9563],[-95.7179,29.9566],[-95.7432,29.9563],[-95.7435,29.9495],[-95.7696,29.9492],[-95.7696,29.9602],[-95.768,29.9608],[-95.7681,29.9981],[-95.782,30.0033],[-95.7824,30.0273],[-95.7814,30.0279],[-95.7815,30.0672],[-95.781,30.0682],[-95.7777,30.0697],[-95.7633,30.0746],[-95.7563,30.0785],[-95.7541,30.0868],[-95.7539,30.0899],[-95.7552,30.0921],[-95.749,30.0958],[-95.7444,30.095],[-95.7425,30.0966],[-95.734,30.0935],[-95.725,30.0971],[-95.7227,30.1],[-95.7173,30.0994],[-95.7152,30.1023],[-95.7128,30.1017],[-95.7096,30.1029],[-95.7051,30.1023],[-95.7013,30.0985],[-95.6989,30.0983],[-95.6964,30.0993],[-95.691,30.0988],[-95.687,30.1013],[-95.6869,30.1034],[-95.6881,30.1036],[-95.6862,30.1066],[-95.6838,30.1074],[-95.6796,30.1059],[-95.6761,30.103],[-95.6728,30.1016],[-95.669,30.1014],[-95.6676,30.1022],[-95.6673,30.1057],[-95.6614,30.1093],[-95.6616,30.1114],[-95.6589,30.1123],[-95.6582,30.1112],[-95.6591,30.1112],[-95.6588,30.1103],[-95.6554,30.109],[-95.654,30.1092],[-95.6537,30.1103],[-95.6545,30.111],[-95.653,30.1115],[-95.6524,30.1139],[-95.6499,30.1153],[-95.6469,30.1187],[-95.6439,30.1204],[-95.642,30.1205],[-95.642,30.1212],[-95.6413,30.1207],[-95.639,30.1224],[-95.6369,30.1264],[-95.6348,30.1256],[-95.6295,30.1278],[-95.6274,30.1277],[-95.6262,30.1263],[-95.6239,30.1267],[-95.624,30.1285],[-95.626,30.1289],[-95.6247,30.1302],[-95.6255,30.1313],[-95.6232,30.1358],[-95.6188,30.1359],[-95.6175,30.135],[-95.6169,30.1357],[-95.6159,30.1349],[-95.6132,30.1354],[-95.6064,30.134],[-95.6061,30.1345],[-95.6055,30.1336],[-95.6029,30.1337],[-95.6025,30.1328],[-95.6022,30.1337],[-95.6008,30.1327],[-95.5975,30.1335],[-95.5968,30.1345],[-95.598,30.1688],[-95.6009,30.1744],[-95.6009,30.1763],[-95.5892,30.1944],[-95.5798,30.2048],[-95.5701,30.211],[-95.5686,30.2131],[-95.5681,30.2161],[-95.5468,30.216],[-95.5428,30.2153],[-95.5425,30.2163],[-95.5524,30.2163],[-95.5525,30.222],[-95.5536,30.2223],[-95.5537,30.2243],[-95.5416,30.2245],[-95.4755,30.2359],[-95.4588,30.2367],[-95.457,30.2492],[-95.4568,30.2751],[-95.4575,30.2795],[-95.456,30.2801],[-95.456,30.2808],[-95.4466,30.2841],[-95.4365,30.2825],[-95.4331,30.2827],[-95.425,30.2869],[-95.4277,30.2917],[-95.4227,30.2929],[-95.4208,30.2893],[-95.4071,30.2934],[-95.4036,30.2967],[-95.3994,30.3059],[-95.3904,30.299],[-95.3862,30.2947],[-95.3801,30.291],[-95.3684,30.282],[-95.3614,30.2788],[-95.3555,30.2745],[-95.35,30.2679],[-95.3412,30.261],[-95.3297,30.261],[-95.3299,30.2598],[-95.3348,30.2599],[-95.3358,30.2568],[-95.3289,30.2515],[-95.3288,30.2428],[-95.325,30.2394],[-95.3228,30.2389],[-95.3207,30.2353],[-95.3193,30.2301],[-95.3029,30.2302],[-95.3012,30.2323],[-95.2989,30.2321],[-95.2985,30.2371],[-95.3007,30.2385],[-95.3009,30.2431],[-95.3049,30.2471],[-95.3122,30.2571],[-95.3016,30.26],[-95.3063,30.2729],[-95.3057,30.2857],[-95.3189,30.3084],[-95.3205,30.3261],[-95.3195,30.3324],[-95.2266,30.3271],[-95.2276,30.3258],[-95.2254,30.3226],[-95.2253,30.3211],[-95.2265,30.3201],[-95.2258,30.3194],[-95.1932,30.3327],[-95.1659,30.345],[-95.0732,30.385],[-95.0342,30.4033],[-95.0066,30.414],[-94.8426,30.4875],[-94.8494,30.4936],[-94.7773,30.489],[-94.7193,30.4903],[-94.5379,30.4911],[-94.5979,30.7502],[-94.658,31.012],[-94.5619,31.059],[-94.5608,31.061],[-94.5622,31.0637],[-94.5632,31.0633],[-94.5627,31.0621],[-94.5646,31.0624],[-94.5656,31.0643],[-94.5677,31.0642],[-94.5686,31.0616],[-94.5695,31.063],[-94.569,31.0643],[-94.57,31.0646],[-94.5714,31.0632],[-94.5718,31.0646],[-94.5741,31.0661],[-94.5741,31.067],[-94.5731,31.0676],[-94.574,31.0685],[-94.5749,31.0673],[-94.5791,31.0688],[-94.5822,31.068],[-94.5817,31.0657],[-94.5824,31.0647],[-94.5856,31.0665],[-94.5895,31.0661],[-94.5922,31.0683],[-94.591,31.071],[-94.5944,31.0728],[-94.5956,31.0725],[-94.5953,31.0706],[-94.5991,31.0686],[-94.6027,31.0715],[-94.602,31.074],[-94.6047,31.0777],[-94.6058,31.0768],[-94.6045,31.0759],[-94.6047,31.0749],[-94.6059,31.0746],[-94.6072,31.0778],[-94.6124,31.078],[-94.6095,31.0819],[-94.6111,31.0826],[-94.6123,31.0809],[-94.6145,31.081],[-94.6129,31.082],[-94.6145,31.0829],[-94.6144,31.0852],[-94.6176,31.0838],[-94.6187,31.0859],[-94.6198,31.0863],[-94.6216,31.0853],[-94.6229,31.0875],[-94.6237,31.0871],[-94.6235,31.0853],[-94.6254,31.0867],[-94.6282,31.0838],[-94.6301,31.0836],[-94.6328,31.0857],[-94.6322,31.0873],[-94.6345,31.0881],[-94.6336,31.0891],[-94.635,31.09],[-94.6368,31.0883],[-94.6411,31.0869],[-94.6431,31.0881],[-94.6465,31.0922],[-94.6484,31.099],[-94.6503,31.0985],[-94.655,31.0938],[-94.654,31.0918],[-94.6544,31.0903],[-94.6555,31.0906],[-94.6548,31.0886],[-94.6583,31.0848],[-94.6599,31.0862],[-94.6618,31.0857],[-94.6636,31.0865],[-94.6634,31.0884],[-94.6679,31.0893],[-94.6685,31.088],[-94.6693,31.0888],[-94.6709,31.0885],[-94.6725,31.0904],[-94.6715,31.0908],[-94.6726,31.0912],[-94.6727,31.0925],[-94.6702,31.0931],[-94.6709,31.0956],[-94.6732,31.0958],[-94.6784,31.0931],[-94.6794,31.0942],[-94.6793,31.096],[-94.6866,31.0962],[-94.6891,31.0978],[-94.6905,31.0979],[-94.6898,31.0967],[-94.6922,31.0957],[-94.694,31.0965],[-94.6936,31.0976],[-94.6954,31.0969],[-94.6967,31.0987],[-94.698,31.098],[-94.6969,31.0964],[-94.698,31.0961],[-94.6998,31.0978],[-94.6992,31.0994],[-94.7004,31.0993],[-94.7027,31.1019],[-94.7038,31.1015],[-94.7041,31.0988],[-94.7064,31.0997],[-94.7058,31.1027],[-94.7091,31.1012],[-94.7098,31.1039],[-94.7078,31.1046],[-94.71,31.1055],[-94.7118,31.1055],[-94.7128,31.1035],[-94.714,31.1048],[-94.7156,31.1037],[-94.7165,31.1047],[-94.7161,31.1055],[-94.719,31.1071],[-94.7217,31.1062],[-94.7236,31.1085],[-94.7259,31.106],[-94.7341,31.1043],[-94.736,31.1048],[-94.7378,31.1035],[-94.7398,31.1046],[-94.7422,31.1045],[-94.7456,31.1067],[-94.7467,31.1062],[-94.7475,31.1069],[-94.7482,31.1055],[-94.7503,31.106],[-94.7514,31.1054],[-94.7545,31.1091],[-94.7607,31.1111],[-94.7654,31.1149],[-94.7681,31.1147],[-94.7696,31.1173],[-94.7722,31.1176],[-94.7729,31.1167],[-94.7765,31.1186],[-94.777,31.1199],[-94.7806,31.1219],[-94.7809,31.1236],[-94.7829,31.1222],[-94.7852,31.1234],[-94.7868,31.1229],[-94.787,31.1238],[-94.7888,31.1246],[-94.7902,31.1241],[-94.7954,31.1276],[-94.7935,31.1283],[-94.797,31.1312],[-94.8001,31.1309],[-94.8027,31.1322],[-94.8029,31.1301],[-94.8121,31.1335],[-94.8131,31.1324],[-94.813,31.1306],[-94.8139,31.1305],[-94.8185,31.1322],[-94.8199,31.1359],[-94.8227,31.1384],[-94.8218,31.1392],[-94.8223,31.14],[-94.8232,31.1402],[-94.8253,31.1381],[-94.8266,31.1384],[-94.8275,31.1398],[-94.8298,31.1387],[-94.8316,31.1416],[-94.8363,31.1416],[-94.837,31.1433],[-94.8417,31.1432],[-94.8429,31.1466],[-94.9391,31.042],[-94.9908,31.0002],[-95.2002,30.8246],[-95.2046,30.8302],[-95.2076,30.8324],[-95.2166,30.8337],[-95.2229,30.8363],[-95.231,30.8411],[-95.2321,30.8428],[-95.2359,30.8547],[-95.236,30.8581],[-95.2391,30.8622],[-95.2421,30.8645],[-95.2431,30.8669],[-95.2377,30.8736],[-95.2307,30.8867],[-95.2396,30.8954],[-95.2467,30.9044],[-95.2524,30.9067],[-95.2723,30.9039],[-95.2802,30.9013],[-95.2892,30.9028],[-95.2984,30.9026],[-95.3074,30.9005],[-95.3129,30.8979],[-95.3143,30.8954],[-95.3109,30.8907],[-95.3113,30.8858],[-95.3168,30.8799],[-95.3139,30.8731],[-95.3158,30.8703],[-95.3214,30.8678],[-95.3232,30.8654],[-95.3241,30.8619],[-95.3275,30.8595],[-95.3386,30.7378],[-95.4038,30.7277],[-95.4139,30.7213],[-95.4255,30.7094],[-95.4298,30.7073],[-95.4728,30.7051],[-95.4934,30.7082],[-95.4936,30.7051],[-95.5131,30.7056],[-95.513,30.6963],[-95.5074,30.6927],[-95.5021,30.6824],[-95.4997,30.682],[-95.5017,30.6814],[-95.5011,30.6804],[-95.5216,30.6806],[-95.5198,30.6774],[-95.5204,30.6762],[-95.5155,30.6675],[-95.5256,30.6676],[-95.5255,30.6767],[-95.5364,30.6765],[-95.5367,30.6777],[-95.5407,30.678],[-95.5625,30.6868],[-95.5665,30.6941],[-95.5753,30.7048],[-95.5773,30.7183],[-95.5782,30.7183],[-95.5846,30.7178],[-95.5914,30.7153],[-95.6101,30.7037],[-95.6163,30.7009],[-95.7034,30.6845],[-95.7497,30.6842],[-95.8342,30.658],[-95.8301,30.629],[-95.8173,30.4987],[-95.8044,30.3387],[-95.8033,30.0901],[-95.8095,30.0882],[-95.809,30.0862],[-95.8098,30.0852],[-95.8124,30.0843],[-95.8159,30.0853],[-95.817,30.0818],[-95.8194,30.0831],[-95.8285,30.0817],[-95.8303,30.0841],[-95.833,30.0851],[-95.8388,30.0832],[-95.8393,30.0847],[-95.8444,30.0879],[-95.8427,30.0948],[-95.8439,30.0966],[-95.8461,30.0974],[-95.8465,30.1005],[-95.8494,30.1002],[-95.8508,30.1022],[-95.8568,30.1017],[-95.8574,30.1044],[-95.8619,30.1056],[-95.8631,30.107],[-95.8635,30.11],[-95.8625,30.1115],[-95.8654,30.1143],[-95.8685,30.1156],[-95.8684,30.1175],[-95.8725,30.1181],[-95.872,30.1203],[-95.8735,30.122],[-95.8789,30.1204],[-95.8811,30.1232],[-95.8831,30.1198],[-95.8852,30.1198],[-95.8868,30.1209],[-95.8878,30.1199],[-95.8898,30.1202],[-95.8893,30.1192],[-95.8901,30.1189],[-95.8943,30.1204],[-95.8965,30.1227],[-95.8992,30.121],[-95.8993,30.1225],[-95.9022,30.123],[-95.9025,30.1248],[-95.9048,30.1261],[-95.9054,30.1275],[-95.907,30.1268],[-95.9111,30.1281],[-95.9111,30.1295],[-95.9127,30.1311],[-95.916,30.1313],[-95.9172,30.1335],[-95.9188,30.1341],[-95.919,30.1354],[-95.9202,30.1353],[-95.9219,30.1365],[-95.9218,30.1387],[-95.9236,30.1386],[-95.9245,30.1397],[-95.9244,30.1424],[-95.9264,30.1415],[-95.9288,30.1441],[-95.9315,30.1445],[-95.9326,30.1433],[-95.9346,30.1448],[-95.9356,30.1441],[-95.9374,30.1455],[-95.9396,30.144],[-95.9409,30.1443],[-95.9406,30.1457],[-95.9455,30.1492],[-95.9452,30.1505],[-95.9471,30.153],[-95.9468,30.1542],[-95.9499,30.1561],[-95.9518,30.1564],[-95.9528,30.1582],[-95.9543,30.1583],[-95.9558,30.1613],[-95.9607,30.1634],[-95.9268,30.0692],[-95.9252,30.0687],[-95.9251,30.0639],[-95.9215,30.064],[-95.9213,30.0541],[-95.8939,29.9805],[-95.8879,29.961],[-95.8302,29.8004],[-95.825,29.8004],[-95.825,29.8015],[-95.793,29.8018],[-95.7931,29.8169],[-95.7522,29.8172],[-95.7519,29.7851],[-95.7357,29.7852]]]},"properties":{"STATEFP":"48","CD118FP":"08","GEOID":"4808","GEOIDFQ":"5001800US4808","NAMELSAD":"Congressional District 8","LSAD":"C2","CDSESSN":"118","MTFCC":"G5200","FUNCSTAT":"N","ALAND":7376217149,"AWATER":395500624,"INTPTLAT":"+30.5599302","INTPTLON":"-095.2337378"}},
{"type":"Feature","geometry":{"type":"Polygon","coordinates":[[[-95.2974,29.5965],[-95.3047,29.6209],[-95.2853,29.6208],[-95.2853,29.6186],[-95.2821,29.6189],[-95.2821,29.6117],[-95.2777,29.6117],[-95.2785,29.6317],[-95.2713,29.6318],[-95.2713,29.633],[-95.2758,29.633],[-95.2759,29.6344],[-95.2691,29.6345],[-95.2668,29.6324],[-95.2646,29.6325],[-95.2648,29.6432],[-95.249,29.6435],[-95.249,29.6454],[-95.2471,29.6454],[-95.2435,29.6408],[-95.2643,29.672],[-95.2746,29.682],[-95.2865,29.6956],[-95.2915,29.6996],[-95.3107,29.7122],[-95.3134,29.7089],[-95.3129,29.7079],[-95.3091,29.7064],[-95.3267,29.6955],[-95.3275,29.695],[-95.3366,29.6978],[-95.3396,29.6906],[-95.3518,29.6939],[-95.3496,29.6994],[-95.3548,29.701],[-95.3553,29.6999],[-95.3565,29.7002],[-95.3574,29.6981],[-95.3596,29.6988],[-95.3631,29.69],[-95.3683,29.6924],[-95.3678,29.6955],[-95.3718,29.6967],[-95.3723,29.6952],[-95.3731,29.6954],[-95.3726,29.6969],[-95.3763,29.6981],[-95.3785,29.6907],[-95.3887,29.6939],[-95.3801,29.719],[-95.3903,29.725],[-95.4121,29.6973],[-95.4172,29.6977],[-95.4204,29.6956],[-95.4232,29.6968],[-95.4256,29.6967],[-95.4286,29.6938],[-95.4294,29.6915],[-95.432,29.6911],[-95.4347,29.6921],[-95.4384,29.6899],[-95.4422,29.6909],[-95.4557,29.6813],[-95.46,29.6814],[-95.4626,29.6797],[-95.4766,29.6775],[-95.4852,29.6752],[-95.4879,29.6755],[-95.4932,29.6782],[-95.4924,29.6883],[-95.4931,29.7102],[-95.4948,29.7129],[-95.4991,29.7109],[-95.5028,29.7131],[-95.5127,29.7042],[-95.5172,29.7052],[-95.5574,29.7045],[-95.5572,29.6953],[-95.5611,29.6966],[-95.5711,29.6962],[-95.5703,29.6884],[-95.5766,29.6881],[-95.583,29.6889],[-95.5828,29.6903],[-95.5848,29.6902],[-95.5848,29.6889],[-95.6043,29.6889],[-95.6034,29.6814],[-95.6087,29.681],[-95.6088,29.6832],[-95.6106,29.6832],[-95.6111,29.6795],[-95.6142,29.6799],[-95.6143,29.6754],[-95.6231,29.6753],[-95.6232,29.6743],[-95.5971,29.6606],[-95.5714,29.6487],[-95.5767,29.6436],[-95.584,29.6473],[-95.5978,29.6468],[-95.5978,29.633],[-95.5914,29.6331],[-95.5898,29.6318],[-95.5928,29.6291],[-95.5903,29.631],[-95.5905,29.6286],[-95.5826,29.6274],[-95.5818,29.5937],[-95.5803,29.5855],[-95.581,29.5827],[-95.5827,29.5805],[-95.5696,29.5715],[-95.5646,29.5659],[-95.5638,29.5676],[-95.5641,29.5826],[-95.5624,29.5827],[-95.5613,29.5852],[-95.5583,29.5852],[-95.5582,29.5827],[-95.5416,29.5832],[-95.5408,29.5773],[-95.5429,29.5771],[-95.5428,29.5757],[-95.5394,29.5734],[-95.5386,29.5717],[-95.5332,29.5727],[-95.5332,29.5742],[-95.5316,29.5742],[-95.5315,29.5718],[-95.5325,29.5717],[-95.5324,29.567],[-95.535,29.5665],[-95.5349,29.5658],[-95.5309,29.5645],[-95.5308,29.5618],[-95.5326,29.5618],[-95.5328,29.5637],[-95.5365,29.5644],[-95.5374,29.567],[-95.539,29.5666],[-95.5382,29.5635],[-95.5393,29.5629],[-95.5394,29.5616],[-95.5493,29.5616],[-95.5565,29.5641],[-95.5591,29.5617],[-95.5604,29.5643],[-95.5623,29.5633],[-95.5526,29.5522],[-95.5456,29.5413],[-95.5429,29.5401],[-95.5345,29.5392],[-95.5351,29.5369],[-95.5346,29.5279],[-95.5266,29.5114],[-95.5233,29.5111],[-95.5196,29.5073],[-95.4948,29.5078],[-95.4941,29.5111],[-95.4901,29.5125],[-95.4878,29.5144],[-95.4897,29.5189],[-95.4886,29.5216],[-95.4627,29.5081],[-95.4677,29.5077],[-95.4673,29.4981],[-95.4654,29.4978],[-95.4734,29.4772],[-95.4752,29.4599],[-95.5325,29.4588],[-95.5347,29.4406],[-95.5372,29.4387],[-95.5397,29.4387],[-95.5412,29.4399],[-95.542,29.4433],[-95.5447,29.4443],[-95.5491,29.4424],[-95.5506,29.4383],[-95.541,29.4385],[-95.5389,29.4378],[-95.5357,29.4385],[-95.4626,29.4392],[-95.4463,29.4996],[-95.4433,29.4981],[-95.4408,29.4977],[-95.4157,29.4979],[-95.4155,29.4911],[-95.4134,29.4913],[-95.4134,29.4867],[-95.4012,29.4826],[-95.3934,29.4924],[-95.3905,29.4977],[-95.3886,29.5041],[-95.3876,29.5123],[-95.3828,29.5124],[-95.3824,29.5094],[-95.3745,29.5095],[-95.3791,29.5128],[-95.3783,29.5156],[-95.3764,29.5156],[-95.3764,29.5195],[-95.3735,29.5193],[-95.3706,29.5181],[-95.3708,29.5253],[-95.3688,29.5253],[-95.3688,29.5259],[-95.3602,29.5238],[-95.3472,29.524],[-95.347,29.5178],[-95.3443,29.5157],[-95.3138,29.516],[-95.314,29.5306],[-95.3305,29.5303],[-95.3309,29.552],[-95.3061,29.5523],[-95.3062,29.5596],[-95.3504,29.559],[-95.3507,29.5706],[-95.3843,29.5705],[-95.384,29.5767],[-95.3823,29.5803],[-95.3859,29.5802],[-95.386,29.5856],[-95.384,29.5869],[-95.3759,29.5884],[-95.3682,29.5847],[-95.3644,29.5859],[-95.3603,29.5849],[-95.3562,29.587],[-95.3526,29.5854],[-95.3491,29.5865],[-95.3463,29.5856],[-95.3443,29.5873],[-95.3444,29.5891],[-95.3406,29.5934],[-95.3374,29.5939],[-95.3372,29.5952],[-95.3317,29.5991],[-95.3254,29.598],[-95.3223,29.5967],[-95.3193,29.5983],[-95.3147,29.598],[-95.3086,29.5949],[-95.3021,29.5955],[-95.2986,29.597],[-95.2974,29.5965]]]},"properties":{"STATEFP":"48","CD118FP":"09","GEOID":"4809","GEOIDFQ":"5001800US4809","NAMELSAD":"Congressional District 9","LSAD":"C2","CDSESSN":"118","MTFCC":"G5200","FUNCSTAT":"N","ALAND":563425354,"AWATER":6394422,"INTPTLAT":"+29.6006630","INTPTLON":"-095.4395938"}},
{"type":"Feature","geometry":{"type":"Polygon","coordinates":[[[-96.8541,32.8601],[-96.8564,32.8596],[-96.8557,32.859],[-96.8576,32.8582],[-96.8598,32.8555],[-96.8587,32.855],[-96.8598,32.8535],[-96.8602,32.853],[-96.8611,32.8538],[-96.8642,32.852],[-96.866,32.8486],[-96.8691,32.8458],[-96.8505,32.8378],[-96.8416,32.8302],[-96.8509,32.8227],[-96.8644,32.822],[-96.8703,32.8182],[-96.8733,32.815],[-96.8738,32.7927],[-96.8667,32.7926],[-96.8666,32.7919],[-96.8671,32.7881],[-96.8693,32.791],[-96.8704,32.7912],[-96.8704,32.7891],[-96.8725,32.7885],[-96.8711,32.7867],[-96.8725,32.786],[-96.8738,32.7863],[-96.8738,32.7788],[-96.8575,32.7787],[-96.8575,32.7754],[-96.8566,32.7752],[-96.8558,32.7943],[-96.8505,32.7936],[-96.8294,32.7837],[-96.8263,32.7813],[-96.8251,32.7796],[-96.826,32.7792],[-96.8228,32.7749],[-96.8231,32.7692],[-96.837,32.7673],[-96.8451,32.7641],[-96.8503,32.7646],[-96.8595,32.7641],[-96.8575,32.7631],[-96.8621,32.7623],[-96.861,32.7598],[-96.8642,32.7584],[-96.8625,32.7555],[-96.86,32.7554],[-96.8585,32.7541],[-96.8568,32.7557],[-96.8567,32.7496],[-96.8527,32.7496],[-96.8524,32.7516],[-96.8482,32.7518],[-96.8482,32.7548],[-96.8464,32.7547],[-96.8411,32.7513],[-96.8403,32.7524],[-96.8316,32.7522],[-96.8314,32.7577],[-96.8269,32.7577],[-96.8253,32.7592],[-96.8194,32.7585],[-96.8103,32.7588],[-96.8102,32.7486],[-96.8114,32.7468],[-96.8156,32.7442],[-96.8155,32.7419],[-96.8136,32.7401],[-96.8229,32.7329],[-96.8287,32.7332],[-96.8322,32.7343],[-96.8343,32.734],[-96.8347,32.7321],[-96.8375,32.7327],[-96.8368,32.7312],[-96.8367,32.7203],[-96.8284,32.7205],[-96.829,32.7233],[-96.8261,32.7233],[-96.8264,32.7224],[-96.8246,32.7223],[-96.8246,32.7214],[-96.8145,32.7214],[-96.8145,32.7202],[-96.8132,32.7202],[-96.8133,32.7191],[-96.8145,32.7191],[-96.8146,32.715],[-96.8109,32.7149],[-96.811,32.7132],[-96.8133,32.7132],[-96.8133,32.7114],[-96.8146,32.7114],[-96.8146,32.7075],[-96.823,32.7075],[-96.823,32.706],[-96.8281,32.7055],[-96.8298,32.708],[-96.8314,32.7051],[-96.8401,32.6984],[-96.8402,32.7059],[-96.8702,32.7049],[-96.8702,32.7028],[-96.873,32.7026],[-96.873,32.7039],[-96.8751,32.7057],[-96.8828,32.7058],[-96.8828,32.7002],[-96.8913,32.7002],[-96.8915,32.6955],[-96.8943,32.6953],[-96.9111,32.7139],[-96.916,32.7205],[-96.9387,32.7206],[-96.9399,32.7219],[-96.941,32.7219],[-96.9516,32.7171],[-96.9522,32.7159],[-96.9543,32.7149],[-96.9538,32.7107],[-96.9554,32.7067],[-96.957,32.706],[-96.9598,32.701],[-96.9631,32.6978],[-96.9639,32.6983],[-96.9697,32.6944],[-96.9715,32.6985],[-96.9784,32.6939],[-96.9748,32.6987],[-96.9772,32.6998],[-96.9781,32.7012],[-96.9747,32.7015],[-96.9771,32.703],[-96.9783,32.7057],[-96.9844,32.7063],[-96.9845,32.7079],[-96.9856,32.7079],[-96.9857,32.7057],[-96.9871,32.7059],[-96.9923,32.7091],[-96.9942,32.7095],[-96.9941,32.7156],[-96.9987,32.7156],[-96.9987,32.7173],[-96.9959,32.7166],[-96.9941,32.7173],[-96.9941,32.7205],[-96.9959,32.7205],[-96.9959,32.7221],[-97.0004,32.7225],[-97.0014,32.7243],[-97.0054,32.7243],[-97.0054,32.7234],[-97.0071,32.7229],[-97.0074,32.7096],[-97.0218,32.7097],[-97.036,32.7111],[-97.0368,32.693],[-97.0375,32.694],[-97.0401,32.6925],[-97.044,32.6935],[-97.0441,32.706],[-97.0626,32.7061],[-97.0624,32.6917],[-97.0805,32.6915],[-97.0803,32.6777],[-97.0628,32.6775],[-97.0633,32.6619],[-97.0623,32.6514],[-97.0642,32.6483],[-97.0639,32.6422],[-97.0661,32.6355],[-97.0658,32.6334],[-97.0703,32.627],[-97.0613,32.6122],[-97.0542,32.606],[-97.0451,32.5924],[-97.0518,32.591],[-97.0616,32.5853],[-97.0554,32.5754],[-97.0535,32.5736],[-97.0534,32.5637],[-97.049,32.563],[-97.0468,32.56],[-97.0478,32.5585],[-97.0528,32.5566],[-97.0542,32.5553],[-97.0552,32.5512],[-97.0527,32.5488],[-96.8394,32.5472],[-96.8394,32.5463],[-96.8346,32.5462],[-96.8248,32.5462],[-96.8247,32.5472],[-96.8053,32.5471],[-96.5297,32.5453],[-96.531,32.546],[-96.5415,32.5459],[-96.548,32.5512],[-96.55,32.5542],[-96.5511,32.5544],[-96.5544,32.5519],[-96.5561,32.5517],[-96.5612,32.5553],[-96.5667,32.5664],[-96.5684,32.5676],[-96.5742,32.5688],[-96.5754,32.5698],[-96.5756,32.5712],[-96.5731,32.5775],[-96.575,32.578],[-96.5779,32.5764],[-96.5807,32.5772],[-96.5821,32.5785],[-96.5806,32.5806],[-96.584,32.5825],[-96.5828,32.5848],[-96.5881,32.5967],[-96.5863,32.6005],[-96.5888,32.606],[-96.5952,32.6064],[-96.5983,32.6049],[-96.5994,32.6079],[-96.5977,32.6092],[-96.5944,32.6096],[-96.5953,32.6113],[-96.5985,32.6114],[-96.6014,32.6087],[-96.6027,32.6086],[-96.6059,32.61],[-96.6075,32.6128],[-96.6172,32.6122],[-96.6222,32.6177],[-96.614,32.6252],[-96.6134,32.6272],[-96.6084,32.6274],[-96.5963,32.6372],[-96.5957,32.6395],[-96.5854,32.6478],[-96.5821,32.6524],[-96.5902,32.6595],[-96.5946,32.661],[-96.5904,32.6644],[-96.5907,32.6653],[-96.5899,32.6648],[-96.5883,32.6661],[-96.598,32.6709],[-96.5954,32.6731],[-96.5884,32.6698],[-96.5807,32.676],[-96.579,32.6752],[-96.5746,32.6787],[-96.5759,32.6799],[-96.5747,32.6809],[-96.5735,32.6802],[-96.5629,32.6811],[-96.5631,32.6817],[-96.5566,32.6875],[-96.5585,32.6891],[-96.5553,32.6921],[-96.5616,32.6976],[-96.563,32.7012],[-96.5736,32.7019],[-96.5753,32.7033],[-96.5854,32.7036],[-96.6142,32.7013],[-96.6143,32.6963],[-96.6175,32.6963],[-96.6176,32.6952],[-96.6224,32.6953],[-96.6229,32.6904],[-96.6305,32.6904],[-96.6487,32.7],[-96.6485,32.7196],[-96.657,32.7196],[-96.6569,32.7311],[-96.6596,32.7312],[-96.6588,32.7342],[-96.6828,32.7344],[-96.6829,32.7602],[-96.68,32.7602],[-96.68,32.7634],[-96.7006,32.7635],[-96.7001,32.778],[-96.7051,32.7781],[-96.7124,32.7796],[-96.7165,32.7829],[-96.7214,32.7791],[-96.721,32.7786],[-96.7312,32.7776],[-96.7594,32.7821],[-96.7587,32.7841],[-96.7545,32.7873],[-96.7581,32.7904],[-96.7573,32.791],[-96.7588,32.791],[-96.7683,32.7992],[-96.7758,32.793],[-96.7881,32.8036],[-96.7906,32.8017],[-96.7933,32.8034],[-96.793,32.8087],[-96.7861,32.8221],[-96.7912,32.8241],[-96.793,32.8222],[-96.7982,32.8232],[-96.7973,32.8208],[-96.7996,32.8187],[-96.8002,32.8197],[-96.8024,32.8197],[-96.8023,32.8227],[-96.812,32.8232],[-96.8147,32.8198],[-96.8185,32.8231],[-96.8176,32.8247],[-96.8184,32.8254],[-96.8172,32.8265],[-96.8191,32.8279],[-96.8192,32.8367],[-96.8221,32.8367],[-96.8213,32.8512],[-96.8412,32.8507],[-96.8502,32.8586],[-96.8541,32.8601]]]},"properties":{"STATEFP":"48","CD118FP":"30","GEOID":"4830","GEOIDFQ":"5001800US4830","NAMELSAD":"Congressional District 30","LSAD":"C2","CDSESSN":"118","MTFCC":"G5200","FUNCSTAT":"N","ALAND":920096881,"AWATER":37765212,"INTPTLAT":"+32.6547523","INTPTLON":"-096.8171647"}},
{"type":"Feature","geometry":{"type":"Polygon","coordinates":[[[-98.4637,31.684],[-98.4167,31.6201],[-98.3452,31.5191],[-98.2711,31.4164],[-98.18,31.4637],[-98.0681,31.3018],[-97.9071,31.0694],[-97.8044,31.1221],[-97.776,31.1221],[-97.7671,31.1188],[-97.7604,31.1131],[-97.7504,31.1102],[-97.749,31.114],[-97.7461,31.1133],[-97.7397,31.1297],[-97.7376,31.1292],[-97.7355,31.1358],[-97.7069,31.1278],[-97.703,31.1395],[-97.6989,31.1385],[-97.6979,31.141],[-97.6718,31.1333],[-97.6636,31.127],[-97.6539,31.1243],[-97.6576,31.1132],[-97.6638,31.1149],[-97.6652,31.1124],[-97.6665,31.1028],[-97.6702,31.1033],[-97.6743,31.0926],[-97.6733,31.0876],[-97.6751,31.0828],[-97.6765,31.0816],[-97.676,31.0806],[-97.678,31.0802],[-97.6782,31.0812],[-97.6823,31.0807],[-97.6841,31.0797],[-97.6854,31.0771],[-97.6845,31.0748],[-97.6696,31.0707],[-97.6591,31.0578],[-97.6492,31.0548],[-97.6457,31.0525],[-97.6335,31.052],[-97.6348,31.047],[-97.6329,31.0435],[-97.6311,31.0423],[-97.6359,31.0377],[-97.6406,31.0356],[-97.6413,31.034],[-97.6405,31.0311],[-97.6412,31.0299],[-97.6438,31.0303],[-97.645,31.0333],[-97.6432,31.0339],[-97.6437,31.0352],[-97.6487,31.0341],[-97.6477,31.0266],[-97.6534,31.0239],[-97.6535,31.0216],[-97.6559,31.0179],[-97.6554,31.0132],[-97.6503,31.0102],[-97.6492,31.0064],[-97.6454,31.0009],[-97.6462,30.9959],[-97.6478,30.9948],[-97.6515,30.9951],[-97.6551,30.9992],[-97.6592,30.9998],[-97.6623,30.9973],[-97.6621,30.9893],[-97.6662,30.9867],[-97.67,30.9886],[-97.6751,30.9881],[-97.6764,30.9892],[-97.675,30.991],[-97.6755,30.9923],[-97.681,30.9952],[-97.6831,30.995],[-97.6857,30.9928],[-97.6878,30.9938],[-97.6894,30.9933],[-97.6902,30.9901],[-97.687,30.987],[-97.6865,30.985],[-97.6836,30.9839],[-97.6818,30.9822],[-97.6827,30.977],[-97.6862,30.9676],[-97.6911,30.9719],[-97.6953,30.9776],[-97.6994,30.9775],[-97.7022,30.9786],[-97.704,30.9779],[-97.7006,30.9719],[-97.7001,30.9687],[-97.7012,30.9662],[-97.6985,30.9615],[-97.6988,30.9583],[-97.7015,30.9558],[-97.7042,30.9569],[-97.7092,30.9569],[-97.7139,30.954],[-97.7089,30.9501],[-97.7079,30.9471],[-97.7092,30.9446],[-97.7083,30.9396],[-97.7108,30.9349],[-97.7164,30.933],[-97.7174,30.9312],[-97.7142,30.9234],[-97.7138,30.9197],[-97.7119,30.918],[-97.7108,30.9133],[-97.7153,30.9116],[-97.7183,30.9091],[-97.7187,30.903],[-97.7274,30.893],[-97.7299,30.8876],[-97.8281,30.9044],[-97.8299,30.9095],[-97.8404,30.9293],[-97.8544,30.952],[-97.8749,30.9825],[-97.8866,31.0017],[-97.9117,31.035],[-98.1213,31.0324],[-98.4397,31.0296],[-98.4395,31.0251],[-98.4423,31.0205],[-98.4483,31.0167],[-98.457,31.0132],[-98.4592,31.0104],[-98.4585,31.0062],[-98.4545,31.001],[-98.4462,30.9929],[-98.4419,30.9843],[-98.4432,30.9797],[-98.4522,30.9702],[-98.4528,30.9644],[-98.4471,30.9518],[-98.4459,30.9507],[-98.442,30.9496],[-98.423,30.9479],[-98.416,30.9449],[-98.4149,30.9435],[-98.4147,30.9402],[-98.4171,30.9295],[-98.4196,30.9254],[-98.4223,30.9243],[-98.4292,30.9264],[-98.4374,30.927],[-98.4419,30.9259],[-98.4458,30.9214],[-98.4492,30.907],[-98.4495,30.899],[-98.4486,30.8908],[-98.4552,30.8848],[-98.4569,30.8821],[-98.4574,30.8789],[-98.4552,30.8752],[-98.4508,30.8714],[-98.4459,30.8703],[-98.4378,30.8706],[-98.4324,30.8697],[-98.4248,30.8661],[-98.4215,30.8632],[-98.4193,30.8591],[-98.4192,30.8571],[-98.4196,30.8509],[-98.4222,30.8392],[-98.4216,30.835],[-98.4157,30.8347],[-98.41,30.836],[-98.4069,30.8391],[-98.405,30.8438],[-98.4014,30.844],[-98.3936,30.843],[-98.3814,30.8382],[-98.3776,30.8357],[-98.3766,30.8338],[-98.3776,30.8295],[-98.3801,30.826],[-98.3876,30.8193],[-98.391,30.8183],[-98.4009,30.8189],[-98.4033,30.8179],[-98.4082,30.809],[-98.4094,30.8],[-98.4126,30.795],[-98.4156,30.7943],[-98.425,30.7957],[-98.4285,30.7939],[-98.432,30.7904],[-98.4325,30.7886],[-98.4319,30.7858],[-98.4235,30.7776],[-98.4225,30.775],[-98.4239,30.7711],[-98.4292,30.7638],[-98.4302,30.761],[-98.4301,30.7569],[-98.4266,30.7515],[-98.424,30.7505],[-98.415,30.7519],[-98.4069,30.7515],[-98.4002,30.7502],[-98.3963,30.7472],[-98.3929,30.7462],[-98.3848,30.7461],[-98.3778,30.7472],[-98.3741,30.7457],[-98.3714,30.7421],[-98.3741,30.7383],[-98.3853,30.7306],[-98.3889,30.725],[-98.3927,30.7212],[-98.4021,30.7218],[-98.4042,30.7211],[-98.4083,30.7157],[-98.4088,30.7112],[-98.4101,30.7085],[-98.4143,30.7037],[-98.414,30.7018],[-98.4081,30.6951],[-98.4055,30.6902],[-98.4022,30.6808],[-98.4033,30.6769],[-98.4073,30.6751],[-98.4143,30.6759],[-98.4207,30.6741],[-98.4296,30.6752],[-98.4376,30.6738],[-98.4405,30.6717],[-98.4418,30.6664],[-98.4388,30.6624],[-98.4333,30.6628],[-98.4289,30.6615],[-98.4282,30.6589],[-98.4289,30.6548],[-98.4181,30.6452],[-98.417,30.6403],[-98.4184,30.633],[-98.4176,30.6273],[-98.4106,30.6138],[-98.4002,30.5984],[-98.4007,30.5946],[-98.4118,30.5882],[-98.4137,30.5859],[-98.4111,30.5746],[-98.4054,30.5662],[-98.4029,30.564],[-98.3988,30.5637],[-98.3759,30.5739],[-98.3703,30.5744],[-98.3643,30.5716],[-98.352,30.5584],[-98.351,30.4861],[-98.1256,30.4262],[-98.0977,30.4676],[-98.0978,30.4981],[-98.1032,30.4967],[-98.1075,30.4943],[-98.1137,30.4856],[-98.1231,30.4847],[-98.1234,30.4865],[-98.0499,30.6242],[-98.0403,30.6182],[-98.0396,30.6186],[-98.0365,30.6117],[-98.0297,30.6147],[-98.0127,30.6168],[-98.0063,30.6275],[-98.0019,30.6214],[-97.998,30.613],[-97.9924,30.6095],[-97.991,30.6098],[-97.9779,30.6221],[-97.9663,30.6237],[-97.9567,30.6282],[-97.9519,30.6252],[-97.9348,30.6103],[-97.9171,30.6049],[-97.9219,30.591],[-97.9204,30.5868],[-97.9151,30.5806],[-97.927,30.5677],[-97.9218,30.5642],[-97.9025,30.5713],[-97.8962,30.5649],[-97.8928,30.5652],[-97.8915,30.5665],[-97.8887,30.5652],[-97.8877,30.5566],[-97.8834,30.553],[-97.8823,30.5538],[-97.8679,30.5465],[-97.8714,30.5227],[-97.8672,30.5173],[-97.8597,30.5123],[-97.8558,30.5074],[-97.8561,30.5028],[-97.8622,30.4973],[-97.8459,30.4756],[-97.8465,30.4734],[-97.8348,30.4774],[-97.8275,30.4934],[-97.8213,30.4967],[-97.819,30.4995],[-97.8119,30.5036],[-97.8087,30.5031],[-97.8031,30.4964],[-97.7998,30.4978],[-97.7975,30.4998],[-97.7959,30.5028],[-97.7912,30.5054],[-97.7889,30.5057],[-97.7827,30.5036],[-97.7768,30.5036],[-97.7742,30.5062],[-97.7717,30.5053],[-97.765,30.5086],[-97.7622,30.5091],[-97.7632,30.5117],[-97.7578,30.5124],[-97.7456,30.5191],[-97.74,30.5196],[-97.7352,30.5218],[-97.7338,30.5168],[-97.7363,30.5129],[-97.7407,30.5],[-97.7365,30.4954],[-97.7293,30.4952],[-97.7257,30.4937],[-97.7158,30.5075],[-97.7178,30.5101],[-97.7173,30.5155],[-97.7142,30.519],[-97.7093,30.5205],[-97.7068,30.5178],[-97.7038,30.5189],[-97.7031,30.5161],[-97.6998,30.5138],[-97.6929,30.5123],[-97.6871,30.5131],[-97.6869,30.5157],[-97.6913,30.535],[-97.6922,30.5355],[-97.6927,30.5582],[-97.6757,30.5629],[-97.6725,30.5649],[-97.6648,30.5672],[-97.6632,30.5631],[-97.6642,30.5608],[-97.6623,30.5576],[-97.6641,30.5574],[-97.6639,30.5567],[-97.6663,30.5562],[-97.6675,30.5551],[-97.6646,30.5461],[-97.6636,30.5457],[-97.6597,30.5469],[-97.6586,30.5441],[-97.6547,30.5455],[-97.6524,30.5482],[-97.653,30.549],[-97.6474,30.5504],[-97.6506,30.542],[-97.6523,30.5285],[-97.6572,30.5176],[-97.6458,30.5196],[-97.6457,30.5152],[-97.6418,30.5145],[-97.6382,30.5095],[-97.6382,30.5083],[-97.6297,30.5089],[-97.6253,30.5073],[-97.6135,30.5084],[-97.6135,30.5067],[-97.6133,30.5074],[-97.6058,30.5074],[-97.6058,30.5053],[-97.6022,30.5053],[-97.6022,30.5041],[-97.5982,30.5042],[-97.5982,30.5084],[-97.5901,30.5085],[-97.5901,30.5181],[-97.5981,30.518],[-97.599,30.5195],[-97.6009,30.5194],[-97.6008,30.5296],[-97.6036,30.5302],[-97.6086,30.5296],[-97.6112,30.5309],[-97.6134,30.5307],[-97.6139,30.5318],[-97.5834,30.5366],[-97.5812,30.5299],[-97.5819,30.5255],[-97.5774,30.5246],[-97.5687,30.526],[-97.5688,30.5252],[-97.5704,30.525],[-97.5722,30.5157],[-97.5649,30.5154],[-97.5667,30.508],[-97.5614,30.5074],[-97.5611,30.5091],[-97.5589,30.5087],[-97.5575,30.5111],[-97.5555,30.5212],[-97.5599,30.5227],[-97.5587,30.5293],[-97.5539,30.5286],[-97.5534,30.5317],[-97.5487,30.5311],[-97.5502,30.5225],[-97.5459,30.5217],[-97.5451,30.5205],[-97.5388,30.5183],[-97.5384,30.5212],[-97.5359,30.5208],[-97.5367,30.5168],[-97.532,30.5165],[-97.5327,30.5181],[-97.5315,30.5242],[-97.5274,30.5237],[-97.5277,30.5223],[-97.525,30.5219],[-97.5232,30.531],[-97.5271,30.5321],[-97.5278,30.5312],[-97.5287,30.5315],[-97.526,30.5465],[-97.4832,30.554],[-97.4895,30.5176],[-97.4856,30.5171],[-97.4847,30.5222],[-97.4736,30.5208],[-97.4703,30.5373],[-97.4242,30.5308],[-97.4252,30.5253],[-97.4266,30.525],[-97.4274,30.5214],[-97.4309,30.5217],[-97.4318,30.5165],[-97.4169,30.5145],[-97.4154,30.5235],[-97.4134,30.5238],[-97.4116,30.533],[-97.403,30.533],[-97.4038,30.5406],[-97.4083,30.5479],[-97.3806,30.5502],[-97.3816,30.5607],[-97.373,30.5633],[-97.3706,30.5632],[-97.3753,30.5746],[-97.363,30.5787],[-97.3019,30.5907],[-97.3017,30.5902],[-97.2987,30.5908],[-97.2994,30.589],[-97.2974,30.5894],[-97.2964,30.5854],[-97.2945,30.5854],[-97.2907,30.5865],[-97.2927,30.5914],[-97.2187,30.6101],[-97.222,30.6198],[-97.2699,30.7354],[-97.3155,30.7524],[-97.3146,30.7546],[-97.259,30.8896],[-97.2503,30.8942],[-97.2503,30.8951],[-97.0701,30.986],[-97.2366,31.2205],[-97.2778,31.2795],[-97.3434,31.2442],[-97.4186,31.3202],[-97.4639,31.3843],[-97.5938,31.5724],[-97.6052,31.5878],[-97.5802,31.5988],[-97.4829,31.6461],[-97.4737,31.6513],[-97.3865,31.6926],[-97.2773,31.7455],[-97.2891,31.7509],[-97.2965,31.7555],[-97.3049,31.7585],[-97.3103,31.7616],[-97.3237,31.7783],[-97.3265,31.7884],[-97.3255,31.7914],[-97.32,31.7936],[-97.3085,31.8007],[-97.2926,31.8172],[-97.281,31.8243],[-97.2781,31.8281],[-97.2767,31.8335],[-97.2795,31.8413],[-97.2821,31.8432],[-97.2854,31.8442],[-97.3037,31.8484],[-97.3109,31.8475],[-97.3255,31.8418],[-97.3291,31.8419],[-97.3316,31.8432],[-97.3361,31.8492],[-97.341,31.8531],[-97.3524,31.8599],[-97.3625,31.865],[-97.3661,31.8658],[-97.3697,31.8656],[-97.3828,31.8708],[-97.3845,31.8732],[-97.3855,31.8786],[-97.3843,31.8817],[-97.3818,31.8843],[-97.3785,31.8849],[-97.3662,31.8849],[-97.3627,31.8862],[-97.3597,31.8884],[-97.3594,31.8896],[-97.3603,31.8907],[-97.3983,31.9098],[-97.4021,31.9099],[-97.4077,31.9078],[-97.4094,31.9083],[-97.4125,31.9098],[-97.4227,31.9232],[-97.4324,31.925],[-97.4395,31.9298],[-97.4388,31.9335],[-97.4319,31.9379],[-97.427,31.9426],[-97.4042,31.9537],[-97.3986,31.9576],[-97.3892,31.9661],[-97.3841,31.969],[-97.38,31.9727],[-97.3772,31.9773],[-97.3788,31.9826],[-97.3813,31.9856],[-97.4035,31.9865],[-97.4056,31.9876],[-97.4101,31.9937],[-97.4186,32.0009],[-97.4218,32.0048],[-97.4227,32.0079],[-97.4235,32.0236],[-97.4264,32.0286],[-97.43,32.0286],[-97.4337,32.0265],[-97.4353,32.025],[-97.4368,32.0209],[-97.442,32.0144],[-97.4477,32.0125],[-97.4749,32.0101],[-97.4778,32.011],[-97.4835,32.0148],[-97.486,32.0176],[-97.4868,32.0289],[-97.4853,32.0394],[-97.4857,32.0429],[-97.4921,32.0597],[-97.4909,32.0635],[-97.4771,32.0806],[-97.4707,32.0867],[-97.4699,32.0916],[-97.4724,32.0976],[-97.4862,32.1117],[-97.4967,32.13],[-97.4968,32.1361],[-97.4941,32.1396],[-97.4692,32.1483],[-97.4656,32.1551],[-97.4616,32.1579],[-97.4564,32.1644],[-97.4582,32.1694],[-97.4613,32.1719],[-97.4695,32.1736],[-97.4761,32.1735],[-97.4866,32.1715],[-97.4945,32.1646],[-97.503,32.1628],[-97.5085,32.1634],[-97.5118,32.1619],[-97.5134,32.1579],[-97.5135,32.1526],[-97.5122,32.1467],[-97.5083,32.1406],[-97.5082,32.1384],[-97.5096,32.1361],[-97.5125,32.1342],[-97.5157,32.1338],[-97.5218,32.1348],[-97.5377,32.1405],[-97.5534,32.1493],[-97.5675,32.15],[-97.5697,32.1513],[-97.5705,32.1545],[-97.565,32.1606],[-97.5647,32.1624],[-97.5678,32.1666],[-97.5675,32.1741],[-97.5683,32.1763],[-97.5734,32.1803],[-97.5786,32.1808],[-97.5945,32.1741],[-97.5977,32.1741],[-97.6017,32.1757],[-97.6026,32.1776],[-97.6016,32.1799],[-97.5922,32.1848],[-97.5899,32.1885],[-97.5904,32.1957],[-97.5946,32.202],[-97.5998,32.2042],[-97.6145,32.2035],[-97.626,32.204],[-97.6314,32.2072],[-97.6997,32.171],[-97.7404,32.1511],[-97.8648,32.0873],[-98.2084,31.9175],[-98.1566,31.8417],[-98.4637,31.684]]]},"properties":{"STATEFP":"48","CD118FP":"31","GEOID":"4831","GEOIDFQ":"5001800US4831","NAMELSAD":"Congressional District 31","LSAD":"C2","CDSESSN":"118","MTFCC":"G5200","FUNCSTAT":"N","ALAND":14537227125,"AWATER":259267011,"INTPTLAT":"+31.2412960","INTPTLON":"-097.8098235"}},
{"type":"Feature","geometry":{"type":"Polygon","coordinates":[[[-95.8302,29.8004],[-95.8879,29.961],[-95.8939,29.9805],[-95.9213,30.0541],[-95.9215,30.064],[-95.9251,30.0639],[-95.9252,30.0687],[-95.9268,30.0692],[-95.9607,30.1634],[-95.9558,30.1613],[-95.9543,30.1583],[-95.9528,30.1582],[-95.9518,30.1564],[-95.9499,30.1561],[-95.9468,30.1542],[-95.9471,30.153],[-95.9452,30.1505],[-95.9455,30.1492],[-95.9406,30.1457],[-95.9409,30.1443],[-95.9396,30.144],[-95.9374,30.1455],[-95.9356,30.1441],[-95.9346,30.1448],[-95.9326,30.1433],[-95.9315,30.1445],[-95.9288,30.1441],[-95.9264,30.1415],[-95.9244,30.1424],[-95.9245,30.1397],[-95.9236,30.1386],[-95.9218,30.1387],[-95.9219,30.1365],[-95.9202,30.1353],[-95.919,30.1354],[-95.9188,30.1341],[-95.9172,30.1335],[-95.916,30.1313],[-95.9127,30.1311],[-95.9111,30.1295],[-95.9111,30.1281],[-95.907,30.1268],[-95.9054,30.1275],[-95.9048,30.1261],[-95.9025,30.1248],[-95.9022,30.123],[-95.8993,30.1225],[-95.8992,30.121],[-95.8965,30.1227],[-95.8943,30.1204],[-95.8901,30.1189],[-95.8893,30.1192],[-95.8898,30.1202],[-95.8878,30.1199],[-95.8868,30.1209],[-95.8852,30.1198],[-95.8831,30.1198],[-95.8811,30.1232],[-95.8789,30.1204],[-95.8735,30.122],[-95.872,30.1203],[-95.8725,30.1181],[-95.8684,30.1175],[-95.8685,30.1156],[-95.8654,30.1143],[-95.8625,30.1115],[-95.8635,30.11],[-95.8631,30.107],[-95.8619,30.1056],[-95.8574,30.1044],[-95.8568,30.1017],[-95.8508,30.1022],[-95.8494,30.1002],[-95.8465,30.1005],[-95.8461,30.0974],[-95.8439,30.0966],[-95.8427,30.0948],[-95.8444,30.0879],[-95.8393,30.0847],[-95.8388,30.0832],[-95.833,30.0851],[-95.8303,30.0841],[-95.8285,30.0817],[-95.8194,30.0831],[-95.817,30.0818],[-95.8159,30.0853],[-95.8124,30.0843],[-95.8098,30.0852],[-95.809,30.0862],[-95.8095,30.0882],[-95.8033,30.0901],[-95.8044,30.3387],[-95.8173,30.4987],[-95.8301,30.629],[-95.8342,30.658],[-95.8631,30.8643],[-95.8619,30.8648],[-95.8623,30.8654],[-95.8603,30.8652],[-95.8596,30.8658],[-95.8577,30.8646],[-95.8574,30.8655],[-95.8536,30.8659],[-95.8531,30.867],[-95.8504,30.8677],[-95.8492,30.8668],[-95.8487,30.8641],[-95.8502,30.8642],[-95.8491,30.863],[-95.8448,30.863],[-95.8432,30.8619],[-95.8422,30.8633],[-95.8406,30.8632],[-95.8388,30.8643],[-95.8365,30.8637],[-95.8355,30.8649],[-95.8333,30.8652],[-95.8319,30.8646],[-95.8331,30.864],[-95.8326,30.8633],[-95.8313,30.8635],[-95.8295,30.8621],[-95.8293,30.8632],[-95.8279,30.8628],[-95.8279,30.8637],[-95.8269,30.8637],[-95.8285,30.8655],[-95.8246,30.866],[-95.8225,30.8683],[-95.8221,30.8676],[-95.8213,30.8679],[-95.8212,30.8692],[-95.8203,30.8685],[-95.817,30.8693],[-95.8167,30.8683],[-95.8156,30.8684],[-95.8147,30.8672],[-95.8131,30.8676],[-95.8118,30.8684],[-95.8117,30.8702],[-95.81,30.8719],[-95.8056,30.873],[-95.8029,30.8754],[-95.8001,30.8759],[-95.7964,30.8782],[-95.7928,30.8787],[-95.7894,30.8779],[-95.7874,30.8794],[-95.7869,30.8787],[-95.7849,30.879],[-95.7846,30.8796],[-95.7855,30.88],[-95.7849,30.881],[-95.7835,30.8809],[-95.7838,30.8819],[-95.7819,30.8822],[-95.7811,30.8838],[-95.7795,30.8829],[-95.7791,30.8841],[-95.7755,30.886],[-95.7751,30.887],[-95.7697,30.8893],[-95.7687,30.8926],[-95.7673,30.8932],[-95.7669,30.8918],[-95.7666,30.8928],[-95.7652,30.8932],[-95.7664,30.8936],[-95.7645,30.8946],[-95.7654,30.8959],[-95.7637,30.8966],[-95.7618,30.8961],[-95.7623,30.8976],[-95.7595,30.8989],[-95.7546,30.8999],[-95.7539,30.8992],[-95.7529,30.9006],[-95.7517,30.9],[-95.7502,30.9017],[-95.7481,30.9011],[-95.7457,30.9023],[-95.7439,30.9007],[-95.7432,30.9014],[-95.7443,30.902],[-95.7433,30.9024],[-95.7408,30.9011],[-95.7388,30.9011],[-95.7389,30.8993],[-95.7354,30.9007],[-95.7333,30.9001],[-95.7331,30.9017],[-95.7319,30.9014],[-95.7322,30.9031],[-95.73,30.9023],[-95.7259,30.9067],[-95.7231,30.9073],[-95.7235,30.9085],[-95.7222,30.908],[-95.7219,30.909],[-95.7201,30.9094],[-95.7187,30.9086],[-95.7184,30.9098],[-95.7163,30.9115],[-95.7158,30.9096],[-95.7147,30.91],[-95.715,30.911],[-95.7132,30.91],[-95.7131,30.911],[-95.7124,30.9108],[-95.7119,30.91],[-95.7128,30.9093],[-95.7111,30.9091],[-95.7124,30.9078],[-95.7115,30.9073],[-95.7108,30.9078],[-95.7096,30.9055],[-95.709,30.9068],[-95.7076,30.9065],[-95.7057,30.9078],[-95.7039,30.9079],[-95.7045,30.907],[-95.7031,30.9068],[-95.7009,30.9079],[-95.6998,30.9069],[-95.6974,30.9078],[-95.6957,30.9072],[-95.6975,30.9041],[-95.6939,30.9034],[-95.6916,30.9011],[-95.6906,30.9014],[-95.6905,30.9024],[-95.686,30.9012],[-95.6856,30.9035],[-95.6827,30.9061],[-95.6819,30.9049],[-95.6779,30.9061],[-95.6748,30.9056],[-95.6714,30.9033],[-95.6664,30.905],[-95.666,30.9031],[-95.6638,30.9041],[-95.6624,30.9014],[-95.6614,30.9015],[-95.6595,30.899],[-95.6593,30.8983],[-95.6616,30.8982],[-95.6614,30.897],[-95.6577,30.8974],[-95.6568,30.8963],[-95.6552,30.8967],[-95.6546,30.8958],[-95.6563,30.8938],[-95.654,30.8933],[-95.6528,30.8945],[-95.6493,30.8953],[-95.649,30.8972],[-95.6456,30.8975],[-95.6436,30.9001],[-95.6401,30.8999],[-95.6392,30.9009],[-95.6374,30.8994],[-95.6353,30.9014],[-95.6331,30.8994],[-95.6318,30.9009],[-95.6298,30.8999],[-95.6279,30.9025],[-95.6298,30.9037],[-95.6293,30.9093],[-95.6275,30.9107],[-95.6263,30.9095],[-95.6252,30.9098],[-95.6239,30.9118],[-95.6212,30.912],[-95.6214,30.9136],[-95.6197,30.9138],[-95.6186,30.9134],[-95.6175,30.9109],[-95.6162,30.9102],[-95.6138,30.9143],[-95.6158,30.9152],[-95.6156,30.9168],[-95.615,30.9175],[-95.612,30.9176],[-95.6144,30.9204],[-95.6219,30.9251],[-95.6218,30.9262],[-95.6187,30.9274],[-95.6179,30.9304],[-95.628,30.9262],[-95.6374,30.9263],[-95.6409,30.9286],[-95.6434,30.9347],[-95.6498,30.936],[-95.6505,30.9473],[-95.6545,30.9501],[-95.6554,30.9532],[-95.6602,30.9572],[-95.665,30.9709],[-95.6726,30.9763],[-95.6748,30.985],[-95.6812,30.987],[-95.6789,30.9904],[-95.67,30.9942],[-95.6701,30.9968],[-95.6642,31.0044],[-95.6624,31.0096],[-95.6584,31.0163],[-95.66,31.018],[-95.6674,31.0204],[-95.6695,31.0246],[-95.6688,31.0269],[-95.6632,31.0332],[-95.6606,31.0343],[-95.6533,31.0346],[-95.6473,31.0362],[-95.644,31.0384],[-95.6419,31.0419],[-95.6404,31.0425],[-95.6379,31.042],[-95.6347,31.0373],[-95.6314,31.0368],[-95.6316,31.0402],[-95.6282,31.0433],[-95.6297,31.0511],[-95.6313,31.0529],[-95.6343,31.054],[-95.6475,31.0554],[-95.6477,31.0581],[-95.6522,31.0629],[-95.6549,31.0673],[-95.6542,31.0682],[-95.6492,31.0687],[-95.6484,31.0699],[-95.6535,31.073],[-95.6565,31.0793],[-95.6613,31.0804],[-95.6625,31.0836],[-95.6635,31.0839],[-95.6746,31.0763],[-95.6765,31.0759],[-95.6798,31.0786],[-95.6826,31.0772],[-95.6856,31.0771],[-95.6879,31.0802],[-95.6924,31.082],[-95.6945,31.081],[-95.696,31.0776],[-95.6985,31.0768],[-95.7041,31.0826],[-95.705,31.0788],[-95.707,31.0779],[-95.7114,31.0818],[-95.7153,31.0804],[-95.7234,31.0798],[-95.7259,31.082],[-95.7284,31.0879],[-95.7316,31.0865],[-95.7336,31.0839],[-95.7364,31.0838],[-95.7392,31.0853],[-95.7401,31.0892],[-95.7416,31.0908],[-95.7454,31.0906],[-95.7502,31.0922],[-95.7525,31.0916],[-95.7567,31.0886],[-95.7595,31.0887],[-95.7617,31.0897],[-95.7644,31.0942],[-95.9731,31.0922],[-95.9784,31.0909],[-95.9889,31.0861],[-96.0076,31.0733],[-96.0175,31.07],[-96.0212,31.07],[-96.0262,31.0719],[-96.0332,31.0693],[-96.0441,31.0698],[-96.0479,31.0687],[-96.062,31.0581],[-96.0775,31.0479],[-96.1007,31.0357],[-96.1224,31.0216],[-96.1466,31.0087],[-96.1709,30.9944],[-96.1925,30.9913],[-96.2087,30.9833],[-96.2148,30.9814],[-96.2288,30.9806],[-96.2345,30.976],[-96.249,30.9709],[-96.2622,30.9647],[-96.2815,30.9526],[-96.3046,30.941],[-96.338,30.9205],[-96.3495,30.9113],[-96.3528,30.9064],[-96.3618,30.8969],[-96.3643,30.8868],[-96.3656,30.8845],[-96.3824,30.8706],[-96.3867,30.865],[-96.391,30.8545],[-96.3985,30.8405],[-96.4101,30.8258],[-96.4191,30.8055],[-96.4229,30.7935],[-96.4388,30.774],[-96.4447,30.7638],[-96.4528,30.7531],[-96.4576,30.7445],[-96.4623,30.7419],[-96.567,30.6957],[-96.5679,30.6997],[-96.5704,30.7029],[-96.5962,30.7153],[-96.597,30.7175],[-96.5942,30.7226],[-96.5951,30.7252],[-96.597,30.7274],[-96.5995,30.7286],[-96.604,30.7293],[-96.6182,30.7286],[-96.6214,30.7308],[-96.6825,30.6993],[-96.8148,30.6331],[-97.007,30.535],[-97.1552,30.4573],[-97.3345,30.4028],[-97.3695,30.4196],[-97.4001,30.3679],[-97.4015,30.3686],[-97.3981,30.374],[-97.4344,30.3908],[-97.4428,30.3772],[-97.4485,30.3763],[-97.4607,30.3818],[-97.4606,30.3843],[-97.4548,30.3935],[-97.4573,30.3948],[-97.4585,30.3972],[-97.4608,30.3987],[-97.4684,30.4024],[-97.4768,30.3897],[-97.4909,30.3968],[-97.4893,30.4004],[-97.4999,30.4054],[-97.5017,30.4035],[-97.5079,30.4065],[-97.5058,30.4055],[-97.5047,30.4078],[-97.5069,30.4085],[-97.5075,30.4097],[-97.5068,30.4122],[-97.5107,30.412],[-97.5096,30.4138],[-97.5115,30.4161],[-97.5113,30.4182],[-97.5142,30.42],[-97.5135,30.421],[-97.5144,30.4213],[-97.5138,30.4221],[-97.5144,30.4235],[-97.5179,30.4245],[-97.5165,30.4292],[-97.5183,30.4302],[-97.5198,30.4328],[-97.5202,30.4356],[-97.5193,30.4369],[-97.5221,30.441],[-97.523,30.4409],[-97.5329,30.4255],[-97.5385,30.4281],[-97.5418,30.425],[-97.5521,30.4295],[-97.5531,30.4312],[-97.5674,30.4381],[-97.5568,30.4546],[-97.5747,30.4629],[-97.5757,30.4613],[-97.5789,30.4613],[-97.5805,30.4604],[-97.5821,30.4613],[-97.5809,30.4633],[-97.5824,30.464],[-97.5798,30.4653],[-97.5826,30.4666],[-97.5843,30.4643],[-97.5862,30.459],[-97.5911,30.4654],[-97.5969,30.4641],[-97.6139,30.4366],[-97.6164,30.4393],[-97.6173,30.4436],[-97.6205,30.445],[-97.6214,30.447],[-97.6243,30.4477],[-97.6248,30.4487],[-97.6275,30.4435],[-97.6265,30.4441],[-97.624,30.443],[-97.6248,30.4417],[-97.6378,30.4476],[-97.6405,30.4472],[-97.6434,30.4428],[-97.6482,30.4451],[-97.6496,30.4429],[-97.6534,30.4447],[-97.652,30.4468],[-97.656,30.4489],[-97.6581,30.4498],[-97.6617,30.4487],[-97.6644,30.4563],[-97.6656,30.4562],[-97.6742,30.4808],[-97.6829,30.4801],[-97.6841,30.4763],[-97.6857,30.477],[-97.6906,30.4723],[-97.6934,30.4755],[-97.6944,30.4837],[-97.6969,30.4894],[-97.683,30.5024],[-97.6871,30.5131],[-97.6929,30.5123],[-97.6998,30.5138],[-97.7031,30.5161],[-97.7038,30.5189],[-97.7068,30.5178],[-97.7093,30.5205],[-97.7142,30.519],[-97.7173,30.5155],[-97.7178,30.5101],[-97.7158,30.5075],[-97.7257,30.4937],[-97.7293,30.4952],[-97.7365,30.4954],[-97.7407,30.5],[-97.7363,30.5129],[-97.7338,30.5168],[-97.7352,30.5218],[-97.74,30.5196],[-97.7456,30.5191],[-97.7578,30.5124],[-97.7632,30.5117],[-97.7622,30.5091],[-97.765,30.5086],[-97.7717,30.5053],[-97.7742,30.5062],[-97.7768,30.5036],[-97.7827,30.5036],[-97.7889,30.5057],[-97.7912,30.5054],[-97.7959,30.5028],[-97.7975,30.4998],[-97.7998,30.4978],[-97.8031,30.4964],[-97.8087,30.5031],[-97.8119,30.5036],[-97.819,30.4995],[-97.8213,30.4967],[-97.8275,30.4934],[-97.8348,30.4774],[-97.8465,30.4734],[-97.8459,30.4756],[-97.8622,30.4973],[-97.8561,30.5028],[-97.8558,30.5074],[-97.8597,30.5123],[-97.8672,30.5173],[-97.8714,30.5227],[-97.8679,30.5465],[-97.8823,30.5538],[-97.8834,30.553],[-97.8877,30.5566],[-97.8887,30.5652],[-97.8915,30.5665],[-97.8928,30.5652],[-97.8962,30.5649],[-97.9025,30.5713],[-97.9218,30.5642],[-97.927,30.5677],[-97.9151,30.5806],[-97.9204,30.5868],[-97.9219,30.591],[-97.9171,30.6049],[-97.9348,30.6103],[-97.9519,30.6252],[-97.9567,30.6282],[-97.9663,30.6237],[-97.9779,30.6221],[-97.991,30.6098],[-97.9924,30.6095],[-97.998,30.613],[-98.0019,30.6214],[-98.0063,30.6275],[-98.0127,30.6168],[-98.0297,30.6147],[-98.0365,30.6117],[-98.0396,30.6186],[-98.0403,30.6182],[-98.0499,30.6242],[-98.1234,30.4865],[-98.1231,30.4847],[-98.1137,30.4856],[-98.1075,30.4943],[-98.1032,30.4967],[-98.0978,30.4981],[-98.0977,30.4676],[-98.1256,30.4262],[-98.173,30.3563],[-98.0108,30.2403],[-98.0106,30.2437],[-98.0079,30.2428],[-98.0061,30.2441],[-98.0067,30.2453],[-98.0103,30.2469],[-98.0114,30.2487],[-98.0032,30.251],[-98.0032,30.2546],[-97.9989,30.2554],[-97.9969,30.2574],[-97.9974,30.2616],[-97.9923,30.262],[-97.9922,30.263],[-97.9941,30.2637],[-97.9947,30.265],[-97.9926,30.2674],[-97.9881,30.2675],[-97.9851,30.2733],[-97.9824,30.2716],[-97.9829,30.2674],[-97.9812,30.2654],[-97.9796,30.265],[-97.9775,30.2669],[-97.9775,30.2707],[-97.9757,30.2725],[-97.9746,30.2721],[-97.9715,30.2668],[-97.9691,30.2647],[-97.9663,30.2658],[-97.9662,30.2686],[-97.9649,30.2712],[-97.9592,30.2694],[-97.9563,30.2694],[-97.957,30.2717],[-97.9605,30.2739],[-97.9602,30.2755],[-97.9577,30.2769],[-97.9519,30.2756],[-97.9468,30.2768],[-97.9437,30.2752],[-97.9419,30.2765],[-97.9432,30.2798],[-97.9421,30.2809],[-97.9405,30.2811],[-97.9356,30.2782],[-97.9326,30.2774],[-97.9323,30.2793],[-97.9345,30.2824],[-97.9342,30.2837],[-97.9318,30.2846],[-97.9259,30.2821],[-97.9247,30.2836],[-97.9248,30.2856],[-97.926,30.2871],[-97.9248,30.2886],[-97.9229,30.2889],[-97.9197,30.2875],[-97.9185,30.2882],[-97.9195,30.2901],[-97.9265,30.2922],[-97.9268,30.2958],[-97.9231,30.2961],[-97.9203,30.2977],[-97.9185,30.3019],[-97.9127,30.3051],[-97.9114,30.3068],[-97.9097,30.3071],[-97.9084,30.3062],[-97.9089,30.3098],[-97.9071,30.3099],[-97.909,30.3107],[-97.9117,30.3211],[-97.9074,30.3278],[-97.9084,30.3302],[-97.9091,30.3298],[-97.9094,30.3305],[-97.9123,30.3284],[-97.911,30.3304],[-97.8999,30.3399],[-97.8945,30.3417],[-97.8805,30.344],[-97.8744,30.3462],[-97.8622,30.3543],[-97.8572,30.3547],[-97.8508,30.3516],[-97.8475,30.3467],[-97.8452,30.3404],[-97.844,30.3295],[-97.8415,30.3251],[-97.8359,30.3239],[-97.8314,30.325],[-97.8246,30.3301],[-97.8126,30.325],[-97.8146,30.3223],[-97.8204,30.3191],[-97.8191,30.3172],[-97.8123,30.3151],[-97.8087,30.3122],[-97.8077,30.3179],[-97.8066,30.3197],[-97.805,30.3171],[-97.8047,30.3143],[-97.8026,30.3114],[-97.8013,30.3102],[-97.7988,30.31],[-97.7955,30.3061],[-97.7951,30.3048],[-97.796,30.3035],[-97.7923,30.3],[-97.7918,30.2981],[-97.7905,30.2985],[-97.7898,30.2972],[-97.788,30.2969],[-97.7885,30.2944],[-97.7856,30.2943],[-97.7859,30.2975],[-97.7792,30.3062],[-97.7759,30.3136],[-97.7765,30.3238],[-97.7866,30.3414],[-97.7897,30.3448],[-97.7968,30.3498],[-97.7911,30.3599],[-97.7901,30.3659],[-97.797,30.3696],[-97.7982,30.3714],[-97.8018,30.3693],[-97.8058,30.3779],[-97.8084,30.3804],[-97.8119,30.3821],[-97.8177,30.3831],[-97.8312,30.3919],[-97.8399,30.3923],[-97.8443,30.3937],[-97.8477,30.396],[-97.8637,30.3857],[-97.8739,30.3744],[-97.8703,30.3718],[-97.8722,30.3693],[-97.8743,30.3707],[-97.8792,30.3707],[-97.8862,30.3734],[-97.8882,30.3709],[-97.8917,30.3691],[-97.8926,30.3705],[-97.8955,30.3712],[-97.896,30.3739],[-97.8978,30.3753],[-97.9003,30.3751],[-97.9009,30.3763],[-97.9039,30.3776],[-97.9044,30.3782],[-97.9027,30.3784],[-97.9023,30.3792],[-97.908,30.3819],[-97.9144,30.381],[-97.9145,30.3848],[-97.9134,30.3883],[-97.9111,30.3905],[-97.8992,30.3948],[-97.9008,30.4008],[-97.9075,30.414],[-97.9058,30.4213],[-97.8982,30.4228],[-97.8958,30.4243],[-97.8922,30.4246],[-97.8885,30.4266],[-97.8852,30.4264],[-97.8832,30.4277],[-97.8817,30.4259],[-97.8801,30.4274],[-97.8798,30.429],[-97.8787,30.429],[-97.8788,30.4271],[-97.8775,30.4262],[-97.8771,30.4234],[-97.8742,30.4233],[-97.873,30.4259],[-97.865,30.4312],[-97.8605,30.4323],[-97.8587,30.434],[-97.855,30.4342],[-97.856,30.4382],[-97.8499,30.4401],[-97.8496,30.4318],[-97.847,30.4295],[-97.8475,30.4283],[-97.8434,30.4265],[-97.8401,30.4355],[-97.8336,30.4425],[-97.8284,30.453],[-97.82,30.4609],[-97.8106,30.4639],[-97.8153,30.4753],[-97.8106,30.4754],[-97.802,30.4801],[-97.8038,30.4837],[-97.8041,30.4864],[-97.7704,30.4953],[-97.7627,30.4977],[-97.7629,30.4989],[-97.7606,30.4989],[-97.7607,30.4982],[-97.7584,30.499],[-97.7591,30.5011],[-97.7569,30.5018],[-97.7554,30.4986],[-97.7544,30.4989],[-97.7535,30.4962],[-97.7546,30.4958],[-97.7532,30.4921],[-97.7552,30.4916],[-97.7568,30.4924],[-97.7577,30.4893],[-97.7557,30.4851],[-97.7533,30.4857],[-97.7517,30.484],[-97.7497,30.4847],[-97.7504,30.482],[-97.7499,30.481],[-97.7611,30.4775],[-97.7491,30.474],[-97.7313,30.4769],[-97.7236,30.4753],[-97.7205,30.4727],[-97.7197,30.4708],[-97.7211,30.4558],[-97.7152,30.4586],[-97.704,30.4585],[-97.6946,30.4615],[-97.6955,30.4498],[-97.6866,30.4458],[-97.6805,30.4542],[-97.6798,30.4499],[-97.6813,30.4461],[-97.6799,30.4447],[-97.6811,30.4434],[-97.677,30.4422],[-97.6789,30.4409],[-97.6785,30.4398],[-97.6762,30.4387],[-97.675,30.436],[-97.6714,30.4395],[-97.6683,30.4406],[-97.6692,30.4348],[-97.6687,30.4375],[-97.6654,30.4412],[-97.6632,30.4407],[-97.6556,30.436],[-97.6531,30.4327],[-97.6483,30.4353],[-97.6403,30.4313],[-97.6377,30.4353],[-97.6341,30.4338],[-97.6375,30.4285],[-97.6273,30.4238],[-97.6279,30.4226],[-97.6205,30.4193],[-97.6162,30.4262],[-97.6094,30.4233],[-97.6068,30.4281],[-97.6083,30.4287],[-97.6078,30.4321],[-97.6066,30.4323],[-97.6102,30.4339],[-97.6105,30.435],[-97.6003,30.43],[-97.5956,30.4268],[-97.5762,30.418],[-97.5761,30.417],[-97.5609,30.4097],[-97.5609,30.4079],[-97.5461,30.4009],[-97.5414,30.4075],[-97.5252,30.3998],[-97.5197,30.398],[-97.5166,30.3959],[-97.5224,30.3857],[-97.5142,30.3845],[-97.5121,30.3836],[-97.512,30.382],[-97.5102,30.3813],[-97.5089,30.3784],[-97.5097,30.3757],[-97.5084,30.3744],[-97.5094,30.3735],[-97.5093,30.3724],[-97.5083,30.3727],[-97.5077,30.371],[-97.5059,30.3696],[-97.5058,30.3663],[-97.5048,30.3656],[-97.5052,30.3649],[-97.5066,30.3651],[-97.5067,30.3638],[-97.503,30.3612],[-97.5036,30.3594],[-97.5018,30.3592],[-97.5001,30.357],[-97.5003,30.3553],[-97.5015,30.3549],[-97.5012,30.3542],[-97.4971,30.3525],[-97.4978,30.35],[-97.4968,30.3491],[-97.4978,30.3481],[-97.4968,30.3481],[-97.4962,30.3463],[-97.4941,30.3454],[-97.4935,30.3414],[-97.492,30.3409],[-97.4913,30.3385],[-97.4891,30.3378],[-97.4894,30.3366],[-97.4879,30.3369],[-97.487,30.3333],[-97.485,30.3328],[-97.4846,30.331],[-97.4861,30.326],[-97.4773,30.3236],[-97.492,30.3009],[-97.4936,30.3009],[-97.5075,30.3077],[-97.5097,30.3068],[-97.5138,30.3087],[-97.5174,30.3063],[-97.5205,30.3066],[-97.5225,30.3042],[-97.5266,30.3037],[-97.5298,30.2997],[-97.5324,30.2926],[-97.5547,30.2569],[-97.5546,30.2561],[-97.5475,30.2535],[-97.5443,30.2544],[-97.5349,30.2539],[-97.5268,30.2514],[-97.5216,30.2478],[-97.5243,30.247],[-97.5257,30.2432],[-97.5275,30.2437],[-97.5286,30.2428],[-97.5249,30.2384],[-97.5267,30.2362],[-97.5261,30.2344],[-97.5218,30.2341],[-97.5194,30.2315],[-97.5201,30.2343],[-97.519,30.2351],[-97.5144,30.2268],[-97.5079,30.2221],[-97.5051,30.2222],[-97.5066,30.221],[-97.506,30.2205],[-97.5014,30.2192],[-97.4965,30.2161],[-97.4911,30.2243],[-97.49,30.2221],[-97.4863,30.2205],[-97.4913,30.2121],[-97.4836,30.2061],[-97.4842,30.2028],[-97.4853,30.2018],[-97.4884,30.2014],[-97.4889,30.2004],[-97.4855,30.1953],[-97.4854,30.1901],[-97.4846,30.1888],[-97.4753,30.1855],[-97.4723,30.1832],[-97.4697,30.1829],[-97.465,30.1844],[-97.4614,30.1821],[-97.4585,30.1821],[-97.432,30.1908],[-97.4282,30.1908],[-97.4237,30.1882],[-97.4227,30.1859],[-97.4245,30.1821],[-97.434,30.1751],[-97.4395,30.1666],[-97.4438,30.1627],[-97.447,30.1573],[-97.4521,30.1534],[-97.4532,30.1516],[-97.4528,30.1496],[-97.4438,30.1426],[-97.4417,30.1422],[-97.4372,30.1437],[-97.432,30.1476],[-97.4285,30.1527],[-97.4225,30.1574],[-97.4163,30.1601],[-97.4106,30.1603],[-97.4044,30.1665],[-97.3971,30.1717],[-97.3966,30.177],[-97.4005,30.1793],[-97.402,30.1835],[-97.4017,30.1853],[-97.3989,30.187],[-97.3932,30.1872],[-97.3866,30.1822],[-97.3814,30.1834],[-97.3778,30.182],[-97.3851,30.166],[-97.3844,30.164],[-97.3795,30.1617],[-97.3642,30.1619],[-97.3546,30.1647],[-97.3485,30.1678],[-97.3456,30.1556],[-97.3499,30.1481],[-97.3522,30.1472],[-97.3589,30.1476],[-97.3649,30.1507],[-97.3673,30.1536],[-97.3703,30.1542],[-97.3733,30.1526],[-97.374,30.1492],[-97.373,30.1458],[-97.3671,30.1433],[-97.3646,30.1409],[-97.3613,30.1341],[-97.3613,30.1293],[-97.3577,30.125],[-97.3535,30.1217],[-97.3506,30.1209],[-97.3414,30.1226],[-97.3372,30.1222],[-97.3318,30.1182],[-97.329,30.1128],[-97.3228,30.11],[-97.3197,30.1038],[-97.3224,30.0981],[-97.3236,30.0976],[-97.3328,30.0953],[-97.335,30.0941],[-97.3384,30.0939],[-97.3379,30.0937],[-97.343,30.095],[-97.3479,30.0923],[-97.3499,30.0894],[-97.3498,30.0827],[-97.3488,30.0789],[-97.3464,30.0763],[-97.3418,30.0757],[-97.3364,30.077],[-97.3295,30.0806],[-97.3221,30.081],[-97.3172,30.0796],[-97.3125,30.0745],[-97.3118,30.0761],[-97.3075,30.0736],[-97.2995,30.0707],[-97.2965,30.0683],[-97.2903,30.0671],[-97.2882,30.0676],[-97.2835,30.0725],[-97.285,30.0767],[-97.2826,30.0799],[-97.282,30.0824],[-97.2844,30.0883],[-97.2875,30.0875],[-97.2907,30.0879],[-97.29,30.0914],[-97.2874,30.0922],[-97.2878,30.0938],[-97.2899,30.0939],[-97.2932,30.0959],[-97.291,30.0976],[-97.2897,30.1001],[-97.292,30.1011],[-97.2909,30.1041],[-97.2776,30.1003],[-97.2712,30.0975],[-97.2651,30.0929],[-97.2528,30.0891],[-97.2437,30.0832],[-97.2386,30.0753],[-97.2365,30.0734],[-97.2183,30.0674],[-97.2011,30.0534],[-97.1771,30.0443],[-97.1675,30.0367],[-97.1648,30.0328],[-97.1606,30.0171],[-97.162,30.0155],[-97.1625,30.0118],[-97.1668,30.0049],[-97.1676,29.9958],[-97.1676,29.9749],[-97.1872,29.9313],[-97.1943,29.9212],[-97.1942,29.8968],[-97.3179,29.7847],[-97.1305,29.6433],[-97.1433,29.6281],[-96.865,29.6327],[-96.8659,29.6304],[-96.8629,29.6297],[-96.8631,29.6283],[-96.8591,29.6267],[-96.8591,29.6244],[-96.8475,29.6207],[-96.8487,29.6182],[-96.8462,29.6166],[-96.8445,29.6169],[-96.8429,29.6161],[-96.8423,29.6128],[-96.8442,29.6089],[-96.8413,29.6076],[-96.8404,29.6052],[-96.8379,29.6038],[-96.8371,29.5988],[-96.8333,29.5958],[-96.8357,29.5929],[-96.8365,29.5882],[-96.8393,29.5852],[-96.8386,29.5827],[-96.8348,29.5799],[-96.8328,29.5769],[-96.7931,29.5774],[-96.6876,29.4665],[-96.5606,29.3354],[-96.6585,29.2639],[-96.6403,29.2478],[-96.6253,29.256],[-96.6043,29.2658],[-96.3838,29.3889],[-96.3532,29.4047],[-96.3492,29.4061],[-96.3077,29.5145],[-96.176,29.6335],[-96.1735,29.6327],[-96.1704,29.6293],[-96.1654,29.6265],[-96.1583,29.6295],[-96.1554,29.6293],[-96.1484,29.6254],[-96.1418,29.6196],[-96.1359,29.6199],[-96.1313,29.6227],[-96.1292,29.6228],[-96.1259,29.6194],[-96.1216,29.6183],[-96.1191,29.6192],[-96.1162,29.6233],[-96.1136,29.6238],[-96.1103,29.6229],[-96.1082,29.6214],[-96.1064,29.6185],[-96.1027,29.6158],[-96.0984,29.6132],[-96.0948,29.6124],[-96.0934,29.609],[-96.0936,29.604],[-96.0889,29.6017],[-96.0248,29.6029],[-96.0248,29.6179],[-96.0235,29.6203],[-96.0242,29.622],[-96.0227,29.6244],[-96.0189,29.6246],[-96.0184,29.626],[-96.0164,29.6271],[-96.0193,29.6363],[-96.0188,29.6374],[-96.0151,29.6393],[-96.0148,29.6417],[-96.0175,29.6455],[-96.0234,29.6488],[-96.0294,29.6543],[-96.0319,29.6556],[-96.0332,29.6582],[-96.0324,29.6597],[-96.0305,29.6604],[-96.0239,29.6583],[-96.02,29.6592],[-96.0182,29.6603],[-96.016,29.6637],[-96.0168,29.6675],[-96.0184,29.6697],[-96.0208,29.6712],[-96.0237,29.6717],[-96.0275,29.6745],[-96.0309,29.6752],[-96.0362,29.6726],[-96.0438,29.6658],[-96.0461,29.6655],[-96.0503,29.6678],[-96.054,29.6719],[-96.0575,29.6727],[-96.0601,29.6763],[-96.0594,29.6797],[-96.0566,29.6824],[-96.0478,29.6846],[-96.0411,29.6874],[-96.0359,29.6884],[-96.031,29.6884],[-96.0272,29.687],[-96.024,29.6844],[-96.0227,29.6802],[-96.0214,29.6789],[-96.0181,29.6792],[-96.0156,29.6814],[-96.0141,29.6887],[-96.0145,29.6936],[-96.0182,29.6989],[-96.0224,29.7021],[-96.0228,29.7045],[-96.0216,29.7056],[-96.0117,29.7026],[-96.0076,29.7029],[-96.006,29.7039],[-96.0045,29.7082],[-96.0071,29.7167],[-96.0097,29.7192],[-96.0128,29.7199],[-96.026,29.717],[-96.0321,29.7173],[-96.0334,29.7196],[-96.0327,29.7279],[-95.9709,29.7286],[-95.9713,29.7405],[-95.9509,29.7408],[-95.8262,29.7883],[-95.8302,29.8004]]]},"properties":{"STATEFP":"48","CD118FP":"10","GEOID":"4810","GEOIDFQ":"5001800US4810","NAMELSAD":"Congressional District 10","LSAD":"C2","CDSESSN":"118","MTFCC":"G5200","FUNCSTAT":"N","ALAND":19859372868,"AWATER":341548800,"INTPTLAT":"+30.2092119","INTPTLON":"-096.5640501"}},
{"type":"Feature","geometry":{"type":"Polygon","coordinates":[[[-96.7861,32.8221],[-96.793,32.8087],[-96.7933,32.8034],[-96.7906,32.8017],[-96.7881,32.8036],[-96.7758,32.793],[-96.7683,32.7992],[-96.7588,32.791],[-96.7573,32.791],[-96.7581,32.7904],[-96.7545,32.7873],[-96.7587,32.7841],[-96.7594,32.7821],[-96.7312,32.7776],[-96.721,32.7786],[-96.7214,32.7791],[-96.7165,32.7829],[-96.7124,32.7796],[-96.7051,32.7781],[-96.7001,32.778],[-96.7006,32.7635],[-96.68,32.7634],[-96.68,32.7602],[-96.6829,32.7602],[-96.6828,32.7344],[-96.6588,32.7342],[-96.6596,32.7312],[-96.6569,32.7311],[-96.657,32.7196],[-96.6485,32.7196],[-96.6487,32.7],[-96.6305,32.6904],[-96.6229,32.6904],[-96.6224,32.6953],[-96.6176,32.6952],[-96.6175,32.6963],[-96.6143,32.6963],[-96.6142,32.7013],[-96.5854,32.7036],[-96.5753,32.7033],[-96.5849,32.7118],[-96.5838,32.7127],[-96.5827,32.7117],[-96.5799,32.714],[-96.5807,32.7146],[-96.5783,32.7165],[-96.5798,32.7178],[-96.5592,32.7349],[-96.5644,32.7394],[-96.5661,32.7376],[-96.5712,32.7375],[-96.5817,32.7455],[-96.5835,32.7456],[-96.5835,32.7448],[-96.5973,32.7452],[-96.5988,32.7439],[-96.602,32.7467],[-96.6045,32.7461],[-96.6064,32.7468],[-96.608,32.746],[-96.612,32.746],[-96.6116,32.7431],[-96.6122,32.7425],[-96.613,32.7465],[-96.6174,32.7559],[-96.6052,32.7559],[-96.6052,32.7614],[-96.6044,32.7626],[-96.6024,32.7627],[-96.6024,32.7653],[-96.6044,32.7653],[-96.6043,32.7667],[-96.6006,32.7664],[-96.5996,32.7641],[-96.5972,32.7641],[-96.5972,32.7673],[-96.6127,32.7689],[-96.6287,32.7737],[-96.6299,32.7681],[-96.6467,32.7683],[-96.6459,32.781],[-96.6554,32.7895],[-96.6558,32.7932],[-96.6742,32.799],[-96.6746,32.8001],[-96.6682,32.8037],[-96.6683,32.807],[-96.6654,32.8071],[-96.6653,32.8155],[-96.6623,32.8155],[-96.6617,32.8214],[-96.6581,32.8215],[-96.6582,32.8309],[-96.6605,32.8308],[-96.6605,32.8348],[-96.659,32.8344],[-96.6553,32.8376],[-96.6526,32.8353],[-96.6484,32.8388],[-96.6472,32.8377],[-96.6423,32.8396],[-96.6397,32.8397],[-96.6349,32.8438],[-96.6461,32.8541],[-96.6681,32.8681],[-96.6655,32.8716],[-96.6649,32.9291],[-96.6655,32.9515],[-96.6536,32.9514],[-96.6562,32.9539],[-96.6426,32.9653],[-96.6411,32.9694],[-96.6409,32.9847],[-96.6134,32.9843],[-96.6131,33.0035],[-96.6148,33.0035],[-96.6147,33.0049],[-96.613,33.0049],[-96.613,33.0098],[-96.6248,33.0096],[-96.6246,33.0115],[-96.6319,33.0106],[-96.6353,33.0127],[-96.6368,33.0121],[-96.6367,33.0133],[-96.6399,33.0134],[-96.6415,33.0126],[-96.6419,33.0134],[-96.6429,33.0127],[-96.6446,33.0139],[-96.6434,33.0142],[-96.6441,33.0158],[-96.6452,33.0152],[-96.6461,33.0159],[-96.6458,33.0173],[-96.6477,33.0183],[-96.6488,33.0211],[-96.6557,33.0244],[-96.6567,33.0263],[-96.6576,33.026],[-96.6597,33.028],[-96.6602,33.0311],[-96.682,33.0312],[-96.6825,33.0437],[-96.6847,33.0435],[-96.6891,33.0408],[-96.6987,33.0373],[-96.7043,33.0376],[-96.7093,33.0273],[-96.7092,33.0197],[-96.7244,33.0187],[-96.7251,33.0144],[-96.7239,33.0144],[-96.7235,33.0133],[-96.7217,33.0124],[-96.7193,33.009],[-96.7159,33.0104],[-96.7159,33.0047],[-96.7171,33.0054],[-96.7195,33.0051],[-96.7202,33.0041],[-96.7468,33.0037],[-96.7569,33.0004],[-96.7565,32.9975],[-96.7551,32.9969],[-96.7564,32.9952],[-96.7565,32.9863],[-96.8441,32.9874],[-96.8438,33.0113],[-96.866,33.0118],[-96.8662,33.0023],[-96.8672,33.0015],[-96.8715,33.0021],[-96.8728,32.9971],[-96.879,32.9991],[-96.8793,32.9984],[-96.8782,32.9978],[-96.8809,32.9967],[-96.8825,32.9942],[-96.8884,32.9955],[-96.8869,32.9976],[-96.8868,33.0003],[-96.8938,32.999],[-96.8918,33.0025],[-96.8917,33.0057],[-96.8932,33.0057],[-96.8933,33.0044],[-96.8984,33.0044],[-96.8985,32.9989],[-96.9099,32.9989],[-96.91,32.9883],[-96.9399,32.9888],[-96.9339,32.9853],[-96.9236,32.9749],[-96.9216,32.9758],[-96.8899,32.9756],[-96.89,32.9735],[-96.8872,32.9721],[-96.8787,32.9785],[-96.8761,32.9851],[-96.8646,32.9852],[-96.8643,32.9703],[-96.8555,32.9703],[-96.8537,32.969],[-96.8538,32.9605],[-96.8564,32.9604],[-96.856,32.9579],[-96.8499,32.9568],[-96.8377,32.9564],[-96.8305,32.9579],[-96.8298,32.9578],[-96.8299,32.954],[-96.8081,32.9539],[-96.8078,32.9503],[-96.8106,32.9457],[-96.8139,32.946],[-96.815,32.9454],[-96.8178,32.9501],[-96.823,32.9502],[-96.8221,32.9395],[-96.8559,32.94],[-96.856,32.9242],[-96.847,32.9257],[-96.8387,32.9253],[-96.8328,32.9261],[-96.8036,32.9254],[-96.8036,32.9512],[-96.8046,32.9624],[-96.7948,32.9628],[-96.7865,32.9622],[-96.7863,32.9677],[-96.7841,32.9714],[-96.7841,32.975],[-96.7858,32.9793],[-96.7787,32.9783],[-96.7404,32.9783],[-96.7342,32.9757],[-96.7343,32.9663],[-96.7408,32.9674],[-96.7412,32.9682],[-96.7419,32.964],[-96.7419,32.9632],[-96.7367,32.9631],[-96.7347,32.9609],[-96.7278,32.9609],[-96.7347,32.9508],[-96.766,32.9513],[-96.775,32.9507],[-96.775,32.9498],[-96.7768,32.9498],[-96.7765,32.9468],[-96.7783,32.946],[-96.7781,32.9431],[-96.773,32.9431],[-96.773,32.9399],[-96.7742,32.9399],[-96.7735,32.937],[-96.769,32.9386],[-96.7693,32.924],[-96.7808,32.9241],[-96.7799,32.9225],[-96.7771,32.921],[-96.7771,32.9189],[-96.7757,32.917],[-96.776,32.9123],[-96.7737,32.9097],[-96.7865,32.9099],[-96.7866,32.9063],[-96.7884,32.9032],[-96.7883,32.8996],[-96.7748,32.9011],[-96.7744,32.8986],[-96.7797,32.8967],[-96.7795,32.8939],[-96.7826,32.8919],[-96.7817,32.8908],[-96.7786,32.8927],[-96.777,32.89],[-96.7699,32.8903],[-96.7703,32.8878],[-96.7637,32.8877],[-96.7584,32.8856],[-96.7581,32.8862],[-96.7655,32.8962],[-96.7661,32.8985],[-96.7616,32.8981],[-96.7535,32.8935],[-96.7513,32.8965],[-96.7509,32.9004],[-96.7495,32.9027],[-96.7461,32.9005],[-96.7384,32.9004],[-96.7379,32.906],[-96.7357,32.9081],[-96.7355,32.9115],[-96.7268,32.9058],[-96.7283,32.9037],[-96.7272,32.9003],[-96.7299,32.897],[-96.729,32.8953],[-96.7313,32.8932],[-96.7308,32.8912],[-96.7335,32.8859],[-96.7306,32.8861],[-96.7297,32.8888],[-96.7243,32.8922],[-96.7179,32.8925],[-96.7152,32.893],[-96.7152,32.8944],[-96.7117,32.8944],[-96.7088,32.8906],[-96.7037,32.887],[-96.7033,32.8858],[-96.7005,32.8845],[-96.7006,32.8812],[-96.7026,32.8811],[-96.7026,32.879],[-96.7006,32.879],[-96.7006,32.8642],[-96.7128,32.864],[-96.7287,32.857],[-96.7289,32.8597],[-96.7306,32.86],[-96.7298,32.8612],[-96.7314,32.8627],[-96.7326,32.8624],[-96.734,32.8632],[-96.7333,32.8684],[-96.7309,32.8739],[-96.7307,32.8787],[-96.7368,32.8787],[-96.7393,32.8803],[-96.7438,32.8807],[-96.7461,32.8827],[-96.749,32.8804],[-96.7509,32.8807],[-96.7544,32.8837],[-96.7593,32.8834],[-96.7601,32.8793],[-96.7634,32.8731],[-96.7649,32.8717],[-96.7707,32.8718],[-96.7705,32.8559],[-96.7738,32.8456],[-96.7715,32.8455],[-96.7711,32.8437],[-96.7748,32.8438],[-96.7788,32.837],[-96.7811,32.8366],[-96.7808,32.8318],[-96.7861,32.8221]]]},"properties":{"STATEFP":"48","CD118FP":"32","GEOID":"4832","GEOIDFQ":"5001800US4832","NAMELSAD":"Congressional District 32","LSAD":"C2","CDSESSN":"118","MTFCC":"G5200","FUNCSTAT":"N","ALAND":386222013,"AWATER":5373576,"INTPTLAT":"+32.8661912","INTPTLON":"-096.7497020"}},
{"type":"Feature","geometry":{"type":"Polygon","coordinates":[[[-99.7541,30.2907],[-99.3017,30.2867],[-99.304,30.4998],[-99.2367,30.4988],[-99.0003,30.4981],[-98.856,30.4993],[-98.7503,30.4988],[-98.6232,30.4993],[-98.4115,30.5021],[-98.351,30.4861],[-98.352,30.5584],[-98.3643,30.5716],[-98.3703,30.5744],[-98.3759,30.5739],[-98.3988,30.5637],[-98.4029,30.564],[-98.4054,30.5662],[-98.4111,30.5746],[-98.4137,30.5859],[-98.4118,30.5882],[-98.4007,30.5946],[-98.4002,30.5984],[-98.4106,30.6138],[-98.4176,30.6273],[-98.4184,30.633],[-98.417,30.6403],[-98.4181,30.6452],[-98.4289,30.6548],[-98.4282,30.6589],[-98.4289,30.6615],[-98.4333,30.6628],[-98.4388,30.6624],[-98.4418,30.6664],[-98.4405,30.6717],[-98.4376,30.6738],[-98.4296,30.6752],[-98.4207,30.6741],[-98.4143,30.6759],[-98.4073,30.6751],[-98.4033,30.6769],[-98.4022,30.6808],[-98.4055,30.6902],[-98.4081,30.6951],[-98.414,30.7018],[-98.4143,30.7037],[-98.4101,30.7085],[-98.4088,30.7112],[-98.4083,30.7157],[-98.4042,30.7211],[-98.4021,30.7218],[-98.3927,30.7212],[-98.3889,30.725],[-98.3853,30.7306],[-98.3741,30.7383],[-98.3714,30.7421],[-98.3741,30.7457],[-98.3778,30.7472],[-98.3848,30.7461],[-98.3929,30.7462],[-98.3963,30.7472],[-98.4002,30.7502],[-98.4069,30.7515],[-98.415,30.7519],[-98.424,30.7505],[-98.4266,30.7515],[-98.4301,30.7569],[-98.4302,30.761],[-98.4292,30.7638],[-98.4239,30.7711],[-98.4225,30.775],[-98.4235,30.7776],[-98.4319,30.7858],[-98.4325,30.7886],[-98.432,30.7904],[-98.4285,30.7939],[-98.425,30.7957],[-98.4156,30.7943],[-98.4126,30.795],[-98.4094,30.8],[-98.4082,30.809],[-98.4033,30.8179],[-98.4009,30.8189],[-98.391,30.8183],[-98.3876,30.8193],[-98.3801,30.826],[-98.3776,30.8295],[-98.3766,30.8338],[-98.3776,30.8357],[-98.3814,30.8382],[-98.3936,30.843],[-98.4014,30.844],[-98.405,30.8438],[-98.4069,30.8391],[-98.41,30.836],[-98.4157,30.8347],[-98.4216,30.835],[-98.4222,30.8392],[-98.4196,30.8509],[-98.4192,30.8571],[-98.4193,30.8591],[-98.4215,30.8632],[-98.4248,30.8661],[-98.4324,30.8697],[-98.4378,30.8706],[-98.4459,30.8703],[-98.4508,30.8714],[-98.4552,30.8752],[-98.4574,30.8789],[-98.4569,30.8821],[-98.4552,30.8848],[-98.4486,30.8908],[-98.4495,30.899],[-98.4492,30.907],[-98.4458,30.9214],[-98.4419,30.9259],[-98.4374,30.927],[-98.4292,30.9264],[-98.4223,30.9243],[-98.4196,30.9254],[-98.4171,30.9295],[-98.4147,30.9402],[-98.4149,30.9435],[-98.416,30.9449],[-98.423,30.9479],[-98.442,30.9496],[-98.4459,30.9507],[-98.4471,30.9518],[-98.4528,30.9644],[-98.4522,30.9702],[-98.4432,30.9797],[-98.4419,30.9843],[-98.4462,30.9929],[-98.4545,31.001],[-98.4585,31.0062],[-98.4592,31.0104],[-98.457,31.0132],[-98.4483,31.0167],[-98.4423,31.0205],[-98.4395,31.0251],[-98.4397,31.0296],[-98.1213,31.0324],[-97.9117,31.035],[-97.8866,31.0017],[-97.8749,30.9825],[-97.8544,30.952],[-97.8404,30.9293],[-97.8299,30.9095],[-97.8281,30.9044],[-97.7299,30.8876],[-97.7274,30.893],[-97.7187,30.903],[-97.7183,30.9091],[-97.7153,30.9116],[-97.7108,30.9133],[-97.7119,30.918],[-97.7138,30.9197],[-97.7142,30.9234],[-97.7174,30.9312],[-97.7164,30.933],[-97.7108,30.9349],[-97.7083,30.9396],[-97.7092,30.9446],[-97.7079,30.9471],[-97.7089,30.9501],[-97.7139,30.954],[-97.7092,30.9569],[-97.7042,30.9569],[-97.7015,30.9558],[-97.6988,30.9583],[-97.6985,30.9615],[-97.7012,30.9662],[-97.7001,30.9687],[-97.7006,30.9719],[-97.704,30.9779],[-97.7022,30.9786],[-97.6994,30.9775],[-97.6953,30.9776],[-97.6911,30.9719],[-97.6862,30.9676],[-97.6827,30.977],[-97.6818,30.9822],[-97.6836,30.9839],[-97.6865,30.985],[-97.687,30.987],[-97.6902,30.9901],[-97.6894,30.9933],[-97.6878,30.9938],[-97.6857,30.9928],[-97.6831,30.995],[-97.681,30.9952],[-97.6755,30.9923],[-97.675,30.991],[-97.6764,30.9892],[-97.6751,30.9881],[-97.67,30.9886],[-97.6662,30.9867],[-97.6621,30.9893],[-97.6623,30.9973],[-97.6592,30.9998],[-97.6551,30.9992],[-97.6515,30.9951],[-97.6478,30.9948],[-97.6462,30.9959],[-97.6454,31.0009],[-97.6492,31.0064],[-97.6503,31.0102],[-97.6554,31.0132],[-97.6559,31.0179],[-97.6535,31.0216],[-97.6534,31.0239],[-97.6477,31.0266],[-97.6487,31.0341],[-97.6437,31.0352],[-97.6432,31.0339],[-97.645,31.0333],[-97.6438,31.0303],[-97.6412,31.0299],[-97.6405,31.0311],[-97.6413,31.034],[-97.6406,31.0356],[-97.6359,31.0377],[-97.6311,31.0423],[-97.6329,31.0435],[-97.6348,31.047],[-97.6335,31.052],[-97.6457,31.0525],[-97.6492,31.0548],[-97.6591,31.0578],[-97.6696,31.0707],[-97.6845,31.0748],[-97.6854,31.0771],[-97.6841,31.0797],[-97.6823,31.0807],[-97.6782,31.0812],[-97.678,31.0802],[-97.676,31.0806],[-97.6765,31.0816],[-97.6751,31.0828],[-97.6733,31.0876],[-97.6743,31.0926],[-97.6702,31.1033],[-97.6665,31.1028],[-97.6652,31.1124],[-97.6638,31.1149],[-97.6576,31.1132],[-97.6539,31.1243],[-97.6636,31.127],[-97.6718,31.1333],[-97.6979,31.141],[-97.6989,31.1385],[-97.703,31.1395],[-97.7069,31.1278],[-97.7355,31.1358],[-97.7376,31.1292],[-97.7397,31.1297],[-97.7461,31.1133],[-97.749,31.114],[-97.7504,31.1102],[-97.7604,31.1131],[-97.7671,31.1188],[-97.776,31.1221],[-97.8044,31.1221],[-97.9071,31.0694],[-98.0681,31.3018],[-98.18,31.4637],[-98.2711,31.4164],[-98.3452,31.5191],[-98.4167,31.6201],[-98.4637,31.684],[-98.4928,31.7236],[-98.5003,31.7232],[-98.5958,31.7109],[-98.6684,31.7005],[-98.7861,31.8751],[-98.9244,32.078],[-98.9967,32.0793],[-99.0004,32.0787],[-99.1201,32.0796],[-99.2106,32.0791],[-99.2468,32.0794],[-99.2503,32.0801],[-99.5003,32.0799],[-99.6314,32.0813],[-99.7142,32.0821],[-99.8074,32.0812],[-100.1253,32.0827],[-100.3251,32.0814],[-100.5004,32.0831],[-100.6254,32.0854],[-100.7231,32.0854],[-100.8099,32.0867],[-101.0788,32.0867],[-101.2627,32.0871],[-101.5766,32.0871],[-101.9859,32.0868],[-102.3438,32.0872],[-102.7182,32.0869],[-102.7991,32.0858],[-102.7976,31.7727],[-102.7989,31.6518],[-102.5977,31.6511],[-102.4302,31.6512],[-102.0614,31.6516],[-101.7378,31.6512],[-101.2671,31.6509],[-101.2688,31.4483],[-101.2719,31.2938],[-101.2748,31.0794],[-101.0004,31.0819],[-100.688,31.0866],[-100.6771,31.0861],[-100.2484,31.0887],[-100.1152,31.088],[-100.1167,30.8099],[-100.1162,30.6252],[-100.1165,30.2903],[-99.9584,30.29],[-99.7541,30.2907]]]},"properties":{"STATEFP":"48","CD118FP":"11","GEOID":"4811","GEOIDFQ":"5001800US4811","NAMELSAD":"Congressional District 11","LSAD":"C2","CDSESSN":"118","MTFCC":"G5200","FUNCSTAT":"N","ALAND":49742609073,"AWATER":359708529,"INTPTLAT":"+31.3938385","INTPTLON":"-099.9805848"}},
{"type":"Feature","geometry":{"type":"Polygon","coordinates":[[[-97.1775,32.794],[-97.1778,32.7842],[-97.1792,32.7797],[-97.1889,32.7805],[-97.1932,32.7816],[-97.1988,32.7812],[-97.2014,32.78],[-97.2078,32.7799],[-97.2109,32.7784],[-97.2265,32.7766],[-97.2327,32.7748],[-97.2412,32.7701],[-97.2527,32.7711],[-97.2547,32.7705],[-97.2597,32.7667],[-97.2836,32.7654],[-97.2797,32.7693],[-97.2795,32.7752],[-97.2767,32.7766],[-97.2734,32.7766],[-97.2732,32.7796],[-97.2782,32.7796],[-97.2821,32.7778],[-97.2789,32.7796],[-97.2875,32.7796],[-97.2874,32.7818],[-97.2895,32.7818],[-97.2906,32.781],[-97.2906,32.788],[-97.2935,32.788],[-97.2936,32.7932],[-97.2936,32.7951],[-97.2906,32.7951],[-97.2905,32.8098],[-97.3031,32.8098],[-97.3083,32.8106],[-97.3081,32.8158],[-97.3128,32.8163],[-97.3124,32.8243],[-97.3315,32.8249],[-97.3473,32.8424],[-97.373,32.8326],[-97.4013,32.819],[-97.3991,32.8196],[-97.3988,32.8191],[-97.3999,32.817],[-97.4022,32.8157],[-97.4014,32.8144],[-97.4022,32.814],[-97.4013,32.8135],[-97.4021,32.8108],[-97.3884,32.8064],[-97.3917,32.8036],[-97.3902,32.8023],[-97.3915,32.8011],[-97.3903,32.7999],[-97.3904,32.7929],[-97.3911,32.7919],[-97.382,32.7844],[-97.3718,32.7809],[-97.3724,32.7746],[-97.3692,32.7717],[-97.369,32.7672],[-97.3676,32.7657],[-97.3593,32.764],[-97.3459,32.7661],[-97.345,32.7658],[-97.347,32.7618],[-97.3424,32.7581],[-97.339,32.7597],[-97.3359,32.7587],[-97.3329,32.7597],[-97.331,32.7617],[-97.3317,32.7664],[-97.3339,32.7701],[-97.3387,32.7728],[-97.3405,32.7753],[-97.339,32.7816],[-97.338,32.7833],[-97.336,32.784],[-97.325,32.782],[-97.323,32.7774],[-97.3181,32.7752],[-97.314,32.7711],[-97.3128,32.7677],[-97.3089,32.7697],[-97.3089,32.7671],[-97.307,32.7671],[-97.307,32.7661],[-97.3089,32.7661],[-97.309,32.7633],[-97.3099,32.7633],[-97.3097,32.7613],[-97.309,32.7612],[-97.309,32.7567],[-97.3075,32.7547],[-97.3037,32.7538],[-97.3031,32.7438],[-97.3081,32.7427],[-97.3193,32.7425],[-97.3203,32.7354],[-97.3243,32.7355],[-97.3242,32.733],[-97.3316,32.7331],[-97.3316,32.7131],[-97.3367,32.7131],[-97.3368,32.7114],[-97.3438,32.7114],[-97.346,32.7078],[-97.3734,32.6819],[-97.3702,32.6794],[-97.3628,32.6797],[-97.3633,32.6742],[-97.3612,32.6725],[-97.3565,32.6727],[-97.3567,32.6686],[-97.3526,32.6673],[-97.3361,32.664],[-97.3208,32.6668],[-97.3215,32.6277],[-97.3211,32.6117],[-97.3199,32.6057],[-97.3174,32.6057],[-97.317,32.6046],[-97.3145,32.6042],[-97.3133,32.6048],[-97.3129,32.6037],[-97.3118,32.6036],[-97.3118,32.6043],[-97.3088,32.6027],[-97.3087,32.6041],[-97.2942,32.6041],[-97.2946,32.6061],[-97.2912,32.6067],[-97.2916,32.6074],[-97.2891,32.6084],[-97.2884,32.6099],[-97.2865,32.6098],[-97.2858,32.6083],[-97.2858,32.6102],[-97.2871,32.6105],[-97.2871,32.6132],[-97.289,32.6121],[-97.2896,32.6126],[-97.2895,32.6134],[-97.2871,32.6136],[-97.2871,32.6165],[-97.2699,32.6165],[-97.2693,32.6256],[-97.2689,32.6237],[-97.2647,32.6237],[-97.2647,32.6249],[-97.2632,32.6249],[-97.2628,32.6279],[-97.2615,32.6279],[-97.2614,32.6292],[-97.2661,32.6291],[-97.2655,32.631],[-97.2538,32.631],[-97.2529,32.6303],[-97.2526,32.6565],[-97.2428,32.6565],[-97.2441,32.6588],[-97.2447,32.6627],[-97.2414,32.6653],[-97.2399,32.6896],[-97.2374,32.6965],[-97.2367,32.6976],[-97.2276,32.6977],[-97.2253,32.6969],[-97.2255,32.6961],[-97.222,32.6988],[-97.2205,32.6973],[-97.2186,32.6974],[-97.2167,32.7003],[-97.2185,32.7034],[-97.2156,32.7067],[-97.2188,32.7069],[-97.2194,32.7059],[-97.2204,32.7066],[-97.2227,32.7052],[-97.2241,32.707],[-97.2228,32.7068],[-97.2166,32.7097],[-97.2143,32.7133],[-97.2156,32.7127],[-97.2169,32.7138],[-97.2175,32.7128],[-97.2168,32.7121],[-97.2185,32.7092],[-97.2207,32.7085],[-97.2226,32.7089],[-97.224,32.7099],[-97.2224,32.709],[-97.2206,32.7097],[-97.219,32.7113],[-97.2199,32.7134],[-97.2187,32.7146],[-97.219,32.7159],[-97.2179,32.7154],[-97.2172,32.717],[-97.2169,32.7153],[-97.2153,32.7155],[-97.2123,32.7198],[-97.2132,32.7206],[-97.215,32.7203],[-97.2137,32.7213],[-97.215,32.7217],[-97.2149,32.7226],[-97.2192,32.7266],[-97.2135,32.7245],[-97.2139,32.7276],[-97.2119,32.727],[-97.2116,32.725],[-97.2124,32.7233],[-97.2102,32.7217],[-97.2083,32.7238],[-97.2092,32.726],[-97.2076,32.725],[-97.2072,32.7277],[-97.1957,32.7284],[-97.1794,32.7309],[-97.1791,32.7358],[-97.1758,32.739],[-97.1705,32.743],[-97.1637,32.7456],[-97.1631,32.7561],[-97.1611,32.7568],[-97.1611,32.7576],[-97.1525,32.7576],[-97.1497,32.7592],[-97.1491,32.7678],[-97.1502,32.768],[-97.1507,32.7694],[-97.1515,32.7671],[-97.1528,32.7683],[-97.1506,32.7709],[-97.1489,32.7713],[-97.1486,32.7721],[-97.1395,32.773],[-97.1394,32.7793],[-97.1353,32.7787],[-97.1255,32.7793],[-97.1207,32.7822],[-97.1158,32.7826],[-97.1116,32.785],[-97.1124,32.7882],[-97.1104,32.7909],[-97.1082,32.7884],[-97.1049,32.7898],[-97.1014,32.7892],[-97.0998,32.7871],[-97.0968,32.786],[-97.0886,32.7879],[-97.0888,32.7844],[-97.0867,32.7829],[-97.0842,32.7832],[-97.0831,32.7816],[-97.0818,32.7827],[-97.0814,32.7849],[-97.078,32.7832],[-97.0735,32.7853],[-97.0735,32.7907],[-97.07,32.7914],[-97.0694,32.7948],[-97.0669,32.7939],[-97.0663,32.7964],[-97.0641,32.7963],[-97.0635,32.7978],[-97.0654,32.7999],[-97.0633,32.8004],[-97.0627,32.8021],[-97.0626,32.779],[-97.05,32.7789],[-97.0466,32.7799],[-97.0349,32.7799],[-97.0342,32.8167],[-97.008,32.8161],[-97.0082,32.8173],[-97.0038,32.8173],[-97.0044,32.8275],[-96.9999,32.8275],[-96.9999,32.8282],[-97.0015,32.8282],[-97.0014,32.8296],[-97.0096,32.8331],[-97.0096,32.8371],[-97.0034,32.8371],[-97.0065,32.8374],[-97.0065,32.8398],[-97.0053,32.8426],[-97.0013,32.8454],[-97.0004,32.8517],[-97.0016,32.8569],[-96.9911,32.8571],[-96.9881,32.8558],[-96.9813,32.8562],[-96.9793,32.8551],[-96.9752,32.8555],[-96.9753,32.8588],[-96.9773,32.863],[-96.9773,32.8663],[-96.9738,32.8672],[-96.9716,32.8689],[-96.9709,32.8745],[-96.9684,32.8749],[-96.9681,32.8781],[-96.9632,32.8772],[-96.9642,32.8851],[-96.958,32.885],[-96.9559,32.8868],[-96.9626,32.8905],[-96.9589,32.896],[-96.9115,32.8957],[-96.9107,32.8963],[-96.909,32.9079],[-96.8981,32.9082],[-96.8981,32.8752],[-96.8983,32.8739],[-96.9001,32.8739],[-96.9006,32.8666],[-96.8997,32.8666],[-96.9005,32.8648],[-96.8906,32.8614],[-96.8809,32.8615],[-96.8811,32.8638],[-96.8792,32.8651],[-96.8777,32.8583],[-96.8809,32.858],[-96.8822,32.8571],[-96.8932,32.8478],[-96.8916,32.8472],[-96.8896,32.8482],[-96.8888,32.8475],[-96.8899,32.8451],[-96.8897,32.8317],[-96.8922,32.8285],[-96.897,32.8251],[-96.9057,32.8162],[-96.9061,32.8089],[-96.9041,32.8049],[-96.909,32.8013],[-96.917,32.8012],[-96.9169,32.8143],[-96.9216,32.8144],[-96.922,32.8175],[-96.9257,32.8176],[-96.9259,32.823],[-96.9325,32.8231],[-96.9336,32.8296],[-96.9303,32.8296],[-96.9303,32.8366],[-96.9472,32.837],[-96.948,32.8294],[-96.9512,32.8295],[-96.9512,32.8245],[-96.9496,32.8218],[-96.9499,32.8149],[-96.9635,32.8153],[-96.9633,32.8087],[-96.9403,32.8086],[-96.9403,32.8049],[-96.937,32.8049],[-96.937,32.8031],[-96.9346,32.8031],[-96.9346,32.801],[-96.9218,32.8012],[-96.9207,32.7939],[-96.9286,32.7938],[-96.9301,32.7922],[-96.9301,32.7939],[-96.9346,32.7939],[-96.9341,32.7865],[-96.9278,32.783],[-96.9198,32.7865],[-96.9191,32.7867],[-96.9189,32.7857],[-96.9261,32.7821],[-96.9412,32.7779],[-96.9435,32.7766],[-96.9465,32.7769],[-96.9481,32.7754],[-96.9521,32.7745],[-96.9531,32.7746],[-96.9536,32.7763],[-96.9506,32.7788],[-96.9515,32.7792],[-96.9546,32.7785],[-96.9568,32.7749],[-96.9563,32.773],[-96.9579,32.7719],[-96.96,32.7734],[-96.9599,32.7831],[-96.977,32.7831],[-96.9775,32.7778],[-96.9945,32.7778],[-96.9949,32.755],[-96.9981,32.7559],[-96.9981,32.7423],[-96.9927,32.7423],[-96.9924,32.7406],[-96.9903,32.7385],[-96.9913,32.7356],[-96.9944,32.7354],[-96.993,32.7349],[-96.993,32.7323],[-96.9941,32.7323],[-96.9941,32.7316],[-96.9971,32.7322],[-96.9993,32.7354],[-97.0001,32.7358],[-96.999,32.7346],[-96.999,32.7322],[-97.0059,32.7319],[-97.006,32.7298],[-97.0072,32.7286],[-97.0192,32.7288],[-97.0201,32.7299],[-97.02,32.7411],[-97.0355,32.7395],[-97.046,32.7396],[-97.046,32.7378],[-97.0626,32.7357],[-97.0627,32.7208],[-97.0717,32.7209],[-97.0718,32.7157],[-97.0803,32.7163],[-97.0805,32.7061],[-97.0777,32.7061],[-97.0777,32.7047],[-97.072,32.7047],[-97.072,32.7038],[-97.0721,32.6952],[-97.0761,32.6953],[-97.0763,32.6973],[-97.0806,32.6971],[-97.0805,32.6915],[-97.0624,32.6917],[-97.0626,32.7061],[-97.0441,32.706],[-97.044,32.6935],[-97.0401,32.6925],[-97.0375,32.694],[-97.0368,32.693],[-97.036,32.7111],[-97.0218,32.7097],[-97.0074,32.7096],[-97.0071,32.7229],[-97.0054,32.7234],[-97.0054,32.7243],[-97.0014,32.7243],[-97.0004,32.7225],[-96.9959,32.7221],[-96.9959,32.7205],[-96.9941,32.7205],[-96.9941,32.7173],[-96.9959,32.7166],[-96.9987,32.7173],[-96.9987,32.7156],[-96.9941,32.7156],[-96.9942,32.7095],[-96.9923,32.7091],[-96.9871,32.7059],[-96.9857,32.7057],[-96.9856,32.7079],[-96.9845,32.7079],[-96.9844,32.7063],[-96.9783,32.7057],[-96.9771,32.703],[-96.9747,32.7015],[-96.9781,32.7012],[-96.9772,32.6998],[-96.9748,32.6987],[-96.9784,32.6939],[-96.9715,32.6985],[-96.9697,32.6944],[-96.9639,32.6983],[-96.9631,32.6978],[-96.9598,32.701],[-96.957,32.706],[-96.9554,32.7067],[-96.9538,32.7107],[-96.9543,32.7149],[-96.9522,32.7159],[-96.9516,32.7171],[-96.941,32.7219],[-96.9399,32.7219],[-96.9387,32.7206],[-96.916,32.7205],[-96.9111,32.7139],[-96.8943,32.6953],[-96.8915,32.6955],[-96.8913,32.7002],[-96.8828,32.7002],[-96.8828,32.7058],[-96.8751,32.7057],[-96.873,32.7039],[-96.873,32.7026],[-96.8702,32.7028],[-96.8702,32.7049],[-96.8402,32.7059],[-96.8401,32.6984],[-96.8314,32.7051],[-96.8298,32.708],[-96.8281,32.7055],[-96.823,32.706],[-96.823,32.7075],[-96.8146,32.7075],[-96.8146,32.7114],[-96.8133,32.7114],[-96.8133,32.7132],[-96.811,32.7132],[-96.8109,32.7149],[-96.8146,32.715],[-96.8145,32.7191],[-96.8133,32.7191],[-96.8132,32.7202],[-96.8145,32.7202],[-96.8145,32.7214],[-96.8246,32.7214],[-96.8246,32.7223],[-96.8264,32.7224],[-96.8261,32.7233],[-96.829,32.7233],[-96.8284,32.7205],[-96.8367,32.7203],[-96.8368,32.7312],[-96.8375,32.7327],[-96.8347,32.7321],[-96.8343,32.734],[-96.8322,32.7343],[-96.8287,32.7332],[-96.8229,32.7329],[-96.8136,32.7401],[-96.8155,32.7419],[-96.8156,32.7442],[-96.8114,32.7468],[-96.8102,32.7486],[-96.8103,32.7588],[-96.8194,32.7585],[-96.8253,32.7592],[-96.8269,32.7577],[-96.8314,32.7577],[-96.8316,32.7522],[-96.8403,32.7524],[-96.8411,32.7513],[-96.8464,32.7547],[-96.8482,32.7548],[-96.8482,32.7518],[-96.8524,32.7516],[-96.8527,32.7496],[-96.8567,32.7496],[-96.8568,32.7557],[-96.8585,32.7541],[-96.86,32.7554],[-96.8625,32.7555],[-96.8642,32.7584],[-96.861,32.7598],[-96.8621,32.7623],[-96.8575,32.7631],[-96.8595,32.7641],[-96.8503,32.7646],[-96.8451,32.7641],[-96.837,32.7673],[-96.8231,32.7692],[-96.8228,32.7749],[-96.826,32.7792],[-96.8251,32.7796],[-96.8263,32.7813],[-96.8294,32.7837],[-96.8505,32.7936],[-96.8558,32.7943],[-96.8566,32.7752],[-96.8575,32.7754],[-96.8575,32.7787],[-96.8738,32.7788],[-96.8738,32.7863],[-96.8725,32.786],[-96.8711,32.7867],[-96.8725,32.7885],[-96.8704,32.7891],[-96.8704,32.7912],[-96.8693,32.791],[-96.8671,32.7881],[-96.8666,32.7919],[-96.8667,32.7926],[-96.8738,32.7927],[-96.8733,32.815],[-96.8703,32.8182],[-96.8644,32.822],[-96.8509,32.8227],[-96.8416,32.8302],[-96.8505,32.8378],[-96.8691,32.8458],[-96.866,32.8486],[-96.8642,32.852],[-96.8611,32.8538],[-96.8602,32.853],[-96.8598,32.8535],[-96.8587,32.855],[-96.8598,32.8555],[-96.8576,32.8582],[-96.8557,32.859],[-96.8564,32.8596],[-96.8541,32.8601],[-96.8548,32.8611],[-96.8468,32.8634],[-96.8467,32.8662],[-96.8489,32.8662],[-96.8488,32.8706],[-96.8463,32.8753],[-96.8463,32.8803],[-96.8563,32.8804],[-96.856,32.9181],[-96.8818,32.9112],[-96.8819,32.9137],[-96.882,32.913],[-96.8849,32.913],[-96.8843,32.914],[-96.8914,32.9146],[-96.8915,32.9178],[-96.8952,32.9184],[-96.8943,32.9199],[-96.8919,32.9201],[-96.8894,32.9239],[-96.8909,32.9239],[-96.8906,32.9298],[-96.8882,32.9336],[-96.8904,32.9355],[-96.8906,32.9384],[-96.8732,32.9389],[-96.8731,32.9437],[-96.871,32.9485],[-96.8707,32.9534],[-96.8864,32.9536],[-96.8863,32.9609],[-96.8902,32.9609],[-96.8902,32.9639],[-96.9048,32.9576],[-96.9108,32.9538],[-96.9043,32.9441],[-96.9028,32.9394],[-96.9013,32.9262],[-96.904,32.9261],[-96.903,32.924],[-96.9042,32.9239],[-96.9043,32.9221],[-96.9125,32.9224],[-96.9187,32.9208],[-96.9238,32.9182],[-96.9317,32.9181],[-96.9383,32.9135],[-96.9377,32.9161],[-96.9387,32.9185],[-96.9384,32.9226],[-96.9359,32.9249],[-96.9375,32.9277],[-96.9348,32.9274],[-96.933,32.9288],[-96.9337,32.9297],[-96.9363,32.93],[-96.9403,32.9322],[-96.9388,32.9352],[-96.9353,32.9348],[-96.9352,32.937],[-96.9362,32.9367],[-96.9376,32.9381],[-96.9383,32.9372],[-96.9413,32.9386],[-96.9429,32.9467],[-96.9449,32.9479],[-96.9493,32.9481],[-96.9556,32.9505],[-96.9597,32.9504],[-96.9618,32.9491],[-96.9692,32.9547],[-96.9753,32.9551],[-96.9826,32.9525],[-96.9872,32.948],[-96.9917,32.9477],[-96.9917,32.9444],[-96.9934,32.9443],[-96.9935,32.9312],[-96.9914,32.9312],[-96.9914,32.9257],[-96.9937,32.9257],[-96.9938,32.9232],[-96.9587,32.9157],[-96.9588,32.907],[-96.9624,32.9075],[-96.9649,32.9043],[-96.9714,32.9008],[-96.974,32.9017],[-96.9794,32.9016],[-96.9817,32.9035],[-96.9819,32.9084],[-96.9837,32.9112],[-96.9851,32.9115],[-96.9888,32.9105],[-96.9968,32.9121],[-96.9989,32.9142],[-96.9989,32.9187],[-96.9997,32.92],[-97.0079,32.9208],[-97.008,32.9079],[-96.9913,32.9018],[-96.9911,32.8927],[-96.9736,32.8778],[-96.9807,32.8719],[-96.9851,32.8756],[-96.9851,32.8748],[-96.9874,32.8748],[-96.9872,32.8768],[-96.993,32.8823],[-96.9948,32.8824],[-96.9949,32.8842],[-96.9982,32.8874],[-96.9989,32.8869],[-97.0038,32.881],[-97.0045,32.8741],[-97.0057,32.8719],[-97.0083,32.8702],[-97.014,32.8686],[-97.0203,32.8609],[-97.0218,32.8497],[-97.0221,32.8369],[-97.0321,32.8368],[-97.0373,32.8359],[-97.0405,32.8369],[-97.044,32.8356],[-97.0526,32.8377],[-97.0613,32.8375],[-97.0613,32.8224],[-97.0678,32.8231],[-97.0706,32.8222],[-97.0709,32.8233],[-97.0745,32.8223],[-97.0996,32.8224],[-97.0995,32.8088],[-97.1253,32.8028],[-97.1402,32.8035],[-97.1402,32.7974],[-97.1434,32.8017],[-97.1462,32.8011],[-97.1554,32.8021],[-97.1691,32.8021],[-97.1692,32.7941],[-97.1775,32.794]]]},"properties":{"STATEFP":"48","CD118FP":"33","GEOID":"4833","GEOIDFQ":"5001800US4833","NAMELSAD":"Congressional District 33","LSAD":"C2","CDSESSN":"118","MTFCC":"G5200","FUNCSTAT":"N","ALAND":566408294,"AWATER":17957946,"INTPTLAT":"+32.6929076","INTPTLON":"-097.2546071"}},
{"type":"Feature","geometry":{"type":"Polygon","coordinates":[[[-97.9421,27.6359],[-98.0598,27.6359],[-98.0581,27.261],[-97.9861,27.2605],[-97.9856,26.9478],[-97.9853,26.6158],[-97.9574,26.6118],[-97.9644,26.5688],[-97.9681,26.5689],[-97.9688,26.554],[-97.9701,26.5523],[-97.9688,26.5514],[-97.9639,26.5335],[-97.9844,26.5366],[-97.9923,26.4913],[-97.9965,26.4919],[-98.0042,26.4488],[-97.9085,26.435],[-97.9085,26.4332],[-97.8619,26.4336],[-97.8619,26.3482],[-97.9307,26.3583],[-97.9339,26.3425],[-97.937,26.3213],[-98.0142,26.3326],[-98.0134,26.2964],[-98.0378,26.2964],[-98.0377,26.2928],[-98.0513,26.2928],[-98.0895,26.2981],[-98.0922,26.2966],[-98.0961,26.2927],[-98.1011,26.292],[-98.125,26.2951],[-98.1309,26.297],[-98.1547,26.3003],[-98.1566,26.2888],[-98.1558,26.2851],[-98.1527,26.2799],[-98.1586,26.2453],[-98.2127,26.2526],[-98.214,26.2454],[-98.2055,26.2445],[-98.2068,26.2372],[-98.1978,26.236],[-98.199,26.2289],[-98.1787,26.2261],[-98.1798,26.2188],[-98.1635,26.2166],[-98.1656,26.2041],[-98.1701,26.2048],[-98.1704,26.2029],[-98.1722,26.2031],[-98.1722,26.1972],[-98.1776,26.1986],[-98.1777,26.1976],[-98.1791,26.1978],[-98.179,26.1988],[-98.1833,26.1994],[-98.1864,26.1806],[-98.17,26.1785],[-98.1797,26.121],[-98.1469,26.1165],[-98.1371,26.1739],[-98.1292,26.1728],[-98.1313,26.1629],[-98.1323,26.1631],[-98.1323,26.1659],[-98.1329,26.1623],[-98.131,26.162],[-98.1365,26.1297],[-98.1286,26.1286],[-98.1233,26.16],[-98.1216,26.1598],[-98.1213,26.1589],[-98.1222,26.1571],[-98.1196,26.1568],[-98.1185,26.164],[-98.1228,26.1646],[-98.1214,26.1717],[-98.1132,26.1706],[-98.1079,26.2015],[-98.0998,26.2004],[-98.1004,26.1969],[-98.0967,26.1965],[-98.0974,26.1928],[-98.1013,26.1933],[-98.1016,26.1915],[-98.1035,26.1918],[-98.1032,26.1936],[-98.1051,26.1938],[-98.1056,26.1912],[-98.0932,26.1895],[-98.0951,26.1786],[-98.0913,26.1779],[-98.0903,26.1832],[-98.0865,26.1827],[-98.0863,26.1843],[-98.0842,26.184],[-98.0825,26.1826],[-98.0835,26.1762],[-98.0734,26.1744],[-98.074,26.1703],[-98.076,26.1706],[-98.0763,26.1688],[-98.0744,26.1686],[-98.0749,26.1657],[-98.0691,26.1648],[-98.0698,26.1612],[-98.0734,26.1616],[-98.0737,26.1596],[-98.0656,26.1582],[-98.0753,26.102],[-98.0714,26.1015],[-98.0731,26.0916],[-98.0737,26.0915],[-98.0769,26.0701],[-98.0754,26.0679],[-98.0761,26.0669],[-98.0751,26.0597],[-98.0714,26.0552],[-98.07,26.0505],[-98.0707,26.0464],[-98.0726,26.0437],[-98.0801,26.0417],[-98.0768,26.0363],[-98.0709,26.037],[-98.0655,26.0446],[-98.0611,26.0464],[-98.0546,26.0447],[-98.0461,26.0444],[-98.0388,26.0413],[-98.0375,26.0456],[-98.0345,26.0507],[-98.0344,26.0562],[-98.0329,26.0623],[-98.0309,26.0651],[-98.028,26.067],[-98.025,26.0657],[-98.0227,26.0602],[-98.0209,26.0586],[-98.0159,26.0616],[-98.0144,26.0661],[-98.0121,26.0661],[-98.0107,26.0628],[-98.0129,26.0573],[-98.012,26.0561],[-98.0099,26.0579],[-98.0079,26.0621],[-98.0033,26.0647],[-98,26.0654],[-97.9973,26.0648],[-97.9953,26.0631],[-97.9932,26.0589],[-97.9919,26.0582],[-97.989,26.0604],[-97.9879,26.0658],[-97.9804,26.0674],[-97.9794,26.0664],[-97.9796,26.0612],[-97.9785,26.0586],[-97.9739,26.0578],[-97.9695,26.053],[-97.9655,26.0517],[-97.9623,26.0531],[-97.9611,26.0558],[-97.9557,26.0611],[-97.9517,26.0622],[-97.9486,26.0619],[-97.9444,26.0599],[-97.937,26.0529],[-97.9333,26.053],[-97.9314,26.055],[-97.9312,26.0571],[-97.9373,26.0623],[-97.9352,26.0649],[-97.9334,26.0656],[-97.9307,26.0646],[-97.9288,26.0576],[-97.927,26.0549],[-97.919,26.0582],[-97.9134,26.0564],[-97.9107,26.0565],[-97.9013,26.0612],[-97.891,26.0604],[-97.8882,26.0623],[-97.8883,26.0658],[-97.8872,26.0667],[-97.8766,26.0645],[-97.8732,26.0616],[-97.8706,26.0576],[-97.869,26.0568],[-97.864,26.0684],[-97.8616,26.0701],[-97.8601,26.0692],[-97.8593,26.0663],[-97.8623,26.0605],[-97.8607,26.0528],[-97.8572,26.0535],[-97.85,26.052],[-97.8431,26.0537],[-97.8391,26.0532],[-97.8365,26.0516],[-97.8356,26.0467],[-97.8338,26.0457],[-97.8291,26.0501],[-97.8259,26.056],[-97.8183,26.0566],[-97.8157,26.0551],[-97.8147,26.0531],[-97.8166,26.0459],[-97.8153,26.0443],[-97.8134,26.044],[-97.811,26.0455],[-97.8125,26.0494],[-97.8112,26.0554],[-97.8084,26.058],[-97.8011,26.0602],[-97.8001,26.0592],[-97.7998,26.0543],[-97.7988,26.0528],[-97.7962,26.0524],[-97.793,26.0534],[-97.7904,26.0517],[-97.7888,26.0496],[-97.7896,26.0474],[-97.7953,26.0473],[-97.7978,26.0426],[-97.7974,26.0395],[-97.7921,26.034],[-97.7886,26.0332],[-97.7823,26.0341],[-97.7804,26.0327],[-97.779,26.0299],[-97.7768,26.0293],[-97.7749,26.0333],[-97.7699,26.0352],[-97.7692,26.0362],[-97.7763,26.0403],[-97.7767,26.0445],[-97.7756,26.0454],[-97.7679,26.0475],[-97.7641,26.0441],[-97.7625,26.041],[-97.7642,26.0288],[-97.7632,26.0267],[-97.7614,26.0257],[-97.7593,26.0261],[-97.7521,26.0316],[-97.7489,26.0304],[-97.7494,26.0271],[-97.7482,26.0263],[-97.7462,26.027],[-97.7447,26.0291],[-97.7429,26.0299],[-97.7383,26.0291],[-97.7361,26.0279],[-97.7382,26.0229],[-97.7382,26.022],[-97.7371,26.0215],[-97.7317,26.0233],[-97.7265,26.0227],[-97.7253,26.0249],[-97.7256,26.0266],[-97.7277,26.028],[-97.7326,26.0273],[-97.7351,26.0284],[-97.7355,26.0312],[-97.7348,26.0321],[-97.7269,26.0309],[-97.7194,26.0309],[-97.7182,26.0287],[-97.7212,26.0248],[-97.7212,26.0233],[-97.7147,26.0255],[-97.7096,26.0261],[-97.7094,26.0342],[-97.7072,26.0378],[-97.7044,26.0358],[-97.7023,26.0309],[-97.6973,26.0311],[-97.6977,26.024],[-97.693,26.0193],[-97.6912,26.0189],[-97.69,26.0223],[-97.6935,26.0265],[-97.6941,26.0303],[-97.6932,26.0325],[-97.6921,26.0324],[-97.6874,26.0273],[-97.6809,26.026],[-97.6755,26.0259],[-97.6733,26.0279],[-97.6762,26.03],[-97.6747,26.033],[-97.671,26.034],[-97.6689,26.0292],[-97.6675,26.0288],[-97.6646,26.0311],[-97.664,26.0373],[-97.6626,26.0381],[-97.6604,26.0338],[-97.6605,26.0315],[-97.6621,26.0286],[-97.6671,26.0248],[-97.6679,26.0193],[-97.6586,26.0202],[-97.6551,26.0189],[-97.6515,26.0159],[-97.65,26.0181],[-97.651,26.021],[-97.6504,26.0236],[-97.6466,26.0272],[-97.6448,26.0278],[-97.6404,26.0244],[-97.6372,26.02],[-97.6366,26.0171],[-97.6373,26.0145],[-97.64,26.012],[-97.6483,26.0127],[-97.6493,26.0123],[-97.6494,26.0108],[-97.647,26.0078],[-97.6403,26.0046],[-97.635,26],[-97.632,26.0013],[-97.6317,26.0038],[-97.6297,26.0058],[-97.6268,26.006],[-97.6263,26.0027],[-97.6284,25.9976],[-97.6274,25.9966],[-97.6252,25.9964],[-97.6232,25.9973],[-97.6199,26.0028],[-97.6186,26.0027],[-97.6176,25.9998],[-97.6186,25.9947],[-97.62,25.9926],[-97.6232,25.9916],[-97.6255,25.995],[-97.6311,25.9965],[-97.6332,25.9947],[-97.6346,25.9904],[-97.6333,25.9887],[-97.6314,25.988],[-97.6238,25.9896],[-97.6216,25.9892],[-97.6198,25.9877],[-97.6202,25.985],[-97.6174,25.9799],[-97.6152,25.9784],[-97.6093,25.9776],[-97.6078,25.9767],[-97.6079,25.9711],[-97.6106,25.9662],[-97.6045,25.9613],[-97.6019,25.9572],[-97.5981,25.9569],[-97.5955,25.9607],[-97.5938,25.9617],[-97.5874,25.9614],[-97.5821,25.9624],[-97.5816,25.9606],[-97.5831,25.9549],[-97.5806,25.9493],[-97.5796,25.9436],[-97.578,25.9421],[-97.5749,25.9433],[-97.5728,25.9465],[-97.5745,25.954],[-97.5679,25.9524],[-97.5659,25.9482],[-97.5663,25.9449],[-97.5688,25.9437],[-97.5732,25.9431],[-97.5821,25.9386],[-97.5841,25.935],[-97.5829,25.933],[-97.58,25.9328],[-97.5746,25.9351],[-97.5671,25.9338],[-97.5658,25.9317],[-97.5679,25.929],[-97.568,25.9276],[-97.5644,25.9258],[-97.5615,25.9257],[-97.5593,25.9268],[-97.5592,25.932],[-97.5572,25.9359],[-97.5556,25.9373],[-97.5521,25.9371],[-97.5475,25.9352],[-97.546,25.9338],[-97.5453,25.9246],[-97.5437,25.9234],[-97.5421,25.9243],[-97.5384,25.9304],[-97.5372,25.9308],[-97.5371,25.9274],[-97.5428,25.9218],[-97.543,25.92],[-97.5415,25.9192],[-97.5323,25.9206],[-97.5301,25.92],[-97.53,25.9168],[-97.5338,25.9119],[-97.5333,25.9082],[-97.5327,25.9075],[-97.5287,25.9069],[-97.527,25.9023],[-97.5237,25.899],[-97.5228,25.8953],[-97.5234,25.8896],[-97.5227,25.8875],[-97.521,25.8862],[-97.5104,25.8877],[-97.5054,25.8911],[-97.4981,25.8991],[-97.4964,25.8961],[-97.4977,25.8872],[-97.4976,25.8806],[-97.4968,25.8797],[-97.4944,25.8799],[-97.4921,25.8813],[-97.4878,25.8854],[-97.4862,25.8835],[-97.4878,25.8791],[-97.4855,25.8784],[-97.4813,25.8801],[-97.4707,25.8886],[-97.4688,25.8888],[-97.4679,25.8868],[-97.4687,25.8834],[-97.4748,25.8795],[-97.4743,25.8766],[-97.4702,25.8753],[-97.464,25.882],[-97.4585,25.8841],[-97.4556,25.8842],[-97.4547,25.8802],[-97.457,25.8704],[-97.4566,25.8684],[-97.4555,25.8673],[-97.4535,25.8674],[-97.4505,25.8717],[-97.4488,25.8723],[-97.4472,25.8717],[-97.4446,25.8675],[-97.4456,25.8649],[-97.4478,25.8632],[-97.4482,25.8594],[-97.4521,25.8587],[-97.4537,25.8565],[-97.454,25.8541],[-97.4522,25.8538],[-97.4476,25.8563],[-97.4452,25.8564],[-97.444,25.8545],[-97.4459,25.8512],[-97.4441,25.8485],[-97.4412,25.8481],[-97.436,25.8499],[-97.4262,25.8409],[-97.4227,25.8401],[-97.4166,25.8412],[-97.4127,25.841],[-97.4121,25.8425],[-97.4138,25.844],[-97.4147,25.8479],[-97.4137,25.853],[-97.4141,25.8566],[-97.4114,25.8614],[-97.4086,25.8621],[-97.4078,25.8607],[-97.4094,25.8576],[-97.408,25.8548],[-97.4106,25.8498],[-97.4083,25.8455],[-97.4068,25.8446],[-97.4056,25.8453],[-97.4046,25.8495],[-97.4023,25.852],[-97.4007,25.8524],[-97.3987,25.8503],[-97.4008,25.8464],[-97.4004,25.8418],[-97.4022,25.8403],[-97.4069,25.8401],[-97.4067,25.8383],[-97.4056,25.8376],[-97.3993,25.8391],[-97.3939,25.8371],[-97.3891,25.8394],[-97.3879,25.8433],[-97.3869,25.8439],[-97.382,25.8396],[-97.3764,25.8404],[-97.3731,25.8398],[-97.3716,25.8423],[-97.3722,25.8473],[-97.3713,25.8493],[-97.3682,25.8508],[-97.364,25.8499],[-97.365,25.8526],[-97.3676,25.854],[-97.3704,25.8545],[-97.3754,25.854],[-97.3767,25.8546],[-97.3752,25.8567],[-97.3689,25.8584],[-97.3663,25.8637],[-97.3615,25.8694],[-97.3602,25.8698],[-97.3589,25.8691],[-97.3588,25.8656],[-97.3566,25.8673],[-97.3593,25.8723],[-97.3585,25.878],[-97.3593,25.8798],[-97.3608,25.8799],[-97.3621,25.8782],[-97.3638,25.8777],[-97.3733,25.8783],[-97.3743,25.8789],[-97.3733,25.8813],[-97.3681,25.8845],[-97.3643,25.8858],[-97.3587,25.8861],[-97.3564,25.8878],[-97.3582,25.8897],[-97.3641,25.8896],[-97.3664,25.8906],[-97.3674,25.8943],[-97.3661,25.9027],[-97.3734,25.9053],[-97.3752,25.9068],[-97.3748,25.9085],[-97.3734,25.9095],[-97.3701,25.9089],[-97.3682,25.9098],[-97.3694,25.9129],[-97.3689,25.9153],[-97.3655,25.916],[-97.3617,25.9157],[-97.3543,25.92],[-97.3505,25.9246],[-97.3489,25.9306],[-97.3479,25.9313],[-97.3426,25.9288],[-97.3368,25.9297],[-97.3363,25.9284],[-97.3383,25.922],[-97.3379,25.9204],[-97.3361,25.9196],[-97.3344,25.92],[-97.3343,25.9249],[-97.3329,25.9261],[-97.3312,25.9184],[-97.3303,25.9177],[-97.3261,25.9176],[-97.3245,25.9186],[-97.3252,25.9225],[-97.3245,25.9252],[-97.318,25.9313],[-97.3159,25.9317],[-97.3136,25.931],[-97.31,25.9264],[-97.308,25.9264],[-97.3053,25.9277],[-97.3041,25.9296],[-97.3044,25.9356],[-97.3029,25.9373],[-97.299,25.9368],[-97.2982,25.9342],[-97.296,25.9332],[-97.2915,25.9365],[-97.277,25.9351],[-97.2763,25.9361],[-97.2774,25.9402],[-97.281,25.9443],[-97.2783,25.9475],[-97.285,25.9496],[-97.2896,25.9544],[-97.2896,25.9555],[-97.2845,25.9593],[-97.2825,25.9593],[-97.2797,25.9546],[-97.2764,25.9521],[-97.2611,25.951],[-97.2533,25.9483],[-97.2472,25.9482],[-97.2449,25.9492],[-97.2446,25.9516],[-97.2432,25.9532],[-97.2397,25.9553],[-97.2335,25.9566],[-97.2262,25.9594],[-97.2207,25.9571],[-97.2159,25.959],[-97.2087,25.964],[-97.2066,25.9635],[-97.2059,25.9589],[-97.2051,25.9581],[-97.1969,25.9579],[-97.193,25.9551],[-97.1884,25.9539],[-97.187,25.9547],[-97.1869,25.9586],[-97.1782,25.9616],[-97.1767,25.9654],[-97.1754,25.966],[-97.1734,25.965],[-97.1711,25.962],[-97.1687,25.9608],[-97.1652,25.9603],[-97.16,25.9621],[-97.1582,25.9617],[-97.158,25.9594],[-97.1604,25.9508],[-97.1598,25.9494],[-97.1581,25.9488],[-97.149,25.9528],[-97.1463,25.9566],[-97.1391,25.9565],[-97.0897,25.9608],[-97.0979,26.0386],[-97.0941,26.043],[-97.0913,26.0516],[-97.0893,26.0661],[-97.09,26.0753],[-97.0942,26.0884],[-97.0974,26.0935],[-97.1003,26.0977],[-97.1083,26.1045],[-97.1107,26.1454],[-97.1173,26.198],[-97.1252,26.2483],[-97.1565,26.3753],[-97.1846,26.4759],[-97.2125,26.5617],[-97.2141,26.5768],[-97.2173,26.5847],[-97.2244,26.5977],[-97.2517,26.6619],[-97.2827,26.7634],[-97.3004,26.8346],[-97.3139,26.9131],[-97.3207,26.9845],[-97.3211,27.0003],[-97.3232,27.0103],[-97.3231,27.0511],[-97.3219,27.0793],[-97.3198,27.11],[-97.3136,27.1697],[-97.3095,27.1908],[-97.3094,27.1961],[-97.2966,27.2503],[-97.2567,27.3753],[-97.2503,27.3923],[-97.1998,27.5003],[-97.1651,27.5683],[-97.2223,27.5764],[-97.2421,27.5829],[-97.3252,27.5609],[-97.3909,27.56],[-97.6069,27.5603],[-97.6424,27.5595],[-97.8407,27.5584],[-97.8388,27.5592],[-97.84,27.5602],[-97.8386,27.5615],[-97.8402,27.562],[-97.8389,27.5629],[-97.8399,27.565],[-97.8419,27.5645],[-97.8416,27.5656],[-97.844,27.5659],[-97.8449,27.5673],[-97.8468,27.5662],[-97.8471,27.5667],[-97.8455,27.5682],[-97.8476,27.5685],[-97.8475,27.5697],[-97.8494,27.5703],[-97.849,27.573],[-97.851,27.5731],[-97.8513,27.5748],[-97.8524,27.5745],[-97.8532,27.5764],[-97.8554,27.5765],[-97.8583,27.5784],[-97.8579,27.5807],[-97.8602,27.5818],[-97.8624,27.581],[-97.8644,27.5829],[-97.8654,27.5823],[-97.8692,27.5855],[-97.8701,27.5874],[-97.8719,27.5866],[-97.8738,27.5878],[-97.8744,27.5905],[-97.8759,27.5921],[-97.8758,27.5947],[-97.8774,27.5965],[-97.8752,27.5987],[-97.8764,27.603],[-97.8774,27.6036],[-97.8774,27.6059],[-97.8763,27.6067],[-97.8767,27.6085],[-97.8794,27.6093],[-97.8796,27.6122],[-97.8809,27.6121],[-97.8819,27.6136],[-97.8873,27.6158],[-97.8878,27.6165],[-97.8871,27.6178],[-97.8886,27.6202],[-97.8909,27.6212],[-97.8958,27.6205],[-97.9009,27.6227],[-97.9027,27.6218],[-97.9057,27.6222],[-97.9076,27.6244],[-97.9104,27.6222],[-97.9132,27.6236],[-97.918,27.6227],[-97.9211,27.6229],[-97.9232,27.6246],[-97.9251,27.6246],[-97.9246,27.6273],[-97.9285,27.631],[-97.9316,27.6326],[-97.9324,27.6359],[-97.9421,27.6359]]]},"properties":{"STATEFP":"48","CD118FP":"34","GEOID":"4834","GEOIDFQ":"5001800US4834","NAMELSAD":"Congressional District 34","LSAD":"C2","CDSESSN":"118","MTFCC":"G5200","FUNCSTAT":"N","ALAND":10675556090,"AWATER":3318251598,"INTPTLAT":"+26.7281401","INTPTLON":"-097.6059239"}},
{"type":"Feature","geometry":{"type":"Polygon","coordinates":[[[-97.3082,32.9752],[-97.3161,32.9727],[-97.3197,32.9748],[-97.3218,32.975],[-97.3231,32.9765],[-97.3259,32.9773],[-97.3288,32.977],[-97.3315,32.9749],[-97.3351,32.9772],[-97.3369,32.9775],[-97.3402,32.9764],[-97.3432,32.9784],[-97.3278,32.9914],[-97.3985,32.9917],[-97.3985,32.9908],[-97.4202,32.9922],[-97.5442,32.9942],[-97.5492,32.9949],[-97.6796,32.9964],[-97.9216,33.0013],[-98.0561,33.0033],[-98.0618,32.7512],[-98.0615,32.7357],[-98.0644,32.6372],[-98.0386,32.6492],[-98.0331,32.66],[-98.0321,32.6659],[-97.9981,32.6881],[-97.9137,32.7176],[-97.9021,32.7196],[-97.887,32.726],[-97.8655,32.7281],[-97.8499,32.7282],[-97.85,32.7229],[-97.8456,32.7227],[-97.8453,32.7168],[-97.8348,32.7165],[-97.8306,32.7212],[-97.8275,32.7206],[-97.8275,32.7143],[-97.8129,32.7148],[-97.8129,32.7139],[-97.8049,32.7138],[-97.8049,32.7117],[-97.7941,32.715],[-97.7921,32.7122],[-97.7895,32.7134],[-97.7884,32.7119],[-97.7811,32.7154],[-97.7815,32.7164],[-97.7741,32.7051],[-97.7699,32.7008],[-97.7636,32.6962],[-97.7551,32.6954],[-97.7489,32.6965],[-97.7434,32.6954],[-97.7382,32.6938],[-97.7351,32.6917],[-97.7307,32.6905],[-97.7103,32.6815],[-97.7087,32.6816],[-97.7056,32.6789],[-97.7055,32.6755],[-97.7041,32.6744],[-97.7012,32.6739],[-97.7018,32.664],[-97.6932,32.6636],[-97.6925,32.6647],[-97.691,32.6647],[-97.6892,32.6631],[-97.6903,32.6622],[-97.687,32.6589],[-97.6874,32.6577],[-97.6829,32.6547],[-97.6809,32.6545],[-97.6801,32.6529],[-97.6771,32.6537],[-97.6717,32.6535],[-97.6692,32.6511],[-97.6677,32.6517],[-97.6615,32.6497],[-97.6595,32.6472],[-97.6565,32.6461],[-97.6573,32.6448],[-97.6556,32.6422],[-97.6527,32.6418],[-97.6514,32.6399],[-97.6478,32.641],[-97.6455,32.6387],[-97.638,32.6364],[-97.6357,32.637],[-97.6311,32.6349],[-97.6288,32.6346],[-97.6279,32.6353],[-97.6152,32.6308],[-97.6131,32.6296],[-97.6092,32.624],[-97.6053,32.623],[-97.6008,32.6199],[-97.6004,32.6179],[-97.5955,32.615],[-97.587,32.6143],[-97.5832,32.6112],[-97.5784,32.6104],[-97.5785,32.636],[-97.5831,32.6363],[-97.5834,32.6407],[-97.5881,32.6419],[-97.5879,32.6482],[-97.586,32.655],[-97.5859,32.6723],[-97.5885,32.6738],[-97.5922,32.6803],[-97.5929,32.6844],[-97.5951,32.6861],[-97.5928,32.6862],[-97.593,32.6931],[-97.5921,32.6931],[-97.5925,32.7005],[-97.6029,32.7008],[-97.6027,32.7115],[-97.6089,32.7117],[-97.609,32.7098],[-97.6162,32.7099],[-97.6163,32.7041],[-97.6079,32.7041],[-97.6077,32.7],[-97.6106,32.7015],[-97.6155,32.7018],[-97.6156,32.6925],[-97.6163,32.6917],[-97.6256,32.6916],[-97.632,32.6929],[-97.6375,32.6912],[-97.6435,32.6922],[-97.6509,32.6922],[-97.6541,32.6945],[-97.655,32.699],[-97.6576,32.702],[-97.6657,32.7036],[-97.6691,32.7054],[-97.6754,32.7055],[-97.6764,32.7103],[-97.6762,32.7194],[-97.6687,32.7238],[-97.668,32.7249],[-97.6687,32.7323],[-97.672,32.7387],[-97.6745,32.7502],[-97.673,32.7619],[-97.6705,32.7623],[-97.673,32.7664],[-97.669,32.7664],[-97.6693,32.7687],[-97.6682,32.7685],[-97.6668,32.7701],[-97.668,32.7714],[-97.6686,32.7741],[-97.6679,32.7769],[-97.6704,32.7794],[-97.6706,32.7808],[-97.672,32.7811],[-97.6759,32.7791],[-97.6769,32.7834],[-97.6807,32.7857],[-97.6762,32.7856],[-97.674,32.7864],[-97.6568,32.7861],[-97.6533,32.788],[-97.6472,32.788],[-97.6459,32.7868],[-97.6439,32.7866],[-97.6381,32.789],[-97.6287,32.7888],[-97.6223,32.786],[-97.6179,32.7855],[-97.5979,32.7854],[-97.5979,32.7879],[-97.5804,32.7879],[-97.5801,32.7827],[-97.56,32.7823],[-97.5482,32.7761],[-97.5506,32.5554],[-97.4943,32.5554],[-97.3646,32.5534],[-97.3559,32.5939],[-97.3551,32.6068],[-97.3515,32.6068],[-97.3514,32.6108],[-97.3499,32.6141],[-97.3583,32.6153],[-97.3584,32.6173],[-97.3594,32.6181],[-97.3578,32.6187],[-97.3579,32.6194],[-97.3602,32.6193],[-97.3603,32.6182],[-97.3642,32.6178],[-97.3669,32.6185],[-97.3666,32.6224],[-97.3675,32.6224],[-97.3677,32.6203],[-97.3685,32.6204],[-97.3685,32.6221],[-97.3699,32.6219],[-97.37,32.6244],[-97.3664,32.6246],[-97.3663,32.6232],[-97.365,32.6231],[-97.3639,32.6238],[-97.3633,32.6233],[-97.3617,32.6255],[-97.3574,32.6255],[-97.3569,32.631],[-97.3577,32.6348],[-97.3596,32.6348],[-97.3596,32.6409],[-97.3613,32.6409],[-97.3613,32.6417],[-97.3596,32.6417],[-97.3596,32.644],[-97.3631,32.6441],[-97.3644,32.6461],[-97.3615,32.6471],[-97.3606,32.6489],[-97.3533,32.6488],[-97.3526,32.6673],[-97.3567,32.6686],[-97.3565,32.6727],[-97.3612,32.6725],[-97.3633,32.6742],[-97.3628,32.6797],[-97.3702,32.6794],[-97.3734,32.6819],[-97.346,32.7078],[-97.3438,32.7114],[-97.3368,32.7114],[-97.3367,32.7131],[-97.3316,32.7131],[-97.3316,32.7331],[-97.3242,32.733],[-97.3243,32.7355],[-97.3203,32.7354],[-97.3193,32.7425],[-97.3081,32.7427],[-97.3031,32.7438],[-97.3037,32.7538],[-97.3075,32.7547],[-97.309,32.7567],[-97.309,32.7612],[-97.3097,32.7613],[-97.3099,32.7633],[-97.309,32.7633],[-97.3089,32.7661],[-97.307,32.7661],[-97.307,32.7671],[-97.3089,32.7671],[-97.3089,32.7697],[-97.3128,32.7677],[-97.314,32.7711],[-97.3181,32.7752],[-97.323,32.7774],[-97.325,32.782],[-97.336,32.784],[-97.338,32.7833],[-97.339,32.7816],[-97.3405,32.7753],[-97.3387,32.7728],[-97.3339,32.7701],[-97.3317,32.7664],[-97.331,32.7617],[-97.3329,32.7597],[-97.3359,32.7587],[-97.339,32.7597],[-97.3424,32.7581],[-97.347,32.7618],[-97.345,32.7658],[-97.3459,32.7661],[-97.3593,32.764],[-97.3676,32.7657],[-97.369,32.7672],[-97.3692,32.7717],[-97.3724,32.7746],[-97.3718,32.7809],[-97.382,32.7844],[-97.3911,32.7919],[-97.3904,32.7929],[-97.3903,32.7999],[-97.3915,32.8011],[-97.3902,32.8023],[-97.3917,32.8036],[-97.3884,32.8064],[-97.4021,32.8108],[-97.4013,32.8135],[-97.4022,32.814],[-97.4014,32.8144],[-97.4022,32.8157],[-97.3999,32.817],[-97.3988,32.8191],[-97.3991,32.8196],[-97.4013,32.819],[-97.373,32.8326],[-97.3473,32.8424],[-97.3315,32.8249],[-97.3124,32.8243],[-97.3128,32.8163],[-97.3081,32.8158],[-97.3083,32.8106],[-97.3031,32.8098],[-97.2905,32.8098],[-97.2906,32.7951],[-97.2936,32.7951],[-97.2936,32.7932],[-97.2935,32.788],[-97.2906,32.788],[-97.2906,32.781],[-97.2895,32.7818],[-97.2874,32.7818],[-97.2875,32.7796],[-97.2789,32.7796],[-97.2821,32.7778],[-97.2782,32.7796],[-97.2732,32.7796],[-97.2734,32.7766],[-97.2767,32.7766],[-97.2795,32.7752],[-97.2797,32.7693],[-97.2836,32.7654],[-97.2597,32.7667],[-97.2547,32.7705],[-97.2527,32.7711],[-97.2412,32.7701],[-97.2327,32.7748],[-97.2265,32.7766],[-97.2109,32.7784],[-97.2078,32.7799],[-97.2014,32.78],[-97.1988,32.7812],[-97.1932,32.7816],[-97.1889,32.7805],[-97.1792,32.7797],[-97.1778,32.7842],[-97.1775,32.794],[-97.1782,32.7986],[-97.1833,32.802],[-97.1863,32.8053],[-97.1865,32.8068],[-97.202,32.8076],[-97.2124,32.8042],[-97.2122,32.8195],[-97.2076,32.8195],[-97.2075,32.8236],[-97.2236,32.8238],[-97.2237,32.8269],[-97.2278,32.8238],[-97.2391,32.824],[-97.2387,32.8403],[-97.2768,32.8395],[-97.2752,32.844],[-97.2785,32.8481],[-97.276,32.8526],[-97.2809,32.8568],[-97.2805,32.8609],[-97.2901,32.861],[-97.2914,32.8668],[-97.2936,32.8669],[-97.2934,32.87],[-97.2913,32.8698],[-97.2898,32.8747],[-97.2896,32.9021],[-97.2969,32.9012],[-97.3036,32.9035],[-97.3171,32.9032],[-97.3169,32.9278],[-97.3107,32.948],[-97.3102,32.9656],[-97.3082,32.9752]]]},"properties":{"STATEFP":"48","CD118FP":"12","GEOID":"4812","GEOIDFQ":"5001800US4812","NAMELSAD":"Congressional District 12","LSAD":"C2","CDSESSN":"118","MTFCC":"G5200","FUNCSTAT":"N","ALAND":2498595878,"AWATER":78075241,"INTPTLAT":"+32.8213284","INTPTLON":"-097.6645150"}},
{"type":"Feature","geometry":{"type":"Polygon","coordinates":[[[-97.9204,33.0993],[-97.9161,33.0996],[-97.9131,33.1017],[-97.9121,33.1039],[-97.9116,33.1121],[-97.9101,33.114],[-97.9075,33.1154],[-97.8612,33.1146],[-97.8602,33.1238],[-97.847,33.1486],[-97.8465,33.155],[-97.8456,33.1529],[-97.8384,33.1526],[-97.8347,33.1513],[-97.8351,33.1501],[-97.8338,33.15],[-97.8337,33.1474],[-97.8241,33.1474],[-97.8243,33.163],[-97.826,33.1631],[-97.8261,33.1673],[-97.8277,33.1672],[-97.8274,33.182],[-97.8302,33.1819],[-97.8308,33.1828],[-97.8044,33.2008],[-97.7814,33.2176],[-97.7805,33.2166],[-97.7827,33.215],[-97.7787,33.2149],[-97.7788,33.2091],[-97.7736,33.2087],[-97.7736,33.2073],[-97.7754,33.207],[-97.7768,33.2078],[-97.7782,33.2061],[-97.7766,33.2056],[-97.7769,33.2013],[-97.7795,33.2013],[-97.7796,33.196],[-97.7689,33.2014],[-97.7685,33.1983],[-97.7657,33.2003],[-97.7634,33.1996],[-97.7628,33.2019],[-97.7616,33.2012],[-97.7617,33.2042],[-97.7589,33.2042],[-97.7591,33.2035],[-97.7557,33.2007],[-97.7567,33.1947],[-97.7559,33.1913],[-97.7524,33.1903],[-97.751,33.1907],[-97.7506,33.1923],[-97.7493,33.1925],[-97.7484,33.1921],[-97.7482,33.1904],[-97.7462,33.1899],[-97.7444,33.1904],[-97.7408,33.194],[-97.741,33.2091],[-97.7394,33.2084],[-97.7394,33.2091],[-97.7323,33.209],[-97.7324,33.2151],[-97.7192,33.2152],[-97.7186,33.2252],[-97.7238,33.225],[-97.7127,33.2291],[-97.6945,33.232],[-97.684,33.2328],[-97.6787,33.2329],[-97.6644,33.2305],[-97.6388,33.2313],[-97.6196,33.2309],[-97.6113,33.2332],[-97.5941,33.2438],[-97.5878,33.2454],[-97.5807,33.2448],[-97.5679,33.2401],[-97.5274,33.2414],[-97.5061,33.2444],[-97.4507,33.2456],[-97.4381,33.2485],[-97.4115,33.2508],[-97.3908,33.2458],[-97.3916,33.2189],[-97.3887,33.2185],[-97.3834,33.2198],[-97.3742,33.2191],[-97.3734,33.2173],[-97.3609,33.2168],[-97.3602,33.2233],[-97.3551,33.2234],[-97.3539,33.2244],[-97.3377,33.2241],[-97.3314,33.2229],[-97.3182,33.2229],[-97.3174,33.2207],[-97.2601,33.2203],[-97.2571,33.2243],[-97.2453,33.2217],[-97.2344,33.2216],[-97.2344,33.2259],[-97.2295,33.2258],[-97.2296,33.2216],[-97.2168,33.2214],[-97.1958,33.2194],[-97.162,33.219],[-97.1614,33.2108],[-97.1551,33.2108],[-97.1551,33.2094],[-97.1529,33.2094],[-97.1529,33.2068],[-97.146,33.2067],[-97.146,33.2054],[-97.1415,33.2053],[-97.1417,33.1988],[-97.1381,33.1989],[-97.1402,33.1939],[-97.139,33.1821],[-97.1419,33.176],[-97.1266,33.176],[-97.1268,33.1701],[-97.125,33.1679],[-97.1261,33.1663],[-97.1256,33.1614],[-97.1246,33.1611],[-97.1233,33.1562],[-97.1224,33.156],[-97.1234,33.1528],[-97.1225,33.1529],[-97.1223,33.1515],[-97.1235,33.149],[-97.1233,33.1369],[-97.1216,33.1369],[-97.1147,33.1325],[-97.0964,33.1321],[-97.096,33.1432],[-97.091,33.1443],[-97.0933,33.1454],[-97.0926,33.147],[-97.091,33.1471],[-97.0912,33.1503],[-97.0903,33.1521],[-97.0907,33.154],[-97.092,33.1541],[-97.092,33.1582],[-97.0895,33.1582],[-97.0885,33.1591],[-97.0899,33.1623],[-97.0889,33.163],[-97.087,33.1631],[-97.087,33.1638],[-97.0648,33.1631],[-97.0656,33.1644],[-97.0655,33.1685],[-97.0647,33.1687],[-97.0643,33.1709],[-97.0621,33.1712],[-97.0611,33.1731],[-97.0583,33.1749],[-97.0559,33.1753],[-97.0521,33.178],[-97.0492,33.1774],[-97.0474,33.1792],[-97.0465,33.1786],[-97.0445,33.1803],[-97.0426,33.1797],[-97.0415,33.1803],[-97.0421,33.1811],[-97.0198,33.1774],[-97.0203,33.1995],[-97.0237,33.203],[-97.0256,33.2084],[-97.029,33.2123],[-97.0307,33.2166],[-97.0312,33.222],[-97.0361,33.2372],[-97.0372,33.2581],[-97.0449,33.2686],[-97.0491,33.2686],[-97.0488,33.2639],[-97.0501,33.2631],[-97.0542,33.2646],[-97.0544,33.2635],[-97.0533,33.2625],[-97.0539,33.2621],[-97.0575,33.2657],[-97.057,33.2675],[-97.055,33.2676],[-97.0551,33.271],[-97.0583,33.2775],[-97.061,33.2771],[-97.0607,33.2782],[-97.0648,33.2804],[-97.0687,33.279],[-97.0694,33.2824],[-97.0709,33.2823],[-97.0711,33.2808],[-97.0724,33.2805],[-97.0757,33.2817],[-97.0777,33.2812],[-97.0795,33.2817],[-97.0799,33.2825],[-97.0771,33.283],[-97.0812,33.2841],[-97.0825,33.2852],[-97.0843,33.2838],[-97.0867,33.2835],[-97.088,33.2842],[-97.0875,33.2824],[-97.0924,33.2818],[-97.0963,33.2778],[-97.0994,33.2787],[-97.1024,33.282],[-97.1087,33.2847],[-97.1129,33.2893],[-97.1125,33.2905],[-97.1111,33.2906],[-97.1106,33.2917],[-97.1128,33.2922],[-97.1135,33.2934],[-97.1172,33.2931],[-97.1167,33.2939],[-97.1149,33.294],[-97.117,33.2946],[-97.1197,33.2974],[-97.1182,33.2999],[-97.1217,33.2996],[-97.1225,33.2989],[-97.1238,33.2996],[-97.1237,33.3013],[-97.1221,33.302],[-97.1217,33.3031],[-97.1205,33.3032],[-97.1206,33.3038],[-97.123,33.3054],[-97.1299,33.306],[-97.1342,33.3102],[-97.1331,33.3117],[-97.1339,33.3131],[-97.1343,33.3118],[-97.1356,33.3118],[-97.1361,33.3195],[-97.1352,33.3218],[-97.1367,33.3227],[-97.1356,33.3238],[-97.1373,33.3243],[-97.1378,33.327],[-97.14,33.3259],[-97.1399,33.3246],[-97.1418,33.3253],[-97.1413,33.3272],[-97.1427,33.3296],[-97.1414,33.3317],[-97.1479,33.3313],[-97.1521,33.3295],[-97.1553,33.3295],[-97.156,33.3284],[-97.1544,33.3284],[-97.1542,33.3272],[-97.1559,33.3261],[-97.1585,33.3272],[-97.159,33.3289],[-97.1612,33.3298],[-97.1621,33.3288],[-97.1619,33.3271],[-97.1631,33.3274],[-97.1644,33.3265],[-97.1672,33.3276],[-97.1678,33.323],[-97.1687,33.3236],[-97.18,33.3238],[-97.1802,33.3246],[-97.1813,33.3246],[-97.1811,33.3238],[-97.2012,33.3219],[-97.2039,33.3209],[-97.2043,33.318],[-97.2139,33.3182],[-97.2146,33.3193],[-97.2145,33.3255],[-97.2215,33.3258],[-97.2206,33.3461],[-97.217,33.3496],[-97.2171,33.3751],[-97.219,33.3757],[-97.2188,33.3909],[-97.2167,33.3923],[-97.2166,33.3956],[-97.2176,33.3959],[-97.2175,33.403],[-97.2194,33.4034],[-97.2193,33.4247],[-97.3831,33.4305],[-97.383,33.4329],[-97.4871,33.4337],[-97.4851,33.6798],[-97.4842,33.9155],[-97.49,33.9182],[-97.5009,33.9195],[-97.5253,33.9118],[-97.5342,33.9057],[-97.5515,33.8979],[-97.5583,33.8971],[-97.5599,33.8976],[-97.5606,33.8993],[-97.5628,33.9009],[-97.567,33.9016],[-97.5694,33.9011],[-97.5723,33.8993],[-97.5811,33.8997],[-97.5893,33.9039],[-97.5899,33.908],[-97.5913,33.9099],[-97.5938,33.9103],[-97.597,33.9163],[-97.597,33.9202],[-97.5912,33.9296],[-97.5914,33.932],[-97.595,33.9374],[-97.5954,33.9414],[-97.5888,33.9519],[-97.5896,33.9536],[-97.598,33.9552],[-97.6004,33.9579],[-97.601,33.9608],[-97.6043,33.9628],[-97.6045,33.964],[-97.6091,33.9681],[-97.6161,33.9697],[-97.6218,33.973],[-97.6296,33.9792],[-97.6338,33.9813],[-97.6573,33.9888],[-97.6557,33.9889],[-97.6562,33.9895],[-97.6615,33.9908],[-97.668,33.9904],[-97.6677,33.9911],[-97.6713,33.9916],[-97.6814,33.9884],[-97.686,33.9879],[-97.6931,33.9837],[-97.6992,33.9757],[-97.7042,33.9633],[-97.7122,33.9516],[-97.7206,33.944],[-97.7212,33.9445],[-97.7323,33.9365],[-97.7355,33.9362],[-97.7413,33.9374],[-97.7492,33.9362],[-97.7529,33.9371],[-97.7628,33.9344],[-97.7627,33.9308],[-97.7598,33.9252],[-97.7594,33.9188],[-97.7638,33.9142],[-97.7678,33.9135],[-97.7727,33.9144],[-97.7755,33.9178],[-97.7783,33.9196],[-97.7805,33.9197],[-97.7835,33.9183],[-97.7861,33.9134],[-97.7803,33.9048],[-97.7797,33.8992],[-97.7808,33.8944],[-97.7847,33.8906],[-97.788,33.8919],[-97.7881,33.8938],[-97.7924,33.8991],[-97.7948,33.9],[-97.7981,33.8991],[-97.8016,33.8959],[-97.8016,33.8851],[-97.8054,33.8772],[-97.8067,33.8762],[-97.8089,33.8767],[-97.8139,33.8819],[-97.8176,33.881],[-97.8192,33.8791],[-97.8189,33.874],[-97.8207,33.8689],[-97.8259,33.8645],[-97.8311,33.8617],[-97.8335,33.8581],[-97.8416,33.8563],[-97.8438,33.8568],[-97.8522,33.8531],[-97.8642,33.8497],[-97.8715,33.8491],[-97.8774,33.8502],[-97.881,33.8532],[-97.8894,33.8563],[-97.8884,33.8563],[-97.8887,33.8567],[-97.8942,33.8571],[-97.8967,33.858],[-97.9099,33.8672],[-97.9286,33.8742],[-97.9342,33.8781],[-97.9389,33.8795],[-97.9512,33.8784],[-97.9571,33.8788],[-97.9678,33.8822],[-97.9765,33.8885],[-97.9844,33.898],[-97.9836,33.904],[-97.9788,33.9125],[-97.977,33.9125],[-97.9731,33.908],[-97.9687,33.906],[-97.9654,33.9069],[-97.9616,33.9094],[-97.9572,33.9145],[-97.9527,33.9295],[-97.9534,33.9364],[-97.9555,33.9382],[-97.9634,33.9362],[-97.9712,33.9371],[-97.9741,33.9403],[-97.9742,33.9428],[-97.9727,33.9445],[-97.9657,33.9474],[-97.9604,33.9519],[-97.9569,33.9585],[-97.9459,33.9884],[-97.9465,33.9907],[-97.9558,33.9901],[-97.9583,33.9908],[-97.963,33.9942],[-97.9717,34.0054],[-97.9742,34.0067],[-97.9795,34.0047],[-97.9835,34.0016],[-97.9909,33.9989],[-98.0151,33.9941],[-98.0251,33.9941],[-98.0277,33.9934],[-98.0411,33.9935],[-98.0552,33.9958],[-98.0733,34.001],[-98.0828,34.0024],[-98.0882,34.0055],[-98.0888,34.0072],[-98.0881,34.0079],[-98.0846,34.0084],[-98.0824,34.0098],[-98.084,34.0144],[-98.0896,34.0193],[-98.0954,34.0217],[-98.0984,34.0239],[-98.1036,34.0292],[-98.1062,34.0349],[-98.105,34.0375],[-98.1017,34.0391],[-98.0966,34.0381],[-98.0918,34.0337],[-98.089,34.0338],[-98.0838,34.0367],[-98.0825,34.0394],[-98.0838,34.0417],[-98.0875,34.0441],[-98.1019,34.051],[-98.1109,34.0599],[-98.1146,34.0623],[-98.118,34.0671],[-98.1202,34.0721],[-98.121,34.0813],[-98.1194,34.0845],[-98.1043,34.0982],[-98.0993,34.1043],[-98.0924,34.1169],[-98.0898,34.1282],[-98.0902,34.1302],[-98.0924,34.1322],[-98.1005,34.1314],[-98.1029,34.1326],[-98.1032,34.1352],[-98.1006,34.1435],[-98.1032,34.1483],[-98.1095,34.1541],[-98.1234,34.1545],[-98.1282,34.1511],[-98.1308,34.1505],[-98.1342,34.1475],[-98.1351,34.1455],[-98.137,34.1448],[-98.1428,34.1364],[-98.146,34.1339],[-98.1474,34.1307],[-98.1544,34.1227],[-98.1688,34.1143],[-98.1708,34.1142],[-98.2017,34.1171],[-98.2092,34.121],[-98.2165,34.1218],[-98.2236,34.1251],[-98.2253,34.1272],[-98.2256,34.1293],[-98.2325,34.1346],[-98.2391,34.1345],[-98.241,34.1331],[-98.248,34.1307],[-98.2565,34.1295],[-98.2617,34.1316],[-98.2647,34.1319],[-98.273,34.1322],[-98.2803,34.1308],[-98.2939,34.133],[-98.3002,34.1346],[-98.3254,34.151],[-98.3336,34.1517],[-98.3415,34.1532],[-98.3432,34.1541],[-98.3656,34.157],[-98.3679,34.1558],[-98.3709,34.1519],[-98.3812,34.1495],[-98.3844,34.1463],[-98.3848,34.1438],[-98.3871,34.1409],[-98.3869,34.1389],[-98.385,34.1367],[-98.3804,34.1343],[-98.3801,34.1308],[-98.383,34.1295],[-98.3858,34.1322],[-98.3894,34.1332],[-98.394,34.1319],[-98.3984,34.1285],[-98.401,34.1222],[-98.3982,34.1214],[-98.3984,34.1046],[-98.3998,34.1],[-98.4022,34.0987],[-98.4077,34.1014],[-98.4114,34.1003],[-98.4097,34.0925],[-98.4111,34.0886],[-98.4144,34.0851],[-98.4204,34.0823],[-98.4235,34.0828],[-98.4252,34.0848],[-98.4285,34.0855],[-98.4401,34.0843],[-98.4437,34.0822],[-98.4456,34.0793],[-98.4464,34.0754],[-98.449,34.0735],[-98.4547,34.0726],[-98.4651,34.0737],[-98.4715,34.0657],[-98.4791,34.0629],[-98.4836,34.0623],[-98.487,34.0629],[-98.4888,34.0661],[-98.4946,34.0701],[-98.4981,34.0703],[-98.5014,34.0719],[-98.5041,34.0723],[-98.5169,34.086],[-98.5282,34.095],[-98.5306,34.0998],[-98.5363,34.1073],[-98.5509,34.1193],[-98.5557,34.1201],[-98.558,34.1229],[-98.561,34.1239],[-98.5601,34.1269],[-98.5586,34.1283],[-98.5576,34.1284],[-98.5543,34.1266],[-98.5518,34.1271],[-98.5504,34.1292],[-98.5509,34.1326],[-98.5537,34.1337],[-98.5602,34.1332],[-98.5666,34.1374],[-98.5677,34.14],[-98.5771,34.149],[-98.5839,34.1513],[-98.593,34.1573],[-98.5998,34.1606],[-98.604,34.1602],[-98.6118,34.1566],[-98.6167,34.1564],[-98.6217,34.1572],[-98.6432,34.1645],[-98.6481,34.1644],[-98.6506,34.1631],[-98.6557,34.1583],[-98.6599,34.1561],[-98.6658,34.1516],[-98.6709,34.1494],[-98.6766,34.1429],[-98.6841,34.1388],[-98.6858,34.136],[-98.6901,34.1332],[-98.6965,34.1335],[-98.7002,34.136],[-98.703,34.1359],[-98.7061,34.135],[-98.71,34.1315],[-98.7125,34.1312],[-98.7141,34.1321],[-98.7149,34.1348],[-98.7175,34.1365],[-98.7236,34.1352],[-98.7343,34.1358],[-98.7368,34.1334],[-98.7395,34.1274],[-98.742,34.1255],[-98.7463,34.1255],[-98.7493,34.1242],[-98.757,34.1246],[-98.7597,34.1269],[-98.7606,34.1324],[-98.7656,34.1364],[-98.7781,34.1395],[-98.7884,34.1467],[-98.792,34.1437],[-98.7962,34.1428],[-98.8044,34.1539],[-98.8068,34.1559],[-98.813,34.1584],[-98.8153,34.1581],[-98.8311,34.1622],[-98.8321,34.1618],[-98.8341,34.1583],[-98.8371,34.1565],[-98.8465,34.1597],[-98.8508,34.1599],[-98.8538,34.1616],[-98.8556,34.1616],[-98.8573,34.1611],[-98.8579,34.1596],[-98.8584,34.1527],[-98.8601,34.1499],[-98.8625,34.1491],[-98.8681,34.1496],[-98.8749,34.1557],[-98.875,34.157],[-98.8712,34.163],[-98.8729,34.1666],[-98.8761,34.1677],[-98.8804,34.1673],[-98.8871,34.1683],[-98.8923,34.1723],[-98.8966,34.1745],[-98.9093,34.1775],[-98.9183,34.1818],[-98.9231,34.186],[-98.9281,34.1927],[-98.9333,34.1973],[-98.9352,34.1979],[-98.9402,34.2037],[-98.9497,34.21],[-98.9513,34.2122],[-98.9584,34.2137],[-98.96,34.2133],[-98.9622,34.2112],[-98.962,34.2063],[-98.9629,34.2038],[-98.9666,34.2011],[-98.9726,34.2026],[-98.9765,34.2062],[-98.9809,34.2171],[-98.9882,34.2213],[-98.9917,34.2214],[-99.0006,34.2177],[-99.0015,34.2156],[-99.0047,34.2141],[-99.0042,34.212],[-99.0017,34.2104],[-99.0022,34.2094],[-99.0057,34.2066],[-99.0098,34.2053],[-99.013,34.2032],[-99.015,34.2039],[-99.0173,34.2063],[-99.0245,34.204],[-99.0362,34.2069],[-99.0389,34.2047],[-99.042,34.1994],[-99.0445,34.1981],[-99.0487,34.1982],[-99.058,34.2006],[-99.0595,34.2039],[-99.0631,34.2069],[-99.0758,34.2112],[-99.0794,34.2116],[-99.0889,34.2085],[-99.0921,34.2094],[-99.0942,34.2117],[-99.0962,34.2117],[-99.0994,34.2099],[-99.1022,34.2055],[-99.1063,34.2047],[-99.1082,34.2035],[-99.111,34.2046],[-99.1084,34.2053],[-99.1118,34.206],[-99.1151,34.2049],[-99.1193,34.2018],[-99.1266,34.2031],[-99.1299,34.2045],[-99.132,34.2074],[-99.13,34.2123],[-99.1265,34.2154],[-99.1274,34.2181],[-99.1304,34.2195],[-99.1381,34.2192],[-99.1395,34.2174],[-99.1439,34.2148],[-99.1451,34.2124],[-99.1487,34.2088],[-99.1537,34.2073],[-99.1568,34.2072],[-99.1592,34.2089],[-99.1641,34.209],[-99.1738,34.2118],[-99.1868,34.2136],[-99.1904,34.2147],[-99.1928,34.2179],[-99.1925,34.2209],[-99.1899,34.2273],[-99.19,34.2298],[-99.1969,34.2444],[-99.1962,34.2494],[-99.192,34.2556],[-99.1916,34.2585],[-99.1951,34.2607],[-99.1993,34.2608],[-99.1967,34.2662],[-99.1967,34.2693],[-99.1945,34.2719],[-99.1957,34.2783],[-99.1954,34.2808],[-99.1961,34.2815],[-99.2,34.2812],[-99.2074,34.2835],[-99.2095,34.2864],[-99.2114,34.2922],[-99.2097,34.2989],[-99.2133,34.3107],[-99.2114,34.314],[-99.2066,34.317],[-99.2056,34.3192],[-99.2096,34.3249],[-99.211,34.3321],[-99.2108,34.3368],[-99.2095,34.338],[-99.2069,34.3383],[-99.2172,34.3415],[-99.2196,34.3414],[-99.2271,34.3378],[-99.2305,34.3378],[-99.2326,34.3389],[-99.2343,34.3405],[-99.234,34.3422],[-99.2321,34.3456],[-99.228,34.3495],[-99.2288,34.351],[-99.2341,34.3535],[-99.2371,34.3611],[-99.2365,34.3658],[-99.2376,34.3667],[-99.2445,34.3637],[-99.2464,34.3644],[-99.2479,34.3685],[-99.2435,34.3707],[-99.2429,34.3727],[-99.2489,34.376],[-99.2507,34.3755],[-99.2546,34.3724],[-99.2586,34.3727],[-99.2598,34.3776],[-99.2698,34.3808],[-99.2744,34.3843],[-99.2753,34.3866],[-99.2739,34.3876],[-99.2644,34.3881],[-99.2589,34.3913],[-99.2588,34.3921],[-99.2618,34.395],[-99.2613,34.4035],[-99.2663,34.4055],[-99.2677,34.405],[-99.2696,34.4019],[-99.2723,34.4008],[-99.2769,34.4001],[-99.28,34.4007],[-99.2832,34.4029],[-99.2828,34.4075],[-99.2856,34.4124],[-99.2899,34.4147],[-99.2946,34.4154],[-99.2991,34.4142],[-99.3093,34.4097],[-99.3164,34.4082],[-99.3196,34.4089],[-99.3225,34.4137],[-99.3242,34.4145],[-99.3287,34.4224],[-99.3337,34.4263],[-99.3341,34.4275],[-99.3401,34.4301],[-99.3569,34.4421],[-99.357,34.4465],[-99.355,34.4496],[-99.3548,34.4518],[-99.359,34.4558],[-99.3661,34.4567],[-99.3698,34.4586],[-99.3783,34.4582],[-99.3812,34.4569],[-99.3892,34.4469],[-99.3952,34.442],[-99.3961,34.435],[-99.3951,34.433],[-99.393,34.4319],[-99.3933,34.4276],[-99.3973,34.4239],[-99.3972,34.4186],[-99.3951,34.4159],[-99.3895,34.4134],[-99.3872,34.4108],[-99.3917,34.4055],[-99.3957,34.3977],[-99.3967,34.3927],[-99.3962,34.3825],[-99.3974,34.3779],[-99.4003,34.3746],[-99.4053,34.3729],[-99.409,34.3728],[-99.4102,34.3734],[-99.4142,34.3778],[-99.4207,34.3804],[-99.4219,34.3842],[-99.4249,34.3858],[-99.4275,34.3851],[-99.43,34.381],[-99.4293,34.3758],[-99.4311,34.374],[-99.431,34.3711],[-99.4335,34.3702],[-99.4365,34.3705],[-99.4407,34.3728],[-99.4453,34.3798],[-99.453,34.3882],[-99.4546,34.3886],[-99.4555,34.3861],[-99.4551,34.3813],[-99.4576,34.3801],[-99.4607,34.3805],[-99.4621,34.3835],[-99.4625,34.3911],[-99.4664,34.3959],[-99.4703,34.3967],[-99.4738,34.3954],[-99.4762,34.3964],[-99.4872,34.398],[-99.4904,34.3997],[-99.4941,34.4048],[-99.4999,34.4096],[-99.5069,34.4095],[-99.5111,34.4127],[-99.5176,34.4145],[-99.5236,34.4122],[-99.5298,34.4115],[-99.5415,34.4132],[-99.5492,34.4127],[-99.5622,34.4173],[-99.5697,34.4184],[-99.5744,34.4183],[-99.5801,34.4167],[-99.5845,34.4077],[-99.5835,34.4037],[-99.5853,34.3981],[-99.5845,34.3912],[-99.5854,34.3889],[-99.5876,34.3859],[-99.5951,34.3803],[-99.5963,34.3771],[-99.6,34.3747],[-99.6073,34.3769],[-99.6242,34.3736],[-99.6309,34.376],[-99.6318,34.3777],[-99.6339,34.3788],[-99.6397,34.3799],[-99.6465,34.3825],[-99.6481,34.3823],[-99.6497,34.3799],[-99.6542,34.3765],[-99.6627,34.3737],[-99.666,34.3742],[-99.6694,34.3757],[-99.6714,34.3777],[-99.6783,34.3798],[-99.6945,34.3782],[-99.7004,34.3847],[-99.704,34.386],[-99.7067,34.386],[-99.71,34.3897],[-99.7127,34.3909],[-99.7148,34.3945],[-99.7142,34.3978],[-99.7151,34.4008],[-99.7203,34.4063],[-99.7243,34.4079],[-99.727,34.4106],[-99.7409,34.4148],[-99.7431,34.4173],[-99.7467,34.4174],[-99.7488,34.4198],[-99.7534,34.4209],[-99.7596,34.4267],[-99.7672,34.4305],[-99.7676,34.4319],[-99.7653,34.4344],[-99.765,34.437],[-99.7727,34.4413],[-99.7757,34.4442],[-99.783,34.4444],[-99.7861,34.4511],[-99.7898,34.4517],[-99.7937,34.4539],[-99.8011,34.4623],[-99.8029,34.4657],[-99.8143,34.4762],[-99.8158,34.4807],[-99.8187,34.485],[-99.8168,34.4902],[-99.8218,34.4978],[-99.8253,34.4976],[-99.8329,34.5001],[-99.8531,34.5116],[-99.8565,34.5157],[-99.8649,34.523],[-99.8677,34.5272],[-99.869,34.5276],[-99.877,34.5401],[-99.8809,34.5422],[-99.8848,34.547],[-99.8938,34.5542],[-99.896,34.5555],[-99.8989,34.5558],[-99.9035,34.5584],[-99.9218,34.5703],[-99.9232,34.5746],[-99.9293,34.5767],[-99.9343,34.5768],[-99.9447,34.5791],[-99.9538,34.5785],[-99.9567,34.5765],[-99.9575,34.5727],[-99.9589,34.5713],[-99.9656,34.5658],[-99.9697,34.5645],[-99.9716,34.5622],[-99.9859,34.5601],[-99.9907,34.5602],[-99.9924,34.5594],[-99.9961,34.5607],[-100.0003,34.5605],[-100.0004,35.0388],[-100.0004,35.3381],[-99.9996,35.5004],[-100.0004,35.5191],[-100.0004,35.6925],[-100.0004,35.9952],[-100.0004,36.25],[-100.0004,36.4997],[-100.3242,36.5],[-100.3345,36.4994],[-100.707,36.4995],[-100.977,36.4999],[-101.099,36.4991],[-101.4672,36.4994],[-101.8265,36.4995],[-102.0323,36.5006],[-102.2763,36.5004],[-102.6255,36.5004],[-103.0417,36.5004],[-103.041,36.0908],[-103.0409,35.8961],[-103.0417,35.6233],[-103.0425,35.1919],[-103.043,34.7474],[-102.7505,34.7475],[-102.3709,34.746],[-102.2276,34.7472],[-102.1688,34.7466],[-102.1688,34.7474],[-101.9562,34.7483],[-101.7368,34.7475],[-101.4716,34.7475],[-101.472,34.4928],[-101.4716,34.3123],[-101.0415,34.3124],[-101.0414,33.8751],[-101.0397,33.6081],[-101.0388,33.3972],[-100.6254,33.3991],[-100.4706,33.3976],[-100.2957,33.397],[-100.2443,33.3981],[-100.0007,33.3973],[-99.4853,33.3991],[-98.9539,33.3975],[-98.7503,33.3957],[-98.6231,33.3954],[-98.4207,33.3962],[-98.4214,33.4668],[-98.1287,33.4662],[-97.9789,33.4671],[-97.979,33.4337],[-97.9182,33.4339],[-97.9192,33.3219],[-97.9187,33.2502],[-97.9204,33.0993]]]},"properties":{"STATEFP":"48","CD118FP":"13","GEOID":"4813","GEOIDFQ":"5001800US4813","NAMELSAD":"Congressional District 13","LSAD":"C2","CDSESSN":"118","MTFCC":"G5200","FUNCSTAT":"N","ALAND":90919655420,"AWATER":664759205,"INTPTLAT":"+34.9281693","INTPTLON":"-100.7089677"}},
{"type":"Feature","geometry":{"type":"Polygon","coordinates":[[[-97.4913,30.2121],[-97.4863,30.2205],[-97.49,30.2221],[-97.4911,30.2243],[-97.4965,30.2161],[-97.5014,30.2192],[-97.506,30.2205],[-97.5066,30.221],[-97.5051,30.2222],[-97.5079,30.2221],[-97.5144,30.2268],[-97.519,30.2351],[-97.5201,30.2343],[-97.5194,30.2315],[-97.5218,30.2341],[-97.5261,30.2344],[-97.5267,30.2362],[-97.5249,30.2384],[-97.5286,30.2428],[-97.5275,30.2437],[-97.5257,30.2432],[-97.5243,30.247],[-97.5216,30.2478],[-97.5268,30.2514],[-97.5349,30.2539],[-97.5443,30.2544],[-97.5475,30.2535],[-97.5546,30.2561],[-97.5547,30.2569],[-97.5324,30.2926],[-97.5298,30.2997],[-97.5266,30.3037],[-97.5225,30.3042],[-97.5205,30.3066],[-97.5174,30.3063],[-97.5138,30.3087],[-97.5097,30.3068],[-97.5075,30.3077],[-97.4936,30.3009],[-97.492,30.3009],[-97.4773,30.3236],[-97.4861,30.326],[-97.4846,30.331],[-97.485,30.3328],[-97.487,30.3333],[-97.4879,30.3369],[-97.4894,30.3366],[-97.4891,30.3378],[-97.4913,30.3385],[-97.492,30.3409],[-97.4935,30.3414],[-97.4941,30.3454],[-97.4962,30.3463],[-97.4968,30.3481],[-97.4978,30.3481],[-97.4968,30.3491],[-97.4978,30.35],[-97.4971,30.3525],[-97.5012,30.3542],[-97.5015,30.3549],[-97.5003,30.3553],[-97.5001,30.357],[-97.5018,30.3592],[-97.5036,30.3594],[-97.503,30.3612],[-97.5067,30.3638],[-97.5066,30.3651],[-97.5052,30.3649],[-97.5048,30.3656],[-97.5058,30.3663],[-97.5059,30.3696],[-97.5077,30.371],[-97.5083,30.3727],[-97.5093,30.3724],[-97.5094,30.3735],[-97.5084,30.3744],[-97.5097,30.3757],[-97.5089,30.3784],[-97.5102,30.3813],[-97.512,30.382],[-97.5121,30.3836],[-97.5142,30.3845],[-97.5224,30.3857],[-97.5166,30.3959],[-97.5197,30.398],[-97.5252,30.3998],[-97.5414,30.4075],[-97.5461,30.4009],[-97.5609,30.4079],[-97.5609,30.4097],[-97.5761,30.417],[-97.5762,30.418],[-97.5956,30.4268],[-97.6003,30.43],[-97.6105,30.435],[-97.6102,30.4339],[-97.6066,30.4323],[-97.6078,30.4321],[-97.6083,30.4287],[-97.6068,30.4281],[-97.6094,30.4233],[-97.6162,30.4262],[-97.6205,30.4193],[-97.6284,30.4056],[-97.6318,30.4068],[-97.6351,30.402],[-97.6385,30.4037],[-97.6466,30.3912],[-97.65,30.3839],[-97.654,30.3796],[-97.6582,30.3778],[-97.6613,30.3748],[-97.6658,30.3725],[-97.6667,30.3729],[-97.6675,30.3715],[-97.6689,30.3674],[-97.6686,30.3625],[-97.6761,30.3507],[-97.6784,30.344],[-97.6762,30.3371],[-97.675,30.3362],[-97.6688,30.335],[-97.668,30.3313],[-97.6659,30.3277],[-97.6717,30.3263],[-97.6732,30.3257],[-97.6724,30.3251],[-97.6805,30.3228],[-97.679,30.3208],[-97.6816,30.3161],[-97.6809,30.3148],[-97.6708,30.3085],[-97.6795,30.3073],[-97.6859,30.3002],[-97.6892,30.2946],[-97.6893,30.2916],[-97.6904,30.2899],[-97.6967,30.2899],[-97.7013,30.2875],[-97.705,30.2892],[-97.7074,30.2892],[-97.7065,30.2862],[-97.7142,30.2851],[-97.7144,30.2862],[-97.7197,30.2881],[-97.7218,30.2854],[-97.7233,30.2861],[-97.7229,30.2872],[-97.7239,30.2877],[-97.729,30.2807],[-97.7372,30.2588],[-97.735,30.2459],[-97.7355,30.2436],[-97.7565,30.2082],[-97.7705,30.1905],[-97.7874,30.1652],[-97.8044,30.1192],[-97.8139,30.0992],[-97.8155,30.0958],[-97.8198,30.095],[-97.8219,30.0922],[-97.822,30.0888],[-97.8272,30.0881],[-97.8268,30.0856],[-97.8284,30.0822],[-97.8244,30.0795],[-97.8254,30.0771],[-97.8402,30.077],[-97.8403,30.0812],[-97.8434,30.0808],[-97.8445,30.0789],[-97.848,30.0785],[-97.8566,30.0716],[-97.8568,30.0604],[-97.8577,30.0587],[-97.862,30.0565],[-97.8681,30.0506],[-97.8793,30.05],[-97.8838,30.0458],[-97.8896,30.0279],[-97.8895,30.0188],[-97.8917,30.0123],[-97.8901,30.0105],[-97.8831,29.9896],[-97.8812,29.9894],[-97.8815,29.9876],[-97.8837,29.9864],[-97.8813,29.9844],[-97.8792,29.9851],[-97.8776,29.9838],[-97.8783,29.9831],[-97.8791,29.9839],[-97.8797,29.9834],[-97.8793,29.9815],[-97.8842,29.9818],[-97.8875,29.9788],[-97.8815,29.9737],[-97.8822,29.9724],[-97.8757,29.967],[-97.8805,29.9473],[-97.8845,29.9505],[-97.8955,29.937],[-97.8979,29.9366],[-97.9018,29.9331],[-97.9058,29.9267],[-97.9061,29.9201],[-97.9119,29.9149],[-97.9116,29.9059],[-97.9239,29.8947],[-97.9271,29.8969],[-97.9291,29.8952],[-97.9303,29.8954],[-97.9356,29.8901],[-97.9367,29.8905],[-97.9365,29.8916],[-97.9374,29.8922],[-97.9387,29.8918],[-97.9383,29.891],[-97.9444,29.8923],[-97.9501,29.8891],[-97.9536,29.8919],[-97.9555,29.8902],[-97.962,29.8957],[-97.9729,29.8988],[-97.9802,29.8993],[-97.9838,29.9003],[-97.9853,29.8999],[-97.979,29.8859],[-97.971,29.8801],[-97.9713,29.8794],[-97.9674,29.8762],[-97.9684,29.8752],[-97.9651,29.8723],[-97.963,29.8726],[-97.9702,29.8662],[-97.9707,29.8666],[-97.9723,29.8655],[-97.9719,29.8647],[-97.9774,29.8596],[-97.9738,29.8566],[-97.9746,29.8552],[-97.9737,29.8545],[-97.9721,29.8548],[-97.9727,29.8535],[-97.9912,29.8355],[-97.9995,29.8295],[-98.0187,29.8122],[-98.0152,29.8015],[-98.0296,29.7869],[-98.0596,29.7453],[-98.0854,29.7229],[-98.0894,29.7144],[-98.0913,29.705],[-98.0953,29.699],[-98.1002,29.6959],[-98.1259,29.6853],[-98.1384,29.6832],[-98.1503,29.6653],[-98.1682,29.6579],[-98.1696,29.6628],[-98.1822,29.6576],[-98.2115,29.6394],[-98.2165,29.6473],[-98.221,29.645],[-98.2491,29.6358],[-98.2836,29.6161],[-98.3304,29.594],[-98.3418,29.5858],[-98.3384,29.5807],[-98.3446,29.5775],[-98.3475,29.5721],[-98.3499,29.571],[-98.3644,29.5681],[-98.3797,29.5555],[-98.3758,29.5494],[-98.3713,29.5486],[-98.3669,29.5428],[-98.3577,29.5501],[-98.3566,29.5482],[-98.357,29.5458],[-98.3544,29.5439],[-98.355,29.5433],[-98.3565,29.5442],[-98.3564,29.542],[-98.3552,29.541],[-98.3611,29.5372],[-98.3596,29.5357],[-98.3661,29.5307],[-98.3693,29.5306],[-98.3696,29.5173],[-98.3717,29.5146],[-98.3716,29.5104],[-98.3971,29.5103],[-98.3952,29.5176],[-98.3914,29.5234],[-98.3901,29.5243],[-98.3864,29.523],[-98.3813,29.523],[-98.3813,29.5304],[-98.3825,29.5304],[-98.3813,29.5313],[-98.3791,29.5313],[-98.3792,29.5418],[-98.3863,29.5418],[-98.3838,29.5488],[-98.3901,29.5489],[-98.3931,29.5479],[-98.3943,29.5466],[-98.4004,29.5489],[-98.3999,29.5495],[-98.4016,29.5508],[-98.3996,29.5528],[-98.4019,29.5546],[-98.4173,29.5446],[-98.4274,29.5353],[-98.4229,29.525],[-98.4228,29.5161],[-98.4177,29.5161],[-98.4163,29.5103],[-98.4152,29.5099],[-98.416,29.5083],[-98.4154,29.5063],[-98.4212,29.5004],[-98.425,29.4979],[-98.4421,29.4898],[-98.4422,29.4847],[-98.4205,29.4849],[-98.4201,29.4812],[-98.4177,29.4812],[-98.4176,29.4784],[-98.4102,29.4782],[-98.4104,29.4758],[-98.4143,29.4694],[-98.4143,29.4661],[-98.4096,29.4661],[-98.409,29.4653],[-98.414,29.4564],[-98.428,29.4564],[-98.4303,29.455],[-98.4346,29.4503],[-98.4411,29.4409],[-98.4466,29.4396],[-98.4466,29.4425],[-98.445,29.4423],[-98.4462,29.4446],[-98.455,29.4449],[-98.455,29.4416],[-98.4609,29.4416],[-98.4609,29.4432],[-98.4703,29.4432],[-98.4703,29.4447],[-98.4744,29.4448],[-98.4724,29.4458],[-98.4738,29.4472],[-98.4695,29.4472],[-98.4704,29.4507],[-98.4725,29.4506],[-98.4724,29.4517],[-98.467,29.4517],[-98.467,29.4547],[-98.4566,29.4546],[-98.4551,29.461],[-98.4677,29.4614],[-98.4666,29.4632],[-98.4677,29.4637],[-98.4683,29.4653],[-98.4674,29.4683],[-98.4742,29.4735],[-98.4768,29.4709],[-98.4739,29.4666],[-98.4742,29.4648],[-98.4758,29.4633],[-98.4791,29.4641],[-98.4791,29.4665],[-98.487,29.4665],[-98.487,29.4682],[-98.4923,29.4682],[-98.4922,29.4803],[-98.49,29.4843],[-98.4922,29.4853],[-98.4939,29.4872],[-98.4993,29.4862],[-98.4993,29.4776],[-98.5078,29.4779],[-98.5078,29.476],[-98.5174,29.476],[-98.5159,29.4716],[-98.5158,29.4664],[-98.526,29.4665],[-98.526,29.4646],[-98.5251,29.4636],[-98.5271,29.4638],[-98.528,29.4564],[-98.5392,29.4571],[-98.5393,29.4541],[-98.5371,29.4539],[-98.5372,29.4529],[-98.5394,29.4531],[-98.5401,29.4477],[-98.539,29.4476],[-98.5391,29.4465],[-98.5403,29.4466],[-98.5406,29.4457],[-98.543,29.4255],[-98.5388,29.4251],[-98.5401,29.4145],[-98.5379,29.4143],[-98.5394,29.4024],[-98.5251,29.3969],[-98.5156,29.3961],[-98.4959,29.3962],[-98.4903,29.3953],[-98.4878,29.3995],[-98.4863,29.3993],[-98.4852,29.4025],[-98.4811,29.4023],[-98.4799,29.4086],[-98.4805,29.419],[-98.4829,29.4217],[-98.4878,29.423],[-98.488,29.4266],[-98.4872,29.4287],[-98.4852,29.4304],[-98.4792,29.4264],[-98.4718,29.4263],[-98.4703,29.4251],[-98.4689,29.4257],[-98.4685,29.425],[-98.4349,29.425],[-98.4307,29.4242],[-98.4119,29.4248],[-98.3894,29.4234],[-98.3902,29.4359],[-98.3193,29.4583],[-98.2886,29.4665],[-98.2237,29.4881],[-98.2447,29.5199],[-98.2462,29.5237],[-98.252,29.5207],[-98.2552,29.5206],[-98.2885,29.5038],[-98.2875,29.5106],[-98.288,29.513],[-98.3013,29.5342],[-98.3118,29.5214],[-98.3131,29.5192],[-98.3119,29.5177],[-98.3106,29.5183],[-98.3101,29.5175],[-98.3127,29.5162],[-98.3137,29.5176],[-98.3154,29.5174],[-98.318,29.5159],[-98.3338,29.5109],[-98.3335,29.5139],[-98.3458,29.517],[-98.3466,29.5217],[-98.3448,29.5225],[-98.3458,29.5252],[-98.3529,29.5304],[-98.3371,29.5386],[-98.3484,29.5552],[-98.3221,29.5767],[-98.3118,29.5805],[-98.3041,29.5847],[-98.3117,29.5901],[-98.3109,29.5945],[-98.2425,29.6214],[-98.2019,29.6363],[-98.0909,29.6832],[-97.9992,29.7525],[-97.9436,29.8069],[-97.8753,29.8582],[-97.8745,29.8596],[-97.8753,29.8603],[-97.881,29.8608],[-97.8843,29.8625],[-97.886,29.8623],[-97.8879,29.8578],[-97.8896,29.8564],[-97.8991,29.8574],[-97.8969,29.865],[-97.8939,29.8837],[-97.8502,29.9154],[-97.8368,29.9222],[-97.8274,29.9291],[-97.8174,29.9347],[-97.8035,29.9412],[-97.7924,29.9452],[-97.7903,29.9478],[-97.7878,29.9548],[-97.7856,29.9573],[-97.7769,29.9635],[-97.7747,29.9675],[-97.7648,29.9798],[-97.7607,29.9881],[-97.7532,29.994],[-97.7492,29.9959],[-97.7468,29.9958],[-97.7078,30.0241],[-97.6537,30.0716],[-97.6494,30.0679],[-97.6392,30.0783],[-97.6142,30.1005],[-97.6095,30.1037],[-97.5189,30.1859],[-97.4925,30.21],[-97.4913,30.2121]]]},"properties":{"STATEFP":"48","CD118FP":"35","GEOID":"4835","GEOIDFQ":"5001800US4835","NAMELSAD":"Congressional District 35","LSAD":"C2","CDSESSN":"118","MTFCC":"G5200","FUNCSTAT":"N","ALAND":1348685093,"AWATER":17463615,"INTPTLAT":"+30.0078722","INTPTLON":"-097.8392996"}},
{"type":"Feature","geometry":{"type":"Polygon","coordinates":[[[-95.4956,28.7648],[-95.4201,28.8056],[-95.4017,28.8059],[-95.3942,28.807],[-95.378,28.8103],[-95.3654,28.8138],[-95.3403,28.8233],[-95.3305,28.8283],[-95.3229,28.8337],[-95.315,28.8429],[-95.3102,28.851],[-95.3081,28.8588],[-95.2908,28.8716],[-95.2528,28.8926],[-95.2272,28.9104],[-95.2064,28.9267],[-95.1808,28.9489],[-95.1395,28.9917],[-95.1258,29.003],[-95.1151,29.0086],[-95.1065,29.0149],[-95.0938,29.0333],[-95.089,29.048],[-95.0873,29.058],[-95.0916,29.0627],[-95.0884,29.0652],[-95.0864,29.0682],[-95.0002,29.1045],[-94.9637,29.1252],[-94.9122,29.1593],[-94.8402,29.1983],[-94.7727,29.2317],[-94.7507,29.2469],[-94.7412,29.2596],[-94.7133,29.2825],[-94.6923,29.2771],[-94.6803,29.2776],[-94.6662,29.281],[-94.6596,29.2851],[-94.6504,29.2919],[-94.6424,29.3001],[-94.629,29.3216],[-94.6242,29.3352],[-94.6239,29.3431],[-94.6252,29.3495],[-94.6286,29.3583],[-94.636,29.3706],[-94.6436,29.3785],[-94.6503,29.3828],[-94.6252,29.3977],[-94.4995,29.4523],[-94.4192,29.4835],[-94.3752,29.5001],[-94.3704,29.5002],[-94.2502,29.5476],[-94.2502,29.5468],[-94.1252,29.5956],[-94.0336,29.625],[-93.906,29.625],[-93.875,29.6214],[-93.8665,29.6118],[-93.858,29.6051],[-93.8486,29.6003],[-93.8365,29.5968],[-93.8258,29.5958],[-93.8144,29.5966],[-93.8287,29.6595],[-93.8342,29.6811],[-93.8374,29.6899],[-93.8632,29.7241],[-93.87,29.7355],[-93.8739,29.7378],[-93.8888,29.7422],[-93.8914,29.7443],[-93.8928,29.7471],[-93.8938,29.753],[-93.8908,29.7609],[-93.8922,29.7652],[-93.8985,29.7716],[-93.9224,29.785],[-93.9265,29.7896],[-93.9288,29.7971],[-93.9292,29.803],[-93.928,29.8096],[-93.9257,29.8147],[-93.9227,29.8188],[-93.9164,29.825],[-93.8956,29.8402],[-93.8862,29.8457],[-93.8724,29.8517],[-93.8636,29.8572],[-93.8551,29.8641],[-93.8384,29.8829],[-93.8304,29.8944],[-93.8173,29.9184],[-93.8137,29.9351],[-93.8078,29.9545],[-93.8036,29.9623],[-93.7944,29.9748],[-93.7886,29.9888],[-93.7852,29.992],[-93.7808,29.9943],[-93.7706,29.9965],[-93.7672,30.0034],[-93.7566,30.0142],[-93.744,30.0195],[-93.7411,30.0216],[-93.7397,30.024],[-93.7392,30.0326],[-93.7374,30.0373],[-93.7208,30.053],[-93.7197,30.0561],[-93.7195,30.0638],[-93.7179,30.0656],[-93.7155,30.0666],[-93.7138,30.0657],[-93.7111,30.0544],[-93.7043,30.0542],[-93.6999,30.0576],[-93.6994,30.0603],[-93.7006,30.0637],[-93.7031,30.0663],[-93.717,30.0696],[-93.7259,30.0785],[-93.7325,30.0826],[-93.7341,30.0861],[-93.7331,30.0884],[-93.7311,30.0895],[-93.7269,30.0823],[-93.724,30.0826],[-93.7229,30.0861],[-93.7238,30.0941],[-93.7155,30.1005],[-93.7123,30.109],[-93.7043,30.1107],[-93.7024,30.1127],[-93.7034,30.1172],[-93.708,30.12],[-93.7069,30.1216],[-93.7026,30.1218],[-93.7009,30.1231],[-93.702,30.13],[-93.7012,30.1375],[-93.6999,30.1386],[-93.6983,30.1386],[-93.695,30.1352],[-93.6928,30.1352],[-93.6882,30.1414],[-93.6919,30.1411],[-93.6933,30.1419],[-93.6963,30.1516],[-93.6977,30.1529],[-93.7015,30.152],[-93.7038,30.1492],[-93.7065,30.1474],[-93.7095,30.1467],[-93.7062,30.1506],[-93.707,30.1575],[-93.703,30.1612],[-93.7022,30.1651],[-93.7008,30.1662],[-93.7027,30.1678],[-93.703,30.1717],[-93.7,30.1755],[-93.7012,30.1758],[-93.7026,30.1744],[-93.7042,30.1742],[-93.7065,30.177],[-93.7056,30.1806],[-93.708,30.1793],[-93.7107,30.1799],[-93.7088,30.1864],[-93.7095,30.1869],[-93.7114,30.1862],[-93.7124,30.1872],[-93.7126,30.1925],[-93.709,30.191],[-93.7057,30.1918],[-93.7055,30.1929],[-93.706,30.194],[-93.7079,30.1945],[-93.7091,30.1972],[-93.7106,30.1965],[-93.7132,30.1932],[-93.7175,30.1931],[-93.7176,30.1949],[-93.7148,30.1974],[-93.7179,30.2007],[-93.7164,30.2026],[-93.7146,30.2024],[-93.7142,30.2087],[-93.7155,30.2089],[-93.7174,30.2062],[-93.7212,30.2092],[-93.721,30.2104],[-93.7177,30.211],[-93.7171,30.212],[-93.7196,30.2148],[-93.717,30.2161],[-93.7202,30.2154],[-93.7199,30.2149],[-93.7207,30.2155],[-93.719,30.2194],[-93.7161,30.2209],[-93.7131,30.2186],[-93.7112,30.2221],[-93.7112,30.223],[-93.7136,30.2247],[-93.712,30.227],[-93.7095,30.2278],[-93.7119,30.2291],[-93.7135,30.2289],[-93.7114,30.2316],[-93.7111,30.2352],[-93.7097,30.2355],[-93.7095,30.2335],[-93.7045,30.2338],[-93.706,30.2362],[-93.7082,30.236],[-93.7096,30.2378],[-93.7078,30.2396],[-93.7042,30.238],[-93.7031,30.2385],[-93.7042,30.2414],[-93.707,30.2437],[-93.7164,30.2443],[-93.9015,30.2427],[-94.1176,30.2417],[-94.1163,30.2385],[-94.1178,30.2346],[-94.1163,30.2284],[-94.1175,30.2252],[-94.1155,30.2215],[-94.1178,30.2159],[-94.1136,30.2163],[-94.1108,30.2137],[-94.105,30.2108],[-94.1029,30.2116],[-94.1045,30.2132],[-94.1036,30.2138],[-94.1019,30.2101],[-94.0952,30.2033],[-94.0934,30.2033],[-94.0927,30.2062],[-94.0912,30.2046],[-94.0942,30.2004],[-94.0912,30.1989],[-94.0918,30.1973],[-94.0936,30.1966],[-94.0951,30.197],[-94.0959,30.199],[-94.0972,30.1993],[-94.0982,30.1985],[-94.0978,30.1956],[-94.0994,30.1928],[-94.0969,30.1895],[-94.0979,30.1884],[-94.1,30.1883],[-94.1015,30.1905],[-94.105,30.1931],[-94.1065,30.1932],[-94.1075,30.192],[-94.105,30.1896],[-94.1053,30.1875],[-94.1068,30.1873],[-94.1095,30.1887],[-94.111,30.1867],[-94.112,30.1765],[-94.1124,30.1752],[-94.1149,30.1732],[-94.1104,30.1679],[-94.1103,30.1657],[-94.1109,30.1648],[-94.1137,30.164],[-94.1145,30.1615],[-94.1159,30.1603],[-94.1136,30.1551],[-94.1135,30.1483],[-94.1098,30.1458],[-94.1035,30.1451],[-94.1009,30.143],[-94.1011,30.1407],[-94.1027,30.1391],[-94.1084,30.1379],[-94.1091,30.1367],[-94.1081,30.1354],[-94.1056,30.1349],[-94.1013,30.1365],[-94.0986,30.1362],[-94.0927,30.1314],[-94.0872,30.1308],[-94.0796,30.1271],[-94.0784,30.1222],[-94.0743,30.1165],[-94.0737,30.1141],[-94.0744,30.1121],[-94.077,30.1096],[-94.0787,30.1061],[-94.0812,30.1043],[-94.0873,30.1049],[-94.0873,30.1028],[-94.091,30.0947],[-94.0942,30.091],[-94.0926,30.09],[-94.0893,30.0916],[-94.0873,30.0912],[-94.0864,30.089],[-94.0879,30.0874],[-94.094,30.0863],[-94.0969,30.0868],[-94.0972,30.0876],[-94.102,30.0881],[-94.102,30.0861],[-94.1042,30.0861],[-94.1042,30.0851],[-94.1018,30.085],[-94.0999,30.0833],[-94.106,30.0787],[-94.1084,30.0811],[-94.1154,30.079],[-94.1157,30.0674],[-94.1178,30.0674],[-94.1179,30.0638],[-94.1179,30.0618],[-94.1156,30.0618],[-94.1155,30.0579],[-94.1246,30.0577],[-94.1247,30.0617],[-94.1293,30.0616],[-94.1294,30.0683],[-94.1347,30.0682],[-94.1353,30.0751],[-94.1555,30.0724],[-94.1553,30.0738],[-94.149,30.0739],[-94.149,30.0764],[-94.1432,30.0765],[-94.1433,30.0854],[-94.1495,30.0863],[-94.1496,30.0933],[-94.1658,30.093],[-94.1708,30.0914],[-94.19,30.0912],[-94.1898,30.0766],[-94.2116,30.0765],[-94.2081,30.0608],[-94.2057,30.0574],[-94.2083,30.0574],[-94.2083,30.0536],[-94.2064,30.0536],[-94.2064,30.0501],[-94.2006,30.0502],[-94.1992,30.0481],[-94.197,30.0384],[-94.1893,30.0384],[-94.1892,30.0238],[-94.2223,30.0237],[-94.2221,30.0093],[-94.2161,30.0018],[-94.2167,29.9921],[-94.2039,29.9828],[-94.2272,29.9596],[-94.251,29.9261],[-94.2628,29.9308],[-94.2688,29.9316],[-94.3229,29.8876],[-94.3291,29.8893],[-94.3355,29.89],[-94.3405,29.8923],[-94.352,29.89],[-94.356,29.8906],[-94.3578,29.8899],[-94.3539,29.6115],[-94.3656,29.6048],[-94.3656,29.6174],[-94.3795,29.617],[-94.3885,29.5957],[-94.3893,29.5959],[-94.3897,29.5948],[-94.3923,29.5956],[-94.3936,29.595],[-94.3943,29.5963],[-94.3981,29.5968],[-94.3991,29.5961],[-94.3985,29.5946],[-94.3997,29.5946],[-94.4009,29.5959],[-94.4038,29.5962],[-94.4065,29.5983],[-94.4081,29.5965],[-94.4087,29.5975],[-94.4094,29.5972],[-94.4097,29.5946],[-94.4132,29.5924],[-94.4138,29.59],[-94.4168,29.5925],[-94.4176,29.5924],[-94.4192,29.5892],[-94.4192,29.5864],[-94.4156,29.5861],[-94.4146,29.5876],[-94.4138,29.5869],[-94.4138,29.5854],[-94.4166,29.5852],[-94.4169,29.5846],[-94.4142,29.5825],[-94.4158,29.5816],[-94.4127,29.5809],[-94.4168,29.5791],[-94.4173,29.5781],[-94.416,29.5773],[-94.4142,29.5776],[-94.4124,29.5734],[-94.4137,29.5724],[-94.4157,29.5728],[-94.4178,29.5693],[-94.4217,29.5697],[-94.4226,29.5663],[-94.427,29.5669],[-94.4287,29.565],[-94.4312,29.5646],[-94.4342,29.5653],[-94.4362,29.5643],[-94.4393,29.5654],[-94.4431,29.5623],[-94.4487,29.564],[-94.4581,29.561],[-94.4631,29.5607],[-94.4701,29.557],[-94.4725,29.5572],[-94.4746,29.5583],[-94.4813,29.5545],[-94.4866,29.5538],[-94.4955,29.55],[-94.4988,29.5445],[-94.5091,29.5434],[-94.5215,29.5408],[-94.5236,29.5412],[-94.5222,29.5473],[-94.5235,29.5517],[-94.5248,29.5526],[-94.5251,29.5516],[-94.5292,29.5566],[-94.5368,29.5608],[-94.5398,29.5641],[-94.5416,29.5686],[-94.5453,29.5721],[-94.5527,29.5743],[-94.5627,29.5743],[-94.567,29.5731],[-94.5702,29.5732],[-94.5707,29.5718],[-94.5841,29.5655],[-94.593,29.5623],[-94.5976,29.5621],[-94.6015,29.5594],[-94.6175,29.5548],[-94.6246,29.5533],[-94.6275,29.5534],[-94.6379,29.5502],[-94.6516,29.5481],[-94.6527,29.5486],[-94.6567,29.5478],[-94.6585,29.5466],[-94.6618,29.5466],[-94.6668,29.5438],[-94.6787,29.5412],[-94.6863,29.5383],[-94.7001,29.5378],[-94.7021,29.5388],[-94.7063,29.5376],[-94.7122,29.5372],[-94.7167,29.5342],[-94.7201,29.5343],[-94.7409,29.5267],[-94.7468,29.5277],[-94.7525,29.5253],[-94.7549,29.5256],[-94.7558,29.5245],[-94.7624,29.5241],[-94.7713,29.5264],[-94.7795,29.5303],[-94.7817,29.534],[-94.7841,29.5361],[-94.7845,29.5395],[-94.7867,29.5412],[-94.7866,29.543],[-94.7899,29.5468],[-94.7916,29.5504],[-94.7932,29.5511],[-94.8042,29.5449],[-94.815,29.5278],[-94.8187,29.5237],[-94.8252,29.5191],[-94.8281,29.5178],[-94.8334,29.5169],[-94.8579,29.5168],[-94.8752,29.5147],[-94.8921,29.5082],[-94.9098,29.4964],[-94.9115,29.4962],[-94.9214,29.4978],[-94.9543,29.506],[-94.9674,29.5085],[-94.9827,29.5135],[-94.9925,29.5183],[-95.0031,29.5261],[-95.0093,29.5345],[-95.0146,29.5389],[-95.0167,29.546],[-95.0166,29.5524],[-95.0182,29.5546],[-95.0205,29.5534],[-95.0209,29.5524],[-95.0174,29.5497],[-95.0175,29.5485],[-95.0232,29.5495],[-95.0285,29.5474],[-95.0296,29.5522],[-95.0329,29.5522],[-95.0419,29.5546],[-95.0501,29.5585],[-95.0586,29.5591],[-95.0648,29.5588],[-95.0683,29.5575],[-95.072,29.5493],[-95.0807,29.5462],[-95.0791,29.5429],[-95.0804,29.541],[-95.0787,29.5378],[-95.0796,29.5344],[-95.0834,29.534],[-95.0859,29.5348],[-95.0876,29.5324],[-95.09,29.5311],[-95.091,29.5318],[-95.0911,29.5333],[-95.0932,29.535],[-95.0952,29.5355],[-95.0964,29.5351],[-95.0969,29.5335],[-95.0939,29.5267],[-95.094,29.524],[-95.0974,29.5204],[-95.0981,29.5183],[-95.0993,29.5186],[-95.1013,29.5213],[-95.1032,29.5209],[-95.1031,29.5183],[-95.1062,29.5166],[-95.104,29.5126],[-95.1043,29.5107],[-95.1083,29.5096],[-95.1131,29.5108],[-95.1187,29.5069],[-95.1214,29.5102],[-95.1251,29.5103],[-95.1283,29.5088],[-95.1296,29.5051],[-95.1316,29.5052],[-95.1339,29.5064],[-95.1417,29.5064],[-95.1449,29.5026],[-95.1473,29.5019],[-95.1489,29.4987],[-95.1502,29.4985],[-95.1522,29.5004],[-95.1567,29.4982],[-95.1619,29.4973],[-95.1643,29.4985],[-95.1631,29.5001],[-95.1633,29.5019],[-95.1671,29.5024],[-95.1673,29.5058],[-95.1709,29.5075],[-95.1711,29.51],[-95.1681,29.511],[-95.1675,29.5125],[-95.17,29.515],[-95.1721,29.5142],[-95.1741,29.5149],[-95.1736,29.5168],[-95.1747,29.5182],[-95.1766,29.5168],[-95.1787,29.5175],[-95.1795,29.5199],[-95.1803,29.5198],[-95.1801,29.5184],[-95.1831,29.5191],[-95.1828,29.5203],[-95.1842,29.5204],[-95.1852,29.5216],[-95.1846,29.5231],[-95.1878,29.5243],[-95.1867,29.5255],[-95.1869,29.5274],[-95.1899,29.5273],[-95.1875,29.5281],[-95.1906,29.5305],[-95.1875,29.5337],[-95.1885,29.5342],[-95.1883,29.5355],[-95.1942,29.5367],[-95.1945,29.5383],[-95.1921,29.5387],[-95.193,29.5394],[-95.1922,29.5404],[-95.1926,29.5413],[-95.1946,29.5412],[-95.1941,29.5431],[-95.1954,29.5438],[-95.1957,29.5424],[-95.1977,29.5421],[-95.1995,29.5445],[-95.1973,29.549],[-95.2,29.5526],[-95.1976,29.5574],[-95.1968,29.5569],[-95.1956,29.5576],[-95.1945,29.556],[-95.1949,29.5572],[-95.1936,29.5576],[-95.1934,29.5599],[-95.1952,29.5595],[-95.1969,29.5602],[-95.196,29.5586],[-95.1992,29.5587],[-95.199,29.5597],[-95.2001,29.5605],[-95.1991,29.5612],[-95.2006,29.5616],[-95.2,29.5626],[-95.2011,29.5632],[-95.2012,29.5615],[-95.2028,29.5613],[-95.2024,29.5606],[-95.2041,29.5582],[-95.2057,29.5593],[-95.2057,29.5577],[-95.2077,29.5578],[-95.2067,29.5589],[-95.2087,29.5599],[-95.2103,29.5584],[-95.2114,29.5592],[-95.2136,29.5586],[-95.2127,29.558],[-95.2137,29.557],[-95.213,29.5572],[-95.2128,29.5562],[-95.2132,29.5558],[-95.2142,29.5563],[-95.2141,29.5552],[-95.2147,29.5559],[-95.2158,29.555],[-95.2163,29.5558],[-95.2331,29.4656],[-95.1922,29.4044],[-95.1922,29.3999],[-95.1947,29.3999],[-95.1951,29.3988],[-95.2026,29.399],[-95.2136,29.3957],[-95.2178,29.406],[-95.2216,29.4048],[-95.2238,29.4099],[-95.2264,29.4097],[-95.2264,29.4079],[-95.2288,29.4075],[-95.2258,29.4062],[-95.2326,29.4041],[-95.2249,29.3852],[-95.233,29.3827],[-95.2361,29.3899],[-95.2402,29.3879],[-95.2423,29.3913],[-95.2501,29.3876],[-95.2481,29.3842],[-95.2535,29.3817],[-95.2515,29.3996],[-95.2568,29.3976],[-95.2637,29.3987],[-95.2626,29.4],[-95.2655,29.4046],[-95.262,29.4062],[-95.263,29.4079],[-95.2746,29.4024],[-95.2706,29.3959],[-95.2728,29.3949],[-95.2735,29.396],[-95.2743,29.3957],[-95.2737,29.3944],[-95.3619,29.3528],[-95.4227,29.3518],[-95.4222,29.3483],[-95.4199,29.3457],[-95.4182,29.3398],[-95.4219,29.3316],[-95.422,29.3231],[-95.4206,29.3173],[-95.4255,29.3176],[-95.4259,29.3342],[-95.4401,29.3337],[-95.4398,29.3206],[-95.4476,29.3205],[-95.4478,29.3261],[-95.4522,29.326],[-95.4575,29.3408],[-95.4631,29.3406],[-95.4688,29.3312],[-95.4934,29.3288],[-95.4935,29.3349],[-95.4998,29.3349],[-95.4999,29.3388],[-95.5135,29.3385],[-95.5147,29.3394],[-95.5141,29.3385],[-95.5189,29.338],[-95.5187,29.3384],[-95.5328,29.3383],[-95.5339,29.3363],[-95.5416,29.3361],[-95.5415,29.3345],[-95.5482,29.3344],[-95.5481,29.3329],[-95.5439,29.333],[-95.5439,29.3315],[-95.5481,29.3314],[-95.548,29.3273],[-95.5626,29.3271],[-95.5651,29.3202],[-95.5865,29.3196],[-95.5873,29.3239],[-95.5888,29.3256],[-95.5909,29.3264],[-95.5908,29.3275],[-95.5951,29.3283],[-95.5962,29.3276],[-95.6025,29.328],[-95.6039,29.3304],[-95.605,29.3307],[-95.6054,29.3293],[-95.6069,29.3293],[-95.608,29.3273],[-95.6146,29.3233],[-95.6161,29.3194],[-95.6254,29.3133],[-95.6282,29.3095],[-95.622,29.3051],[-95.6208,29.2999],[-95.6227,29.2987],[-95.6261,29.2931],[-95.6272,29.2938],[-95.6313,29.2927],[-95.635,29.2943],[-95.6356,29.2956],[-95.6362,29.295],[-95.6374,29.2956],[-95.6373,29.2968],[-95.6388,29.2972],[-95.6393,29.2964],[-95.6408,29.2965],[-95.6418,29.2943],[-95.6443,29.2937],[-95.6469,29.2943],[-95.6485,29.2937],[-95.6522,29.2947],[-95.6545,29.2909],[-95.6598,29.2945],[-95.6628,29.295],[-95.6644,29.2966],[-95.6651,29.2989],[-95.6728,29.2995],[-95.7529,29.3245],[-95.784,29.2962],[-95.7978,29.308],[-95.8477,29.2626],[-95.8455,29.2609],[-95.8427,29.2601],[-95.8419,29.2587],[-95.874,29.2297],[-95.8447,29.2047],[-95.8578,29.1933],[-95.8384,29.1766],[-95.8417,29.1735],[-95.8394,29.1727],[-95.8404,29.171],[-95.8397,29.1684],[-95.8413,29.1682],[-95.8432,29.169],[-95.8452,29.1676],[-95.8469,29.1675],[-95.8467,29.1656],[-95.8489,29.1649],[-95.8477,29.1603],[-95.8501,29.1601],[-95.8505,29.1569],[-95.849,29.1548],[-95.8507,29.1519],[-95.8481,29.1482],[-95.8482,29.1465],[-95.8448,29.1452],[-95.8433,29.1424],[-95.8399,29.1423],[-95.84,29.1402],[-95.8378,29.1342],[-95.8375,29.1299],[-95.8408,29.124],[-95.8404,29.1215],[-95.8424,29.1167],[-95.8408,29.1147],[-95.8435,29.1129],[-95.8438,29.1104],[-95.8464,29.1076],[-95.8432,29.1066],[-95.8429,29.1026],[-95.8409,29.1008],[-95.8421,29.1001],[-95.8419,29.0991],[-95.839,29.0976],[-95.8385,29.0951],[-95.8365,29.0929],[-95.834,29.0941],[-95.8291,29.0889],[-95.8281,29.0898],[-95.8221,29.0907],[-95.8178,29.0895],[-95.8115,29.0898],[-95.8088,29.0913],[-95.8059,29.0905],[-95.8037,29.088],[-95.8035,29.0845],[-95.8013,29.0822],[-95.8015,29.08],[-95.7971,29.0801],[-95.7967,29.0781],[-95.7953,29.0767],[-95.7952,29.0744],[-95.7934,29.0722],[-95.7809,29.0656],[-95.7737,29.0644],[-95.7718,29.0663],[-95.7708,29.0664],[-95.7691,29.0626],[-95.7651,29.0608],[-95.7654,29.0599],[-95.7677,29.059],[-95.7661,29.0586],[-95.7675,29.0532],[-95.7701,29.0519],[-95.7735,29.0529],[-95.7759,29.0522],[-95.7769,29.0479],[-95.7775,29.0479],[-95.7769,29.046],[-95.7775,29.0444],[-95.7784,29.0448],[-95.7799,29.0435],[-95.7833,29.0435],[-95.7839,29.0407],[-95.7855,29.0392],[-95.7841,29.0381],[-95.7813,29.0376],[-95.7811,29.0352],[-95.7793,29.0345],[-95.7819,29.0315],[-95.7841,29.0304],[-95.7838,29.0279],[-95.7806,29.028],[-95.7785,29.0265],[-95.778,29.0248],[-95.7789,29.0224],[-95.7811,29.0224],[-95.782,29.0209],[-95.7761,29.0179],[-95.7799,29.0165],[-95.7793,29.0108],[-95.7838,29.0101],[-95.7835,29.0125],[-95.7852,29.0123],[-95.7844,29.0075],[-95.7832,29.0064],[-95.7817,29.0072],[-95.7794,29.0068],[-95.7793,29.0086],[-95.7779,29.0091],[-95.7748,29.0062],[-95.77,29.0058],[-95.7677,29.0038],[-95.7681,29.0029],[-95.7698,29.0029],[-95.7717,29.0053],[-95.7726,29.0052],[-95.7732,29.0031],[-95.7749,29.002],[-95.7783,28.9971],[-95.7769,28.9947],[-95.7722,28.9944],[-95.7693,28.9915],[-95.7672,28.9916],[-95.7672,28.9887],[-95.7684,28.9879],[-95.7699,28.9887],[-95.7695,28.9861],[-95.7705,28.9849],[-95.7701,28.9831],[-95.7671,28.9816],[-95.7656,28.9797],[-95.7691,28.978],[-95.7705,28.976],[-95.7703,28.9726],[-95.7694,28.9711],[-95.7649,28.9674],[-95.7072,28.9686],[-95.6995,28.9696],[-95.6978,28.9682],[-95.6974,28.9659],[-95.6919,28.9646],[-95.6909,28.965],[-95.6841,28.9605],[-95.682,28.9638],[-95.6797,28.9657],[-95.6752,28.9643],[-95.6689,28.9562],[-95.6551,28.9515],[-95.6494,28.9425],[-95.6458,28.9389],[-95.6487,28.9347],[-95.6512,28.9282],[-95.6516,28.92],[-95.6468,28.9158],[-95.645,28.9123],[-95.6455,28.9097],[-95.6417,28.9037],[-95.6365,28.9032],[-95.6335,28.8975],[-95.6302,28.8972],[-95.627,28.8947],[-95.6232,28.8937],[-95.6165,28.8851],[-95.6032,28.8783],[-95.6021,28.8761],[-95.5939,28.8716],[-95.5922,28.8698],[-95.5908,28.8698],[-95.587,28.8662],[-95.585,28.8619],[-95.5792,28.8596],[-95.5793,28.8573],[-95.5767,28.855],[-95.5762,28.8524],[-95.5767,28.8488],[-95.5793,28.8428],[-95.5793,28.8406],[-95.5737,28.8328],[-95.5675,28.8297],[-95.5659,28.8306],[-95.5639,28.8295],[-95.5549,28.8304],[-95.5508,28.8287],[-95.5436,28.8326],[-95.5419,28.8323],[-95.5414,28.8304],[-95.5404,28.8315],[-95.5387,28.8314],[-95.5376,28.8329],[-95.5356,28.8323],[-95.5358,28.831],[-95.5305,28.8291],[-95.5219,28.8339],[-95.5041,28.8377],[-95.5041,28.8287],[-95.5063,28.8278],[-95.5073,28.8258],[-95.5002,28.7856],[-95.4956,28.7648]]]},"properties":{"STATEFP":"48","CD118FP":"14","GEOID":"4814","GEOIDFQ":"5001800US4814","NAMELSAD":"Congressional District 14","LSAD":"C2","CDSESSN":"118","MTFCC":"G5200","FUNCSTAT":"N","ALAND":6347494677,"AWATER":2641665974,"INTPTLAT":"+29.4066527","INTPTLON":"-094.7458431"}},
{"type":"Feature","geometry":{"type":"Polygon","coordinates":[[[-95.2163,29.5558],[-95.2158,29.555],[-95.2147,29.5559],[-95.2141,29.5552],[-95.2142,29.5563],[-95.2132,29.5558],[-95.2128,29.5562],[-95.213,29.5572],[-95.2137,29.557],[-95.2127,29.558],[-95.2136,29.5586],[-95.2114,29.5592],[-95.2103,29.5584],[-95.2087,29.5599],[-95.2067,29.5589],[-95.2077,29.5578],[-95.2057,29.5577],[-95.2057,29.5593],[-95.2041,29.5582],[-95.2024,29.5606],[-95.2028,29.5613],[-95.2012,29.5615],[-95.2011,29.5632],[-95.2,29.5626],[-95.2006,29.5616],[-95.1991,29.5612],[-95.2001,29.5605],[-95.199,29.5597],[-95.1992,29.5587],[-95.196,29.5586],[-95.1969,29.5602],[-95.1952,29.5595],[-95.1934,29.5599],[-95.1936,29.5576],[-95.1949,29.5572],[-95.1945,29.556],[-95.1956,29.5576],[-95.1968,29.5569],[-95.1976,29.5574],[-95.2,29.5526],[-95.1973,29.549],[-95.1995,29.5445],[-95.1977,29.5421],[-95.1957,29.5424],[-95.1954,29.5438],[-95.1941,29.5431],[-95.1946,29.5412],[-95.1926,29.5413],[-95.1922,29.5404],[-95.193,29.5394],[-95.1921,29.5387],[-95.1945,29.5383],[-95.1942,29.5367],[-95.1883,29.5355],[-95.1885,29.5342],[-95.1875,29.5337],[-95.1906,29.5305],[-95.1875,29.5281],[-95.1899,29.5273],[-95.1869,29.5274],[-95.1867,29.5255],[-95.1878,29.5243],[-95.1846,29.5231],[-95.1852,29.5216],[-95.1842,29.5204],[-95.1828,29.5203],[-95.1831,29.5191],[-95.1801,29.5184],[-95.1803,29.5198],[-95.1795,29.5199],[-95.1787,29.5175],[-95.1766,29.5168],[-95.1747,29.5182],[-95.1736,29.5168],[-95.1741,29.5149],[-95.1721,29.5142],[-95.17,29.515],[-95.1675,29.5125],[-95.1681,29.511],[-95.1711,29.51],[-95.1709,29.5075],[-95.1673,29.5058],[-95.1671,29.5024],[-95.1633,29.5019],[-95.1631,29.5001],[-95.1643,29.4985],[-95.1619,29.4973],[-95.1567,29.4982],[-95.1522,29.5004],[-95.1502,29.4985],[-95.1489,29.4987],[-95.1473,29.5019],[-95.1449,29.5026],[-95.1417,29.5064],[-95.1339,29.5064],[-95.1316,29.5052],[-95.1296,29.5051],[-95.1283,29.5088],[-95.1251,29.5103],[-95.1214,29.5102],[-95.1187,29.5069],[-95.1131,29.5108],[-95.1083,29.5096],[-95.1043,29.5107],[-95.104,29.5126],[-95.1062,29.5166],[-95.1031,29.5183],[-95.1032,29.5209],[-95.1013,29.5213],[-95.0993,29.5186],[-95.0981,29.5183],[-95.0974,29.5204],[-95.094,29.524],[-95.0939,29.5267],[-95.0969,29.5335],[-95.0964,29.5351],[-95.0952,29.5355],[-95.0932,29.535],[-95.0911,29.5333],[-95.091,29.5318],[-95.09,29.5311],[-95.0876,29.5324],[-95.0859,29.5348],[-95.0834,29.534],[-95.0796,29.5344],[-95.0787,29.5378],[-95.0804,29.541],[-95.0791,29.5429],[-95.0807,29.5462],[-95.072,29.5493],[-95.0683,29.5575],[-95.0648,29.5588],[-95.0586,29.5591],[-95.0501,29.5585],[-95.0419,29.5546],[-95.0329,29.5522],[-95.0296,29.5522],[-95.0285,29.5474],[-95.0232,29.5495],[-95.0175,29.5485],[-95.0174,29.5497],[-95.0209,29.5524],[-95.0205,29.5534],[-95.0182,29.5546],[-95.0166,29.5524],[-95.0167,29.546],[-95.0146,29.5389],[-95.0093,29.5345],[-95.0031,29.5261],[-94.9925,29.5183],[-94.9827,29.5135],[-94.9674,29.5085],[-94.9543,29.506],[-94.9214,29.4978],[-94.9115,29.4962],[-94.9098,29.4964],[-94.8921,29.5082],[-94.8752,29.5147],[-94.8579,29.5168],[-94.8334,29.5169],[-94.8281,29.5178],[-94.8252,29.5191],[-94.8187,29.5237],[-94.815,29.5278],[-94.8042,29.5449],[-94.7932,29.5511],[-94.7916,29.5504],[-94.7899,29.5468],[-94.7866,29.543],[-94.7867,29.5412],[-94.7845,29.5395],[-94.7841,29.5361],[-94.7817,29.534],[-94.7795,29.5303],[-94.7713,29.5264],[-94.7624,29.5241],[-94.7558,29.5245],[-94.7549,29.5256],[-94.7525,29.5253],[-94.7468,29.5277],[-94.7409,29.5267],[-94.7201,29.5343],[-94.7167,29.5342],[-94.7122,29.5372],[-94.7063,29.5376],[-94.7021,29.5388],[-94.7001,29.5378],[-94.6863,29.5383],[-94.6787,29.5412],[-94.6668,29.5438],[-94.6618,29.5466],[-94.6585,29.5466],[-94.6567,29.5478],[-94.6527,29.5486],[-94.6516,29.5481],[-94.6379,29.5502],[-94.6275,29.5534],[-94.6246,29.5533],[-94.6175,29.5548],[-94.6015,29.5594],[-94.5976,29.5621],[-94.593,29.5623],[-94.5841,29.5655],[-94.5707,29.5718],[-94.5702,29.5732],[-94.567,29.5731],[-94.5627,29.5743],[-94.5527,29.5743],[-94.5453,29.5721],[-94.5416,29.5686],[-94.5398,29.5641],[-94.5368,29.5608],[-94.5292,29.5566],[-94.5251,29.5516],[-94.5248,29.5526],[-94.5235,29.5517],[-94.5222,29.5473],[-94.5236,29.5412],[-94.5215,29.5408],[-94.5091,29.5434],[-94.4988,29.5445],[-94.4955,29.55],[-94.4866,29.5538],[-94.4813,29.5545],[-94.4746,29.5583],[-94.4725,29.5572],[-94.4701,29.557],[-94.4631,29.5607],[-94.4581,29.561],[-94.4487,29.564],[-94.4431,29.5623],[-94.4393,29.5654],[-94.4362,29.5643],[-94.4342,29.5653],[-94.4312,29.5646],[-94.4287,29.565],[-94.427,29.5669],[-94.4226,29.5663],[-94.4217,29.5697],[-94.4178,29.5693],[-94.4157,29.5728],[-94.4137,29.5724],[-94.4124,29.5734],[-94.4142,29.5776],[-94.416,29.5773],[-94.4173,29.5781],[-94.4168,29.5791],[-94.4127,29.5809],[-94.4158,29.5816],[-94.4142,29.5825],[-94.4169,29.5846],[-94.4166,29.5852],[-94.4138,29.5854],[-94.4138,29.5869],[-94.4146,29.5876],[-94.4156,29.5861],[-94.4192,29.5864],[-94.4192,29.5892],[-94.4176,29.5924],[-94.4168,29.5925],[-94.4138,29.59],[-94.4132,29.5924],[-94.4097,29.5946],[-94.4094,29.5972],[-94.4087,29.5975],[-94.4081,29.5965],[-94.4065,29.5983],[-94.4038,29.5962],[-94.4009,29.5959],[-94.3997,29.5946],[-94.3985,29.5946],[-94.3991,29.5961],[-94.3981,29.5968],[-94.3943,29.5963],[-94.3936,29.595],[-94.3923,29.5956],[-94.3897,29.5948],[-94.3893,29.5959],[-94.3885,29.5957],[-94.3795,29.617],[-94.3656,29.6174],[-94.3656,29.6048],[-94.3539,29.6115],[-94.3578,29.8899],[-94.356,29.8906],[-94.352,29.89],[-94.3405,29.8923],[-94.3355,29.89],[-94.3291,29.8893],[-94.3229,29.8876],[-94.2688,29.9316],[-94.2628,29.9308],[-94.251,29.9261],[-94.2272,29.9596],[-94.2039,29.9828],[-94.2167,29.9921],[-94.2161,30.0018],[-94.2221,30.0093],[-94.2223,30.0237],[-94.1892,30.0238],[-94.1893,30.0384],[-94.197,30.0384],[-94.1992,30.0481],[-94.2006,30.0502],[-94.2064,30.0501],[-94.2064,30.0536],[-94.2083,30.0536],[-94.2083,30.0574],[-94.2057,30.0574],[-94.2081,30.0608],[-94.2116,30.0765],[-94.1898,30.0766],[-94.19,30.0912],[-94.1708,30.0914],[-94.1658,30.093],[-94.1496,30.0933],[-94.1495,30.0863],[-94.1433,30.0854],[-94.1432,30.0765],[-94.149,30.0764],[-94.149,30.0739],[-94.1553,30.0738],[-94.1555,30.0724],[-94.1353,30.0751],[-94.1347,30.0682],[-94.1294,30.0683],[-94.1293,30.0616],[-94.1247,30.0617],[-94.1246,30.0577],[-94.1155,30.0579],[-94.1156,30.0618],[-94.1179,30.0618],[-94.1179,30.0638],[-94.1178,30.0674],[-94.1157,30.0674],[-94.1154,30.079],[-94.1084,30.0811],[-94.106,30.0787],[-94.0999,30.0833],[-94.1018,30.085],[-94.1042,30.0851],[-94.1042,30.0861],[-94.102,30.0861],[-94.102,30.0881],[-94.0972,30.0876],[-94.0969,30.0868],[-94.094,30.0863],[-94.0879,30.0874],[-94.0864,30.089],[-94.0873,30.0912],[-94.0893,30.0916],[-94.0926,30.09],[-94.0942,30.091],[-94.091,30.0947],[-94.0873,30.1028],[-94.0873,30.1049],[-94.0812,30.1043],[-94.0787,30.1061],[-94.077,30.1096],[-94.0744,30.1121],[-94.0737,30.1141],[-94.0743,30.1165],[-94.0784,30.1222],[-94.0796,30.1271],[-94.0872,30.1308],[-94.0927,30.1314],[-94.0986,30.1362],[-94.1013,30.1365],[-94.1056,30.1349],[-94.1081,30.1354],[-94.1091,30.1367],[-94.1084,30.1379],[-94.1027,30.1391],[-94.1011,30.1407],[-94.1009,30.143],[-94.1035,30.1451],[-94.1098,30.1458],[-94.1135,30.1483],[-94.1136,30.1551],[-94.1159,30.1603],[-94.1145,30.1615],[-94.1137,30.164],[-94.1109,30.1648],[-94.1103,30.1657],[-94.1104,30.1679],[-94.1149,30.1732],[-94.1124,30.1752],[-94.112,30.1765],[-94.111,30.1867],[-94.1095,30.1887],[-94.1068,30.1873],[-94.1053,30.1875],[-94.105,30.1896],[-94.1075,30.192],[-94.1065,30.1932],[-94.105,30.1931],[-94.1015,30.1905],[-94.1,30.1883],[-94.0979,30.1884],[-94.0969,30.1895],[-94.0994,30.1928],[-94.0978,30.1956],[-94.0982,30.1985],[-94.0972,30.1993],[-94.0959,30.199],[-94.0951,30.197],[-94.0936,30.1966],[-94.0918,30.1973],[-94.0912,30.1989],[-94.0942,30.2004],[-94.0912,30.2046],[-94.0927,30.2062],[-94.0934,30.2033],[-94.0952,30.2033],[-94.1019,30.2101],[-94.1036,30.2138],[-94.1045,30.2132],[-94.1029,30.2116],[-94.105,30.2108],[-94.1108,30.2137],[-94.1136,30.2163],[-94.1178,30.2159],[-94.1155,30.2215],[-94.1175,30.2252],[-94.1163,30.2284],[-94.1178,30.2346],[-94.1163,30.2385],[-94.1176,30.2417],[-93.9015,30.2427],[-93.7164,30.2443],[-93.707,30.2437],[-93.7069,30.2443],[-93.709,30.244],[-93.7095,30.2446],[-93.7091,30.246],[-93.7055,30.2465],[-93.7063,30.2474],[-93.709,30.248],[-93.7089,30.249],[-93.7073,30.2497],[-93.7089,30.2517],[-93.7063,30.253],[-93.7054,30.2572],[-93.703,30.2605],[-93.7073,30.2615],[-93.708,30.2637],[-93.7064,30.2643],[-93.7062,30.2655],[-93.7069,30.2659],[-93.7081,30.2648],[-93.7088,30.2659],[-93.7055,30.2678],[-93.7087,30.2674],[-93.7078,30.2716],[-93.7097,30.2719],[-93.7104,30.2732],[-93.7101,30.2738],[-93.7082,30.2729],[-93.7065,30.2735],[-93.7056,30.2774],[-93.7041,30.2794],[-93.7049,30.2808],[-93.7084,30.281],[-93.7094,30.2819],[-93.7091,30.2839],[-93.7063,30.2849],[-93.7053,30.2862],[-93.7046,30.2886],[-93.7051,30.2909],[-93.7078,30.2926],[-93.709,30.2924],[-93.7099,30.2883],[-93.7129,30.2879],[-93.7137,30.29],[-93.7123,30.2923],[-93.7155,30.2956],[-93.716,30.2952],[-93.7148,30.2938],[-93.7154,30.2928],[-93.7172,30.2936],[-93.719,30.2962],[-93.7242,30.2951],[-93.7255,30.2982],[-93.729,30.2967],[-93.7299,30.2979],[-93.7329,30.299],[-93.7376,30.2994],[-93.7379,30.3002],[-93.7345,30.3017],[-93.7371,30.3021],[-93.7385,30.3037],[-93.7424,30.3011],[-93.7444,30.3055],[-93.7414,30.3063],[-93.7409,30.3072],[-93.7456,30.3117],[-93.7486,30.3119],[-93.7469,30.3154],[-93.7502,30.3162],[-93.7502,30.317],[-93.7478,30.3188],[-93.751,30.3199],[-93.7507,30.3218],[-93.7527,30.3226],[-93.7562,30.326],[-93.756,30.3268],[-93.7524,30.3276],[-93.7517,30.3293],[-93.7552,30.3284],[-93.7556,30.3315],[-93.7573,30.3324],[-93.7595,30.3302],[-93.763,30.3294],[-93.7658,30.3327],[-93.7587,30.339],[-93.7592,30.3396],[-93.7631,30.3395],[-93.7657,30.3434],[-93.7655,30.3443],[-93.7644,30.3444],[-93.7607,30.3418],[-93.7595,30.3423],[-93.7611,30.345],[-93.7637,30.346],[-93.7577,30.35],[-93.7625,30.353],[-93.7581,30.3547],[-93.7609,30.3571],[-93.7608,30.3599],[-93.7589,30.361],[-93.7585,30.3576],[-93.7568,30.3562],[-93.7554,30.3596],[-93.751,30.3599],[-93.7549,30.3635],[-93.7577,30.3646],[-93.7592,30.368],[-93.7581,30.3697],[-93.7565,30.3663],[-93.7549,30.3661],[-93.7552,30.3788],[-93.7585,30.384],[-93.7553,30.385],[-93.7548,30.3863],[-93.7558,30.3873],[-93.7586,30.3862],[-93.7577,30.3904],[-93.7526,30.3928],[-93.752,30.3958],[-93.751,30.3965],[-93.7457,30.3966],[-93.7455,30.3987],[-93.742,30.4005],[-93.7417,30.403],[-93.7383,30.404],[-93.7368,30.4055],[-93.7349,30.4083],[-93.735,30.4123],[-93.7339,30.4149],[-93.733,30.4151],[-93.7306,30.4133],[-93.7287,30.4135],[-93.7277,30.4152],[-93.7275,30.4187],[-93.7267,30.4194],[-93.7227,30.4196],[-93.7227,30.4214],[-93.7268,30.4236],[-93.7272,30.4277],[-93.7261,30.4307],[-93.7238,30.4321],[-93.7228,30.432],[-93.7219,30.429],[-93.7193,30.4255],[-93.7196,30.4235],[-93.7181,30.4226],[-93.7164,30.4248],[-93.7169,30.4277],[-93.714,30.4297],[-93.7127,30.4332],[-93.7113,30.4331],[-93.7083,30.4303],[-93.7023,30.4298],[-93.7042,30.4344],[-93.702,30.4363],[-93.6989,30.4372],[-93.6976,30.4422],[-93.6983,30.4449],[-93.7008,30.4449],[-93.7046,30.4431],[-93.7069,30.444],[-93.7075,30.445],[-93.7068,30.4465],[-93.7038,30.4478],[-93.7021,30.4498],[-93.7069,30.4553],[-93.7063,30.4581],[-93.7004,30.4575],[-93.699,30.4588],[-93.7064,30.4669],[-93.7119,30.4694],[-93.7122,30.4706],[-93.7103,30.4739],[-93.7105,30.4755],[-93.7129,30.479],[-93.7168,30.4815],[-93.7174,30.4838],[-93.7148,30.4852],[-93.7117,30.4823],[-93.7098,30.4826],[-93.7102,30.4863],[-93.7171,30.4944],[-93.7154,30.4973],[-93.7104,30.4974],[-93.7087,30.4991],[-93.7085,30.5004],[-93.7141,30.5],[-93.7151,30.5013],[-93.7106,30.5062],[-93.7068,30.5071],[-93.7064,30.5097],[-93.7077,30.5111],[-93.7118,30.5109],[-93.7099,30.5139],[-93.711,30.5173],[-93.7077,30.52],[-93.7077,30.5213],[-93.7092,30.5218],[-93.7129,30.5186],[-93.7165,30.5192],[-93.7187,30.5209],[-93.7205,30.5243],[-93.7277,30.5257],[-93.7328,30.53],[-93.7338,30.5317],[-93.7324,30.5364],[-93.7381,30.5373],[-93.7396,30.5381],[-93.7403,30.5396],[-93.7395,30.5406],[-93.7348,30.5417],[-93.7288,30.5453],[-93.7312,30.5504],[-93.7314,30.5529],[-93.7254,30.5571],[-93.7239,30.5592],[-93.7243,30.562],[-93.7278,30.5659],[-93.7262,30.5695],[-93.7281,30.5724],[-93.7278,30.5741],[-93.7215,30.5806],[-93.7179,30.5778],[-93.7151,30.579],[-93.714,30.5803],[-93.7138,30.5876],[-93.7113,30.5889],[-93.706,30.588],[-93.7039,30.5884],[-93.7009,30.5916],[-93.6929,30.5944],[-93.6887,30.5921],[-93.6878,30.5901],[-93.6918,30.588],[-93.6922,30.5857],[-93.6866,30.5857],[-93.6849,30.5871],[-93.6851,30.5921],[-93.6836,30.5935],[-93.6789,30.5936],[-93.6788,30.5986],[-93.6821,30.6033],[-93.6834,30.6082],[-93.6883,30.6102],[-93.6891,30.6114],[-93.6857,30.6164],[-93.682,30.6186],[-93.6821,30.6209],[-93.6851,30.6252],[-93.6839,30.6286],[-93.6847,30.6308],[-93.6842,30.6319],[-93.6808,30.6338],[-93.6804,30.6349],[-93.6808,30.6368],[-93.6829,30.6393],[-93.683,30.6413],[-93.6748,30.6477],[-93.6738,30.6513],[-93.6705,30.6526],[-93.6704,30.658],[-93.6658,30.6616],[-93.6613,30.6612],[-93.6597,30.6621],[-93.655,30.6702],[-93.6515,30.6699],[-93.6486,30.6676],[-93.6468,30.6687],[-93.6466,30.6714],[-93.6453,30.6735],[-93.6396,30.6725],[-93.6382,30.6731],[-93.6361,30.6763],[-93.6313,30.6779],[-93.6299,30.6799],[-93.6277,30.6837],[-93.6266,30.6884],[-93.6204,30.6941],[-93.621,30.696],[-93.6233,30.6974],[-93.6247,30.6999],[-93.6245,30.7011],[-93.6208,30.7041],[-93.6197,30.7089],[-93.6164,30.7124],[-93.6172,30.7186],[-93.6144,30.7199],[-93.6126,30.7165],[-93.61,30.7183],[-93.6087,30.7152],[-93.6054,30.7172],[-93.6083,30.7187],[-93.6097,30.7204],[-93.6136,30.7221],[-93.6133,30.7228],[-93.6106,30.7223],[-93.6095,30.7231],[-93.6098,30.7273],[-93.6149,30.7268],[-93.6169,30.7275],[-93.6177,30.7289],[-93.6166,30.73],[-93.6153,30.7298],[-93.611,30.7279],[-93.6091,30.73],[-93.6106,30.7343],[-93.6128,30.7367],[-93.6177,30.7385],[-93.619,30.7403],[-93.6191,30.742],[-93.6178,30.7433],[-93.6137,30.7446],[-93.6099,30.7446],[-93.6084,30.7467],[-93.6084,30.7481],[-93.6124,30.7541],[-93.6148,30.7561],[-93.6143,30.7602],[-93.6124,30.7606],[-93.6092,30.7573],[-93.6065,30.7588],[-93.6067,30.7636],[-93.6059,30.7646],[-93.6052,30.7644],[-93.6049,30.7611],[-93.6037,30.7601],[-93.6005,30.762],[-93.5921,30.7637],[-93.5916,30.7673],[-93.5935,30.7723],[-93.5927,30.7751],[-93.59,30.7777],[-93.5871,30.7768],[-93.5838,30.7771],[-93.5832,30.7786],[-93.5894,30.7867],[-93.5889,30.7876],[-93.5837,30.7878],[-93.5819,30.789],[-93.5814,30.7916],[-93.5841,30.7967],[-93.5838,30.8018],[-93.5815,30.8031],[-93.5784,30.8017],[-93.5747,30.8014],[-93.563,30.806],[-93.5607,30.8096],[-93.5638,30.8136],[-93.5642,30.8175],[-93.5544,30.8235],[-93.5541,30.8249],[-93.5562,30.8264],[-93.5573,30.8284],[-93.5533,30.8325],[-93.5536,30.8351],[-93.558,30.8401],[-93.5635,30.842],[-93.5658,30.8421],[-93.5687,30.8442],[-93.5682,30.8455],[-93.5641,30.8467],[-93.5573,30.8521],[-93.5579,30.8543],[-93.5621,30.8593],[-93.5585,30.8679],[-93.5586,30.8694],[-93.5598,30.8698],[-93.563,30.8681],[-93.5645,30.8686],[-93.5647,30.8701],[-93.563,30.8726],[-93.5632,30.8749],[-93.5648,30.8757],[-93.5681,30.8746],[-93.5706,30.8752],[-93.5741,30.8845],[-93.573,30.8876],[-93.5663,30.8948],[-93.5578,30.8967],[-93.5492,30.8974],[-93.5486,30.8999],[-93.5531,30.9011],[-93.554,30.9028],[-93.553,30.9081],[-93.5581,30.9108],[-93.5586,30.9132],[-93.5521,30.9181],[-93.5493,30.9244],[-93.5457,30.9271],[-93.5421,30.9258],[-93.5441,30.9212],[-93.5434,30.9202],[-93.5418,30.9202],[-93.5358,30.9237],[-93.532,30.9238],[-93.5307,30.9268],[-93.5275,30.928],[-93.5265,30.9295],[-93.5278,30.9331],[-93.526,30.9375],[-93.5264,30.9394],[-93.5298,30.9422],[-93.5324,30.949],[-93.5322,30.9518],[-93.5305,30.9546],[-93.5318,30.9582],[-93.5393,30.9565],[-93.5431,30.9567],[-93.5463,30.9578],[-93.5473,30.9648],[-93.5498,30.9671],[-93.5535,30.9674],[-93.5605,30.9713],[-93.5677,30.969],[-93.5735,30.9712],[-93.5743,30.9737],[-93.5693,30.9762],[-93.5669,30.9794],[-93.5643,30.9897],[-93.5654,30.9906],[-93.5705,30.9908],[-93.5734,30.9918],[-93.5782,31],[-93.5734,31.0039],[-93.5727,31.0077],[-93.5715,31.0096],[-93.5666,31.0131],[-93.5656,31.0132],[-93.5627,31.0089],[-93.5559,31.0037],[-93.5543,31.0045],[-93.5515,31.0092],[-93.5494,31.0101],[-93.5458,31.01],[-93.5431,31.0083],[-93.5392,31.0082],[-93.5346,31.0173],[-93.5325,31.0197],[-93.5223,31.0201],[-93.5081,31.0302],[-93.509,31.0329],[-93.5216,31.0363],[-93.5247,31.039],[-93.524,31.0415],[-93.5199,31.0419],[-93.5189,31.0437],[-93.52,31.0452],[-93.5277,31.0483],[-93.5316,31.0536],[-93.5322,31.0552],[-93.5301,31.0568],[-93.523,31.0567],[-93.5211,31.0573],[-93.5189,31.0619],[-93.5201,31.0658],[-93.5251,31.0666],[-93.5287,31.0692],[-93.5272,31.0732],[-93.5276,31.0745],[-93.5326,31.0746],[-93.5401,31.0779],[-93.5522,31.0789],[-93.5525,31.0825],[-93.5514,31.0857],[-93.5487,31.0886],[-93.5493,31.0904],[-93.5507,31.091],[-93.5523,31.0883],[-93.5558,31.087],[-93.5586,31.0915],[-93.5633,31.0936],[-93.5637,31.0945],[-93.5632,31.097],[-93.5603,31.0977],[-93.5594,31.0977],[-93.5579,31.0959],[-93.5537,31.0939],[-93.5546,31.0952],[-93.5583,31.0965],[-93.5582,31.098],[-93.5491,31.1002],[-93.5487,31.106],[-93.5459,31.1112],[-93.5407,31.1136],[-93.5394,31.1152],[-93.5379,31.1266],[-93.5447,31.1361],[-93.5461,31.1434],[-93.5485,31.1482],[-93.5487,31.1558],[-93.5464,31.1566],[-93.5402,31.1561],[-93.5365,31.1585],[-93.5364,31.1604],[-93.538,31.1634],[-93.5421,31.1679],[-93.5431,31.1707],[-93.5423,31.1716],[-93.536,31.1724],[-93.5328,31.1743],[-93.5313,31.1798],[-93.5325,31.1833],[-93.5351,31.1856],[-93.5393,31.1835],[-93.5444,31.1835],[-93.5486,31.1865],[-93.5506,31.1864],[-93.5609,31.1825],[-93.5696,31.1776],[-93.5782,31.1679],[-93.588,31.1655],[-93.6003,31.1762],[-93.9112,31.1581],[-94.039,31.1343],[-94.0398,31.1335],[-94.0385,31.1333],[-94.0397,31.1331],[-94.0388,31.1325],[-94.04,31.1301],[-94.0384,31.1305],[-94.0378,31.1294],[-94.0387,31.127],[-94.0413,31.1255],[-94.0401,31.1247],[-94.0402,31.1235],[-94.0418,31.1225],[-94.0423,31.1194],[-94.0432,31.1186],[-94.0455,31.1183],[-94.045,31.1173],[-94.0457,31.1166],[-94.0473,31.1177],[-94.0489,31.1167],[-94.0483,31.1156],[-94.0496,31.1155],[-94.05,31.1163],[-94.051,31.1145],[-94.0516,31.1152],[-94.0548,31.1145],[-94.0552,31.1135],[-94.0571,31.1143],[-94.0578,31.1133],[-94.0556,31.1125],[-94.0566,31.1117],[-94.0571,31.1127],[-94.0583,31.1118],[-94.0589,31.1132],[-94.0608,31.1126],[-94.0608,31.114],[-94.0623,31.1124],[-94.0622,31.1146],[-94.0629,31.1149],[-94.0641,31.1123],[-94.1296,31.0993],[-94.4578,31.0333],[-94.4626,31.0331],[-94.4667,31.0312],[-94.4696,31.0276],[-94.4727,31.0261],[-94.4742,31.0274],[-94.4781,31.0279],[-94.4793,31.0295],[-94.4819,31.0294],[-94.4855,31.0314],[-94.4844,31.034],[-94.4856,31.0365],[-94.4854,31.0387],[-94.4867,31.0393],[-94.4908,31.0386],[-94.4906,31.0438],[-94.4918,31.0449],[-94.4929,31.045],[-94.4941,31.0427],[-94.4961,31.0419],[-94.4973,31.0429],[-94.5002,31.0423],[-94.5021,31.0446],[-94.5033,31.0431],[-94.5061,31.0458],[-94.5087,31.0432],[-94.5104,31.0471],[-94.5124,31.0462],[-94.5132,31.0481],[-94.516,31.0487],[-94.5176,31.0516],[-94.5209,31.0511],[-94.521,31.0489],[-94.5232,31.0487],[-94.5228,31.0501],[-94.524,31.0514],[-94.5228,31.0528],[-94.5238,31.0531],[-94.5265,31.0513],[-94.5267,31.0559],[-94.5284,31.0537],[-94.5342,31.0568],[-94.5335,31.0537],[-94.5364,31.0518],[-94.538,31.0544],[-94.543,31.0536],[-94.5476,31.0592],[-94.5493,31.0576],[-94.5484,31.0568],[-94.5486,31.0554],[-94.5472,31.0547],[-94.5483,31.0534],[-94.5498,31.0552],[-94.5529,31.0544],[-94.5548,31.0549],[-94.5553,31.0559],[-94.5543,31.0575],[-94.5581,31.057],[-94.5584,31.0593],[-94.5603,31.0579],[-94.5619,31.059],[-94.658,31.012],[-94.5979,30.7502],[-94.5379,30.4911],[-94.7193,30.4903],[-94.7773,30.489],[-94.8494,30.4936],[-94.8426,30.4875],[-95.0066,30.414],[-95.0342,30.4033],[-95.0732,30.385],[-95.1659,30.345],[-95.0977,30.1704],[-95.0733,30.1037],[-95.0312,29.9933],[-95.029,29.9944],[-95.0272,29.9967],[-95.0219,29.9969],[-95,29.9916],[-94.9953,29.9794],[-94.9955,29.9779],[-94.9859,29.973],[-95.0318,29.9378],[-95.0616,29.8887],[-95.0358,29.8884],[-95.0351,29.8575],[-95.0282,29.8573],[-95.0279,29.8421],[-95.0028,29.8424],[-94.9976,29.8201],[-94.9994,29.8199],[-94.9992,29.8085],[-94.9976,29.8023],[-95.0048,29.8011],[-95.0028,29.7998],[-95.0016,29.7946],[-95.0029,29.7905],[-95.0024,29.7872],[-95.0051,29.7872],[-95.0077,29.7771],[-95.0106,29.7771],[-95.0103,29.7748],[-95.011,29.7748],[-95.0112,29.7737],[-95.0097,29.7724],[-95.0125,29.7713],[-95.0133,29.7699],[-95.0225,29.7789],[-95.0493,29.7901],[-95.0553,29.7899],[-95.0565,29.7872],[-95.0585,29.7878],[-95.0574,29.791],[-95.0665,29.7951],[-95.0703,29.7957],[-95.0815,29.7916],[-95.0956,29.7883],[-95.0958,29.7873],[-95.1004,29.7855],[-95.103,29.7826],[-95.1142,29.7767],[-95.1139,29.775],[-95.1187,29.7725],[-95.1197,29.7738],[-95.1244,29.772],[-95.124,29.7573],[-95.1255,29.7576],[-95.1273,29.7595],[-95.1267,29.764],[-95.1323,29.7635],[-95.1325,29.7664],[-95.1379,29.7673],[-95.1413,29.7708],[-95.1488,29.7717],[-95.1504,29.7708],[-95.1558,29.7706],[-95.1557,29.7687],[-95.1626,29.7686],[-95.163,29.7698],[-95.1662,29.7698],[-95.1662,29.7705],[-95.1728,29.7703],[-95.1726,29.7674],[-95.1812,29.7671],[-95.1815,29.7702],[-95.1901,29.7693],[-95.1882,29.7644],[-95.1915,29.7604],[-95.1914,29.7583],[-95.19,29.7584],[-95.1868,29.7607],[-95.1836,29.7609],[-95.1789,29.7573],[-95.1761,29.7535],[-95.166,29.7523],[-95.165,29.7516],[-95.165,29.7506],[-95.1689,29.7469],[-95.173,29.7469],[-95.1718,29.7417],[-95.1711,29.6937],[-95.173,29.6947],[-95.1726,29.6886],[-95.1643,29.6887],[-95.1641,29.6814],[-95.1704,29.6814],[-95.1725,29.6822],[-95.1727,29.6749],[-95.176,29.6771],[-95.1838,29.6771],[-95.1839,29.6788],[-95.193,29.6787],[-95.1928,29.665],[-95.195,29.665],[-95.1935,29.6589],[-95.2025,29.6588],[-95.2025,29.6541],[-95.2073,29.654],[-95.2081,29.655],[-95.208,29.651],[-95.2136,29.6507],[-95.2187,29.6491],[-95.2145,29.6445],[-95.2091,29.6455],[-95.2092,29.6471],[-95.2079,29.6471],[-95.2079,29.6406],[-95.211,29.637],[-95.1853,29.6095],[-95.1978,29.5989],[-95.1906,29.5915],[-95.1913,29.5922],[-95.199,29.586],[-95.2022,29.5911],[-95.2038,29.591],[-95.2041,29.593],[-95.2078,29.5896],[-95.2113,29.5915],[-95.2111,29.5934],[-95.2127,29.5947],[-95.2112,29.5962],[-95.216,29.5993],[-95.2165,29.6045],[-95.218,29.607],[-95.221,29.6051],[-95.2254,29.6087],[-95.2279,29.609],[-95.2283,29.6056],[-95.2313,29.6055],[-95.2326,29.6045],[-95.2343,29.6066],[-95.236,29.6069],[-95.2388,29.6105],[-95.2412,29.6083],[-95.2406,29.6072],[-95.2503,29.5983],[-95.2449,29.5941],[-95.2547,29.5853],[-95.2603,29.5899],[-95.2622,29.5869],[-95.2602,29.5839],[-95.2612,29.5811],[-95.2588,29.5779],[-95.2597,29.5744],[-95.2584,29.5729],[-95.2585,29.5711],[-95.2554,29.5672],[-95.255,29.5639],[-95.2524,29.5606],[-95.2526,29.5577],[-95.2551,29.557],[-95.2539,29.5538],[-95.2514,29.5554],[-95.2482,29.5557],[-95.2474,29.5531],[-95.2454,29.5547],[-95.2428,29.5551],[-95.2416,29.5597],[-95.238,29.5614],[-95.2337,29.5571],[-95.2309,29.5578],[-95.2286,29.56],[-95.2233,29.559],[-95.2212,29.5569],[-95.2179,29.5594],[-95.2146,29.5571],[-95.2163,29.5567],[-95.2163,29.5558]]]},"properties":{"STATEFP":"48","CD118FP":"36","GEOID":"4836","GEOIDFQ":"5001800US4836","NAMELSAD":"Congressional District 36","LSAD":"C2","CDSESSN":"118","MTFCC":"G5200","FUNCSTAT":"N","ALAND":15396270668,"AWATER":974034321,"INTPTLAT":"+30.3685502","INTPTLON":"-094.3770652"}},
{"type":"Feature","geometry":{"type":"Polygon","coordinates":[[[-97.8753,29.8582],[-97.9436,29.8069],[-97.9992,29.7525],[-98.0909,29.6832],[-98.0928,29.6801],[-98.0921,29.6774],[-98.0932,29.6723],[-98.0905,29.6689],[-98.0884,29.6688],[-98.0799,29.6712],[-98.0788,29.6734],[-98.0784,29.6792],[-98.0721,29.683],[-98.0698,29.6821],[-98.0632,29.6749],[-98.0639,29.6716],[-98.0693,29.6703],[-98.0701,29.6692],[-98.0715,29.6654],[-98.0706,29.6601],[-98.0658,29.6535],[-98.0576,29.6502],[-98.0563,29.6475],[-98.0575,29.6415],[-98.0563,29.6401],[-98.0507,29.6402],[-98.0493,29.6391],[-98.0489,29.6401],[-98.0479,29.6402],[-98.0446,29.6386],[-98.0461,29.6284],[-98.0492,29.6267],[-98.0499,29.6254],[-98.0487,29.6186],[-98.0391,29.6195],[-98.0315,29.6229],[-98.0293,29.6226],[-98.0274,29.6209],[-98.0273,29.609],[-98.0303,29.6028],[-98.0316,29.6014],[-98.0377,29.5997],[-98.044,29.5961],[-98.0428,29.5948],[-98.0389,29.594],[-98.0374,29.5913],[-98.0333,29.587],[-98.0327,29.584],[-98.0362,29.5814],[-98.0374,29.5792],[-98.0366,29.5763],[-98.0329,29.5744],[-98.0287,29.5695],[-98.0239,29.5666],[-98.0316,29.5619],[-98.0436,29.5503],[-98.0723,29.5406],[-98.0615,29.5244],[-98.043,29.487],[-98.0496,29.4769],[-98.0585,29.4704],[-98.0653,29.4672],[-98.0735,29.4655],[-98.0736,29.4377],[-98.0803,29.4344],[-98.0848,29.4411],[-98.0886,29.4399],[-98.0908,29.4425],[-98.0931,29.4428],[-98.0964,29.4477],[-98.0984,29.4481],[-98.1028,29.4544],[-98.1051,29.4532],[-98.1071,29.443],[-98.1221,29.4354],[-98.1252,29.4401],[-98.1221,29.4418],[-98.1225,29.446],[-98.1252,29.4464],[-98.1287,29.4454],[-98.1296,29.4439],[-98.1372,29.4404],[-98.2871,29.2575],[-98.4073,29.1144],[-98.2702,28.9689],[-98.2524,28.9477],[-98.1844,28.8753],[-98.1684,28.8615],[-98.1253,28.8142],[-98.0983,28.7869],[-98.1238,28.7675],[-98.335,28.6127],[-98.3342,28.3585],[-98.3343,28.0578],[-98.2355,28.058],[-98.2344,27.7281],[-98.2337,27.6892],[-98.2325,27.2625],[-98.5366,27.2652],[-98.5341,27.2619],[-98.5336,27.2581],[-98.5311,27.2544],[-98.5273,27.253],[-98.5223,27.2541],[-98.5192,27.2502],[-98.5142,27.2515],[-98.5124,27.2512],[-98.5106,27.2491],[-98.5098,27.2438],[-98.5062,27.2387],[-98.4965,27.2369],[-98.4929,27.235],[-98.4929,27.1421],[-98.4673,27.142],[-98.4665,27.0547],[-98.4179,27.0553],[-98.4226,26.7835],[-98.3207,26.7831],[-98.3968,26.6253],[-98.4633,26.5003],[-98.4783,26.4698],[-98.4858,26.4578],[-98.5864,26.2578],[-98.5828,26.2565],[-98.5795,26.2532],[-98.5798,26.2499],[-98.5843,26.2465],[-98.5851,26.2446],[-98.5819,26.2399],[-98.58,26.2352],[-98.5783,26.2337],[-98.5767,26.2338],[-98.5732,26.2395],[-98.5688,26.2418],[-98.5659,26.2415],[-98.564,26.2355],[-98.5646,26.2271],[-98.5628,26.2244],[-98.5597,26.2247],[-98.5575,26.2302],[-98.5558,26.2319],[-98.548,26.2342],[-98.5458,26.2368],[-98.5457,26.2399],[-98.5471,26.2418],[-98.5533,26.2417],[-98.5584,26.2446],[-98.5588,26.2459],[-98.5578,26.2474],[-98.5545,26.2479],[-98.5436,26.2437],[-98.5368,26.2273],[-98.5351,26.2255],[-98.5335,26.2255],[-98.5293,26.2277],[-98.5257,26.234],[-98.5227,26.2358],[-98.5216,26.2351],[-98.5217,26.2322],[-98.5259,26.2289],[-98.5271,26.2263],[-98.5264,26.2236],[-98.5238,26.2207],[-98.5216,26.2205],[-98.5192,26.2246],[-98.5137,26.2272],[-98.5105,26.2268],[-98.5057,26.2235],[-98.5008,26.2224],[-98.5007,26.2215],[-98.5034,26.2186],[-98.507,26.2124],[-98.5075,26.2102],[-98.5065,26.2088],[-98.5022,26.2089],[-98.4903,26.2132],[-98.4838,26.212],[-98.4815,26.207],[-98.4818,26.2048],[-98.4837,26.2022],[-98.4829,26.2011],[-98.4796,26.2011],[-98.4775,26.2035],[-98.4789,26.2096],[-98.4831,26.2149],[-98.4829,26.2181],[-98.4813,26.2199],[-98.4716,26.2206],[-98.4671,26.2225],[-98.4624,26.2259],[-98.4602,26.2263],[-98.4571,26.2242],[-98.4556,26.2173],[-98.4545,26.2167],[-98.4535,26.2173],[-98.4525,26.2206],[-98.4494,26.2234],[-98.4457,26.2245],[-98.4437,26.2241],[-98.4398,26.2184],[-98.4387,26.212],[-98.4393,26.2097],[-98.4441,26.2049],[-98.4447,26.2021],[-98.444,26.2006],[-98.4415,26.1983],[-98.4308,26.1947],[-98.4277,26.193],[-98.4166,26.1838],[-98.4065,26.1831],[-98.4026,26.1814],[-98.4015,26.1797],[-98.4028,26.1749],[-98.4019,26.1711],[-98.4006,26.1699],[-98.3973,26.1704],[-98.3934,26.1678],[-98.3908,26.1648],[-98.3878,26.1589],[-98.3855,26.1572],[-98.3812,26.1567],[-98.3656,26.1581],[-98.3646,26.1594],[-98.3642,26.162],[-98.3648,26.1643],[-98.3672,26.1671],[-98.3672,26.1686],[-98.3621,26.1719],[-98.3597,26.1725],[-98.3585,26.1716],[-98.3574,26.1682],[-98.3584,26.1589],[-98.3538,26.152],[-98.3518,26.1512],[-98.35,26.1518],[-98.3488,26.1534],[-98.3485,26.1616],[-98.3462,26.166],[-98.3434,26.1672],[-98.3357,26.1659],[-98.3337,26.1637],[-98.3332,26.1594],[-98.3349,26.1559],[-98.3386,26.1524],[-98.338,26.1494],[-98.3349,26.146],[-98.3284,26.1448],[-98.3267,26.1429],[-98.3283,26.1418],[-98.3343,26.1413],[-98.3356,26.1386],[-98.3223,26.1192],[-98.3183,26.1165],[-98.3127,26.1158],[-98.3103,26.1146],[-98.3067,26.1042],[-98.3038,26.1021],[-98.3004,26.1019],[-98.298,26.1028],[-98.2974,26.1051],[-98.3022,26.1068],[-98.3035,26.1107],[-98.3008,26.1142],[-98.2999,26.1176],[-98.2974,26.1199],[-98.294,26.1209],[-98.2908,26.1208],[-98.2748,26.1158],[-98.2716,26.1169],[-98.2691,26.1205],[-98.266,26.1208],[-98.2653,26.1189],[-98.2661,26.1166],[-98.2703,26.1154],[-98.2719,26.1134],[-98.2704,26.1065],[-98.2738,26.1062],[-98.2821,26.1078],[-98.287,26.1067],[-98.2886,26.1051],[-98.2842,26.1009],[-98.2771,26.099],[-98.2674,26.0923],[-98.2647,26.0855],[-98.2518,26.0789],[-98.2512,26.0742],[-98.2488,26.0719],[-98.2459,26.0722],[-98.2411,26.0748],[-98.2306,26.0771],[-98.2208,26.0764],[-98.2167,26.0742],[-98.2129,26.069],[-98.2068,26.0676],[-98.2047,26.0663],[-98.1988,26.0556],[-98.1969,26.0541],[-98.1931,26.053],[-98.1923,26.0532],[-98.1901,26.0573],[-98.1892,26.0626],[-98.1873,26.0643],[-98.1834,26.0638],[-98.179,26.06],[-98.177,26.0607],[-98.1769,26.0632],[-98.1799,26.0648],[-98.1806,26.0663],[-98.1798,26.0733],[-98.1786,26.0747],[-98.1762,26.0752],[-98.1722,26.0714],[-98.1679,26.063],[-98.1657,26.0627],[-98.1607,26.0645],[-98.158,26.0634],[-98.1579,26.0608],[-98.1622,26.0564],[-98.1618,26.0539],[-98.1589,26.0534],[-98.1536,26.0579],[-98.1513,26.0582],[-98.1494,26.0559],[-98.1494,26.0512],[-98.1465,26.049],[-98.1431,26.051],[-98.1377,26.0605],[-98.1366,26.064],[-98.1366,26.0707],[-98.1343,26.0731],[-98.1316,26.0743],[-98.1294,26.0742],[-98.1282,26.0726],[-98.1287,26.0704],[-98.131,26.067],[-98.131,26.0643],[-98.1303,26.0633],[-98.1265,26.0618],[-98.1242,26.0621],[-98.1214,26.0639],[-98.1052,26.0677],[-98.1011,26.0645],[-98.098,26.0603],[-98.0929,26.0586],[-98.0884,26.0602],[-98.0813,26.0644],[-98.0817,26.0669],[-98.0857,26.0687],[-98.0851,26.0707],[-98.0827,26.0713],[-98.0797,26.0709],[-98.078,26.0698],[-98.0761,26.0669],[-98.0754,26.0679],[-98.0769,26.0701],[-98.0737,26.0915],[-98.0731,26.0916],[-98.0714,26.1015],[-98.0753,26.102],[-98.0656,26.1582],[-98.0737,26.1596],[-98.0734,26.1616],[-98.0698,26.1612],[-98.0691,26.1648],[-98.0749,26.1657],[-98.0744,26.1686],[-98.0763,26.1688],[-98.076,26.1706],[-98.074,26.1703],[-98.0734,26.1744],[-98.0835,26.1762],[-98.0825,26.1826],[-98.0842,26.184],[-98.0863,26.1843],[-98.0865,26.1827],[-98.0903,26.1832],[-98.0913,26.1779],[-98.0951,26.1786],[-98.0932,26.1895],[-98.1056,26.1912],[-98.1051,26.1938],[-98.1032,26.1936],[-98.1035,26.1918],[-98.1016,26.1915],[-98.1013,26.1933],[-98.0974,26.1928],[-98.0967,26.1965],[-98.1004,26.1969],[-98.0998,26.2004],[-98.1079,26.2015],[-98.1132,26.1706],[-98.1214,26.1717],[-98.1228,26.1646],[-98.1185,26.164],[-98.1196,26.1568],[-98.1222,26.1571],[-98.1213,26.1589],[-98.1216,26.1598],[-98.1233,26.16],[-98.1286,26.1286],[-98.1365,26.1297],[-98.131,26.162],[-98.1329,26.1623],[-98.1323,26.1659],[-98.1323,26.1631],[-98.1313,26.1629],[-98.1292,26.1728],[-98.1371,26.1739],[-98.1469,26.1165],[-98.1797,26.121],[-98.17,26.1785],[-98.1864,26.1806],[-98.1833,26.1994],[-98.179,26.1988],[-98.1791,26.1978],[-98.1777,26.1976],[-98.1776,26.1986],[-98.1722,26.1972],[-98.1722,26.2031],[-98.1704,26.2029],[-98.1701,26.2048],[-98.1656,26.2041],[-98.1635,26.2166],[-98.1798,26.2188],[-98.1787,26.2261],[-98.199,26.2289],[-98.1978,26.236],[-98.2068,26.2372],[-98.2055,26.2445],[-98.214,26.2454],[-98.2127,26.2526],[-98.1586,26.2453],[-98.1527,26.2799],[-98.1558,26.2851],[-98.1566,26.2888],[-98.1547,26.3003],[-98.1309,26.297],[-98.125,26.2951],[-98.1011,26.292],[-98.0961,26.2927],[-98.0922,26.2966],[-98.0895,26.2981],[-98.0513,26.2928],[-98.0377,26.2928],[-98.0378,26.2964],[-98.0134,26.2964],[-98.0142,26.3326],[-97.937,26.3213],[-97.9339,26.3425],[-97.9307,26.3583],[-97.8619,26.3482],[-97.8619,26.4336],[-97.9085,26.4332],[-97.9085,26.435],[-98.0042,26.4488],[-97.9965,26.4919],[-97.9923,26.4913],[-97.9844,26.5366],[-97.9639,26.5335],[-97.9688,26.5514],[-97.9701,26.5523],[-97.9688,26.554],[-97.9681,26.5689],[-97.9644,26.5688],[-97.9574,26.6118],[-97.9853,26.6158],[-97.9856,26.9478],[-97.9861,27.2605],[-98.0581,27.261],[-98.0598,27.6359],[-97.9421,27.6359],[-97.9336,27.7769],[-97.9343,27.8852],[-97.7985,27.9957],[-97.7958,28.0031],[-97.7966,28.011],[-97.7951,28.0111],[-97.7934,28.0145],[-97.7917,28.0146],[-97.7924,28.012],[-97.7916,28.0112],[-97.7906,28.0114],[-97.7905,28.0128],[-97.789,28.0139],[-97.7912,28.0163],[-97.7903,28.0194],[-97.7937,28.0249],[-97.7961,28.0313],[-97.7989,28.0311],[-97.8001,28.0325],[-97.7986,28.0336],[-97.8016,28.0361],[-97.8011,28.038],[-97.8058,28.0414],[-97.8118,28.0416],[-97.8128,28.0392],[-97.8143,28.0385],[-97.8195,28.0408],[-97.8204,28.0403],[-97.8199,28.0389],[-97.8233,28.0394],[-97.8261,28.038],[-97.8249,28.0366],[-97.8227,28.0368],[-97.8235,28.0357],[-97.8342,28.0372],[-97.8343,28.0361],[-97.8389,28.0346],[-97.8412,28.0361],[-97.8455,28.0368],[-97.8486,28.0363],[-97.8495,28.0376],[-97.8529,28.0366],[-97.8548,28.0384],[-97.8606,28.0381],[-97.8646,28.0415],[-97.868,28.0412],[-97.872,28.0463],[-97.8747,28.0452],[-97.8781,28.0463],[-97.8783,28.0476],[-97.875,28.049],[-97.875,28.0504],[-97.8794,28.0541],[-97.8825,28.0531],[-97.8844,28.0542],[-97.8845,28.0554],[-97.8828,28.0563],[-97.8846,28.0576],[-97.8836,28.0591],[-97.884,28.06],[-97.8893,28.0607],[-97.8899,28.0617],[-97.8891,28.0629],[-97.8904,28.0634],[-97.8917,28.0631],[-97.8937,28.0608],[-97.8953,28.0612],[-97.8978,28.0645],[-97.8998,28.0653],[-97.9014,28.0683],[-97.9002,28.0695],[-97.9021,28.0719],[-97.9011,28.0759],[-97.8997,28.0761],[-97.8974,28.0745],[-97.8954,28.0759],[-97.8995,28.0821],[-97.9017,28.0829],[-97.905,28.0874],[-97.9074,28.0865],[-97.9085,28.0896],[-97.9087,28.0925],[-97.9069,28.0954],[-97.9073,28.0976],[-97.9034,28.0993],[-97.8981,28.0994],[-97.8966,28.1002],[-97.8966,28.1018],[-97.8988,28.1021],[-97.8993,28.1034],[-97.8978,28.1133],[-97.9041,28.1142],[-97.8088,28.1834],[-97.9507,28.426],[-97.9933,28.5003],[-98.0898,28.663],[-97.9988,28.6922],[-97.9181,28.7192],[-97.9167,28.7184],[-97.9151,28.7196],[-97.9071,28.7133],[-97.902,28.7129],[-97.9004,28.7113],[-97.9009,28.7106],[-97.8994,28.7103],[-97.8983,28.7086],[-97.8978,28.7057],[-97.8951,28.704],[-97.8933,28.705],[-97.8931,28.7034],[-97.8926,28.7039],[-97.8919,28.7033],[-97.8934,28.7006],[-97.8922,28.6992],[-97.8891,28.6999],[-97.8864,28.6989],[-97.886,28.698],[-97.8847,28.6985],[-97.8843,28.6957],[-97.8814,28.6965],[-97.8807,28.6946],[-97.8794,28.6959],[-97.8794,28.6937],[-97.8767,28.6935],[-97.8758,28.6914],[-97.8736,28.6912],[-97.8707,28.6895],[-97.8668,28.6894],[-97.863,28.6864],[-97.8582,28.6843],[-97.8529,28.6851],[-97.8506,28.6837],[-97.8424,28.6816],[-97.8411,28.6805],[-97.8393,28.6813],[-97.8381,28.6793],[-97.8374,28.6806],[-97.8357,28.6804],[-97.8352,28.678],[-97.8339,28.6773],[-97.834,28.6756],[-97.8315,28.6759],[-97.8309,28.6776],[-97.8297,28.678],[-97.8261,28.6746],[-97.8256,28.6735],[-97.8264,28.6726],[-97.8253,28.6703],[-97.7952,28.6734],[-97.7935,28.6761],[-97.7919,28.677],[-97.7899,28.6756],[-97.7874,28.6756],[-97.7871,28.6741],[-97.785,28.6728],[-97.7845,28.6707],[-97.7812,28.6702],[-97.7785,28.668],[-97.5746,28.8133],[-97.7551,29.0071],[-97.6302,29.0984],[-97.625,29.1008],[-97.6131,29.1098],[-97.7577,29.2502],[-97.7933,29.2873],[-97.8588,29.3529],[-97.7539,29.4886],[-97.7466,29.5003],[-97.6531,29.6233],[-97.6332,29.6499],[-97.6332,29.651],[-97.6313,29.6508],[-97.631,29.6535],[-97.6353,29.6537],[-97.6363,29.6554],[-97.6378,29.6543],[-97.638,29.6532],[-97.639,29.6533],[-97.6405,29.6519],[-97.6419,29.6523],[-97.6429,29.6546],[-97.6482,29.6542],[-97.65,29.6553],[-97.6518,29.654],[-97.6543,29.658],[-97.6533,29.6586],[-97.6534,29.6604],[-97.6521,29.6619],[-97.6502,29.6614],[-97.6492,29.6596],[-97.6496,29.6574],[-97.6485,29.657],[-97.6476,29.6611],[-97.6479,29.6623],[-97.6492,29.6623],[-97.6505,29.6658],[-97.6529,29.6679],[-97.6568,29.6647],[-97.6567,29.6626],[-97.6588,29.6634],[-97.6594,29.6665],[-97.661,29.6685],[-97.6634,29.667],[-97.665,29.6688],[-97.6659,29.6669],[-97.6692,29.6675],[-97.6709,29.6671],[-97.6712,29.6641],[-97.6732,29.6632],[-97.6752,29.6657],[-97.6741,29.6686],[-97.6759,29.6681],[-97.6778,29.6688],[-97.6766,29.667],[-97.6784,29.6668],[-97.6786,29.6643],[-97.6805,29.6636],[-97.6838,29.6643],[-97.682,29.6661],[-97.6833,29.6673],[-97.6839,29.6661],[-97.6858,29.6657],[-97.6872,29.6664],[-97.6865,29.6673],[-97.6853,29.6663],[-97.6851,29.6668],[-97.6883,29.6726],[-97.6909,29.6717],[-97.6916,29.6724],[-97.6907,29.6731],[-97.692,29.6727],[-97.6927,29.6734],[-97.6983,29.6692],[-97.6972,29.667],[-97.6983,29.6667],[-97.7009,29.6686],[-97.7022,29.6686],[-97.7022,29.6701],[-97.7034,29.6705],[-97.7038,29.6742],[-97.7061,29.6746],[-97.7052,29.6756],[-97.7066,29.6773],[-97.7053,29.6775],[-97.7048,29.6791],[-97.7058,29.6799],[-97.7039,29.6813],[-97.7043,29.6824],[-97.7087,29.6837],[-97.7117,29.6815],[-97.7172,29.6818],[-97.7172,29.6841],[-97.7227,29.6822],[-97.7214,29.6844],[-97.7221,29.6855],[-97.7256,29.6857],[-97.7276,29.6879],[-97.736,29.6913],[-97.7354,29.6936],[-97.7385,29.6965],[-97.7433,29.697],[-97.7433,29.6988],[-97.7368,29.7022],[-97.7359,29.7056],[-97.7366,29.7107],[-97.7384,29.713],[-97.7439,29.7119],[-97.7449,29.7127],[-97.7461,29.7113],[-97.749,29.7111],[-97.7497,29.7119],[-97.7466,29.7126],[-97.7471,29.714],[-97.7565,29.7178],[-97.759,29.7146],[-97.7634,29.713],[-97.7657,29.7171],[-97.7683,29.7189],[-97.7685,29.7201],[-97.7665,29.7218],[-97.7635,29.7218],[-97.7592,29.7238],[-97.7587,29.7255],[-97.761,29.7255],[-97.7613,29.7283],[-97.7637,29.7279],[-97.7653,29.7285],[-97.771,29.7323],[-97.7723,29.7338],[-97.7713,29.7328],[-97.7705,29.7335],[-97.7707,29.7378],[-97.7686,29.7416],[-97.7729,29.7422],[-97.7741,29.7416],[-97.774,29.7439],[-97.7771,29.7467],[-97.7822,29.7479],[-97.7815,29.7487],[-97.7803,29.7477],[-97.7795,29.7482],[-97.7812,29.7527],[-97.7801,29.7563],[-97.7817,29.758],[-97.7805,29.7582],[-97.7808,29.7591],[-97.787,29.7609],[-97.7928,29.7593],[-97.7929,29.7542],[-97.7942,29.7528],[-97.7994,29.7523],[-97.8011,29.7532],[-97.8014,29.7542],[-97.8036,29.7537],[-97.804,29.7553],[-97.803,29.7567],[-97.8038,29.7574],[-97.8028,29.7587],[-97.8009,29.7592],[-97.8002,29.7609],[-97.8003,29.7662],[-97.8012,29.767],[-97.8021,29.7666],[-97.8054,29.7674],[-97.8104,29.7729],[-97.8112,29.7745],[-97.808,29.7746],[-97.8055,29.7732],[-97.8065,29.7753],[-97.8056,29.7771],[-97.8085,29.7798],[-97.8114,29.7803],[-97.8118,29.7797],[-97.8109,29.7792],[-97.8125,29.7781],[-97.8148,29.7802],[-97.815,29.7809],[-97.8119,29.7839],[-97.8143,29.7847],[-97.8154,29.7882],[-97.8171,29.7904],[-97.8196,29.7894],[-97.8218,29.7827],[-97.824,29.7835],[-97.8227,29.7846],[-97.8233,29.7855],[-97.8261,29.7846],[-97.8263,29.7834],[-97.8242,29.7814],[-97.8282,29.7816],[-97.829,29.7808],[-97.8277,29.7792],[-97.8293,29.7796],[-97.8324,29.7845],[-97.8317,29.7874],[-97.83,29.79],[-97.8295,29.7935],[-97.8303,29.7955],[-97.8341,29.7947],[-97.8369,29.7952],[-97.8385,29.7976],[-97.8424,29.7992],[-97.8432,29.8008],[-97.8423,29.8023],[-97.8419,29.8075],[-97.8424,29.8083],[-97.8448,29.8085],[-97.8457,29.8074],[-97.8464,29.8086],[-97.8454,29.8109],[-97.8423,29.8132],[-97.8406,29.8162],[-97.8397,29.8204],[-97.8421,29.8215],[-97.8427,29.824],[-97.8415,29.8249],[-97.8369,29.825],[-97.837,29.8277],[-97.8403,29.8294],[-97.8413,29.8319],[-97.8439,29.8328],[-97.8448,29.8391],[-97.8473,29.8424],[-97.849,29.8435],[-97.8537,29.8431],[-97.8555,29.8439],[-97.8562,29.8489],[-97.8614,29.855],[-97.8646,29.8561],[-97.8672,29.8545],[-97.8673,29.8519],[-97.8689,29.8514],[-97.8722,29.8525],[-97.873,29.8559],[-97.8753,29.8582]]]},"properties":{"STATEFP":"48","CD118FP":"15","GEOID":"4815","GEOIDFQ":"5001800US4815","NAMELSAD":"Congressional District 15","LSAD":"C2","CDSESSN":"118","MTFCC":"G5200","FUNCSTAT":"N","ALAND":16136713824,"AWATER":168043966,"INTPTLAT":"+27.9642869","INTPTLON":"-098.1036986"}},
{"type":"Feature","geometry":{"type":"Polygon","coordinates":[[[-97.9084,30.3062],[-97.9071,30.3046],[-97.9027,30.3026],[-97.8973,30.2979],[-97.897,30.2969],[-97.8981,30.2954],[-97.902,30.2923],[-97.9007,30.2893],[-97.8969,30.2903],[-97.8906,30.2957],[-97.8883,30.2943],[-97.8861,30.2892],[-97.883,30.2865],[-97.8803,30.2885],[-97.8801,30.2908],[-97.8815,30.2948],[-97.8792,30.2977],[-97.8762,30.299],[-97.8733,30.2973],[-97.8708,30.2972],[-97.8695,30.2985],[-97.868,30.3011],[-97.8694,30.3054],[-97.8687,30.3065],[-97.8666,30.3064],[-97.8655,30.3052],[-97.8643,30.3029],[-97.8644,30.2998],[-97.8618,30.2968],[-97.8586,30.2983],[-97.8571,30.3046],[-97.8539,30.3044],[-97.8508,30.2921],[-97.8472,30.2911],[-97.8448,30.2928],[-97.843,30.2923],[-97.8438,30.2899],[-97.852,30.2842],[-97.8524,30.2819],[-97.8476,30.2785],[-97.8436,30.2731],[-97.8399,30.2756],[-97.838,30.2755],[-97.8341,30.274],[-97.8307,30.27],[-97.825,30.2697],[-97.823,30.2645],[-97.8236,30.2606],[-97.8224,30.2575],[-97.8192,30.2545],[-97.8137,30.2516],[-97.8107,30.2428],[-97.8223,30.2374],[-97.8246,30.2353],[-97.8276,30.2362],[-97.833,30.2364],[-97.8312,30.237],[-97.8304,30.2383],[-97.853,30.2496],[-97.8568,30.2432],[-97.8584,30.242],[-97.86,30.2354],[-97.8619,30.2358],[-97.8653,30.2343],[-97.8672,30.2343],[-97.8714,30.2351],[-97.8713,30.2378],[-97.8764,30.2399],[-97.8811,30.2454],[-97.8867,30.25],[-97.8886,30.2471],[-97.8943,30.2499],[-97.896,30.2477],[-97.8982,30.2479],[-97.8988,30.2465],[-97.9041,30.2423],[-97.9051,30.2423],[-97.91,30.2347],[-97.9085,30.2344],[-97.9074,30.2374],[-97.906,30.2376],[-97.9003,30.2351],[-97.9012,30.2332],[-97.8985,30.2321],[-97.8989,30.2313],[-97.8949,30.2301],[-97.8946,30.2312],[-97.8936,30.2311],[-97.8937,30.2299],[-97.8883,30.2292],[-97.8885,30.2286],[-97.8992,30.2102],[-97.9014,30.2093],[-97.9083,30.2097],[-97.912,30.2048],[-97.9184,30.2024],[-97.9285,30.1875],[-97.9288,30.1817],[-97.8139,30.0992],[-97.8044,30.1192],[-97.7874,30.1652],[-97.7705,30.1905],[-97.7565,30.2082],[-97.7355,30.2436],[-97.735,30.2459],[-97.7372,30.2588],[-97.729,30.2807],[-97.7239,30.2877],[-97.7229,30.2872],[-97.7233,30.2861],[-97.7218,30.2854],[-97.7197,30.2881],[-97.7144,30.2862],[-97.7142,30.2851],[-97.7065,30.2862],[-97.7074,30.2892],[-97.705,30.2892],[-97.7013,30.2875],[-97.6967,30.2899],[-97.6904,30.2899],[-97.6893,30.2916],[-97.6892,30.2946],[-97.6859,30.3002],[-97.6795,30.3073],[-97.6708,30.3085],[-97.6809,30.3148],[-97.6816,30.3161],[-97.679,30.3208],[-97.6805,30.3228],[-97.6724,30.3251],[-97.6732,30.3257],[-97.6717,30.3263],[-97.6659,30.3277],[-97.668,30.3313],[-97.6688,30.335],[-97.675,30.3362],[-97.6762,30.3371],[-97.6784,30.344],[-97.6761,30.3507],[-97.6686,30.3625],[-97.6689,30.3674],[-97.6675,30.3715],[-97.6667,30.3729],[-97.6658,30.3725],[-97.6613,30.3748],[-97.6582,30.3778],[-97.654,30.3796],[-97.65,30.3839],[-97.6466,30.3912],[-97.6385,30.4037],[-97.6351,30.402],[-97.6318,30.4068],[-97.6284,30.4056],[-97.6205,30.4193],[-97.6279,30.4226],[-97.6273,30.4238],[-97.6375,30.4285],[-97.6341,30.4338],[-97.6377,30.4353],[-97.6403,30.4313],[-97.6483,30.4353],[-97.6531,30.4327],[-97.6556,30.436],[-97.6632,30.4407],[-97.6654,30.4412],[-97.6687,30.4375],[-97.6692,30.4348],[-97.6683,30.4406],[-97.6714,30.4395],[-97.675,30.436],[-97.6762,30.4387],[-97.6785,30.4398],[-97.6789,30.4409],[-97.677,30.4422],[-97.6811,30.4434],[-97.6799,30.4447],[-97.6813,30.4461],[-97.6798,30.4499],[-97.6805,30.4542],[-97.6866,30.4458],[-97.6955,30.4498],[-97.6946,30.4615],[-97.704,30.4585],[-97.7152,30.4586],[-97.7211,30.4558],[-97.7197,30.4708],[-97.7205,30.4727],[-97.7236,30.4753],[-97.7313,30.4769],[-97.7491,30.474],[-97.7611,30.4775],[-97.7499,30.481],[-97.7504,30.482],[-97.7497,30.4847],[-97.7517,30.484],[-97.7533,30.4857],[-97.7557,30.4851],[-97.7577,30.4893],[-97.7568,30.4924],[-97.7552,30.4916],[-97.7532,30.4921],[-97.7546,30.4958],[-97.7535,30.4962],[-97.7544,30.4989],[-97.7554,30.4986],[-97.7569,30.5018],[-97.7591,30.5011],[-97.7584,30.499],[-97.7607,30.4982],[-97.7606,30.4989],[-97.7629,30.4989],[-97.7627,30.4977],[-97.7704,30.4953],[-97.8041,30.4864],[-97.8038,30.4837],[-97.802,30.4801],[-97.8106,30.4754],[-97.8153,30.4753],[-97.8106,30.4639],[-97.82,30.4609],[-97.8284,30.453],[-97.8336,30.4425],[-97.8401,30.4355],[-97.8434,30.4265],[-97.8475,30.4283],[-97.847,30.4295],[-97.8496,30.4318],[-97.8499,30.4401],[-97.856,30.4382],[-97.855,30.4342],[-97.8587,30.434],[-97.8605,30.4323],[-97.865,30.4312],[-97.873,30.4259],[-97.8742,30.4233],[-97.8771,30.4234],[-97.8775,30.4262],[-97.8788,30.4271],[-97.8787,30.429],[-97.8798,30.429],[-97.8801,30.4274],[-97.8817,30.4259],[-97.8832,30.4277],[-97.8852,30.4264],[-97.8885,30.4266],[-97.8922,30.4246],[-97.8958,30.4243],[-97.8982,30.4228],[-97.9058,30.4213],[-97.9075,30.414],[-97.9008,30.4008],[-97.8992,30.3948],[-97.9111,30.3905],[-97.9134,30.3883],[-97.9145,30.3848],[-97.9144,30.381],[-97.908,30.3819],[-97.9023,30.3792],[-97.9027,30.3784],[-97.9044,30.3782],[-97.9039,30.3776],[-97.9009,30.3763],[-97.9003,30.3751],[-97.8978,30.3753],[-97.896,30.3739],[-97.8955,30.3712],[-97.8926,30.3705],[-97.8917,30.3691],[-97.8882,30.3709],[-97.8862,30.3734],[-97.8792,30.3707],[-97.8743,30.3707],[-97.8722,30.3693],[-97.8703,30.3718],[-97.8739,30.3744],[-97.8637,30.3857],[-97.8477,30.396],[-97.8443,30.3937],[-97.8399,30.3923],[-97.8312,30.3919],[-97.8177,30.3831],[-97.8119,30.3821],[-97.8084,30.3804],[-97.8058,30.3779],[-97.8018,30.3693],[-97.7982,30.3714],[-97.797,30.3696],[-97.7901,30.3659],[-97.7911,30.3599],[-97.7968,30.3498],[-97.7897,30.3448],[-97.7866,30.3414],[-97.7765,30.3238],[-97.7759,30.3136],[-97.7792,30.3062],[-97.7859,30.2975],[-97.7856,30.2943],[-97.7885,30.2944],[-97.788,30.2969],[-97.7898,30.2972],[-97.7905,30.2985],[-97.7918,30.2981],[-97.7923,30.3],[-97.796,30.3035],[-97.7951,30.3048],[-97.7955,30.3061],[-97.7988,30.31],[-97.8013,30.3102],[-97.8026,30.3114],[-97.8047,30.3143],[-97.805,30.3171],[-97.8066,30.3197],[-97.8077,30.3179],[-97.8087,30.3122],[-97.8123,30.3151],[-97.8191,30.3172],[-97.8204,30.3191],[-97.8146,30.3223],[-97.8126,30.325],[-97.8246,30.3301],[-97.8314,30.325],[-97.8359,30.3239],[-97.8415,30.3251],[-97.844,30.3295],[-97.8452,30.3404],[-97.8475,30.3467],[-97.8508,30.3516],[-97.8572,30.3547],[-97.8622,30.3543],[-97.8744,30.3462],[-97.8805,30.344],[-97.8945,30.3417],[-97.8999,30.3399],[-97.911,30.3304],[-97.9123,30.3284],[-97.9094,30.3305],[-97.9091,30.3298],[-97.9084,30.3302],[-97.9074,30.3278],[-97.9117,30.3211],[-97.909,30.3107],[-97.9071,30.3099],[-97.9089,30.3098],[-97.9084,30.3062]]]},"properties":{"STATEFP":"48","CD118FP":"37","GEOID":"4837","GEOIDFQ":"5001800US4837","NAMELSAD":"Congressional District 37","LSAD":"C2","CDSESSN":"118","MTFCC":"G5200","FUNCSTAT":"N","ALAND":578809780,"AWATER":9175198,"INTPTLAT":"+30.3005289","INTPTLON":"-097.7743605"}},
{"type":"Feature","geometry":{"type":"Polygon","coordinates":[[[-106.514,32.0008],[-106.6185,32.0005],[-106.6194,31.9947],[-106.6236,31.991],[-106.6312,31.9898],[-106.6365,31.9857],[-106.6395,31.9803],[-106.6382,31.9768],[-106.6301,31.9713],[-106.6265,31.9707],[-106.6232,31.9729],[-106.6218,31.9729],[-106.6193,31.971],[-106.6187,31.967],[-106.6194,31.9648],[-106.6243,31.9611],[-106.6255,31.9575],[-106.6251,31.9545],[-106.6228,31.9529],[-106.6177,31.956],[-106.6144,31.956],[-106.6143,31.9516],[-106.6153,31.949],[-106.6237,31.9455],[-106.6224,31.9409],[-106.6225,31.9349],[-106.6253,31.93],[-106.6297,31.9266],[-106.6287,31.9236],[-106.6239,31.9253],[-106.6184,31.9223],[-106.6129,31.9204],[-106.6161,31.9173],[-106.6188,31.9178],[-106.6259,31.9122],[-106.6337,31.9098],[-106.6408,31.9046],[-106.6455,31.8987],[-106.6453,31.8949],[-106.6429,31.8929],[-106.6382,31.8917],[-106.6339,31.8892],[-106.6307,31.8864],[-106.6292,31.8837],[-106.6309,31.8795],[-106.6349,31.8745],[-106.6359,31.8715],[-106.6359,31.8662],[-106.6282,31.8611],[-106.6258,31.8562],[-106.6148,31.8464],[-106.6062,31.8463],[-106.6017,31.8444],[-106.6014,31.8396],[-106.6034,31.8359],[-106.6053,31.8277],[-106.6028,31.825],[-106.5938,31.8249],[-106.5891,31.8227],[-106.5772,31.8104],[-106.5709,31.8102],[-106.5665,31.8134],[-106.5634,31.8127],[-106.563,31.8111],[-106.5471,31.8073],[-106.5442,31.8035],[-106.536,31.7985],[-106.5328,31.7924],[-106.5304,31.792],[-106.5274,31.79],[-106.5285,31.7814],[-106.521,31.7739],[-106.5174,31.7718],[-106.5136,31.7707],[-106.5121,31.7685],[-106.5102,31.7614],[-106.5063,31.7609],[-106.5,31.7555],[-106.4962,31.7537],[-106.4898,31.7485],[-106.4849,31.7477],[-106.4735,31.7503],[-106.4707,31.7525],[-106.4689,31.7574],[-106.4669,31.7596],[-106.4551,31.7643],[-106.4521,31.7645],[-106.4495,31.7637],[-106.435,31.7551],[-106.4213,31.7528],[-106.4153,31.7508],[-106.382,31.7327],[-106.3781,31.7284],[-106.3741,31.715],[-106.3723,31.7125],[-106.3513,31.6983],[-106.3491,31.696],[-106.338,31.6712],[-106.3364,31.6715],[-106.3359,31.675],[-106.3314,31.674],[-106.318,31.6778],[-106.3128,31.6803],[-106.2643,31.624],[-106.259,31.6268],[-106.2469,31.6131],[-106.2225,31.6196],[-106.2175,31.6123],[-106.2149,31.6141],[-106.2152,31.6091],[-106.2128,31.6057],[-106.204,31.6107],[-106.1991,31.604],[-106.2038,31.6013],[-106.2025,31.5993],[-106.207,31.5988],[-106.2024,31.5943],[-106.1988,31.5977],[-106.1936,31.6002],[-106.1894,31.5949],[-106.1627,31.5966],[-106.1634,31.6092],[-106.1666,31.6085],[-106.171,31.6092],[-106.1807,31.6055],[-106.1807,31.6081],[-106.1952,31.608],[-106.196,31.6093],[-106.1981,31.6093],[-106.198,31.6395],[-106.1807,31.6394],[-106.1806,31.6517],[-106.1778,31.6529],[-106.1894,31.6685],[-106.1797,31.6685],[-106.1798,31.6803],[-106.1653,31.6805],[-106.1643,31.6776],[-106.145,31.6777],[-106.145,31.6799],[-106.1457,31.6799],[-106.1457,31.6827],[-106.1644,31.6827],[-106.1645,31.6974],[-106.1815,31.6973],[-106.1817,31.7118],[-106.1988,31.7118],[-106.1991,31.7693],[-106.2003,31.7805],[-106.1995,31.7912],[-106.2001,31.8156],[-106.2323,31.8113],[-106.2323,31.8145],[-106.2342,31.8145],[-106.2342,31.8268],[-106.2731,31.8267],[-106.2729,31.8194],[-106.3196,31.8346],[-106.3225,31.8369],[-106.3398,31.8664],[-106.348,31.8619],[-106.3543,31.8598],[-106.3534,31.8564],[-106.3562,31.8553],[-106.3646,31.8478],[-106.367,31.841],[-106.3654,31.8379],[-106.3674,31.8361],[-106.3682,31.8315],[-106.38,31.8313],[-106.38,31.8327],[-106.3957,31.8324],[-106.4029,31.8269],[-106.4034,31.8279],[-106.4214,31.8276],[-106.4184,31.8291],[-106.4173,31.8514],[-106.3706,31.9272],[-106.3739,31.9284],[-106.4007,31.9285],[-106.4007,31.9296],[-106.3996,31.9304],[-106.4003,31.933],[-106.405,31.933],[-106.405,31.9344],[-106.4042,31.9346],[-106.4047,31.9367],[-106.4078,31.9373],[-106.4079,31.943],[-106.4139,31.9409],[-106.4203,31.9365],[-106.4316,31.9354],[-106.4417,31.9361],[-106.4415,31.9277],[-106.4757,31.9274],[-106.4752,31.9129],[-106.4959,31.9124],[-106.4962,31.9157],[-106.4992,31.9193],[-106.4996,31.9251],[-106.4976,31.9296],[-106.4985,31.9415],[-106.4971,31.9508],[-106.4991,31.9566],[-106.4975,31.9589],[-106.4993,31.9612],[-106.5004,31.9692],[-106.5041,31.9741],[-106.5071,31.9765],[-106.507,31.9838],[-106.51,31.9901],[-106.5132,31.9933],[-106.514,32.0008]]]},"properties":{"STATEFP":"48","CD118FP":"16","GEOID":"4816","GEOIDFQ":"5001800US4816","NAMELSAD":"Congressional District 16","LSAD":"C2","CDSESSN":"118","MTFCC":"G5200","FUNCSTAT":"N","ALAND":817007780,"AWATER":2356398,"INTPTLAT":"+31.8121490","INTPTLON":"-106.4056841"}},
{"type":"Feature","geometry":{"type":"Polygon","coordinates":[[[-95.6883,29.7109],[-95.6572,29.7303],[-95.647,29.7461],[-95.6466,29.7556],[-95.6292,29.7559],[-95.6253,29.7549],[-95.6252,29.7653],[-95.6213,29.7714],[-95.6185,29.7694],[-95.6192,29.7651],[-95.6185,29.7637],[-95.6121,29.7606],[-95.6062,29.7619],[-95.6061,29.7462],[-95.6041,29.7463],[-95.6041,29.7445],[-95.5929,29.745],[-95.5886,29.7436],[-95.5854,29.751],[-95.5894,29.7599],[-95.5848,29.7657],[-95.5809,29.7658],[-95.5784,29.767],[-95.5697,29.7621],[-95.5627,29.762],[-95.5596,29.7607],[-95.5583,29.7622],[-95.5577,29.7369],[-95.5389,29.7371],[-95.5384,29.7475],[-95.5348,29.7463],[-95.5314,29.7472],[-95.5292,29.7458],[-95.5262,29.7469],[-95.5256,29.7483],[-95.524,29.7467],[-95.5226,29.7482],[-95.5196,29.7467],[-95.5201,29.7454],[-95.5184,29.7427],[-95.5174,29.744],[-95.5164,29.7433],[-95.5143,29.745],[-95.5126,29.7437],[-95.5121,29.7454],[-95.5078,29.7461],[-95.5068,29.7471],[-95.5084,29.7483],[-95.5062,29.7486],[-95.5047,29.7526],[-95.5011,29.7529],[-95.5009,29.7375],[-95.4742,29.7379],[-95.4743,29.745],[-95.4708,29.7451],[-95.4709,29.7485],[-95.4672,29.7485],[-95.4672,29.7503],[-95.4586,29.7499],[-95.4566,29.7477],[-95.4604,29.729],[-95.4558,29.7303],[-95.4479,29.73],[-95.4482,29.7416],[-95.4249,29.7421],[-95.425,29.7431],[-95.4223,29.7431],[-95.4223,29.7422],[-95.4107,29.7426],[-95.4106,29.7447],[-95.4097,29.7447],[-95.4097,29.7469],[-95.4107,29.7469],[-95.4107,29.7546],[-95.4084,29.7564],[-95.4094,29.7668],[-95.4163,29.7659],[-95.4163,29.7635],[-95.4216,29.7628],[-95.4218,29.771],[-95.4231,29.7713],[-95.4233,29.7725],[-95.4242,29.7724],[-95.4288,29.7774],[-95.45,29.7788],[-95.4539,29.7809],[-95.4568,29.7828],[-95.4569,29.7874],[-95.4617,29.7873],[-95.4617,29.7847],[-95.468,29.7847],[-95.4681,29.7887],[-95.4695,29.7887],[-95.4696,29.7903],[-95.4727,29.7898],[-95.4733,29.7945],[-95.4744,29.7945],[-95.4744,29.7988],[-95.4758,29.7988],[-95.4757,29.8004],[-95.4789,29.8003],[-95.4788,29.7994],[-95.4807,29.7994],[-95.4808,29.8028],[-95.4829,29.8028],[-95.4828,29.7981],[-95.4849,29.7981],[-95.4848,29.8028],[-95.4956,29.803],[-95.4969,29.8048],[-95.4998,29.8048],[-95.4998,29.8082],[-95.5009,29.8082],[-95.5009,29.803],[-95.5116,29.8026],[-95.5164,29.8035],[-95.5165,29.8094],[-95.514,29.8095],[-95.5141,29.8148],[-95.5169,29.8148],[-95.5175,29.8174],[-95.5215,29.8174],[-95.5215,29.8158],[-95.5262,29.8158],[-95.5262,29.8185],[-95.5277,29.8185],[-95.5279,29.8179],[-95.5325,29.8178],[-95.5329,29.8158],[-95.5343,29.8154],[-95.5342,29.8219],[-95.5295,29.8219],[-95.5296,29.8253],[-95.5315,29.8253],[-95.5315,29.8291],[-95.5297,29.8291],[-95.5297,29.8299],[-95.5315,29.8298],[-95.5316,29.8324],[-95.57,29.8318],[-95.5702,29.8503],[-95.5716,29.8503],[-95.5718,29.8583],[-95.5746,29.8585],[-95.5747,29.8672],[-95.5536,29.8674],[-95.5485,29.8701],[-95.5244,29.8594],[-95.5252,29.9252],[-95.5153,29.9254],[-95.5217,29.9367],[-95.53,29.9354],[-95.5522,29.9265],[-95.5554,29.9228],[-95.5559,29.9176],[-95.5647,29.9175],[-95.5677,29.9203],[-95.5691,29.9198],[-95.5687,29.9191],[-95.5697,29.9181],[-95.5673,29.9168],[-95.5678,29.9162],[-95.5712,29.9171],[-95.5709,29.9229],[-95.5686,29.923],[-95.5674,29.9275],[-95.5708,29.9272],[-95.5762,29.9245],[-95.5847,29.9246],[-95.5848,29.933],[-95.5673,29.9435],[-95.5536,29.9555],[-95.5735,29.9614],[-95.5797,29.9613],[-95.5802,29.9671],[-95.5702,29.9674],[-95.5582,29.9666],[-95.5568,29.9675],[-95.5475,29.9611],[-95.5435,29.9639],[-95.5361,29.9671],[-95.4983,29.9879],[-95.5186,30.0161],[-95.5262,30.0231],[-95.5232,30.0249],[-95.5231,30.0264],[-95.5211,30.0272],[-95.5207,30.0266],[-95.5199,30.0271],[-95.519,30.0251],[-95.5205,30.0242],[-95.5197,30.0232],[-95.5028,30.0326],[-95.5051,30.0356],[-95.5043,30.0375],[-95.501,30.0387],[-95.5027,30.0413],[-95.5019,30.0417],[-95.501,30.0404],[-95.5001,30.0409],[-95.501,30.0424],[-95.5001,30.0429],[-95.4958,30.0364],[-95.4921,30.0384],[-95.4954,30.0429],[-95.4969,30.042],[-95.4989,30.0448],[-95.4975,30.0457],[-95.4983,30.0474],[-95.4928,30.0505],[-95.491,30.046],[-95.4832,30.0504],[-95.4808,30.0464],[-95.4791,30.0473],[-95.4783,30.0461],[-95.4739,30.0485],[-95.4771,30.054],[-95.4798,30.0559],[-95.4804,30.0574],[-95.4774,30.0592],[-95.4765,30.0706],[-95.4847,30.071],[-95.4968,30.0741],[-95.4967,30.0835],[-95.4996,30.0831],[-95.4996,30.088],[-95.5039,30.088],[-95.5035,30.0935],[-95.5042,30.0948],[-95.5035,30.0962],[-95.5068,30.0969],[-95.5069,30.1179],[-95.5059,30.1215],[-95.5048,30.1402],[-95.5093,30.1402],[-95.5093,30.1369],[-95.5628,30.1366],[-95.5625,30.1313],[-95.5657,30.1312],[-95.5666,30.1302],[-95.5742,30.1299],[-95.5746,30.1518],[-95.5775,30.1501],[-95.5805,30.15],[-95.5822,30.1475],[-95.5842,30.1467],[-95.5855,30.142],[-95.5869,30.1409],[-95.5882,30.1378],[-95.5906,30.1359],[-95.5911,30.1366],[-95.5919,30.1356],[-95.5942,30.1356],[-95.5943,30.1343],[-95.5949,30.1351],[-95.5962,30.1338],[-95.5968,30.1345],[-95.5975,30.1335],[-95.6008,30.1327],[-95.6022,30.1337],[-95.6025,30.1328],[-95.6029,30.1337],[-95.6055,30.1336],[-95.6061,30.1345],[-95.6064,30.134],[-95.6132,30.1354],[-95.6159,30.1349],[-95.6169,30.1357],[-95.6175,30.135],[-95.6188,30.1359],[-95.6232,30.1358],[-95.6255,30.1313],[-95.6247,30.1302],[-95.626,30.1289],[-95.624,30.1285],[-95.6239,30.1267],[-95.6262,30.1263],[-95.6274,30.1277],[-95.6295,30.1278],[-95.6348,30.1256],[-95.6369,30.1264],[-95.639,30.1224],[-95.6413,30.1207],[-95.642,30.1212],[-95.642,30.1205],[-95.6439,30.1204],[-95.6469,30.1187],[-95.6499,30.1153],[-95.6524,30.1139],[-95.653,30.1115],[-95.6545,30.111],[-95.6537,30.1103],[-95.654,30.1092],[-95.6554,30.109],[-95.6588,30.1103],[-95.6591,30.1112],[-95.6582,30.1112],[-95.6589,30.1123],[-95.6616,30.1114],[-95.6614,30.1093],[-95.6673,30.1057],[-95.6676,30.1022],[-95.669,30.1014],[-95.6728,30.1016],[-95.6761,30.103],[-95.6796,30.1059],[-95.6838,30.1074],[-95.6862,30.1066],[-95.6881,30.1036],[-95.6869,30.1034],[-95.687,30.1013],[-95.691,30.0988],[-95.6964,30.0993],[-95.6989,30.0983],[-95.7013,30.0985],[-95.7051,30.1023],[-95.7096,30.1029],[-95.7128,30.1017],[-95.7152,30.1023],[-95.7173,30.0994],[-95.7227,30.1],[-95.725,30.0971],[-95.734,30.0935],[-95.7425,30.0966],[-95.7444,30.095],[-95.749,30.0958],[-95.7552,30.0921],[-95.7539,30.0899],[-95.7541,30.0868],[-95.7563,30.0785],[-95.7633,30.0746],[-95.7777,30.0697],[-95.781,30.0682],[-95.7815,30.0672],[-95.7814,30.0279],[-95.7824,30.0273],[-95.782,30.0033],[-95.7681,29.9981],[-95.768,29.9608],[-95.7696,29.9602],[-95.7696,29.9492],[-95.7435,29.9495],[-95.7432,29.9563],[-95.7179,29.9566],[-95.7191,29.9563],[-95.7181,29.9536],[-95.7202,29.9479],[-95.7196,29.9447],[-95.7179,29.9425],[-95.7153,29.9438],[-95.7107,29.9442],[-95.7059,29.9472],[-95.7045,29.9493],[-95.7027,29.9572],[-95.7028,29.9683],[-95.7011,29.9716],[-95.6734,29.9533],[-95.6198,29.9149],[-95.6264,29.9116],[-95.6307,29.9075],[-95.6333,29.9089],[-95.6385,29.909],[-95.6392,29.9104],[-95.6416,29.9104],[-95.6411,29.906],[-95.6431,29.9031],[-95.6482,29.9075],[-95.6538,29.9078],[-95.6534,29.8916],[-95.6521,29.8916],[-95.6536,29.8898],[-95.6521,29.8878],[-95.6511,29.8827],[-95.6546,29.8824],[-95.6545,29.8791],[-95.633,29.8793],[-95.6329,29.869],[-95.6266,29.8695],[-95.6254,29.8703],[-95.624,29.8696],[-95.6249,29.8655],[-95.6244,29.8618],[-95.6207,29.8571],[-95.6213,29.8543],[-95.6197,29.8532],[-95.6219,29.851],[-95.6228,29.8511],[-95.6233,29.8524],[-95.6242,29.8515],[-95.6258,29.8518],[-95.6261,29.8536],[-95.6278,29.8554],[-95.6328,29.8571],[-95.6328,29.8566],[-95.64,29.8566],[-95.6401,29.8523],[-95.6454,29.8522],[-95.6457,29.8412],[-95.6428,29.8413],[-95.6428,29.8398],[-95.6457,29.8396],[-95.6448,29.7846],[-95.7357,29.7852],[-95.7355,29.7705],[-95.7324,29.7715],[-95.728,29.7674],[-95.7251,29.7697],[-95.7222,29.7702],[-95.7222,29.7672],[-95.721,29.7672],[-95.721,29.7648],[-95.721,29.764],[-95.7221,29.764],[-95.7222,29.7626],[-95.7177,29.7595],[-95.7305,29.7443],[-95.7313,29.7422],[-95.7277,29.7414],[-95.7294,29.7345],[-95.7304,29.7343],[-95.6883,29.7109]]]},"properties":{"STATEFP":"48","CD118FP":"38","GEOID":"4838","GEOIDFQ":"5001800US4838","NAMELSAD":"Congressional District 38","LSAD":"C2","CDSESSN":"118","MTFCC":"G5200","FUNCSTAT":"N","ALAND":796801979,"AWATER":7181641,"INTPTLAT":"+29.9448468","INTPTLON":"-095.6158850"}},
{"type":"Feature","geometry":{"type":"Polygon","coordinates":[[[-94.9375,31.8456],[-94.9369,31.8446],[-94.9382,31.844],[-94.9368,31.8439],[-94.9365,31.8431],[-94.9379,31.8415],[-94.9354,31.8424],[-94.9367,31.8405],[-94.9352,31.8379],[-94.9378,31.8389],[-94.9354,31.836],[-94.9369,31.8358],[-94.9346,31.8347],[-94.9347,31.834],[-94.9359,31.8315],[-94.9405,31.828],[-94.9406,31.827],[-94.9414,31.8272],[-94.9418,31.829],[-94.943,31.8274],[-94.945,31.8271],[-94.9453,31.8253],[-94.9467,31.8269],[-94.9483,31.8263],[-94.9482,31.8252],[-94.9459,31.8249],[-94.9465,31.8235],[-94.9451,31.8229],[-94.9423,31.8178],[-94.9444,31.8166],[-94.9444,31.8146],[-94.9458,31.8142],[-94.9456,31.8127],[-94.9471,31.8108],[-94.9467,31.8071],[-94.949,31.8076],[-94.9498,31.8068],[-94.9513,31.8077],[-94.9511,31.8057],[-94.9526,31.8067],[-94.9543,31.8055],[-94.9538,31.8039],[-94.9523,31.8037],[-94.9524,31.8025],[-94.9535,31.802],[-94.9518,31.801],[-94.9557,31.8005],[-94.9531,31.7995],[-94.955,31.7981],[-94.9539,31.797],[-94.9605,31.7956],[-94.9607,31.7974],[-94.9646,31.7962],[-94.9662,31.7968],[-94.9689,31.7951],[-94.9704,31.7968],[-94.9711,31.7955],[-94.9723,31.7961],[-94.9723,31.7947],[-94.9735,31.7956],[-94.9751,31.7939],[-94.9758,31.7952],[-94.9764,31.7939],[-94.9775,31.794],[-94.977,31.7934],[-94.9782,31.7934],[-94.9758,31.7877],[-94.9768,31.7872],[-94.9747,31.7857],[-94.9749,31.7838],[-94.9739,31.7834],[-94.9749,31.782],[-94.9718,31.7824],[-94.9717,31.7813],[-94.9698,31.7818],[-94.9648,31.7801],[-94.9626,31.7807],[-94.9613,31.7794],[-94.9625,31.7787],[-94.9621,31.7782],[-94.9586,31.7788],[-94.9551,31.7731],[-94.9514,31.7691],[-94.9506,31.7693],[-94.9516,31.7726],[-94.9494,31.7735],[-94.9493,31.7746],[-94.9474,31.7726],[-94.948,31.7714],[-94.9445,31.7736],[-94.9421,31.7721],[-94.9386,31.7722],[-94.9374,31.7696],[-94.9335,31.7681],[-94.9331,31.7665],[-94.9293,31.7665],[-94.9281,31.7629],[-94.9263,31.7619],[-94.927,31.7587],[-94.9282,31.7591],[-94.929,31.7581],[-94.9288,31.7562],[-94.9321,31.7544],[-94.9346,31.7563],[-94.9363,31.755],[-94.9378,31.7568],[-94.9396,31.7555],[-94.9395,31.7541],[-94.9412,31.7541],[-94.9422,31.7532],[-94.9428,31.755],[-94.9436,31.7525],[-94.9453,31.7522],[-94.9552,31.7548],[-94.9585,31.7532],[-94.9594,31.7542],[-94.9608,31.753],[-94.9644,31.755],[-94.9662,31.7539],[-94.9673,31.7542],[-94.9667,31.7498],[-94.9682,31.7486],[-94.9702,31.7432],[-94.9701,31.7403],[-94.9718,31.74],[-94.9728,31.7386],[-94.9724,31.7373],[-94.9707,31.7381],[-94.9695,31.7365],[-94.9674,31.7367],[-94.9664,31.7347],[-94.9651,31.7365],[-94.9621,31.7332],[-94.9582,31.724],[-94.9568,31.7243],[-94.9544,31.7232],[-94.9552,31.7212],[-94.9586,31.7181],[-94.9587,31.7165],[-94.9613,31.7154],[-94.9629,31.7156],[-94.9629,31.7135],[-94.9608,31.7124],[-94.9597,31.7089],[-94.9615,31.704],[-94.9633,31.705],[-94.9641,31.704],[-94.9601,31.6985],[-94.964,31.6988],[-94.9646,31.6976],[-94.9655,31.6984],[-94.9659,31.6978],[-94.9651,31.6936],[-94.9597,31.686],[-94.9586,31.6855],[-94.9573,31.6869],[-94.9553,31.681],[-94.9517,31.6818],[-94.9527,31.6802],[-94.9507,31.6797],[-94.9535,31.6778],[-94.9528,31.6761],[-94.9546,31.6764],[-94.9529,31.6729],[-94.9556,31.6722],[-94.9571,31.6705],[-94.9566,31.6694],[-94.9549,31.6687],[-94.9542,31.6703],[-94.9524,31.6711],[-94.9519,31.6705],[-94.9515,31.6692],[-94.9526,31.6676],[-94.9513,31.6668],[-94.9508,31.6636],[-94.9522,31.6596],[-94.9511,31.6594],[-94.9498,31.657],[-94.9484,31.6572],[-94.9484,31.6554],[-94.9504,31.655],[-94.9486,31.6546],[-94.9488,31.6529],[-94.9511,31.6517],[-94.9526,31.6522],[-94.9512,31.6505],[-94.9491,31.6499],[-94.9483,31.6482],[-94.9487,31.6477],[-94.95,31.6484],[-94.9504,31.6466],[-94.9514,31.6474],[-94.952,31.6471],[-94.9519,31.645],[-94.9507,31.6455],[-94.9514,31.6423],[-94.9525,31.6428],[-94.952,31.6414],[-94.9542,31.6397],[-94.9527,31.6391],[-94.9506,31.64],[-94.9504,31.6381],[-94.9492,31.6374],[-94.9499,31.6366],[-94.9492,31.6364],[-94.9477,31.6363],[-94.9471,31.638],[-94.9458,31.6374],[-94.9418,31.6384],[-94.941,31.6341],[-94.9419,31.6333],[-94.9417,31.6319],[-94.9405,31.63],[-94.9396,31.631],[-94.9391,31.6302],[-94.9421,31.6292],[-94.9414,31.627],[-94.9356,31.6209],[-94.933,31.6215],[-94.9329,31.6197],[-94.9343,31.6189],[-94.9325,31.6177],[-94.9317,31.6187],[-94.9312,31.6168],[-94.9321,31.6158],[-94.9308,31.6156],[-94.9304,31.6135],[-94.9293,31.6131],[-94.9306,31.6119],[-94.9261,31.6098],[-94.9266,31.6077],[-94.9256,31.6074],[-94.9262,31.6066],[-94.9252,31.606],[-94.9257,31.6047],[-94.9251,31.604],[-94.9256,31.603],[-94.9267,31.6031],[-94.9262,31.6022],[-94.9279,31.6027],[-94.9267,31.5988],[-94.9284,31.5984],[-94.9263,31.5981],[-94.9264,31.5934],[-94.9245,31.5924],[-94.9249,31.5903],[-94.9192,31.5873],[-94.9223,31.5841],[-94.925,31.5827],[-94.9233,31.5819],[-94.9243,31.5798],[-94.9215,31.5776],[-94.9206,31.5741],[-94.9157,31.57],[-94.9123,31.569],[-94.9073,31.5707],[-94.9027,31.5741],[-94.8961,31.5759],[-94.8934,31.5779],[-94.8917,31.5779],[-94.8905,31.5729],[-94.8908,31.5692],[-94.8896,31.5663],[-94.8916,31.5624],[-94.895,31.5589],[-94.8966,31.555],[-94.8986,31.5557],[-94.9006,31.5526],[-94.8991,31.5519],[-94.8977,31.5532],[-94.896,31.5509],[-94.8964,31.5495],[-94.8933,31.5498],[-94.8931,31.5491],[-94.8961,31.5457],[-94.8938,31.543],[-94.894,31.5412],[-94.8904,31.5423],[-94.8901,31.541],[-94.8867,31.5424],[-94.8844,31.5409],[-94.8851,31.5401],[-94.8842,31.5379],[-94.8859,31.5372],[-94.8827,31.5363],[-94.885,31.5359],[-94.8855,31.5349],[-94.882,31.5321],[-94.8843,31.5324],[-94.8837,31.5294],[-94.8799,31.5297],[-94.8808,31.5285],[-94.8764,31.5286],[-94.8757,31.5276],[-94.8743,31.5283],[-94.8745,31.5268],[-94.8738,31.5267],[-94.8726,31.5274],[-94.8726,31.5291],[-94.8699,31.5289],[-94.8703,31.5268],[-94.8659,31.5269],[-95.0033,31.4257],[-95.004,31.4286],[-95.0065,31.4296],[-95.0077,31.4312],[-95.0071,31.4332],[-95.0108,31.4342],[-95.0121,31.4356],[-95.0113,31.4378],[-95.0052,31.4399],[-95.005,31.442],[-95.0062,31.4417],[-95.0063,31.4428],[-95.0076,31.4429],[-95.0073,31.4446],[-95.0124,31.444],[-95.0165,31.4457],[-95.0166,31.4449],[-95.0237,31.4426],[-95.0288,31.4439],[-95.0319,31.4456],[-95.0324,31.4448],[-95.031,31.4434],[-95.0353,31.4435],[-95.0345,31.4448],[-95.0392,31.4467],[-95.0452,31.4451],[-95.0447,31.4463],[-95.0489,31.4495],[-95.0485,31.451],[-95.0517,31.4531],[-95.0511,31.4564],[-95.0522,31.459],[-95.0558,31.4602],[-95.055,31.462],[-95.0586,31.4637],[-95.057,31.4648],[-95.0605,31.468],[-95.0623,31.4675],[-95.0622,31.4693],[-95.0647,31.4713],[-95.0691,31.4704],[-95.0685,31.4693],[-95.0675,31.4703],[-95.0664,31.4701],[-95.0673,31.4663],[-95.0723,31.4635],[-95.0737,31.4639],[-95.0742,31.4669],[-95.0785,31.4674],[-95.0806,31.4699],[-95.0814,31.4682],[-95.0883,31.466],[-95.0913,31.467],[-95.0924,31.4694],[-95.0953,31.4679],[-95.0986,31.4687],[-95.1007,31.4683],[-95.1001,31.4691],[-95.1014,31.4699],[-95.1011,31.4714],[-95.0974,31.4745],[-95.0978,31.4764],[-95.0988,31.4767],[-95.0984,31.4748],[-95.1017,31.4739],[-95.1035,31.4744],[-95.1026,31.4752],[-95.1033,31.4758],[-95.1031,31.4787],[-95.1039,31.4797],[-95.1068,31.4806],[-95.1062,31.4829],[-95.1111,31.4838],[-95.1089,31.4859],[-95.1097,31.4891],[-95.1076,31.4897],[-95.1049,31.4921],[-95.1056,31.4947],[-95.1038,31.4952],[-95.1025,31.4937],[-95.101,31.496],[-95.0983,31.4934],[-95.0978,31.4984],[-95.0958,31.4978],[-95.0944,31.4987],[-95.0959,31.4993],[-95.0951,31.5001],[-95.0956,31.5014],[-95.0938,31.503],[-95.0941,31.5039],[-95.0983,31.5044],[-95.0974,31.5059],[-95.1007,31.5088],[-95.1002,31.5108],[-95.0977,31.5089],[-95.0966,31.5095],[-95.097,31.5111],[-95.0999,31.5118],[-95.0989,31.5141],[-95.1,31.5189],[-95.103,31.5216],[-95.1033,31.5234],[-95.1043,31.5228],[-95.1058,31.5242],[-95.108,31.5229],[-95.1101,31.5243],[-95.1081,31.5261],[-95.1101,31.528],[-95.1204,31.5327],[-95.1205,31.5347],[-95.1232,31.5342],[-95.1229,31.5314],[-95.1237,31.5311],[-95.1262,31.5343],[-95.1253,31.5372],[-95.1264,31.5383],[-95.1284,31.5377],[-95.135,31.5404],[-95.1434,31.5396],[-95.1461,31.5429],[-95.1442,31.5419],[-95.1431,31.544],[-95.147,31.5503],[-95.1473,31.5538],[-95.1461,31.5556],[-95.1418,31.5579],[-95.1394,31.5614],[-95.1397,31.563],[-95.1431,31.5647],[-95.1437,31.5628],[-95.1465,31.564],[-95.1474,31.5632],[-95.151,31.5659],[-95.1492,31.5688],[-95.1497,31.5696],[-95.155,31.5712],[-95.157,31.5709],[-95.1566,31.5724],[-95.1582,31.5716],[-95.1616,31.5732],[-95.1622,31.5777],[-95.1707,31.5809],[-95.171,31.5815],[-95.169,31.5823],[-95.1685,31.5837],[-95.1706,31.5831],[-95.1723,31.585],[-95.1764,31.5848],[-95.1794,31.5804],[-95.1806,31.5806],[-95.1849,31.5782],[-95.1859,31.5789],[-95.1917,31.5771],[-95.193,31.5752],[-95.1926,31.5733],[-95.1947,31.5747],[-95.1983,31.5741],[-95.1988,31.5735],[-95.1972,31.573],[-95.1979,31.5715],[-95.2027,31.5734],[-95.2085,31.5702],[-95.2095,31.5708],[-95.2083,31.5719],[-95.2088,31.5731],[-95.211,31.5719],[-95.2114,31.5733],[-95.2139,31.5727],[-95.2184,31.5734],[-95.2195,31.5745],[-95.2205,31.5743],[-95.2213,31.5757],[-95.226,31.5774],[-95.2277,31.5763],[-95.2301,31.5773],[-95.2316,31.577],[-95.2308,31.5759],[-95.2283,31.5754],[-95.2282,31.5747],[-95.2302,31.5735],[-95.2398,31.5767],[-95.2408,31.5764],[-95.241,31.5747],[-95.2504,31.5754],[-95.2518,31.5764],[-95.2552,31.5748],[-95.257,31.5765],[-95.2603,31.5771],[-95.262,31.581],[-95.2638,31.5817],[-95.2648,31.5839],[-95.2669,31.5841],[-95.2681,31.5868],[-95.2692,31.5872],[-95.2701,31.5916],[-95.273,31.5905],[-95.274,31.5914],[-95.2732,31.5929],[-95.4932,31.5649],[-95.6518,31.5418],[-95.6472,31.527],[-95.7393,31.5041],[-95.7339,31.5084],[-95.737,31.5185],[-95.7411,31.5225],[-95.7469,31.5242],[-95.7479,31.5285],[-95.7565,31.5311],[-95.7583,31.5326],[-95.7586,31.5341],[-95.7567,31.5366],[-95.7527,31.5387],[-95.7509,31.5407],[-95.7511,31.5423],[-95.7534,31.5443],[-95.7541,31.546],[-95.7525,31.5507],[-95.7511,31.552],[-95.7426,31.5542],[-95.7352,31.5513],[-95.7304,31.5512],[-95.7288,31.5518],[-95.7259,31.555],[-95.7239,31.5558],[-95.7185,31.5537],[-95.7157,31.554],[-95.7173,31.5593],[-95.717,31.5678],[-95.7222,31.5697],[-95.7184,31.5713],[-95.7182,31.5732],[-95.7213,31.5778],[-95.7295,31.5835],[-95.729,31.5842],[-95.7252,31.5848],[-95.7219,31.5863],[-95.7199,31.5928],[-95.7159,31.5941],[-95.7163,31.5984],[-95.714,31.6018],[-95.7112,31.6039],[-95.7123,31.6083],[-95.71,31.6147],[-95.7134,31.6217],[-95.7174,31.6272],[-95.7185,31.6324],[-95.7236,31.638],[-95.7277,31.6444],[-95.7328,31.6488],[-95.7357,31.6538],[-95.7394,31.6538],[-95.7417,31.6521],[-95.7528,31.6493],[-95.7565,31.646],[-95.7572,31.6432],[-95.7536,31.6378],[-95.7528,31.6348],[-95.7532,31.6292],[-95.7489,31.6208],[-95.7487,31.6177],[-95.7533,31.6138],[-95.7526,31.6101],[-95.7533,31.6069],[-95.7608,31.604],[-95.7614,31.5996],[-95.7642,31.5996],[-95.7681,31.5974],[-95.772,31.5986],[-95.78,31.6043],[-95.7852,31.6114],[-95.7862,31.6168],[-95.7889,31.622],[-95.7882,31.6265],[-95.7894,31.6275],[-95.7951,31.6286],[-95.7964,31.6301],[-95.7967,31.6321],[-95.7951,31.6383],[-95.7897,31.6462],[-95.7897,31.6488],[-95.8009,31.6475],[-95.8471,31.6474],[-95.9553,31.671],[-95.9527,31.6579],[-95.9533,31.6549],[-95.9546,31.6526],[-95.9638,31.6451],[-95.9668,31.638],[-95.9701,31.6431],[-95.9741,31.6408],[-95.9772,31.645],[-95.9871,31.639],[-95.9896,31.6412],[-95.9919,31.6393],[-95.9918,31.6368],[-95.9927,31.6357],[-96.0145,31.6226],[-96.014,31.619],[-96.0156,31.6197],[-96.0146,31.6211],[-96.0165,31.6206],[-96.0173,31.6223],[-96.0181,31.6223],[-96.0176,31.624],[-96.0186,31.624],[-96.0185,31.6251],[-96.0213,31.6241],[-96.0214,31.6258],[-96.0255,31.6327],[-96.029,31.6325],[-96.0308,31.6339],[-96.0338,31.6329],[-96.0338,31.6339],[-96.0345,31.6336],[-96.0365,31.6351],[-96.0414,31.6355],[-96.0429,31.6368],[-96.0454,31.6369],[-96.0467,31.638],[-96.0469,31.6395],[-96.0501,31.6418],[-96.0527,31.642],[-96.0542,31.6439],[-96.0633,31.6416],[-96.066,31.6435],[-96.0663,31.6456],[-96.0674,31.645],[-96.0681,31.6462],[-96.0695,31.6464],[-96.0704,31.6451],[-96.0713,31.6454],[-96.0722,31.6446],[-96.073,31.6453],[-96.0727,31.6447],[-96.0737,31.6446],[-96.0746,31.6455],[-96.076,31.6448],[-96.0762,31.6461],[-96.0784,31.6458],[-96.081,31.6475],[-96.0854,31.6469],[-96.0865,31.6459],[-96.0877,31.6463],[-96.0881,31.6454],[-96.0893,31.6458],[-96.0897,31.6472],[-96.0907,31.6462],[-96.0973,31.6482],[-96.0976,31.6495],[-96.0995,31.6506],[-96.1003,31.6501],[-96.1022,31.6523],[-96.1053,31.6519],[-96.1067,31.6529],[-96.1084,31.6528],[-96.1109,31.6514],[-96.1116,31.6481],[-96.1149,31.6462],[-96.1259,31.6505],[-96.1289,31.6475],[-96.1319,31.6488],[-96.1347,31.6483],[-96.1356,31.6505],[-96.1401,31.6492],[-96.1482,31.6502],[-96.15,31.6495],[-96.1516,31.6467],[-96.1567,31.6466],[-96.1583,31.6493],[-96.1654,31.6515],[-96.1664,31.6498],[-96.1699,31.6488],[-96.1694,31.6476],[-96.1709,31.6474],[-96.1718,31.6448],[-96.1748,31.6441],[-96.1885,31.6461],[-96.1947,31.6508],[-96.2039,31.6508],[-96.2042,31.652],[-96.2105,31.6524],[-96.2306,31.6515],[-96.23,31.6537],[-96.2432,31.6533],[-96.2472,31.6539],[-96.2588,31.6411],[-96.2714,31.6418],[-96.2713,31.6443],[-96.2745,31.6443],[-96.2747,31.6411],[-96.281,31.6413],[-96.2806,31.6477],[-96.285,31.6482],[-96.3015,31.6583],[-96.3077,31.6643],[-96.3152,31.6747],[-96.3162,31.6744],[-96.3247,31.6877],[-96.3327,31.7182],[-96.3327,31.7408],[-96.3448,31.7389],[-96.3607,31.7391],[-96.3611,31.7419],[-96.3676,31.7426],[-96.3729,31.7419],[-96.3719,31.7464],[-96.3743,31.7523],[-96.374,31.7658],[-96.3842,31.7677],[-96.419,31.7822],[-96.4316,31.7668],[-96.4442,31.7743],[-96.4492,31.7796],[-96.4569,31.7795],[-96.4569,31.7786],[-96.4581,31.7786],[-96.458,31.7759],[-96.4563,31.7756],[-96.456,31.766],[-96.4594,31.7677],[-96.4586,31.768],[-96.4592,31.7711],[-96.4625,31.7722],[-96.4696,31.7722],[-96.4705,31.7695],[-96.4783,31.7695],[-96.4968,31.7962],[-96.7191,31.8149],[-96.9322,31.7089],[-96.9613,31.7503],[-97.0373,31.8631],[-97.0879,31.8387],[-97.0914,31.8379],[-97.0948,31.8353],[-97.2773,31.7455],[-97.3865,31.6926],[-97.4737,31.6513],[-97.4829,31.6461],[-97.5802,31.5988],[-97.6052,31.5878],[-97.5938,31.5724],[-97.4639,31.3843],[-97.4186,31.3202],[-97.3434,31.2442],[-97.2778,31.2795],[-97.2366,31.2205],[-97.0701,30.986],[-97.2503,30.8951],[-97.2503,30.8942],[-97.259,30.8896],[-97.3146,30.7546],[-97.3155,30.7524],[-97.2699,30.7354],[-97.222,30.6198],[-97.2187,30.6101],[-97.2927,30.5914],[-97.2907,30.5865],[-97.2945,30.5854],[-97.2964,30.5854],[-97.2974,30.5894],[-97.2994,30.589],[-97.2987,30.5908],[-97.3017,30.5902],[-97.3019,30.5907],[-97.363,30.5787],[-97.3753,30.5746],[-97.3706,30.5632],[-97.373,30.5633],[-97.3816,30.5607],[-97.3806,30.5502],[-97.4083,30.5479],[-97.4038,30.5406],[-97.403,30.533],[-97.4116,30.533],[-97.4134,30.5238],[-97.4154,30.5235],[-97.4169,30.5145],[-97.4318,30.5165],[-97.4309,30.5217],[-97.4274,30.5214],[-97.4266,30.525],[-97.4252,30.5253],[-97.4242,30.5308],[-97.4703,30.5373],[-97.4736,30.5208],[-97.4847,30.5222],[-97.4856,30.5171],[-97.4895,30.5176],[-97.4832,30.554],[-97.526,30.5465],[-97.5287,30.5315],[-97.5278,30.5312],[-97.5271,30.5321],[-97.5232,30.531],[-97.525,30.5219],[-97.5277,30.5223],[-97.5274,30.5237],[-97.5315,30.5242],[-97.5327,30.5181],[-97.532,30.5165],[-97.5367,30.5168],[-97.5359,30.5208],[-97.5384,30.5212],[-97.5388,30.5183],[-97.5451,30.5205],[-97.5459,30.5217],[-97.5502,30.5225],[-97.5487,30.5311],[-97.5534,30.5317],[-97.5539,30.5286],[-97.5587,30.5293],[-97.5599,30.5227],[-97.5555,30.5212],[-97.5575,30.5111],[-97.5589,30.5087],[-97.5611,30.5091],[-97.5614,30.5074],[-97.5667,30.508],[-97.5649,30.5154],[-97.5722,30.5157],[-97.5704,30.525],[-97.5688,30.5252],[-97.5687,30.526],[-97.5774,30.5246],[-97.5819,30.5255],[-97.5812,30.5299],[-97.5834,30.5366],[-97.6139,30.5318],[-97.6134,30.5307],[-97.6112,30.5309],[-97.6086,30.5296],[-97.6036,30.5302],[-97.6008,30.5296],[-97.6009,30.5194],[-97.599,30.5195],[-97.5981,30.518],[-97.5901,30.5181],[-97.5901,30.5085],[-97.5982,30.5084],[-97.5982,30.5042],[-97.6022,30.5041],[-97.6022,30.5053],[-97.6058,30.5053],[-97.6058,30.5074],[-97.6133,30.5074],[-97.6135,30.5067],[-97.6135,30.5084],[-97.6253,30.5073],[-97.6297,30.5089],[-97.6382,30.5083],[-97.6382,30.5095],[-97.6418,30.5145],[-97.6457,30.5152],[-97.6458,30.5196],[-97.6572,30.5176],[-97.6523,30.5285],[-97.6506,30.542],[-97.6474,30.5504],[-97.653,30.549],[-97.6524,30.5482],[-97.6547,30.5455],[-97.6586,30.5441],[-97.6597,30.5469],[-97.6636,30.5457],[-97.6646,30.5461],[-97.6675,30.5551],[-97.6663,30.5562],[-97.6639,30.5567],[-97.6641,30.5574],[-97.6623,30.5576],[-97.6642,30.5608],[-97.6632,30.5631],[-97.6648,30.5672],[-97.6725,30.5649],[-97.6757,30.5629],[-97.6927,30.5582],[-97.6922,30.5355],[-97.6913,30.535],[-97.6869,30.5157],[-97.6871,30.5131],[-97.683,30.5024],[-97.6969,30.4894],[-97.6944,30.4837],[-97.6934,30.4755],[-97.6906,30.4723],[-97.6857,30.477],[-97.6841,30.4763],[-97.6829,30.4801],[-97.6742,30.4808],[-97.6656,30.4562],[-97.6644,30.4563],[-97.6617,30.4487],[-97.6581,30.4498],[-97.656,30.4489],[-97.652,30.4468],[-97.6534,30.4447],[-97.6496,30.4429],[-97.6482,30.4451],[-97.6434,30.4428],[-97.6405,30.4472],[-97.6378,30.4476],[-97.6248,30.4417],[-97.624,30.443],[-97.6265,30.4441],[-97.6275,30.4435],[-97.6248,30.4487],[-97.6243,30.4477],[-97.6214,30.447],[-97.6205,30.445],[-97.6173,30.4436],[-97.6164,30.4393],[-97.6139,30.4366],[-97.5969,30.4641],[-97.5911,30.4654],[-97.5862,30.459],[-97.5843,30.4643],[-97.5826,30.4666],[-97.5798,30.4653],[-97.5824,30.464],[-97.5809,30.4633],[-97.5821,30.4613],[-97.5805,30.4604],[-97.5789,30.4613],[-97.5757,30.4613],[-97.5747,30.4629],[-97.5568,30.4546],[-97.5674,30.4381],[-97.5531,30.4312],[-97.5521,30.4295],[-97.5418,30.425],[-97.5385,30.4281],[-97.5329,30.4255],[-97.523,30.4409],[-97.5221,30.441],[-97.5193,30.4369],[-97.5202,30.4356],[-97.5198,30.4328],[-97.5183,30.4302],[-97.5165,30.4292],[-97.5179,30.4245],[-97.5144,30.4235],[-97.5138,30.4221],[-97.5144,30.4213],[-97.5135,30.421],[-97.5142,30.42],[-97.5113,30.4182],[-97.5115,30.4161],[-97.5096,30.4138],[-97.5107,30.412],[-97.5068,30.4122],[-97.5075,30.4097],[-97.5069,30.4085],[-97.5047,30.4078],[-97.5058,30.4055],[-97.5079,30.4065],[-97.5017,30.4035],[-97.4999,30.4054],[-97.4893,30.4004],[-97.4909,30.3968],[-97.4768,30.3897],[-97.4684,30.4024],[-97.4608,30.3987],[-97.4585,30.3972],[-97.4573,30.3948],[-97.4548,30.3935],[-97.4606,30.3843],[-97.4607,30.3818],[-97.4485,30.3763],[-97.4428,30.3772],[-97.4344,30.3908],[-97.3981,30.374],[-97.4015,30.3686],[-97.4001,30.3679],[-97.3695,30.4196],[-97.3345,30.4028],[-97.1552,30.4573],[-97.007,30.535],[-96.8148,30.6331],[-96.6825,30.6993],[-96.6214,30.7308],[-96.6182,30.7286],[-96.604,30.7293],[-96.5995,30.7286],[-96.597,30.7274],[-96.5951,30.7252],[-96.5942,30.7226],[-96.597,30.7175],[-96.5962,30.7153],[-96.5704,30.7029],[-96.5679,30.6997],[-96.567,30.6957],[-96.4623,30.7419],[-96.4576,30.7445],[-96.4528,30.7531],[-96.4447,30.7638],[-96.4388,30.774],[-96.4229,30.7935],[-96.4191,30.8055],[-96.4101,30.8258],[-96.3985,30.8405],[-96.391,30.8545],[-96.3867,30.865],[-96.3824,30.8706],[-96.3656,30.8845],[-96.3643,30.8868],[-96.3618,30.8969],[-96.3528,30.9064],[-96.3495,30.9113],[-96.338,30.9205],[-96.3046,30.941],[-96.2815,30.9526],[-96.2622,30.9647],[-96.249,30.9709],[-96.2345,30.976],[-96.2288,30.9806],[-96.2148,30.9814],[-96.2087,30.9833],[-96.1925,30.9913],[-96.1709,30.9944],[-96.1466,31.0087],[-96.1224,31.0216],[-96.1007,31.0357],[-96.0775,31.0479],[-96.062,31.0581],[-96.0479,31.0687],[-96.0441,31.0698],[-96.0332,31.0693],[-96.0262,31.0719],[-96.0212,31.07],[-96.0175,31.07],[-96.0076,31.0733],[-95.9889,31.0861],[-95.9784,31.0909],[-95.9731,31.0922],[-95.7644,31.0942],[-95.7617,31.0897],[-95.7595,31.0887],[-95.7567,31.0886],[-95.7525,31.0916],[-95.7502,31.0922],[-95.7454,31.0906],[-95.7416,31.0908],[-95.7401,31.0892],[-95.7392,31.0853],[-95.7364,31.0838],[-95.7336,31.0839],[-95.7316,31.0865],[-95.7284,31.0879],[-95.7259,31.082],[-95.7234,31.0798],[-95.7153,31.0804],[-95.7114,31.0818],[-95.707,31.0779],[-95.705,31.0788],[-95.7041,31.0826],[-95.6985,31.0768],[-95.696,31.0776],[-95.6945,31.081],[-95.6924,31.082],[-95.6879,31.0802],[-95.6856,31.0771],[-95.6826,31.0772],[-95.6798,31.0786],[-95.6765,31.0759],[-95.6746,31.0763],[-95.6635,31.0839],[-95.6625,31.0836],[-95.6613,31.0804],[-95.6565,31.0793],[-95.6535,31.073],[-95.6484,31.0699],[-95.6492,31.0687],[-95.6542,31.0682],[-95.6549,31.0673],[-95.6522,31.0629],[-95.6477,31.0581],[-95.6475,31.0554],[-95.6343,31.054],[-95.6313,31.0529],[-95.6297,31.0511],[-95.6282,31.0433],[-95.6316,31.0402],[-95.6314,31.0368],[-95.6347,31.0373],[-95.6379,31.042],[-95.6404,31.0425],[-95.6419,31.0419],[-95.644,31.0384],[-95.6473,31.0362],[-95.6533,31.0346],[-95.6606,31.0343],[-95.6632,31.0332],[-95.6688,31.0269],[-95.6695,31.0246],[-95.6674,31.0204],[-95.66,31.018],[-95.6584,31.0163],[-95.6624,31.0096],[-95.6642,31.0044],[-95.6701,30.9968],[-95.67,30.9942],[-95.6789,30.9904],[-95.6812,30.987],[-95.6748,30.985],[-95.6726,30.9763],[-95.665,30.9709],[-95.6602,30.9572],[-95.6554,30.9532],[-95.6545,30.9501],[-95.6505,30.9473],[-95.6498,30.936],[-95.6434,30.9347],[-95.6409,30.9286],[-95.6374,30.9263],[-95.628,30.9262],[-95.6179,30.9304],[-95.6187,30.9274],[-95.6218,30.9262],[-95.6219,30.9251],[-95.6144,30.9204],[-95.612,30.9176],[-95.615,30.9175],[-95.6156,30.9168],[-95.6158,30.9152],[-95.6138,30.9143],[-95.6162,30.9102],[-95.6175,30.9109],[-95.6186,30.9134],[-95.6197,30.9138],[-95.6214,30.9136],[-95.6212,30.912],[-95.6239,30.9118],[-95.6252,30.9098],[-95.6263,30.9095],[-95.6275,30.9107],[-95.6293,30.9093],[-95.6298,30.9037],[-95.6279,30.9025],[-95.6298,30.8999],[-95.6318,30.9009],[-95.6331,30.8994],[-95.6353,30.9014],[-95.6374,30.8994],[-95.6392,30.9009],[-95.6401,30.8999],[-95.6436,30.9001],[-95.6456,30.8975],[-95.649,30.8972],[-95.6493,30.8953],[-95.6528,30.8945],[-95.654,30.8933],[-95.6563,30.8938],[-95.6546,30.8958],[-95.6552,30.8967],[-95.6568,30.8963],[-95.6577,30.8974],[-95.6614,30.897],[-95.6616,30.8982],[-95.6593,30.8983],[-95.6595,30.899],[-95.6614,30.9015],[-95.6624,30.9014],[-95.6638,30.9041],[-95.666,30.9031],[-95.6664,30.905],[-95.6714,30.9033],[-95.6748,30.9056],[-95.6779,30.9061],[-95.6819,30.9049],[-95.6827,30.9061],[-95.6856,30.9035],[-95.686,30.9012],[-95.6905,30.9024],[-95.6906,30.9014],[-95.6916,30.9011],[-95.6939,30.9034],[-95.6975,30.9041],[-95.6957,30.9072],[-95.6974,30.9078],[-95.6998,30.9069],[-95.7009,30.9079],[-95.7031,30.9068],[-95.7045,30.907],[-95.7039,30.9079],[-95.7057,30.9078],[-95.7076,30.9065],[-95.709,30.9068],[-95.7096,30.9055],[-95.7108,30.9078],[-95.7115,30.9073],[-95.7124,30.9078],[-95.7111,30.9091],[-95.7128,30.9093],[-95.7119,30.91],[-95.7124,30.9108],[-95.7131,30.911],[-95.7132,30.91],[-95.715,30.911],[-95.7147,30.91],[-95.7158,30.9096],[-95.7163,30.9115],[-95.7184,30.9098],[-95.7187,30.9086],[-95.7201,30.9094],[-95.7219,30.909],[-95.7222,30.908],[-95.7235,30.9085],[-95.7231,30.9073],[-95.7259,30.9067],[-95.73,30.9023],[-95.7322,30.9031],[-95.7319,30.9014],[-95.7331,30.9017],[-95.7333,30.9001],[-95.7354,30.9007],[-95.7389,30.8993],[-95.7388,30.9011],[-95.7408,30.9011],[-95.7433,30.9024],[-95.7443,30.902],[-95.7432,30.9014],[-95.7439,30.9007],[-95.7457,30.9023],[-95.7481,30.9011],[-95.7502,30.9017],[-95.7517,30.9],[-95.7529,30.9006],[-95.7539,30.8992],[-95.7546,30.8999],[-95.7595,30.8989],[-95.7623,30.8976],[-95.7618,30.8961],[-95.7637,30.8966],[-95.7654,30.8959],[-95.7645,30.8946],[-95.7664,30.8936],[-95.7652,30.8932],[-95.7666,30.8928],[-95.7669,30.8918],[-95.7673,30.8932],[-95.7687,30.8926],[-95.7697,30.8893],[-95.7751,30.887],[-95.7755,30.886],[-95.7791,30.8841],[-95.7795,30.8829],[-95.7811,30.8838],[-95.7819,30.8822],[-95.7838,30.8819],[-95.7835,30.8809],[-95.7849,30.881],[-95.7855,30.88],[-95.7846,30.8796],[-95.7849,30.879],[-95.7869,30.8787],[-95.7874,30.8794],[-95.7894,30.8779],[-95.7928,30.8787],[-95.7964,30.8782],[-95.8001,30.8759],[-95.8029,30.8754],[-95.8056,30.873],[-95.81,30.8719],[-95.8117,30.8702],[-95.8118,30.8684],[-95.8131,30.8676],[-95.8147,30.8672],[-95.8156,30.8684],[-95.8167,30.8683],[-95.817,30.8693],[-95.8203,30.8685],[-95.8212,30.8692],[-95.8213,30.8679],[-95.8221,30.8676],[-95.8225,30.8683],[-95.8246,30.866],[-95.8285,30.8655],[-95.8269,30.8637],[-95.8279,30.8637],[-95.8279,30.8628],[-95.8293,30.8632],[-95.8295,30.8621],[-95.8313,30.8635],[-95.8326,30.8633],[-95.8331,30.864],[-95.8319,30.8646],[-95.8333,30.8652],[-95.8355,30.8649],[-95.8365,30.8637],[-95.8388,30.8643],[-95.8406,30.8632],[-95.8422,30.8633],[-95.8432,30.8619],[-95.8448,30.863],[-95.8491,30.863],[-95.8502,30.8642],[-95.8487,30.8641],[-95.8492,30.8668],[-95.8504,30.8677],[-95.8531,30.867],[-95.8536,30.8659],[-95.8574,30.8655],[-95.8577,30.8646],[-95.8596,30.8658],[-95.8603,30.8652],[-95.8623,30.8654],[-95.8619,30.8648],[-95.8631,30.8643],[-95.8342,30.658],[-95.7497,30.6842],[-95.7034,30.6845],[-95.6163,30.7009],[-95.6101,30.7037],[-95.5914,30.7153],[-95.5846,30.7178],[-95.5782,30.7183],[-95.5773,30.7183],[-95.5753,30.7048],[-95.5665,30.6941],[-95.5625,30.6868],[-95.5407,30.678],[-95.5367,30.6777],[-95.5364,30.6765],[-95.5255,30.6767],[-95.5256,30.6676],[-95.5155,30.6675],[-95.5204,30.6762],[-95.5198,30.6774],[-95.5216,30.6806],[-95.5011,30.6804],[-95.5017,30.6814],[-95.4997,30.682],[-95.5021,30.6824],[-95.5074,30.6927],[-95.513,30.6963],[-95.5131,30.7056],[-95.4936,30.7051],[-95.4934,30.7082],[-95.4728,30.7051],[-95.4298,30.7073],[-95.4255,30.7094],[-95.4139,30.7213],[-95.4038,30.7277],[-95.3386,30.7378],[-95.3275,30.8595],[-95.3241,30.8619],[-95.3232,30.8654],[-95.3214,30.8678],[-95.3158,30.8703],[-95.3139,30.8731],[-95.3168,30.8799],[-95.3113,30.8858],[-95.3109,30.8907],[-95.3143,30.8954],[-95.3129,30.8979],[-95.3074,30.9005],[-95.2984,30.9026],[-95.2892,30.9028],[-95.2802,30.9013],[-95.2723,30.9039],[-95.2524,30.9067],[-95.2467,30.9044],[-95.2396,30.8954],[-95.2307,30.8867],[-95.2377,30.8736],[-95.2431,30.8669],[-95.2421,30.8645],[-95.2391,30.8622],[-95.236,30.8581],[-95.2359,30.8547],[-95.2321,30.8428],[-95.231,30.8411],[-95.2229,30.8363],[-95.2166,30.8337],[-95.2076,30.8324],[-95.2046,30.8302],[-95.2002,30.8246],[-94.9908,31.0002],[-94.9391,31.042],[-94.8429,31.1466],[-94.8417,31.1432],[-94.837,31.1433],[-94.8363,31.1416],[-94.8316,31.1416],[-94.8298,31.1387],[-94.8275,31.1398],[-94.8266,31.1384],[-94.8253,31.1381],[-94.8232,31.1402],[-94.8223,31.14],[-94.8218,31.1392],[-94.8227,31.1384],[-94.8199,31.1359],[-94.8185,31.1322],[-94.8139,31.1305],[-94.813,31.1306],[-94.8131,31.1324],[-94.8121,31.1335],[-94.8029,31.1301],[-94.8027,31.1322],[-94.8001,31.1309],[-94.797,31.1312],[-94.7935,31.1283],[-94.7954,31.1276],[-94.7902,31.1241],[-94.7888,31.1246],[-94.787,31.1238],[-94.7868,31.1229],[-94.7852,31.1234],[-94.7829,31.1222],[-94.7809,31.1236],[-94.7806,31.1219],[-94.777,31.1199],[-94.7765,31.1186],[-94.7729,31.1167],[-94.7722,31.1176],[-94.7696,31.1173],[-94.7681,31.1147],[-94.7654,31.1149],[-94.7607,31.1111],[-94.7545,31.1091],[-94.7514,31.1054],[-94.7503,31.106],[-94.7482,31.1055],[-94.7475,31.1069],[-94.7467,31.1062],[-94.7456,31.1067],[-94.7422,31.1045],[-94.7398,31.1046],[-94.7378,31.1035],[-94.736,31.1048],[-94.7341,31.1043],[-94.7259,31.106],[-94.7236,31.1085],[-94.7217,31.1062],[-94.719,31.1071],[-94.7161,31.1055],[-94.7165,31.1047],[-94.7156,31.1037],[-94.714,31.1048],[-94.7128,31.1035],[-94.7118,31.1055],[-94.71,31.1055],[-94.7078,31.1046],[-94.7098,31.1039],[-94.7091,31.1012],[-94.7058,31.1027],[-94.7064,31.0997],[-94.7041,31.0988],[-94.7038,31.1015],[-94.7027,31.1019],[-94.7004,31.0993],[-94.6992,31.0994],[-94.6998,31.0978],[-94.698,31.0961],[-94.6969,31.0964],[-94.698,31.098],[-94.6967,31.0987],[-94.6954,31.0969],[-94.6936,31.0976],[-94.694,31.0965],[-94.6922,31.0957],[-94.6898,31.0967],[-94.6905,31.0979],[-94.6891,31.0978],[-94.6866,31.0962],[-94.6793,31.096],[-94.6794,31.0942],[-94.6784,31.0931],[-94.6732,31.0958],[-94.6709,31.0956],[-94.6702,31.0931],[-94.6727,31.0925],[-94.6726,31.0912],[-94.6715,31.0908],[-94.6725,31.0904],[-94.6709,31.0885],[-94.6693,31.0888],[-94.6685,31.088],[-94.6679,31.0893],[-94.6634,31.0884],[-94.6636,31.0865],[-94.6618,31.0857],[-94.6599,31.0862],[-94.6583,31.0848],[-94.6548,31.0886],[-94.6555,31.0906],[-94.6544,31.0903],[-94.654,31.0918],[-94.655,31.0938],[-94.6503,31.0985],[-94.6484,31.099],[-94.6465,31.0922],[-94.6431,31.0881],[-94.6411,31.0869],[-94.6368,31.0883],[-94.635,31.09],[-94.6336,31.0891],[-94.6345,31.0881],[-94.6322,31.0873],[-94.6328,31.0857],[-94.6301,31.0836],[-94.6282,31.0838],[-94.6254,31.0867],[-94.6235,31.0853],[-94.6237,31.0871],[-94.6229,31.0875],[-94.6216,31.0853],[-94.6198,31.0863],[-94.6187,31.0859],[-94.6176,31.0838],[-94.6144,31.0852],[-94.6145,31.0829],[-94.6129,31.082],[-94.6145,31.081],[-94.6123,31.0809],[-94.6111,31.0826],[-94.6095,31.0819],[-94.6124,31.078],[-94.6072,31.0778],[-94.6059,31.0746],[-94.6047,31.0749],[-94.6045,31.0759],[-94.6058,31.0768],[-94.6047,31.0777],[-94.602,31.074],[-94.6027,31.0715],[-94.5991,31.0686],[-94.5953,31.0706],[-94.5956,31.0725],[-94.5944,31.0728],[-94.591,31.071],[-94.5922,31.0683],[-94.5895,31.0661],[-94.5856,31.0665],[-94.5824,31.0647],[-94.5817,31.0657],[-94.5822,31.068],[-94.5791,31.0688],[-94.5749,31.0673],[-94.574,31.0685],[-94.5731,31.0676],[-94.5741,31.067],[-94.5741,31.0661],[-94.5718,31.0646],[-94.5714,31.0632],[-94.57,31.0646],[-94.569,31.0643],[-94.5695,31.063],[-94.5686,31.0616],[-94.5677,31.0642],[-94.5656,31.0643],[-94.5646,31.0624],[-94.5627,31.0621],[-94.5632,31.0633],[-94.5622,31.0637],[-94.5608,31.061],[-94.5619,31.059],[-94.5603,31.0579],[-94.5584,31.0593],[-94.5581,31.057],[-94.5543,31.0575],[-94.5553,31.0559],[-94.5548,31.0549],[-94.5529,31.0544],[-94.5498,31.0552],[-94.5483,31.0534],[-94.5472,31.0547],[-94.5486,31.0554],[-94.5484,31.0568],[-94.5493,31.0576],[-94.5476,31.0592],[-94.543,31.0536],[-94.538,31.0544],[-94.5364,31.0518],[-94.5335,31.0537],[-94.5342,31.0568],[-94.5284,31.0537],[-94.5267,31.0559],[-94.5265,31.0513],[-94.5238,31.0531],[-94.5228,31.0528],[-94.524,31.0514],[-94.5228,31.0501],[-94.5232,31.0487],[-94.521,31.0489],[-94.5209,31.0511],[-94.5176,31.0516],[-94.516,31.0487],[-94.5132,31.0481],[-94.5124,31.0462],[-94.5104,31.0471],[-94.5087,31.0432],[-94.5061,31.0458],[-94.5033,31.0431],[-94.5021,31.0446],[-94.5002,31.0423],[-94.4973,31.0429],[-94.4961,31.0419],[-94.4941,31.0427],[-94.4929,31.045],[-94.4918,31.0449],[-94.4906,31.0438],[-94.4908,31.0386],[-94.4867,31.0393],[-94.4854,31.0387],[-94.4856,31.0365],[-94.4844,31.034],[-94.4855,31.0314],[-94.4819,31.0294],[-94.4793,31.0295],[-94.4781,31.0279],[-94.4742,31.0274],[-94.4727,31.0261],[-94.4696,31.0276],[-94.4667,31.0312],[-94.4626,31.0331],[-94.4578,31.0333],[-94.1296,31.0993],[-94.1321,31.1014],[-94.1303,31.1051],[-94.1332,31.1075],[-94.1356,31.1073],[-94.1377,31.1052],[-94.1405,31.1048],[-94.1392,31.1071],[-94.1397,31.1079],[-94.1423,31.1069],[-94.1412,31.1102],[-94.1448,31.1122],[-94.1438,31.1142],[-94.1442,31.1152],[-94.1517,31.1147],[-94.1548,31.1161],[-94.1576,31.1146],[-94.1574,31.1188],[-94.1592,31.1193],[-94.1615,31.1224],[-94.1664,31.1241],[-94.1692,31.1223],[-94.1722,31.1242],[-94.1732,31.1263],[-94.1781,31.1237],[-94.1817,31.1298],[-94.1863,31.1316],[-94.1899,31.1344],[-94.1885,31.1375],[-94.1898,31.1373],[-94.1916,31.135],[-94.1927,31.1355],[-94.1929,31.1362],[-94.1894,31.1394],[-94.1922,31.1405],[-94.1946,31.1396],[-94.1984,31.1416],[-94.2012,31.1442],[-94.1988,31.1444],[-94.1992,31.1456],[-94.2071,31.1505],[-94.2075,31.152],[-94.2067,31.1523],[-94.2036,31.1508],[-94.2029,31.154],[-94.2069,31.1564],[-94.2118,31.1572],[-94.2124,31.1582],[-94.2112,31.1601],[-94.2159,31.16],[-94.2161,31.1627],[-94.2196,31.1644],[-94.2197,31.1701],[-94.2207,31.1714],[-94.2188,31.1722],[-94.219,31.1733],[-94.2233,31.1737],[-94.2248,31.1761],[-94.2264,31.175],[-94.2288,31.1763],[-94.2333,31.1751],[-94.2325,31.1774],[-94.2378,31.1779],[-94.2388,31.1803],[-94.2449,31.1767],[-94.2489,31.1772],[-94.249,31.1787],[-94.2459,31.1801],[-94.2472,31.1845],[-94.2517,31.1841],[-94.2498,31.1869],[-94.2506,31.1883],[-94.2554,31.1852],[-94.2558,31.1823],[-94.2608,31.1831],[-94.2613,31.1821],[-94.2604,31.1804],[-94.2622,31.1803],[-94.2655,31.1845],[-94.2663,31.1878],[-94.2644,31.1908],[-94.2699,31.1962],[-94.2743,31.1993],[-94.278,31.1985],[-94.2784,31.1996],[-94.2765,31.2002],[-94.2774,31.2011],[-94.2794,31.2012],[-94.2804,31.2004],[-94.2822,31.2022],[-94.2886,31.2016],[-94.2913,31.206],[-94.2904,31.2076],[-94.2926,31.2077],[-94.2938,31.2088],[-94.2944,31.2126],[-94.2966,31.212],[-94.2991,31.2126],[-94.3028,31.2114],[-94.3031,31.2124],[-94.3064,31.2133],[-94.3035,31.2138],[-94.3034,31.215],[-94.3074,31.2147],[-94.3092,31.2178],[-94.3124,31.2179],[-94.3125,31.2187],[-94.3108,31.2196],[-94.3131,31.2213],[-94.3116,31.2226],[-94.3126,31.2237],[-94.318,31.2234],[-94.3208,31.2217],[-94.3214,31.2245],[-94.3243,31.2237],[-94.3265,31.2246],[-94.3265,31.227],[-94.3254,31.228],[-94.3255,31.2294],[-94.3244,31.2296],[-94.3248,31.2309],[-94.3265,31.2316],[-94.3265,31.2307],[-94.3276,31.2304],[-94.3284,31.232],[-94.3276,31.2324],[-94.3327,31.2366],[-94.3351,31.2358],[-94.3342,31.2391],[-94.3353,31.2408],[-94.3366,31.2399],[-94.3371,31.2408],[-94.3398,31.2408],[-94.3387,31.243],[-94.3366,31.2434],[-94.3378,31.2437],[-94.3382,31.2459],[-94.3342,31.2453],[-94.334,31.2484],[-94.3329,31.2487],[-94.3313,31.2511],[-94.3289,31.2507],[-94.331,31.2518],[-94.3325,31.2511],[-94.3331,31.2522],[-94.3318,31.2526],[-94.3345,31.2541],[-94.3342,31.2579],[-94.3371,31.2606],[-94.3382,31.2602],[-94.3396,31.2609],[-94.3386,31.2611],[-94.3391,31.2618],[-94.3383,31.2628],[-94.3396,31.2633],[-94.337,31.2681],[-94.3375,31.269],[-94.3351,31.2717],[-94.3325,31.2725],[-94.3329,31.2738],[-94.3322,31.2734],[-94.3308,31.2747],[-94.3324,31.2777],[-94.3314,31.2775],[-94.3287,31.282],[-94.3274,31.2814],[-94.3262,31.283],[-94.3239,31.283],[-94.325,31.2842],[-94.3248,31.2857],[-94.3222,31.2855],[-94.3244,31.2907],[-94.3268,31.2908],[-94.327,31.2914],[-94.3264,31.2921],[-94.3237,31.292],[-94.3201,31.2946],[-94.3203,31.2953],[-94.3255,31.2939],[-94.3241,31.2957],[-94.3231,31.2956],[-94.32,31.3004],[-94.3212,31.3016],[-94.3182,31.302],[-94.3175,31.3032],[-94.3188,31.3031],[-94.3182,31.3041],[-94.3156,31.3049],[-94.3149,31.3081],[-94.3161,31.3085],[-94.3168,31.3074],[-94.3184,31.308],[-94.3186,31.3094],[-94.3164,31.309],[-94.3157,31.3105],[-94.3184,31.312],[-94.3169,31.3134],[-94.3171,31.3144],[-94.3177,31.315],[-94.3184,31.3144],[-94.321,31.3163],[-94.3192,31.3161],[-94.319,31.3186],[-94.3221,31.3204],[-94.3226,31.3218],[-94.3222,31.3236],[-94.3196,31.323],[-94.3201,31.3249],[-94.3187,31.3252],[-94.3172,31.3239],[-94.3178,31.3262],[-94.3155,31.3271],[-94.3154,31.3283],[-94.3168,31.3311],[-94.3188,31.3326],[-94.3174,31.3324],[-94.3175,31.3346],[-94.3162,31.3354],[-94.3158,31.3368],[-94.3134,31.3375],[-94.3165,31.3391],[-94.3158,31.3408],[-94.3195,31.3419],[-94.3189,31.3428],[-94.3172,31.3424],[-94.3178,31.3448],[-94.3183,31.3432],[-94.3191,31.3456],[-94.32,31.3446],[-94.3211,31.3449],[-94.3203,31.3462],[-94.3226,31.3475],[-94.3211,31.3482],[-94.3239,31.3496],[-94.322,31.3507],[-94.3241,31.3516],[-94.3243,31.3526],[-94.3253,31.3512],[-94.3259,31.3516],[-94.3269,31.354],[-94.3255,31.3555],[-94.3262,31.3579],[-94.3304,31.3599],[-94.3304,31.3606],[-94.3283,31.3614],[-94.3302,31.3617],[-94.3312,31.363],[-94.3306,31.3644],[-94.329,31.3638],[-94.328,31.3658],[-94.3299,31.367],[-94.3295,31.3681],[-94.3285,31.3672],[-94.3262,31.3675],[-94.3279,31.3685],[-94.3274,31.3695],[-94.3257,31.3694],[-94.3267,31.37],[-94.3255,31.3716],[-94.3279,31.3726],[-94.3254,31.3729],[-94.3265,31.3752],[-94.3246,31.3757],[-94.3247,31.3765],[-94.3262,31.3767],[-94.3257,31.3788],[-94.3239,31.3801],[-94.3239,31.381],[-94.3265,31.3802],[-94.3278,31.3841],[-94.326,31.3857],[-94.3246,31.3849],[-94.323,31.3854],[-94.3244,31.3863],[-94.323,31.3886],[-94.3256,31.3887],[-94.3255,31.3908],[-94.3238,31.3907],[-94.3234,31.3923],[-94.3247,31.3922],[-94.3265,31.396],[-94.3244,31.3974],[-94.3265,31.3978],[-94.3269,31.4],[-94.3245,31.4026],[-94.3239,31.4017],[-94.3225,31.4022],[-94.3237,31.4028],[-94.3228,31.4039],[-94.3211,31.4034],[-94.3192,31.4057],[-94.3167,31.405],[-94.3187,31.4035],[-94.3174,31.4021],[-94.3142,31.4029],[-94.3156,31.4034],[-94.3128,31.4043],[-94.3122,31.4057],[-94.315,31.4092],[-94.3148,31.4103],[-94.313,31.4099],[-94.3142,31.4117],[-94.3126,31.4112],[-94.3088,31.414],[-94.3095,31.415],[-94.3081,31.4145],[-94.3081,31.4158],[-94.31,31.4167],[-94.3065,31.418],[-94.3049,31.4218],[-94.306,31.4215],[-94.306,31.4223],[-94.3071,31.4223],[-94.3064,31.4231],[-94.3078,31.424],[-94.3086,31.4237],[-94.3079,31.4258],[-94.3099,31.4247],[-94.3096,31.4283],[-94.3116,31.4288],[-94.3128,31.4303],[-94.3137,31.4303],[-94.314,31.4293],[-94.3164,31.4304],[-94.316,31.4321],[-94.3133,31.4315],[-94.3133,31.4323],[-94.3147,31.4321],[-94.3165,31.4334],[-94.3148,31.4357],[-94.3175,31.4368],[-94.3193,31.436],[-94.3192,31.4391],[-94.3207,31.4383],[-94.3211,31.4396],[-94.3221,31.439],[-94.325,31.4394],[-94.3248,31.4403],[-94.3217,31.4403],[-94.322,31.4426],[-94.321,31.4433],[-94.3209,31.4449],[-94.318,31.4449],[-94.3156,31.4475],[-94.3156,31.4483],[-94.318,31.45],[-94.3177,31.4506],[-94.316,31.4499],[-94.3163,31.4514],[-94.3153,31.4523],[-94.3166,31.4522],[-94.318,31.4532],[-94.3159,31.4535],[-94.3169,31.4564],[-94.3159,31.4568],[-94.3135,31.4555],[-94.3144,31.4563],[-94.3141,31.4576],[-94.3156,31.4577],[-94.3129,31.461],[-94.3141,31.4612],[-94.3135,31.4633],[-94.3151,31.4644],[-94.3142,31.4645],[-94.3121,31.4677],[-94.3141,31.468],[-94.3118,31.4688],[-94.3149,31.4693],[-94.3166,31.4711],[-94.3145,31.4715],[-94.3141,31.4731],[-94.3159,31.4742],[-94.3161,31.4757],[-94.3181,31.4753],[-94.3191,31.4789],[-94.3188,31.4817],[-94.3165,31.4826],[-94.3174,31.4827],[-94.3172,31.4851],[-94.3139,31.4863],[-94.3154,31.489],[-94.3139,31.4926],[-94.3161,31.4958],[-94.3138,31.4963],[-94.3121,31.4931],[-94.3076,31.4923],[-94.3074,31.4934],[-94.3091,31.4933],[-94.3116,31.4944],[-94.3099,31.4945],[-94.3094,31.4965],[-94.3089,31.4954],[-94.3067,31.4959],[-94.3075,31.497],[-94.3054,31.4966],[-94.3064,31.4975],[-94.3045,31.5003],[-94.3047,31.5056],[-94.3021,31.5053],[-94.3035,31.5084],[-94.302,31.5098],[-94.3032,31.5101],[-94.3023,31.5119],[-94.3039,31.5123],[-94.3033,31.5132],[-94.3043,31.5148],[-94.309,31.5147],[-94.3106,31.5159],[-94.309,31.5164],[-94.3083,31.5158],[-94.308,31.5172],[-94.3068,31.5166],[-94.306,31.5187],[-94.3066,31.5192],[-94.3066,31.5178],[-94.308,31.5184],[-94.3101,31.517],[-94.3099,31.519],[-94.3089,31.5189],[-94.3088,31.5201],[-94.3066,31.5202],[-94.3079,31.5223],[-94.3099,31.5225],[-94.3094,31.5242],[-94.3073,31.5238],[-94.3066,31.5228],[-94.3075,31.5254],[-94.3066,31.525],[-94.304,31.5267],[-94.3024,31.5262],[-94.3,31.5269],[-94.3014,31.5274],[-94.3027,31.5301],[-94.3071,31.5308],[-94.3046,31.5314],[-94.3054,31.5327],[-94.3045,31.5337],[-94.3042,31.533],[-94.3024,31.5339],[-94.303,31.5345],[-94.3051,31.5344],[-94.3041,31.5372],[-94.3057,31.5363],[-94.3058,31.5374],[-94.3077,31.5382],[-94.3053,31.5388],[-94.3069,31.5431],[-94.3054,31.5439],[-94.3065,31.5475],[-94.3037,31.5466],[-94.3054,31.548],[-94.3046,31.5491],[-94.306,31.5485],[-94.3053,31.5501],[-94.3069,31.55],[-94.3061,31.5512],[-94.3082,31.5508],[-94.3086,31.5517],[-94.3067,31.5522],[-94.3087,31.5545],[-94.307,31.5553],[-94.3074,31.5596],[-94.3048,31.5638],[-94.3058,31.5662],[-94.3073,31.5659],[-94.3062,31.5668],[-94.3082,31.5677],[-94.3061,31.5689],[-94.3084,31.5694],[-94.3073,31.571],[-94.3064,31.5701],[-94.3066,31.5708],[-94.3054,31.5711],[-94.3074,31.5722],[-94.3081,31.5709],[-94.309,31.5711],[-94.3079,31.5729],[-94.3108,31.5736],[-94.31,31.5742],[-94.3106,31.5765],[-94.3118,31.5765],[-94.3112,31.5757],[-94.3136,31.5757],[-94.3138,31.5786],[-94.3106,31.5795],[-94.3132,31.5807],[-94.3134,31.5836],[-94.3117,31.5834],[-94.3124,31.5853],[-94.3104,31.5864],[-94.3109,31.5892],[-94.3137,31.5881],[-94.3133,31.5893],[-94.3146,31.59],[-94.3161,31.5883],[-94.3171,31.5904],[-94.3199,31.5897],[-94.32,31.5907],[-94.3212,31.5902],[-94.3229,31.5907],[-94.3228,31.5924],[-94.3252,31.5913],[-94.328,31.592],[-94.3277,31.593],[-94.3261,31.5934],[-94.327,31.5939],[-94.3267,31.5949],[-94.3288,31.5938],[-94.3274,31.5965],[-94.3303,31.5971],[-94.3295,31.5978],[-94.3307,31.5982],[-94.33,31.5995],[-94.3318,31.599],[-94.3307,31.6],[-94.3311,31.6012],[-94.3321,31.6013],[-94.3324,31.5996],[-94.3343,31.6005],[-94.3332,31.601],[-94.3337,31.6028],[-94.3354,31.6005],[-94.3365,31.601],[-94.3357,31.6026],[-94.3376,31.6048],[-94.3388,31.6047],[-94.3387,31.6056],[-94.34,31.6056],[-94.34,31.6088],[-94.3422,31.6058],[-94.343,31.6068],[-94.3435,31.6057],[-94.3452,31.6056],[-94.3444,31.6059],[-94.344,31.6076],[-94.3451,31.607],[-94.346,31.6083],[-94.3485,31.6074],[-94.3474,31.6068],[-94.3483,31.6055],[-94.3504,31.6065],[-94.3523,31.6109],[-94.3513,31.6117],[-94.3529,31.612],[-94.352,31.6144],[-94.3565,31.6155],[-94.3545,31.6167],[-94.3557,31.6186],[-94.3567,31.6178],[-94.3582,31.6201],[-94.3559,31.6211],[-94.3567,31.6226],[-94.3576,31.6232],[-94.3585,31.6218],[-94.3606,31.6235],[-94.3631,31.6243],[-94.3638,31.6237],[-94.3644,31.6247],[-94.3674,31.6242],[-94.3673,31.626],[-94.3648,31.6259],[-94.3676,31.627],[-94.3679,31.6279],[-94.3671,31.63],[-94.3666,31.6293],[-94.3645,31.6302],[-94.3651,31.6318],[-94.3652,31.6309],[-94.3665,31.6314],[-94.3662,31.6332],[-94.3672,31.6336],[-94.3668,31.6327],[-94.368,31.6321],[-94.3685,31.6343],[-94.3697,31.6326],[-94.3699,31.6357],[-94.3718,31.6346],[-94.3737,31.6355],[-94.3747,31.6371],[-94.3746,31.639],[-94.376,31.6385],[-94.3755,31.6369],[-94.3766,31.6372],[-94.3767,31.6362],[-94.3786,31.6357],[-94.383,31.6369],[-94.3844,31.6378],[-94.3835,31.6386],[-94.3848,31.6397],[-94.3865,31.6383],[-94.3873,31.6402],[-94.3888,31.6374],[-94.3895,31.6376],[-94.3896,31.6394],[-94.3922,31.6399],[-94.3923,31.6385],[-94.3954,31.6388],[-94.3942,31.6389],[-94.3941,31.6406],[-94.3956,31.6409],[-94.3951,31.6421],[-94.3962,31.642],[-94.3976,31.6438],[-94.3954,31.6448],[-94.3951,31.6475],[-94.396,31.6476],[-94.3962,31.6467],[-94.3974,31.647],[-94.3978,31.6492],[-94.3998,31.6494],[-94.3985,31.6515],[-94.3992,31.6535],[-94.3978,31.6543],[-94.3977,31.6557],[-94.3986,31.655],[-94.3986,31.6561],[-94.3994,31.6552],[-94.3994,31.6558],[-94.4019,31.6558],[-94.4014,31.6573],[-94.4025,31.657],[-94.4035,31.6582],[-94.4027,31.659],[-94.4039,31.6595],[-94.4008,31.6607],[-94.3996,31.66],[-94.3983,31.6612],[-94.4002,31.6608],[-94.4005,31.6622],[-94.4017,31.661],[-94.4021,31.662],[-94.4054,31.6629],[-94.407,31.6651],[-94.4058,31.6658],[-94.4059,31.6678],[-94.4049,31.668],[-94.4062,31.6708],[-94.4057,31.6713],[-94.4044,31.6702],[-94.404,31.6713],[-94.406,31.6717],[-94.4056,31.6726],[-94.4063,31.673],[-94.4046,31.6737],[-94.4056,31.6743],[-94.4038,31.6758],[-94.4048,31.6761],[-94.4041,31.677],[-94.405,31.6768],[-94.4057,31.6781],[-94.4047,31.6785],[-94.4056,31.6791],[-94.4049,31.6798],[-94.4053,31.6806],[-94.4046,31.6803],[-94.4049,31.6812],[-94.4038,31.6816],[-94.4046,31.6841],[-94.4062,31.6839],[-94.4063,31.687],[-94.408,31.6865],[-94.407,31.6879],[-94.4091,31.6883],[-94.4072,31.6899],[-94.4085,31.6895],[-94.4086,31.691],[-94.4099,31.6908],[-94.4097,31.6925],[-94.4085,31.6921],[-94.4069,31.6953],[-94.4091,31.6973],[-94.4126,31.698],[-94.4128,31.7],[-94.4104,31.6998],[-94.4111,31.7001],[-94.411,31.7016],[-94.4126,31.7005],[-94.4129,31.7023],[-94.4139,31.7026],[-94.4133,31.7033],[-94.4148,31.7032],[-94.4137,31.7038],[-94.4142,31.7049],[-94.415,31.7045],[-94.4169,31.7061],[-94.4165,31.7079],[-94.4153,31.7083],[-94.4157,31.7104],[-94.4146,31.7108],[-94.4158,31.7126],[-94.4141,31.7134],[-94.4151,31.7156],[-94.414,31.7149],[-94.4128,31.7154],[-94.4142,31.7165],[-94.4133,31.7187],[-94.4142,31.7206],[-94.4127,31.7212],[-94.414,31.7212],[-94.4139,31.7221],[-94.4153,31.7231],[-94.414,31.7234],[-94.4157,31.7244],[-94.4154,31.7258],[-94.4128,31.7281],[-94.4142,31.7282],[-94.415,31.7295],[-94.4143,31.7322],[-94.4126,31.7335],[-94.4131,31.7359],[-94.4143,31.7364],[-94.4135,31.7368],[-94.4142,31.7384],[-94.4124,31.7392],[-94.4122,31.7401],[-94.4128,31.7403],[-94.4128,31.7393],[-94.4131,31.74],[-94.4138,31.7397],[-94.4135,31.7411],[-94.4146,31.7416],[-94.4133,31.7434],[-94.4145,31.7443],[-94.4132,31.7444],[-94.4125,31.7464],[-94.4149,31.7462],[-94.4155,31.7473],[-94.4147,31.749],[-94.4154,31.7479],[-94.4164,31.7484],[-94.4151,31.7485],[-94.4165,31.7489],[-94.4154,31.7497],[-94.4165,31.7508],[-94.4152,31.7504],[-94.4156,31.7511],[-94.4145,31.7509],[-94.414,31.7519],[-94.4155,31.7527],[-94.4166,31.752],[-94.4166,31.7536],[-94.4174,31.7524],[-94.4183,31.7528],[-94.4173,31.7535],[-94.4181,31.7544],[-94.417,31.7542],[-94.4174,31.755],[-94.4164,31.7566],[-94.4173,31.7575],[-94.4191,31.7574],[-94.4182,31.7583],[-94.4207,31.7588],[-94.4201,31.7594],[-94.4211,31.76],[-94.42,31.7611],[-94.421,31.7604],[-94.4223,31.761],[-94.4212,31.7616],[-94.4221,31.7623],[-94.4204,31.7624],[-94.4213,31.7627],[-94.4202,31.7633],[-94.4202,31.7649],[-94.4212,31.7647],[-94.421,31.7639],[-94.422,31.7642],[-94.4212,31.7658],[-94.4225,31.7654],[-94.423,31.7669],[-94.4251,31.7672],[-94.4267,31.7697],[-94.4313,31.7722],[-94.4299,31.7736],[-94.4317,31.7736],[-94.4324,31.7752],[-94.4312,31.7744],[-94.4298,31.7764],[-94.4289,31.7752],[-94.4285,31.7766],[-94.4273,31.7773],[-94.4291,31.7792],[-94.4281,31.7817],[-94.4288,31.7832],[-94.428,31.7829],[-94.4276,31.7835],[-94.429,31.7842],[-94.4284,31.7853],[-94.4274,31.7845],[-94.4268,31.7851],[-94.4277,31.7858],[-94.4277,31.789],[-94.4286,31.7896],[-94.4274,31.7915],[-94.4274,31.794],[-94.4255,31.7954],[-94.4264,31.796],[-94.426,31.7969],[-94.424,31.797],[-94.4252,31.7976],[-94.4245,31.7985],[-94.4256,31.7988],[-94.424,31.799],[-94.4252,31.7998],[-94.4241,31.8002],[-94.4248,31.8001],[-94.4254,31.8017],[-94.4273,31.8016],[-94.4271,31.8026],[-94.4282,31.8028],[-94.4268,31.8039],[-94.4281,31.8038],[-94.4275,31.8047],[-94.4281,31.8053],[-94.4293,31.806],[-94.4299,31.8052],[-94.4305,31.8059],[-94.4291,31.8067],[-94.4279,31.8094],[-94.4291,31.8088],[-94.4306,31.81],[-94.4294,31.8109],[-94.4308,31.8111],[-94.43,31.812],[-94.4325,31.813],[-94.4315,31.8145],[-94.4327,31.8151],[-94.4314,31.817],[-94.4323,31.8174],[-94.4327,31.8202],[-94.434,31.8203],[-94.4326,31.8219],[-94.4348,31.8232],[-94.4339,31.8246],[-94.4361,31.824],[-94.4364,31.8273],[-94.4376,31.8272],[-94.4374,31.8279],[-94.439,31.8291],[-94.4401,31.8287],[-94.4406,31.8309],[-94.4411,31.8303],[-94.4416,31.8312],[-94.4426,31.8307],[-94.4423,31.832],[-94.4449,31.8324],[-94.4447,31.8339],[-94.4462,31.8339],[-94.4456,31.8349],[-94.4468,31.8348],[-94.4458,31.8364],[-94.4469,31.8361],[-94.4474,31.8368],[-94.4466,31.8371],[-94.4494,31.8394],[-94.4502,31.8391],[-94.4508,31.8406],[-94.4519,31.8399],[-94.453,31.8417],[-94.4517,31.8423],[-94.4517,31.8441],[-94.4526,31.8434],[-94.4525,31.8441],[-94.7502,31.8437],[-94.9375,31.8456]]]},"properties":{"STATEFP":"48","CD118FP":"17","GEOID":"4817","GEOIDFQ":"5001800US4817","NAMELSAD":"Congressional District 17","LSAD":"C2","CDSESSN":"118","MTFCC":"G5200","FUNCSTAT":"N","ALAND":27032084834,"AWATER":581282540,"INTPTLAT":"+31.2569376","INTPTLON":"-096.0314622"}},
{"type":"Feature","geometry":{"type":"Polygon","coordinates":[[[-95.4983,29.9879],[-95.5361,29.9671],[-95.5435,29.9639],[-95.5475,29.9611],[-95.5568,29.9675],[-95.5582,29.9666],[-95.5702,29.9674],[-95.5802,29.9671],[-95.5797,29.9613],[-95.5735,29.9614],[-95.5536,29.9555],[-95.5673,29.9435],[-95.5848,29.933],[-95.5847,29.9246],[-95.5762,29.9245],[-95.5708,29.9272],[-95.5674,29.9275],[-95.5686,29.923],[-95.5709,29.9229],[-95.5712,29.9171],[-95.5678,29.9162],[-95.5673,29.9168],[-95.5697,29.9181],[-95.5687,29.9191],[-95.5691,29.9198],[-95.5677,29.9203],[-95.5647,29.9175],[-95.5559,29.9176],[-95.5554,29.9228],[-95.5522,29.9265],[-95.53,29.9354],[-95.5217,29.9367],[-95.5153,29.9254],[-95.5252,29.9252],[-95.5244,29.8594],[-95.5485,29.8701],[-95.5536,29.8674],[-95.5747,29.8672],[-95.5746,29.8585],[-95.5718,29.8583],[-95.5716,29.8503],[-95.5702,29.8503],[-95.57,29.8318],[-95.5316,29.8324],[-95.5315,29.8298],[-95.5297,29.8299],[-95.5297,29.8291],[-95.5315,29.8291],[-95.5315,29.8253],[-95.5296,29.8253],[-95.5295,29.8219],[-95.5342,29.8219],[-95.5343,29.8154],[-95.5329,29.8158],[-95.5325,29.8178],[-95.5279,29.8179],[-95.5277,29.8185],[-95.5262,29.8185],[-95.5262,29.8158],[-95.5215,29.8158],[-95.5215,29.8174],[-95.5175,29.8174],[-95.5169,29.8148],[-95.5141,29.8148],[-95.514,29.8095],[-95.5165,29.8094],[-95.5164,29.8035],[-95.5116,29.8026],[-95.5009,29.803],[-95.5009,29.8082],[-95.4998,29.8082],[-95.4998,29.8048],[-95.4969,29.8048],[-95.4956,29.803],[-95.4848,29.8028],[-95.4849,29.7981],[-95.4828,29.7981],[-95.4829,29.8028],[-95.4808,29.8028],[-95.4807,29.7994],[-95.4788,29.7994],[-95.4789,29.8003],[-95.4757,29.8004],[-95.4758,29.7988],[-95.4744,29.7988],[-95.4744,29.7945],[-95.4733,29.7945],[-95.4727,29.7898],[-95.4696,29.7903],[-95.4695,29.7887],[-95.4681,29.7887],[-95.468,29.7847],[-95.4617,29.7847],[-95.4617,29.7873],[-95.4569,29.7874],[-95.4568,29.7828],[-95.4539,29.7809],[-95.4521,29.7841],[-95.4523,29.7909],[-95.4498,29.8017],[-95.4555,29.8077],[-95.4518,29.8044],[-95.4493,29.8041],[-95.4464,29.806],[-95.4479,29.8071],[-95.4473,29.8093],[-95.4451,29.8094],[-95.4439,29.8101],[-95.4444,29.8106],[-95.4425,29.8107],[-95.4412,29.8084],[-95.4405,29.8087],[-95.4366,29.8066],[-95.4332,29.8039],[-95.4275,29.803],[-95.4265,29.8017],[-95.4223,29.8037],[-95.4224,29.8057],[-95.4123,29.8058],[-95.4123,29.8068],[-95.4102,29.8068],[-95.4097,29.7833],[-95.3975,29.7834],[-95.3973,29.7696],[-95.3909,29.7689],[-95.3913,29.7626],[-95.3857,29.7617],[-95.3857,29.752],[-95.3786,29.7521],[-95.3787,29.7531],[-95.3768,29.7531],[-95.376,29.7546],[-95.3751,29.7545],[-95.3746,29.7578],[-95.3743,29.7521],[-95.3709,29.7493],[-95.3903,29.725],[-95.3801,29.719],[-95.3887,29.6939],[-95.3785,29.6907],[-95.3763,29.6981],[-95.3726,29.6969],[-95.3731,29.6954],[-95.3723,29.6952],[-95.3718,29.6967],[-95.3678,29.6955],[-95.3683,29.6924],[-95.3631,29.69],[-95.3596,29.6988],[-95.3574,29.6981],[-95.3565,29.7002],[-95.3553,29.6999],[-95.3548,29.701],[-95.3496,29.6994],[-95.3518,29.6939],[-95.3396,29.6906],[-95.3366,29.6978],[-95.3275,29.695],[-95.3267,29.6955],[-95.3402,29.7365],[-95.3405,29.7357],[-95.3442,29.7367],[-95.3427,29.7411],[-95.3301,29.7571],[-95.3308,29.7575],[-95.3289,29.7598],[-95.3255,29.7598],[-95.323,29.7573],[-95.32,29.7561],[-95.3155,29.7647],[-95.3141,29.7642],[-95.3125,29.7653],[-95.3119,29.7874],[-95.2884,29.7882],[-95.2882,29.7808],[-95.2873,29.7817],[-95.284,29.7819],[-95.2838,29.7679],[-95.2797,29.768],[-95.2783,29.7667],[-95.2782,29.7606],[-95.2794,29.7591],[-95.2795,29.7555],[-95.2812,29.7541],[-95.2811,29.7486],[-95.2538,29.7304],[-95.2543,29.7575],[-95.2516,29.7576],[-95.2517,29.7599],[-95.2559,29.7599],[-95.2561,29.7682],[-95.2511,29.7675],[-95.2513,29.7733],[-95.2591,29.7734],[-95.259,29.7686],[-95.2654,29.7696],[-95.2635,29.7802],[-95.2672,29.7902],[-95.2702,29.7958],[-95.2801,29.8025],[-95.2297,29.8243],[-95.2306,29.8283],[-95.2318,29.83],[-95.2302,29.8342],[-95.2342,29.8381],[-95.2337,29.8393],[-95.2316,29.8403],[-95.2316,29.8429],[-95.2286,29.8447],[-95.2284,29.8569],[-95.2314,29.8588],[-95.2307,29.8621],[-95.2369,29.8693],[-95.2383,29.8723],[-95.2382,29.8777],[-95.2359,29.8788],[-95.237,29.8811],[-95.2369,29.8838],[-95.235,29.8872],[-95.2379,29.8902],[-95.2382,29.8921],[-95.2402,29.8926],[-95.2401,29.8946],[-95.2387,29.896],[-95.2411,29.8991],[-95.2405,29.9029],[-95.2369,29.907],[-95.2432,29.9137],[-95.2446,29.9211],[-95.2463,29.9223],[-95.2505,29.923],[-95.2593,29.9174],[-95.2652,29.9154],[-95.2724,29.9167],[-95.2805,29.9162],[-95.2867,29.9133],[-95.2929,29.9151],[-95.2956,29.9186],[-95.2982,29.9119],[-95.3017,29.9118],[-95.3017,29.9084],[-95.303,29.9084],[-95.303,29.9096],[-95.3093,29.9095],[-95.3111,29.9026],[-95.3117,29.9028],[-95.3182,29.891],[-95.3066,29.8912],[-95.3271,29.8404],[-95.337,29.8406],[-95.337,29.8384],[-95.3378,29.8384],[-95.3378,29.833],[-95.3349,29.833],[-95.3352,29.8292],[-95.3339,29.833],[-95.331,29.8329],[-95.3355,29.8199],[-95.3521,29.8197],[-95.3479,29.8031],[-95.3505,29.8033],[-95.3502,29.7935],[-95.3459,29.7937],[-95.3451,29.7835],[-95.3487,29.7834],[-95.349,29.7795],[-95.3505,29.7795],[-95.3505,29.7784],[-95.3514,29.7784],[-95.3513,29.7745],[-95.3546,29.7744],[-95.3599,29.7724],[-95.3616,29.7761],[-95.3667,29.7739],[-95.368,29.7762],[-95.3682,29.7793],[-95.3724,29.7807],[-95.3721,29.7902],[-95.3878,29.7908],[-95.388,29.8041],[-95.3892,29.8073],[-95.382,29.8076],[-95.382,29.8088],[-95.3734,29.8076],[-95.3738,29.8093],[-95.3796,29.8221],[-95.3815,29.8288],[-95.3854,29.8339],[-95.3901,29.8338],[-95.3921,29.8351],[-95.3929,29.8316],[-95.4022,29.8319],[-95.403,29.8418],[-95.4069,29.8417],[-95.4069,29.8389],[-95.4108,29.8388],[-95.4114,29.8491],[-95.4144,29.8518],[-95.4146,29.8685],[-95.4081,29.8699],[-95.4218,29.8883],[-95.4252,29.8866],[-95.4313,29.8863],[-95.4313,29.8856],[-95.4504,29.8844],[-95.4585,29.8921],[-95.4699,29.9049],[-95.48,29.9113],[-95.4797,29.9145],[-95.4816,29.9191],[-95.4814,29.9297],[-95.4831,29.934],[-95.4833,29.9374],[-95.46,29.9375],[-95.4664,29.9458],[-95.4645,29.9459],[-95.465,29.9647],[-95.4191,29.9657],[-95.4184,29.9569],[-95.4163,29.9566],[-95.413,29.9542],[-95.4078,29.9534],[-95.4052,29.9496],[-95.4005,29.9483],[-95.3972,29.9452],[-95.3898,29.9453],[-95.3859,29.9493],[-95.3722,29.9493],[-95.3713,29.9472],[-95.3694,29.9471],[-95.3684,29.9456],[-95.3626,29.944],[-95.3592,29.9402],[-95.3506,29.9404],[-95.3497,29.939],[-95.296,29.94],[-95.2846,29.9657],[-95.2816,29.9648],[-95.2718,29.9651],[-95.2716,29.9591],[-95.2688,29.9571],[-95.2682,29.9545],[-95.2538,29.9617],[-95.248,29.962],[-95.248,29.9561],[-95.2497,29.9507],[-95.2495,29.9342],[-95.2116,29.9342],[-95.2078,29.9329],[-95.2013,29.9275],[-95.2,29.9229],[-95.2032,29.9014],[-95.2029,29.8899],[-95.1878,29.8707],[-95.1872,29.8708],[-95.2014,29.8882],[-95.2024,29.8907],[-95.2026,29.901],[-95.1994,29.9245],[-95.2008,29.9279],[-95.206,29.9323],[-95.1938,29.9449],[-95.2144,29.9561],[-95.2115,29.9566],[-95.2101,29.9608],[-95.2054,29.9632],[-95.2055,29.9644],[-95.2104,29.9644],[-95.2123,29.9739],[-95.2124,29.9994],[-95.2574,29.9992],[-95.2576,29.995],[-95.2586,29.9953],[-95.2592,29.9945],[-95.2626,29.9956],[-95.264,29.9946],[-95.2659,29.9951],[-95.265,29.9972],[-95.2659,29.9974],[-95.2656,29.9982],[-95.2698,29.9997],[-95.2678,30.005],[-95.297,30.0049],[-95.2948,30.0104],[-95.2947,30.0163],[-95.3068,30.0163],[-95.3068,30.021],[-95.3089,30.021],[-95.309,30.0238],[-95.3105,30.0238],[-95.3106,30.021],[-95.3121,30.0207],[-95.3148,30.0207],[-95.3149,30.0222],[-95.3159,30.0222],[-95.316,30.0229],[-95.3179,30.0226],[-95.3186,30.0234],[-95.3182,30.0345],[-95.3223,30.033],[-95.3225,30.0311],[-95.3215,30.0301],[-95.3265,30.0263],[-95.3272,30.0285],[-95.3305,30.0307],[-95.3332,30.0291],[-95.336,30.0305],[-95.3368,30.0288],[-95.339,30.028],[-95.3477,30.0281],[-95.35,30.0294],[-95.3507,30.0315],[-95.3542,30.0337],[-95.3552,30.0333],[-95.3588,30.0361],[-95.366,30.0315],[-95.3692,30.0364],[-95.374,30.0373],[-95.3813,30.0404],[-95.3888,30.0365],[-95.3907,30.0369],[-95.3981,30.0355],[-95.4,30.0361],[-95.4011,30.0346],[-95.4043,30.0332],[-95.4045,30.0315],[-95.4063,30.0309],[-95.4081,30.0319],[-95.4083,30.0338],[-95.4103,30.0363],[-95.4133,30.0375],[-95.4166,30.0374],[-95.4194,30.0355],[-95.4224,30.0353],[-95.4236,30.0344],[-95.4265,30.0359],[-95.4291,30.0357],[-95.431,30.0346],[-95.4316,30.0356],[-95.4332,30.0358],[-95.435,30.034],[-95.4377,30.0347],[-95.4412,30.0342],[-95.4416,30.0353],[-95.444,30.0368],[-95.4476,30.0356],[-95.4512,30.0378],[-95.4535,30.036],[-95.4613,30.0349],[-95.4625,30.0328],[-95.4645,30.0325],[-95.4676,30.0264],[-95.4725,30.0274],[-95.4764,30.0244],[-95.4638,30.007],[-95.4983,29.9879]]]},"properties":{"STATEFP":"48","CD118FP":"18","GEOID":"4818","GEOIDFQ":"5001800US4818","NAMELSAD":"Congressional District 18","LSAD":"C2","CDSESSN":"118","MTFCC":"G5200","FUNCSTAT":"N","ALAND":597655027,"AWATER":3511683,"INTPTLAT":"+29.9858736","INTPTLON":"-095.3457951"}},
{"type":"Feature","geometry":{"type":"Polygon","coordinates":[[[-102.7991,32.0858],[-102.7182,32.0869],[-102.3438,32.0872],[-101.9859,32.0868],[-101.5766,32.0871],[-101.2627,32.0871],[-101.0788,32.0867],[-100.8099,32.0867],[-100.7231,32.0854],[-100.6254,32.0854],[-100.5004,32.0831],[-100.3251,32.0814],[-100.1253,32.0827],[-99.8074,32.0812],[-99.7142,32.0821],[-99.6314,32.0813],[-99.6308,32.3413],[-99.6298,32.4366],[-99.497,32.4129],[-99.4971,32.4088],[-99.4921,32.4089],[-99.492,32.41],[-99.4897,32.4099],[-99.4897,32.4088],[-99.4646,32.4085],[-99.4548,32.4072],[-99.4544,32.4574],[-99.4515,32.4582],[-99.4509,32.461],[-99.4488,32.4618],[-99.4471,32.4647],[-99.4463,32.4639],[-99.4459,32.4647],[-99.4427,32.464],[-99.4418,32.4677],[-99.443,32.4711],[-99.4374,32.4711],[-99.4338,32.4727],[-99.4335,32.4687],[-99.4323,32.4678],[-99.4295,32.4711],[-99.431,32.4741],[-99.4284,32.4736],[-99.4256,32.4744],[-99.4231,32.4758],[-99.4211,32.4783],[-99.4189,32.479],[-99.4199,32.4829],[-99.4149,32.4878],[-99.4148,32.4892],[-99.4131,32.4908],[-99.4142,32.4953],[-99.4109,32.4961],[-99.4102,32.4991],[-99.4077,32.502],[-99.4025,32.5057],[-99.4002,32.5061],[-99.3997,32.5123],[-99.3971,32.5151],[-99.096,32.5148],[-99.096,32.957],[-98.9509,32.9569],[-98.9532,33.2401],[-98.9539,33.3975],[-99.4853,33.3991],[-100.0007,33.3973],[-100.2443,33.3981],[-100.2957,33.397],[-100.4706,33.3976],[-100.6254,33.3991],[-101.0388,33.3972],[-101.0397,33.6081],[-101.0414,33.8751],[-101.0415,34.3124],[-101.4716,34.3123],[-101.472,34.4928],[-101.4716,34.7475],[-101.7368,34.7475],[-101.9562,34.7483],[-102.1688,34.7474],[-102.1688,34.7466],[-102.2276,34.7472],[-102.3709,34.746],[-102.7505,34.7475],[-103.043,34.7474],[-103.0438,34.3826],[-103.0437,34.0036],[-103.0516,33.6296],[-103.0593,33.257],[-103.0646,32.9999],[-103.0648,32.8856],[-103.0647,32.4911],[-103.0645,32.0871],[-102.8016,32.0872],[-102.7991,32.0858]]]},"properties":{"STATEFP":"48","CD118FP":"19","GEOID":"4819","GEOIDFQ":"5001800US4819","NAMELSAD":"Congressional District 19","LSAD":"C2","CDSESSN":"118","MTFCC":"G5200","FUNCSTAT":"N","ALAND":78138881637,"AWATER":235509345,"INTPTLAT":"+33.1884575","INTPTLON":"-101.4436953"}},
{"type":"Feature","geometry":{"type":"Polygon","coordinates":[[[-98.5013,29.3196],[-98.5012,29.3324],[-98.5038,29.3324],[-98.504,29.3657],[-98.4975,29.3657],[-98.4975,29.3667],[-98.4937,29.3664],[-98.4937,29.3676],[-98.4916,29.3676],[-98.4916,29.3688],[-98.4861,29.3689],[-98.4865,29.3697],[-98.4884,29.3697],[-98.4886,29.3706],[-98.4869,29.3706],[-98.4899,29.3812],[-98.4893,29.3841],[-98.4923,29.392],[-98.4903,29.3953],[-98.4959,29.3962],[-98.5156,29.3961],[-98.5251,29.3969],[-98.5394,29.4024],[-98.5379,29.4143],[-98.5401,29.4145],[-98.5388,29.4251],[-98.543,29.4255],[-98.5406,29.4457],[-98.5403,29.4466],[-98.5391,29.4465],[-98.539,29.4476],[-98.5401,29.4477],[-98.5394,29.4531],[-98.5372,29.4529],[-98.5371,29.4539],[-98.5393,29.4541],[-98.5392,29.4571],[-98.528,29.4564],[-98.5271,29.4638],[-98.5251,29.4636],[-98.526,29.4646],[-98.526,29.4665],[-98.5158,29.4664],[-98.5159,29.4716],[-98.5174,29.476],[-98.5078,29.476],[-98.5078,29.4779],[-98.4993,29.4776],[-98.4993,29.4862],[-98.4939,29.4872],[-98.4922,29.4853],[-98.49,29.4843],[-98.477,29.5077],[-98.4662,29.5072],[-98.466,29.5136],[-98.4643,29.517],[-98.4691,29.5183],[-98.47,29.5176],[-98.4693,29.5183],[-98.479,29.5203],[-98.5066,29.5207],[-98.5068,29.5037],[-98.5075,29.5028],[-98.5318,29.5188],[-98.5351,29.5189],[-98.5351,29.5115],[-98.543,29.5081],[-98.5484,29.5017],[-98.5525,29.5113],[-98.5566,29.525],[-98.5623,29.5311],[-98.5527,29.5404],[-98.5569,29.5432],[-98.5607,29.5443],[-98.5593,29.5461],[-98.5583,29.5459],[-98.5549,29.5483],[-98.56,29.5524],[-98.5698,29.5573],[-98.5749,29.5627],[-98.583,29.5778],[-98.5837,29.5834],[-98.5878,29.5914],[-98.5885,29.5948],[-98.5958,29.5997],[-98.6001,29.6042],[-98.6014,29.6038],[-98.6084,29.6205],[-98.6114,29.6198],[-98.6119,29.618],[-98.6146,29.6169],[-98.6164,29.615],[-98.6228,29.614],[-98.6255,29.6117],[-98.6287,29.6105],[-98.6277,29.6059],[-98.6307,29.5962],[-98.6289,29.5925],[-98.631,29.5877],[-98.6374,29.5857],[-98.6378,29.5871],[-98.6413,29.5844],[-98.6401,29.5832],[-98.6454,29.5779],[-98.6546,29.5658],[-98.6674,29.5536],[-98.657,29.543],[-98.6556,29.5441],[-98.6531,29.5444],[-98.6339,29.5444],[-98.6329,29.5437],[-98.6314,29.541],[-98.633,29.5383],[-98.6367,29.5361],[-98.6367,29.5349],[-98.6353,29.5329],[-98.6318,29.5305],[-98.6316,29.527],[-98.6277,29.5243],[-98.6276,29.5218],[-98.6295,29.5196],[-98.6335,29.5209],[-98.6383,29.5191],[-98.6694,29.519],[-98.6707,29.5198],[-98.6717,29.522],[-98.6756,29.5251],[-98.68,29.5266],[-98.6846,29.5297],[-98.6871,29.527],[-98.6851,29.5254],[-98.6875,29.5269],[-98.6907,29.5242],[-98.6917,29.5219],[-98.6945,29.5233],[-98.6934,29.5254],[-98.7128,29.5325],[-98.7134,29.5312],[-98.7166,29.5324],[-98.7182,29.5286],[-98.7182,29.5257],[-98.7472,29.5368],[-98.7588,29.5151],[-98.7611,29.516],[-98.7638,29.5157],[-98.7674,29.5106],[-98.7693,29.5096],[-98.7766,29.5119],[-98.7818,29.502],[-98.788,29.5009],[-98.7881,29.4822],[-98.7831,29.4865],[-98.7625,29.4833],[-98.7323,29.484],[-98.7208,29.4866],[-98.7134,29.4854],[-98.7141,29.4828],[-98.7182,29.4844],[-98.7183,29.4773],[-98.7261,29.4754],[-98.7259,29.472],[-98.7267,29.472],[-98.7259,29.4684],[-98.7272,29.4682],[-98.7262,29.4678],[-98.7253,29.4656],[-98.715,29.468],[-98.7152,29.4656],[-98.7191,29.4653],[-98.7254,29.4628],[-98.7409,29.4597],[-98.7544,29.4627],[-98.7583,29.4613],[-98.748,29.4372],[-98.7478,29.4295],[-98.7375,29.4296],[-98.7353,29.411],[-98.7462,29.4108],[-98.7419,29.4072],[-98.741,29.4074],[-98.7409,29.4088],[-98.7382,29.4077],[-98.7316,29.4014],[-98.7315,29.3989],[-98.7334,29.3992],[-98.7343,29.3985],[-98.735,29.3958],[-98.7316,29.3933],[-98.7324,29.392],[-98.7347,29.3921],[-98.7341,29.3902],[-98.7331,29.3895],[-98.7317,29.3906],[-98.7299,29.3901],[-98.7286,29.386],[-98.7326,29.383],[-98.7316,29.379],[-98.7277,29.3798],[-98.7266,29.378],[-98.7245,29.3771],[-98.7166,29.3782],[-98.6742,29.3883],[-98.6596,29.3939],[-98.6633,29.3975],[-98.6631,29.4179],[-98.6693,29.4178],[-98.669,29.4259],[-98.6673,29.4247],[-98.6663,29.426],[-98.6631,29.4274],[-98.6615,29.4346],[-98.6589,29.4389],[-98.6636,29.4432],[-98.6341,29.4551],[-98.6299,29.453],[-98.6472,29.4322],[-98.6492,29.4282],[-98.6494,29.3974],[-98.6306,29.402],[-98.6046,29.407],[-98.5878,29.4078],[-98.5842,29.407],[-98.5847,29.4021],[-98.584,29.401],[-98.5735,29.3999],[-98.5736,29.3993],[-98.5624,29.3988],[-98.5638,29.3897],[-98.5609,29.3895],[-98.5629,29.389],[-98.5633,29.3859],[-98.5614,29.3856],[-98.5615,29.3844],[-98.5573,29.3842],[-98.5505,29.3874],[-98.5508,29.3852],[-98.5654,29.368],[-98.5646,29.3678],[-98.575,29.3549],[-98.5767,29.356],[-98.5757,29.3578],[-98.5764,29.3592],[-98.5795,29.3596],[-98.5794,29.3612],[-98.5839,29.3619],[-98.5858,29.3657],[-98.5953,29.3664],[-98.6135,29.377],[-98.6173,29.3751],[-98.6209,29.3664],[-98.6292,29.3671],[-98.6368,29.3711],[-98.6327,29.3608],[-98.6465,29.3606],[-98.6463,29.3225],[-98.6259,29.3377],[-98.6198,29.323],[-98.6164,29.3189],[-98.6142,29.32],[-98.6104,29.3177],[-98.6053,29.3161],[-98.5895,29.3157],[-98.567,29.3201],[-98.517,29.3203],[-98.5163,29.3182],[-98.515,29.3193],[-98.5059,29.3181],[-98.5035,29.3182],[-98.5037,29.3196],[-98.5013,29.3196]]]},"properties":{"STATEFP":"48","CD118FP":"20","GEOID":"4820","GEOIDFQ":"5001800US4820","NAMELSAD":"Congressional District 20","LSAD":"C2","CDSESSN":"118","MTFCC":"G5200","FUNCSTAT":"N","ALAND":464891989,"AWATER":1244115,"INTPTLAT":"+29.4553754","INTPTLON":"-098.6182940"}},
{"type":"Feature","geometry":{"type":"Polygon","coordinates":[[[-98.5549,29.5483],[-98.5583,29.5459],[-98.5593,29.5461],[-98.5607,29.5443],[-98.5569,29.5432],[-98.5527,29.5404],[-98.5623,29.5311],[-98.5566,29.525],[-98.5525,29.5113],[-98.5484,29.5017],[-98.543,29.5081],[-98.5351,29.5115],[-98.5351,29.5189],[-98.5318,29.5188],[-98.5075,29.5028],[-98.5068,29.5037],[-98.5066,29.5207],[-98.479,29.5203],[-98.4693,29.5183],[-98.47,29.5176],[-98.4691,29.5183],[-98.4643,29.517],[-98.466,29.5136],[-98.4662,29.5072],[-98.477,29.5077],[-98.49,29.4843],[-98.4922,29.4803],[-98.4923,29.4682],[-98.487,29.4682],[-98.487,29.4665],[-98.4791,29.4665],[-98.4791,29.4641],[-98.4758,29.4633],[-98.4742,29.4648],[-98.4739,29.4666],[-98.4768,29.4709],[-98.4742,29.4735],[-98.4674,29.4683],[-98.4683,29.4653],[-98.4677,29.4637],[-98.4666,29.4632],[-98.4677,29.4614],[-98.4551,29.461],[-98.4566,29.4546],[-98.467,29.4547],[-98.467,29.4517],[-98.4724,29.4517],[-98.4725,29.4506],[-98.4704,29.4507],[-98.4695,29.4472],[-98.4738,29.4472],[-98.4724,29.4458],[-98.4744,29.4448],[-98.4703,29.4447],[-98.4703,29.4432],[-98.4609,29.4432],[-98.4609,29.4416],[-98.455,29.4416],[-98.455,29.4449],[-98.4462,29.4446],[-98.445,29.4423],[-98.4466,29.4425],[-98.4466,29.4396],[-98.4411,29.4409],[-98.4346,29.4503],[-98.4303,29.455],[-98.428,29.4564],[-98.414,29.4564],[-98.409,29.4653],[-98.4096,29.4661],[-98.4143,29.4661],[-98.4143,29.4694],[-98.4104,29.4758],[-98.4102,29.4782],[-98.4176,29.4784],[-98.4177,29.4812],[-98.4201,29.4812],[-98.4205,29.4849],[-98.4422,29.4847],[-98.4421,29.4898],[-98.425,29.4979],[-98.4212,29.5004],[-98.4154,29.5063],[-98.416,29.5083],[-98.4152,29.5099],[-98.4163,29.5103],[-98.4177,29.5161],[-98.4228,29.5161],[-98.4229,29.525],[-98.4274,29.5353],[-98.4173,29.5446],[-98.4019,29.5546],[-98.3996,29.5528],[-98.4016,29.5508],[-98.3999,29.5495],[-98.4004,29.5489],[-98.3943,29.5466],[-98.3931,29.5479],[-98.3901,29.5489],[-98.3838,29.5488],[-98.3863,29.5418],[-98.3792,29.5418],[-98.3791,29.5313],[-98.3813,29.5313],[-98.3825,29.5304],[-98.3813,29.5304],[-98.3813,29.523],[-98.3864,29.523],[-98.3901,29.5243],[-98.3914,29.5234],[-98.3952,29.5176],[-98.3971,29.5103],[-98.3716,29.5104],[-98.3717,29.5146],[-98.3696,29.5173],[-98.3693,29.5306],[-98.3661,29.5307],[-98.3596,29.5357],[-98.3611,29.5372],[-98.3552,29.541],[-98.3564,29.542],[-98.3565,29.5442],[-98.355,29.5433],[-98.3544,29.5439],[-98.357,29.5458],[-98.3566,29.5482],[-98.3577,29.5501],[-98.3669,29.5428],[-98.3713,29.5486],[-98.3758,29.5494],[-98.3797,29.5555],[-98.3644,29.5681],[-98.3499,29.571],[-98.3475,29.5721],[-98.3446,29.5775],[-98.3384,29.5807],[-98.3418,29.5858],[-98.3304,29.594],[-98.2836,29.6161],[-98.2491,29.6358],[-98.221,29.645],[-98.2165,29.6473],[-98.2115,29.6394],[-98.1822,29.6576],[-98.1696,29.6628],[-98.1682,29.6579],[-98.1503,29.6653],[-98.1384,29.6832],[-98.1259,29.6853],[-98.1002,29.6959],[-98.0953,29.699],[-98.0913,29.705],[-98.0894,29.7144],[-98.0854,29.7229],[-98.0596,29.7453],[-98.0296,29.7869],[-98.0152,29.8015],[-98.0187,29.8122],[-97.9995,29.8295],[-97.9912,29.8355],[-97.9727,29.8535],[-97.9721,29.8548],[-97.9737,29.8545],[-97.9746,29.8552],[-97.9738,29.8566],[-97.9774,29.8596],[-97.9719,29.8647],[-97.9723,29.8655],[-97.9707,29.8666],[-97.9702,29.8662],[-97.963,29.8726],[-97.9651,29.8723],[-97.9684,29.8752],[-97.9674,29.8762],[-97.9713,29.8794],[-97.971,29.8801],[-97.979,29.8859],[-97.9853,29.8999],[-97.9838,29.9003],[-97.9802,29.8993],[-97.9729,29.8988],[-97.962,29.8957],[-97.9555,29.8902],[-97.9536,29.8919],[-97.9501,29.8891],[-97.9444,29.8923],[-97.9383,29.891],[-97.9387,29.8918],[-97.9374,29.8922],[-97.9365,29.8916],[-97.9367,29.8905],[-97.9356,29.8901],[-97.9303,29.8954],[-97.9291,29.8952],[-97.9271,29.8969],[-97.9239,29.8947],[-97.9116,29.9059],[-97.9119,29.9149],[-97.9061,29.9201],[-97.9058,29.9267],[-97.9018,29.9331],[-97.8979,29.9366],[-97.8955,29.937],[-97.8845,29.9505],[-97.8805,29.9473],[-97.8757,29.967],[-97.8822,29.9724],[-97.8815,29.9737],[-97.8875,29.9788],[-97.8842,29.9818],[-97.8793,29.9815],[-97.8797,29.9834],[-97.8791,29.9839],[-97.8783,29.9831],[-97.8776,29.9838],[-97.8792,29.9851],[-97.8813,29.9844],[-97.8837,29.9864],[-97.8815,29.9876],[-97.8812,29.9894],[-97.8831,29.9896],[-97.8901,30.0105],[-97.8917,30.0123],[-97.8895,30.0188],[-97.8896,30.0279],[-97.8838,30.0458],[-97.8793,30.05],[-97.8681,30.0506],[-97.862,30.0565],[-97.8577,30.0587],[-97.8568,30.0604],[-97.8566,30.0716],[-97.848,30.0785],[-97.8445,30.0789],[-97.8434,30.0808],[-97.8403,30.0812],[-97.8402,30.077],[-97.8254,30.0771],[-97.8244,30.0795],[-97.8284,30.0822],[-97.8268,30.0856],[-97.8272,30.0881],[-97.822,30.0888],[-97.8219,30.0922],[-97.8198,30.095],[-97.8155,30.0958],[-97.8139,30.0992],[-97.9288,30.1817],[-97.9285,30.1875],[-97.9184,30.2024],[-97.912,30.2048],[-97.9083,30.2097],[-97.9014,30.2093],[-97.8992,30.2102],[-97.8885,30.2286],[-97.8883,30.2292],[-97.8937,30.2299],[-97.8936,30.2311],[-97.8946,30.2312],[-97.8949,30.2301],[-97.8989,30.2313],[-97.8985,30.2321],[-97.9012,30.2332],[-97.9003,30.2351],[-97.906,30.2376],[-97.9074,30.2374],[-97.9085,30.2344],[-97.91,30.2347],[-97.9051,30.2423],[-97.9041,30.2423],[-97.8988,30.2465],[-97.8982,30.2479],[-97.896,30.2477],[-97.8943,30.2499],[-97.8886,30.2471],[-97.8867,30.25],[-97.8811,30.2454],[-97.8764,30.2399],[-97.8713,30.2378],[-97.8714,30.2351],[-97.8672,30.2343],[-97.8653,30.2343],[-97.8619,30.2358],[-97.86,30.2354],[-97.8584,30.242],[-97.8568,30.2432],[-97.853,30.2496],[-97.8304,30.2383],[-97.8312,30.237],[-97.833,30.2364],[-97.8276,30.2362],[-97.8246,30.2353],[-97.8223,30.2374],[-97.8107,30.2428],[-97.8137,30.2516],[-97.8192,30.2545],[-97.8224,30.2575],[-97.8236,30.2606],[-97.823,30.2645],[-97.825,30.2697],[-97.8307,30.27],[-97.8341,30.274],[-97.838,30.2755],[-97.8399,30.2756],[-97.8436,30.2731],[-97.8476,30.2785],[-97.8524,30.2819],[-97.852,30.2842],[-97.8438,30.2899],[-97.843,30.2923],[-97.8448,30.2928],[-97.8472,30.2911],[-97.8508,30.2921],[-97.8539,30.3044],[-97.8571,30.3046],[-97.8586,30.2983],[-97.8618,30.2968],[-97.8644,30.2998],[-97.8643,30.3029],[-97.8655,30.3052],[-97.8666,30.3064],[-97.8687,30.3065],[-97.8694,30.3054],[-97.868,30.3011],[-97.8695,30.2985],[-97.8708,30.2972],[-97.8733,30.2973],[-97.8762,30.299],[-97.8792,30.2977],[-97.8815,30.2948],[-97.8801,30.2908],[-97.8803,30.2885],[-97.883,30.2865],[-97.8861,30.2892],[-97.8883,30.2943],[-97.8906,30.2957],[-97.8969,30.2903],[-97.9007,30.2893],[-97.902,30.2923],[-97.8981,30.2954],[-97.897,30.2969],[-97.8973,30.2979],[-97.9027,30.3026],[-97.9071,30.3046],[-97.9084,30.3062],[-97.9097,30.3071],[-97.9114,30.3068],[-97.9127,30.3051],[-97.9185,30.3019],[-97.9203,30.2977],[-97.9231,30.2961],[-97.9268,30.2958],[-97.9265,30.2922],[-97.9195,30.2901],[-97.9185,30.2882],[-97.9197,30.2875],[-97.9229,30.2889],[-97.9248,30.2886],[-97.926,30.2871],[-97.9248,30.2856],[-97.9247,30.2836],[-97.9259,30.2821],[-97.9318,30.2846],[-97.9342,30.2837],[-97.9345,30.2824],[-97.9323,30.2793],[-97.9326,30.2774],[-97.9356,30.2782],[-97.9405,30.2811],[-97.9421,30.2809],[-97.9432,30.2798],[-97.9419,30.2765],[-97.9437,30.2752],[-97.9468,30.2768],[-97.9519,30.2756],[-97.9577,30.2769],[-97.9602,30.2755],[-97.9605,30.2739],[-97.957,30.2717],[-97.9563,30.2694],[-97.9592,30.2694],[-97.9649,30.2712],[-97.9662,30.2686],[-97.9663,30.2658],[-97.9691,30.2647],[-97.9715,30.2668],[-97.9746,30.2721],[-97.9757,30.2725],[-97.9775,30.2707],[-97.9775,30.2669],[-97.9796,30.265],[-97.9812,30.2654],[-97.9829,30.2674],[-97.9824,30.2716],[-97.9851,30.2733],[-97.9881,30.2675],[-97.9926,30.2674],[-97.9947,30.265],[-97.9941,30.2637],[-97.9922,30.263],[-97.9923,30.262],[-97.9974,30.2616],[-97.9969,30.2574],[-97.9989,30.2554],[-98.0032,30.2546],[-98.0032,30.251],[-98.0114,30.2487],[-98.0103,30.2469],[-98.0067,30.2453],[-98.0061,30.2441],[-98.0079,30.2428],[-98.0106,30.2437],[-98.0108,30.2403],[-98.173,30.3563],[-98.1256,30.4262],[-98.351,30.4861],[-98.4115,30.5021],[-98.6232,30.4993],[-98.7503,30.4988],[-98.856,30.4993],[-99.0003,30.4981],[-99.2367,30.4988],[-99.304,30.4998],[-99.3017,30.2867],[-99.7541,30.2907],[-99.7576,30.0741],[-99.918,30.0736],[-99.9175,30.0786],[-99.9676,30.0824],[-99.973,30.0246],[-99.9897,30.0257],[-100.0023,29.8968],[-100.009,29.8971],[-100.0094,29.8945],[-100.0173,29.8908],[-100.0202,29.8873],[-100.0206,29.8851],[-100.0235,29.883],[-100.0229,29.8784],[-100.0239,29.8744],[-100.023,29.8732],[-100.0218,29.873],[-100.0196,29.8696],[-100.0196,29.8648],[-100.0224,29.8611],[-100.0222,29.8541],[-100.024,29.8492],[-100.0309,29.8483],[-100.0342,29.8462],[-100.0348,29.8441],[-100.0343,29.8423],[-100.0335,29.8425],[-100.0314,29.841],[-100.0315,29.837],[-100.0295,29.8354],[-100.0285,29.8355],[-100.0279,29.8328],[-100.0255,29.8291],[-100.0256,29.8271],[-100.0273,29.8244],[-100.0258,29.8226],[-100.024,29.8164],[-100.0223,29.8151],[-100.02,29.8158],[-100.019,29.8153],[-100.0172,29.8124],[-100.0173,29.8074],[-100.0155,29.8014],[-100.0159,29.8002],[-100.0134,29.7959],[-100.0133,29.7943],[-100.0145,29.7932],[-100.0183,29.7917],[-100.021,29.792],[-100.0223,29.7909],[-100.0287,29.7894],[-100.0291,29.7833],[-100.0319,29.7809],[-100.036,29.7794],[-100.0364,29.7771],[-100.0351,29.7735],[-100.0316,29.771],[-100.0294,29.7637],[-100.0295,29.7601],[-100.0283,29.7584],[-100.0257,29.7578],[-100.0241,29.7537],[-100.0254,29.7501],[-100.0219,29.7455],[-100.0236,29.7428],[-100.0279,29.7416],[-100.0295,29.7371],[-100.0282,29.7317],[-100.025,29.7298],[-100.0248,29.7281],[-100.0264,29.727],[-100.0261,29.7234],[-100.0301,29.7211],[-100.0376,29.7212],[-100.0395,29.7187],[-100.0637,29.7111],[-100.0605,29.7096],[-100.0574,29.71],[-100.0553,29.7088],[-100.0521,29.7096],[-100.0463,29.7065],[-100.0476,29.7024],[-100.0459,29.6993],[-100.0458,29.6949],[-100.0447,29.6938],[-100.0408,29.6929],[-100.0382,29.6896],[-100.0305,29.6886],[-100.0307,29.6863],[-100.0281,29.6832],[-100.0252,29.6834],[-100.0251,29.6814],[-100.0222,29.6788],[-100.0174,29.6776],[-100.017,29.6762],[-100.0207,29.6702],[-100.0285,29.6672],[-100.0301,29.6659],[-100.0304,29.664],[-100.0262,29.6571],[-100.0211,29.6526],[-100.0174,29.6462],[-100.0146,29.6439],[-100.0135,29.6409],[-100.0095,29.6386],[-100.0084,29.6371],[-100.0092,29.6352],[-100.0073,29.632],[-100.0101,29.628],[-100.0135,29.6262],[-100.0142,29.6235],[-99.7518,29.6248],[-99.6039,29.6272],[-99.4905,29.6277],[-99.3596,29.6273],[-99.2503,29.6256],[-98.9838,29.6235],[-98.9811,29.6213],[-98.9768,29.6145],[-98.9757,29.6098],[-98.9787,29.5988],[-98.9849,29.5909],[-98.9867,29.5869],[-98.9863,29.5825],[-98.9843,29.581],[-98.9804,29.5797],[-98.9789,29.5776],[-98.98,29.5744],[-98.9858,29.5701],[-98.9859,29.567],[-98.9852,29.5641],[-98.9793,29.5554],[-98.9751,29.5522],[-98.9714,29.5518],[-98.9685,29.5539],[-98.9663,29.5577],[-98.9625,29.5599],[-98.9579,29.5602],[-98.9474,29.558],[-98.9436,29.558],[-98.9394,29.5593],[-98.9337,29.5632],[-98.9299,29.5634],[-98.9272,29.5622],[-98.7788,29.7202],[-98.7749,29.7197],[-98.7702,29.7214],[-98.7679,29.7209],[-98.7667,29.7196],[-98.7626,29.7219],[-98.7598,29.7223],[-98.7589,29.7214],[-98.7571,29.722],[-98.7531,29.7212],[-98.7519,29.7203],[-98.7504,29.721],[-98.7481,29.7206],[-98.7447,29.7184],[-98.7438,29.7164],[-98.7407,29.7171],[-98.7382,29.7166],[-98.7357,29.7186],[-98.7342,29.7214],[-98.7288,29.7225],[-98.7307,29.7258],[-98.7337,29.7279],[-98.7341,29.7295],[-98.7258,29.7277],[-98.723,29.7296],[-98.7172,29.7253],[-98.7144,29.7266],[-98.7104,29.7311],[-98.7078,29.7324],[-98.7053,29.7331],[-98.7,29.7326],[-98.7011,29.7357],[-98.7004,29.7374],[-98.6921,29.7353],[-98.6884,29.7384],[-98.6858,29.7393],[-98.6829,29.7394],[-98.6805,29.738],[-98.6759,29.7374],[-98.6745,29.7388],[-98.6738,29.7421],[-98.6704,29.7434],[-98.6675,29.7432],[-98.6632,29.741],[-98.6603,29.7416],[-98.6601,29.7433],[-98.6637,29.7454],[-98.6631,29.7475],[-98.661,29.7493],[-98.6585,29.7492],[-98.6565,29.7477],[-98.6531,29.7488],[-98.6531,29.7526],[-98.6513,29.754],[-98.6495,29.7532],[-98.648,29.7502],[-98.6455,29.7479],[-98.6462,29.7436],[-98.6435,29.7404],[-98.6364,29.741],[-98.6288,29.7441],[-98.6261,29.7443],[-98.6178,29.7439],[-98.6169,29.7426],[-98.6173,29.7395],[-98.6143,29.7376],[-98.6127,29.7382],[-98.6119,29.7401],[-98.6034,29.7399],[-98.6007,29.7411],[-98.6,29.743],[-98.6017,29.7453],[-98.6047,29.7473],[-98.6034,29.7495],[-98.6011,29.75],[-98.5934,29.7457],[-98.5914,29.7472],[-98.5885,29.7476],[-98.5867,29.7425],[-98.5825,29.7412],[-98.5817,29.7426],[-98.5788,29.7437],[-98.5792,29.7457],[-98.5763,29.7472],[-98.5749,29.7502],[-98.569,29.7482],[-98.5662,29.7525],[-98.5631,29.7523],[-98.5623,29.7514],[-98.5593,29.7515],[-98.5551,29.7553],[-98.5547,29.7591],[-98.5505,29.7607],[-98.5474,29.7592],[-98.5469,29.7572],[-98.5479,29.7545],[-98.5468,29.7533],[-98.5425,29.7518],[-98.5353,29.7531],[-98.534,29.7524],[-98.534,29.7468],[-98.5286,29.7442],[-98.528,29.7416],[-98.5265,29.7404],[-98.5254,29.7408],[-98.5259,29.7437],[-98.5234,29.7452],[-98.5218,29.7452],[-98.5136,29.7428],[-98.504,29.7386],[-98.497,29.7385],[-98.4907,29.7354],[-98.4872,29.736],[-98.4798,29.7351],[-98.4764,29.7335],[-98.469,29.7377],[-98.466,29.7385],[-98.4645,29.7376],[-98.4625,29.7339],[-98.4594,29.7318],[-98.4526,29.7328],[-98.4512,29.7344],[-98.4468,29.736],[-98.4437,29.7346],[-98.4427,29.7323],[-98.4446,29.7261],[-98.4439,29.7197],[-98.4504,29.7064],[-98.4538,29.6825],[-98.4502,29.6685],[-98.4501,29.6575],[-98.4528,29.6549],[-98.4551,29.6575],[-98.4608,29.6518],[-98.4683,29.6561],[-98.4691,29.6548],[-98.4707,29.6567],[-98.4827,29.661],[-98.4848,29.6601],[-98.4921,29.6611],[-98.4946,29.6577],[-98.4926,29.6569],[-98.493,29.656],[-98.496,29.6559],[-98.4948,29.6475],[-98.4929,29.6456],[-98.4969,29.6444],[-98.4979,29.6427],[-98.5004,29.6412],[-98.501,29.6396],[-98.4992,29.6327],[-98.4957,29.6326],[-98.4927,29.6089],[-98.5083,29.6087],[-98.5082,29.601],[-98.5106,29.5968],[-98.5122,29.591],[-98.5155,29.5864],[-98.5158,29.5826],[-98.5143,29.5792],[-98.5169,29.5795],[-98.5192,29.5813],[-98.5221,29.5893],[-98.528,29.5934],[-98.5541,29.5686],[-98.5582,29.5645],[-98.5413,29.5512],[-98.5488,29.5441],[-98.5513,29.5467],[-98.5549,29.5483]]]},"properties":{"STATEFP":"48","CD118FP":"21","GEOID":"4821","GEOIDFQ":"5001800US4821","NAMELSAD":"Congressional District 21","LSAD":"C2","CDSESSN":"118","MTFCC":"G5200","FUNCSTAT":"N","ALAND":16309930932,"AWATER":92213855,"INTPTLAT":"+30.0154814","INTPTLON":"-098.9146568"}}
]}