{"type":"FeatureCollection", "features": [
{"type":"Feature","geometry":{"type":"Polygon","coordinates":[[[-96.0327,29.7279],[-96.0334,29.7196],[-96.0321,29.7173],[-96.026,29.717],[-96.0128,29.7199],[-96.0097,29.7192],[-96.0071,29.7167],[-96.0045,29.7082],[-96.006,29.7039],[-96.0117,29.7026],[-96.0216,29.7056],[-96.0228,29.7045],[-96.0224,29.7021],[-96.0182,29.6989],[-96.0145,29.6936],[-96.0141,29.6887],[-96.0156,29.6814],[-96.0181,29.6792],[-96.0214,29.6789],[-96.024,29.6844],[-96.0272,29.687],[-96.031,29.6884],[-96.0359,29.6884],[-96.0566,29.6824],[-96.0594,29.6797],[-96.0601,29.6763],[-96.0575,29.6727],[-96.054,29.6719],[-96.0503,29.6678],[-96.0461,29.6655],[-96.0438,29.6658],[-96.0362,29.6726],[-96.0309,29.6752],[-96.0275,29.6745],[-96.0237,29.6717],[-96.0208,29.6712],[-96.0168,29.6675],[-96.016,29.6637],[-96.02,29.6592],[-96.0239,29.6583],[-96.0305,29.6604],[-96.0324,29.6597],[-96.0332,29.6582],[-96.0319,29.6556],[-96.0234,29.6488],[-96.0175,29.6455],[-96.0148,29.6417],[-96.0151,29.6393],[-96.0188,29.6374],[-96.0193,29.6363],[-96.0164,29.6271],[-96.0184,29.626],[-96.0189,29.6246],[-96.0227,29.6244],[-96.0242,29.622],[-96.0235,29.6203],[-96.0248,29.6179],[-96.0248,29.6029],[-96.0889,29.6017],[-96.0842,29.601],[-96.0808,29.5994],[-96.0758,29.5967],[-96.0699,29.5919],[-96.0672,29.591],[-96.0656,29.5917],[-96.0621,29.5914],[-96.0595,29.588],[-96.0628,29.5837],[-96.062,29.5778],[-96.0632,29.5761],[-96.06,29.5687],[-96.0541,29.5655],[-96.0474,29.5638],[-96.0445,29.5621],[-96.0449,29.5579],[-96.0418,29.5532],[-96.043,29.5506],[-96.0415,29.5498],[-96.0412,29.5475],[-96.0435,29.5436],[-96.0423,29.5435],[-96.0409,29.5408],[-96.0468,29.5403],[-96.048,29.5383],[-96.0492,29.5391],[-96.0489,29.5407],[-96.0505,29.5408],[-96.0523,29.5381],[-96.0551,29.5399],[-96.0564,29.5394],[-96.0545,29.5352],[-96.0555,29.5336],[-96.0547,29.5283],[-96.0556,29.5258],[-96.0525,29.5255],[-96.0507,29.5236],[-96.0558,29.5183],[-96.0531,29.5162],[-96.0547,29.5155],[-96.0542,29.5122],[-96.0504,29.5115],[-96.0473,29.5097],[-96.0459,29.5102],[-96.04,29.5096],[-96.0363,29.5108],[-96.0301,29.5075],[-96.0288,29.509],[-96.0272,29.5088],[-96.0242,29.5069],[-96.0249,29.5034],[-96.0231,29.5033],[-96.0223,29.5023],[-96.0252,29.4992],[-96.0263,29.495],[-96.0311,29.4956],[-96.0348,29.4925],[-96.0413,29.4926],[-96.0428,29.4915],[-96.0455,29.4926],[-96.0472,29.4913],[-96.0531,29.4943],[-96.0577,29.49],[-96.0596,29.492],[-96.0604,29.4875],[-96.0585,29.4853],[-96.06,29.4837],[-96.0576,29.4816],[-96.0595,29.4798],[-96.0606,29.4769],[-96.0588,29.475],[-96.0599,29.4735],[-96.0571,29.4736],[-96.0562,29.4722],[-96.0537,29.4728],[-96.0519,29.4718],[-96.0499,29.4721],[-96.0485,29.4622],[-96.0434,29.4613],[-96.0438,29.4583],[-96.0429,29.4574],[-96.0395,29.4573],[-96.0392,29.4585],[-96.0382,29.4582],[-96.0375,29.4565],[-96.0389,29.4544],[-96.0382,29.4532],[-96.0338,29.4529],[-96.0329,29.4542],[-96.0295,29.4522],[-96.0297,29.4494],[-96.0366,29.4457],[-96.0354,29.4431],[-96.0339,29.4431],[-96.031,29.4411],[-96.0205,29.4412],[-96.019,29.4401],[-96.0191,29.4374],[-96.0162,29.437],[-96.0159,29.4353],[-96.0153,29.4359],[-96.0127,29.4353],[-96.0089,29.4299],[-96.0069,29.429],[-96.0042,29.4287],[-96.0007,29.4313],[-95.9958,29.4323],[-95.9949,29.4338],[-95.992,29.4339],[-95.9897,29.4293],[-95.9879,29.4278],[-95.9882,29.4259],[-95.9862,29.4232],[-95.9881,29.418],[-95.9856,29.4176],[-95.9855,29.4157],[-95.9838,29.4149],[-95.9821,29.4108],[-95.9786,29.4105],[-95.9736,29.4115],[-95.9724,29.4107],[-95.9707,29.4077],[-95.9726,29.4041],[-95.9697,29.3992],[-95.9695,29.3919],[-95.9679,29.3907],[-95.9671,29.3881],[-95.9682,29.3848],[-95.9675,29.3844],[-95.9685,29.3835],[-95.9641,29.3799],[-95.963,29.381],[-95.9608,29.3804],[-95.9599,29.3816],[-95.9581,29.3812],[-95.9574,29.3794],[-95.9549,29.3796],[-95.9544,29.3771],[-95.9524,29.3772],[-95.9474,29.3728],[-95.9482,29.3714],[-95.945,29.3667],[-95.9441,29.3612],[-95.9426,29.3614],[-95.9416,29.3596],[-95.9402,29.361],[-95.9365,29.3587],[-95.9388,29.3577],[-95.94,29.3517],[-95.9419,29.3525],[-95.9441,29.3515],[-95.9458,29.353],[-95.9468,29.3498],[-95.9491,29.3515],[-95.9501,29.3482],[-95.9526,29.348],[-95.9531,29.344],[-95.9496,29.341],[-95.9495,29.3384],[-95.9507,29.3367],[-95.9498,29.3356],[-95.9447,29.3323],[-95.9402,29.3317],[-95.9327,29.3286],[-95.9228,29.3294],[-95.919,29.3258],[-95.9189,29.3236],[-95.9166,29.3194],[-95.9066,29.3169],[-95.9044,29.3172],[-95.8986,29.3144],[-95.8956,29.3152],[-95.8941,29.3146],[-95.8928,29.3109],[-95.8962,29.3067],[-95.8957,29.3039],[-95.8975,29.2993],[-95.8909,29.2921],[-95.8896,29.2871],[-95.8847,29.2792],[-95.8849,29.2741],[-95.8828,29.2717],[-95.8799,29.2704],[-95.8792,29.2664],[-95.877,29.2657],[-95.8723,29.2667],[-95.8687,29.2693],[-95.8649,29.2672],[-95.8576,29.2681],[-95.8539,29.266],[-95.8507,29.2662],[-95.8495,29.2639],[-95.8422,29.2595],[-95.8419,29.2587],[-95.874,29.2297],[-95.8447,29.2047],[-95.8578,29.1933],[-95.8384,29.1766],[-95.8417,29.1735],[-95.8394,29.1727],[-95.8404,29.171],[-95.8397,29.1684],[-95.8432,29.169],[-95.8452,29.1676],[-95.8469,29.1675],[-95.8467,29.1656],[-95.8489,29.1649],[-95.8477,29.1603],[-95.8502,29.1599],[-95.8505,29.1565],[-95.849,29.1548],[-95.8507,29.1519],[-95.8481,29.1482],[-95.8482,29.1465],[-95.8448,29.1452],[-95.8433,29.1424],[-95.8399,29.1423],[-95.8378,29.1336],[-95.8375,29.1299],[-95.8408,29.124],[-95.8405,29.1215],[-95.8424,29.1167],[-95.8408,29.1147],[-95.8436,29.1128],[-95.8438,29.1104],[-95.8464,29.1074],[-95.8432,29.1066],[-95.8429,29.1026],[-95.8409,29.1008],[-95.8421,29.1001],[-95.8419,29.0991],[-95.839,29.0976],[-95.8385,29.0951],[-95.8365,29.0929],[-95.834,29.0941],[-95.8291,29.0889],[-95.8221,29.0907],[-95.8178,29.0895],[-95.8115,29.0898],[-95.8088,29.0913],[-95.8059,29.0905],[-95.8037,29.088],[-95.8035,29.0845],[-95.8013,29.0822],[-95.8015,29.08],[-95.7971,29.0801],[-95.7952,29.0744],[-95.7934,29.0722],[-95.7809,29.0656],[-95.7737,29.0644],[-95.7708,29.0664],[-95.7691,29.0626],[-95.7651,29.0608],[-95.7654,29.0599],[-95.7677,29.059],[-95.7661,29.0586],[-95.7675,29.0532],[-95.7701,29.0519],[-95.7735,29.0529],[-95.7759,29.0522],[-95.7775,29.0479],[-95.7775,29.0444],[-95.7833,29.0435],[-95.7839,29.0407],[-95.7855,29.0392],[-95.7813,29.0376],[-95.7811,29.0352],[-95.7793,29.0345],[-95.7819,29.0315],[-95.7841,29.0304],[-95.7838,29.0279],[-95.7806,29.028],[-95.7785,29.0265],[-95.778,29.0248],[-95.7789,29.0224],[-95.7811,29.0224],[-95.782,29.0209],[-95.7761,29.0179],[-95.7799,29.0165],[-95.7793,29.0108],[-95.7838,29.0101],[-95.7835,29.0125],[-95.7852,29.0123],[-95.7844,29.0075],[-95.7832,29.0064],[-95.7794,29.0068],[-95.7793,29.0086],[-95.7779,29.0091],[-95.7748,29.0062],[-95.77,29.0058],[-95.7677,29.0038],[-95.7681,29.0029],[-95.7698,29.0029],[-95.7717,29.0053],[-95.7726,29.0052],[-95.7732,29.0031],[-95.7783,28.9971],[-95.7769,28.9947],[-95.7722,28.9944],[-95.7693,28.9915],[-95.7672,28.9916],[-95.7672,28.9887],[-95.7684,28.9879],[-95.7699,28.9887],[-95.7695,28.9861],[-95.7705,28.9849],[-95.7701,28.9831],[-95.7656,28.9797],[-95.7691,28.978],[-95.7705,28.976],[-95.7694,28.9711],[-95.7649,28.9674],[-95.7072,28.9686],[-95.6995,28.9696],[-95.6978,28.9682],[-95.6974,28.9659],[-95.6909,28.965],[-95.6841,28.9605],[-95.6797,28.9657],[-95.6752,28.9643],[-95.6689,28.9562],[-95.6551,28.9515],[-95.6494,28.9425],[-95.6458,28.9389],[-95.6487,28.9347],[-95.6512,28.9282],[-95.6516,28.92],[-95.6468,28.9158],[-95.645,28.9123],[-95.6455,28.9097],[-95.6417,28.9037],[-95.6365,28.9032],[-95.6335,28.8975],[-95.6302,28.8972],[-95.627,28.8947],[-95.6232,28.8937],[-95.6165,28.8851],[-95.6032,28.8783],[-95.6021,28.8761],[-95.5939,28.8716],[-95.5922,28.8698],[-95.5908,28.8698],[-95.587,28.8662],[-95.585,28.8619],[-95.5792,28.8596],[-95.5793,28.8573],[-95.5767,28.855],[-95.5762,28.8524],[-95.5793,28.8406],[-95.5737,28.8328],[-95.5675,28.8297],[-95.5659,28.8306],[-95.5639,28.8295],[-95.5549,28.8304],[-95.5508,28.8287],[-95.5436,28.8326],[-95.5419,28.8323],[-95.5414,28.8304],[-95.5376,28.8329],[-95.5356,28.8323],[-95.5358,28.831],[-95.5305,28.8291],[-95.5219,28.8338],[-95.5041,28.8377],[-95.5041,28.8286],[-95.5063,28.8278],[-95.5073,28.8258],[-95.4957,28.7648],[-95.4201,28.8056],[-95.4017,28.8059],[-95.3942,28.807],[-95.3654,28.8138],[-95.3403,28.8233],[-95.3305,28.8283],[-95.3229,28.8337],[-95.315,28.8429],[-95.3102,28.851],[-95.3081,28.8588],[-95.2908,28.8716],[-95.2528,28.8926],[-95.2272,28.9104],[-95.2064,28.9267],[-95.1808,28.9489],[-95.1395,28.9917],[-95.1258,29.003],[-95.1151,29.0086],[-95.1065,29.0149],[-95.0943,29.0322],[-95.089,29.048],[-95.0873,29.058],[-95.0916,29.0627],[-95.124,29.0803],[-95.1299,29.0856],[-95.0561,29.1993],[-95.1922,29.4044],[-95.1959,29.4095],[-95.2061,29.4138],[-95.2062,29.417],[-95.2083,29.4178],[-95.2083,29.4199],[-95.2147,29.4198],[-95.2168,29.4202],[-95.2168,29.4217],[-95.2207,29.4216],[-95.2206,29.4202],[-95.2274,29.4232],[-95.229,29.4166],[-95.2331,29.4092],[-95.2453,29.4092],[-95.2462,29.4098],[-95.247,29.4091],[-95.2611,29.4088],[-95.2653,29.4068],[-95.2653,29.4108],[-95.2773,29.4105],[-95.2917,29.3958],[-95.2997,29.4017],[-95.3171,29.3934],[-95.3151,29.3905],[-95.3342,29.3814],[-95.3348,29.3755],[-95.3328,29.3744],[-95.3319,29.3749],[-95.332,29.3729],[-95.3295,29.3734],[-95.3287,29.3719],[-95.3275,29.3736],[-95.3262,29.3719],[-95.3243,29.3727],[-95.3233,29.371],[-95.3624,29.3526],[-95.4227,29.3518],[-95.4222,29.3483],[-95.4199,29.3457],[-95.4189,29.3413],[-95.5836,29.3382],[-95.58,29.3396],[-95.5788,29.3421],[-95.5826,29.3486],[-95.5821,29.3515],[-95.5756,29.3531],[-95.5741,29.3547],[-95.574,29.3564],[-95.5805,29.3609],[-95.5808,29.3621],[-95.5779,29.3651],[-95.5759,29.3718],[-95.5757,29.3759],[-95.5723,29.3838],[-95.5656,29.3908],[-95.5589,29.3905],[-95.5476,29.3952],[-95.5473,29.3971],[-95.5499,29.4026],[-95.5461,29.4062],[-95.546,29.4086],[-95.5519,29.4196],[-95.556,29.4228],[-95.5564,29.4246],[-95.5519,29.4286],[-95.5499,29.4365],[-95.5506,29.4398],[-95.5489,29.4426],[-95.545,29.4442],[-95.543,29.444],[-95.5416,29.4427],[-95.5411,29.4397],[-95.5388,29.4385],[-95.5347,29.4406],[-95.533,29.4578],[-95.5367,29.4631],[-95.5406,29.4644],[-95.5438,29.4669],[-95.5479,29.479],[-95.547,29.4815],[-95.5442,29.4842],[-95.5449,29.4889],[-95.5518,29.4901],[-95.5558,29.4931],[-95.5562,29.498],[-95.553,29.5008],[-95.5535,29.5033],[-95.5592,29.5044],[-95.5645,29.5072],[-95.5714,29.5083],[-95.5746,29.514],[-95.5769,29.5138],[-95.578,29.5127],[-95.5792,29.5067],[-95.5805,29.5049],[-95.5837,29.5031],[-95.587,29.5028],[-95.5885,29.5039],[-95.5886,29.5053],[-95.5834,29.5094],[-95.5828,29.5121],[-95.5855,29.5134],[-95.5919,29.5122],[-95.5945,29.5144],[-95.5942,29.517],[-95.5918,29.5193],[-95.5867,29.5184],[-95.5843,29.5191],[-95.5819,29.5265],[-95.5831,29.53],[-95.5871,29.531],[-95.5892,29.5296],[-95.5918,29.5244],[-95.5943,29.5237],[-95.596,29.5248],[-95.5978,29.5285],[-95.5815,29.5345],[-95.5823,29.5391],[-95.5816,29.5403],[-95.5842,29.5436],[-95.5829,29.5449],[-95.5831,29.5524],[-95.5885,29.5517],[-95.5891,29.5642],[-95.5892,29.5671],[-95.5851,29.5657],[-95.5811,29.5688],[-95.5819,29.5753],[-95.5847,29.5772],[-95.5828,29.5806],[-95.5806,29.5855],[-95.5819,29.5908],[-95.5827,29.6239],[-95.5865,29.6236],[-95.5866,29.6219],[-95.5887,29.6239],[-95.5903,29.6242],[-95.5904,29.6303],[-95.5896,29.6316],[-95.5916,29.6331],[-95.5978,29.633],[-95.5978,29.6468],[-95.584,29.6473],[-95.582,29.6459],[-95.5821,29.6478],[-95.5766,29.6444],[-95.5717,29.6489],[-95.5827,29.654],[-95.5971,29.6606],[-95.623,29.6622],[-95.6233,29.672],[-95.6398,29.6713],[-95.6392,29.6445],[-95.6516,29.6444],[-95.6515,29.6332],[-95.6493,29.6138],[-95.6479,29.6121],[-95.6398,29.6069],[-95.6404,29.5783],[-95.6387,29.573],[-95.6377,29.5501],[-95.6442,29.5517],[-95.6437,29.5578],[-95.6455,29.5606],[-95.6556,29.5638],[-95.6647,29.5645],[-95.6683,29.5683],[-95.6741,29.565],[-95.6904,29.5616],[-95.7027,29.5376],[-95.7366,29.5421],[-95.7439,29.5441],[-95.7472,29.5466],[-95.7314,29.5531],[-95.7174,29.556],[-95.7239,29.5587],[-95.7204,29.5655],[-95.7202,29.568],[-95.7192,29.5682],[-95.7176,29.5716],[-95.7132,29.5714],[-95.7084,29.5739],[-95.7103,29.5786],[-95.7158,29.5812],[-95.7157,29.5839],[-95.7136,29.5874],[-95.7153,29.5892],[-95.7155,29.5984],[-95.7136,29.5986],[-95.7142,29.6263],[-95.7045,29.6262],[-95.6838,29.6165],[-95.6836,29.6191],[-95.6793,29.6195],[-95.678,29.6178],[-95.6784,29.6152],[-95.677,29.6147],[-95.6758,29.6155],[-95.6742,29.6198],[-95.6744,29.6335],[-95.6829,29.6333],[-95.6826,29.6363],[-95.6802,29.6407],[-95.6827,29.6417],[-95.6818,29.6458],[-95.6945,29.6457],[-95.6947,29.6373],[-95.6961,29.6391],[-95.7001,29.6395],[-95.7046,29.6376],[-95.7091,29.6493],[-95.7013,29.652],[-95.7012,29.6547],[-95.7001,29.6558],[-95.7025,29.6574],[-95.7079,29.6585],[-95.7079,29.661],[-95.7149,29.6609],[-95.715,29.6651],[-95.7444,29.6646],[-95.7535,29.6731],[-95.7659,29.6816],[-95.7685,29.6899],[-95.7746,29.6971],[-95.7755,29.7006],[-95.691,29.7074],[-95.6871,29.7101],[-95.6883,29.7109],[-95.6576,29.73],[-95.6477,29.7446],[-95.6464,29.7488],[-95.6469,29.7804],[-95.6495,29.7821],[-95.6603,29.7822],[-95.6603,29.7845],[-95.7189,29.7849],[-95.719,29.8009],[-95.7203,29.8046],[-95.7107,29.8054],[-95.7058,29.8022],[-95.704,29.802],[-95.7038,29.8151],[-95.7347,29.8154],[-95.7376,29.8174],[-95.7394,29.8174],[-95.7397,29.8318],[-95.7525,29.8318],[-95.7536,29.8337],[-95.7549,29.8329],[-95.7561,29.8339],[-95.7601,29.8341],[-95.7592,29.8362],[-95.76,29.8374],[-95.7589,29.8389],[-95.7629,29.8413],[-95.7627,29.8432],[-95.7637,29.8429],[-95.7687,29.8461],[-95.7569,29.8463],[-95.7571,29.8608],[-95.7737,29.8606],[-95.7738,29.8752],[-95.8569,29.8746],[-95.8262,29.7883],[-95.9509,29.7408],[-95.9713,29.7405],[-95.9709,29.7286],[-96.0327,29.7279]]]},"properties":{"GEOID":"4822","BASENAME":"22","NAME":"Congressional District 22","CD120":"22"}},
{"type":"Feature","geometry":{"type":"Polygon","coordinates":[[[-106.4439,32.0012],[-106.4092,32.001],[-106.4079,31.9434],[-106.4248,31.9432],[-106.4247,31.9399],[-106.4222,31.9407],[-106.4222,31.9423],[-106.4205,31.9422],[-106.4204,31.9401],[-106.4241,31.9391],[-106.424,31.9384],[-106.42,31.9388],[-106.4187,31.9372],[-106.4248,31.9364],[-106.4236,31.9307],[-106.4114,31.937],[-106.3994,31.9464],[-106.3949,31.9334],[-106.3908,31.9334],[-106.3916,31.9284],[-106.4076,31.9284],[-106.4075,31.9231],[-106.4021,31.923],[-106.405,31.9148],[-106.4073,31.9143],[-106.407,31.902],[-106.3894,31.9284],[-106.3739,31.9284],[-106.3706,31.9272],[-106.3886,31.8989],[-106.3646,31.8989],[-106.3571,31.8953],[-106.3208,31.8355],[-106.2729,31.8197],[-106.2732,31.8324],[-106.2657,31.8324],[-106.2656,31.8338],[-106.2046,31.8339],[-106.2051,31.8149],[-106.2001,31.8156],[-106.2,31.8145],[-106.1991,31.7261],[-106.2161,31.7261],[-106.2159,31.7065],[-106.2122,31.7012],[-106.2119,31.699],[-106.2178,31.699],[-106.2177,31.6974],[-106.2156,31.6973],[-106.2205,31.6973],[-106.2205,31.6958],[-106.2175,31.6958],[-106.2174,31.6943],[-106.2156,31.6943],[-106.2153,31.6685],[-106.1982,31.6685],[-106.1981,31.6093],[-106.196,31.6093],[-106.1952,31.608],[-106.1807,31.6081],[-106.1807,31.6055],[-106.1821,31.6053],[-106.1821,31.6063],[-106.1865,31.6057],[-106.1865,31.6044],[-106.1988,31.5977],[-106.2024,31.5943],[-106.207,31.5988],[-106.2025,31.5993],[-106.2038,31.6013],[-106.1991,31.604],[-106.204,31.6107],[-106.2128,31.6057],[-106.2152,31.6091],[-106.2149,31.6141],[-106.2175,31.6123],[-106.2181,31.6132],[-106.226,31.6105],[-106.2247,31.606],[-106.2255,31.6025],[-106.2236,31.6001],[-106.228,31.6],[-106.2283,31.602],[-106.2314,31.6049],[-106.2369,31.6021],[-106.2381,31.6034],[-106.2421,31.6015],[-106.2428,31.6026],[-106.2442,31.6026],[-106.2432,31.601],[-106.2442,31.6005],[-106.2536,31.6115],[-106.2618,31.6094],[-106.2622,31.6087],[-106.2674,31.608],[-106.2672,31.6068],[-106.2684,31.6065],[-106.2688,31.6077],[-106.2968,31.6007],[-106.2888,31.5872],[-106.2806,31.5619],[-106.2541,31.5477],[-106.2462,31.5411],[-106.2372,31.5137],[-106.2252,31.5015],[-106.2194,31.481],[-106.2066,31.4663],[-106.1996,31.4623],[-106.1789,31.457],[-106.1751,31.4553],[-106.1692,31.4509],[-106.1574,31.4377],[-106.1325,31.425],[-106.1284,31.4241],[-106.1125,31.4239],[-106.1078,31.4224],[-106.0847,31.4012],[-106.0806,31.3987],[-106.0052,31.3926],[-105.9869,31.3796],[-105.9705,31.3662],[-105.9539,31.3649],[-105.9456,31.3525],[-105.9479,31.3398],[-105.9381,31.3182],[-105.9314,31.3128],[-105.922,31.312],[-105.9131,31.313],[-105.9074,31.3123],[-105.9067,31.31],[-105.9033,31.3068],[-105.8965,31.2928],[-105.8939,31.2906],[-105.8906,31.2901],[-105.8761,31.2917],[-105.8694,31.289],[-105.8585,31.2761],[-105.8538,31.2724],[-105.8506,31.2653],[-105.8366,31.2481],[-105.8184,31.2304],[-105.7944,31.2024],[-105.7831,31.198],[-105.7795,31.1908],[-105.7798,31.1822],[-105.7755,31.1753],[-105.773,31.1668],[-105.7694,31.1649],[-105.7631,31.1642],[-105.7457,31.1654],[-105.7423,31.1648],[-105.7194,31.149],[-105.7169,31.1413],[-105.7106,31.137],[-105.6487,31.1159],[-105.6465,31.1131],[-105.6418,31.0983],[-105.64,31.0976],[-105.6271,31.0984],[-105.6044,31.0837],[-105.5985,31.0746],[-105.5957,31.0649],[-105.588,31.0602],[-105.5851,31.0573],[-105.5795,31.0358],[-105.5812,31.0267],[-105.5775,31.0197],[-105.5715,31.0189],[-105.5692,31.0161],[-105.5687,31.0144],[-105.5701,31.0081],[-105.5659,31.0027],[-105.5635,30.9973],[-105.5579,30.9904],[-105.5556,30.9886],[-105.5433,30.9847],[-105.5377,30.9858],[-105.5326,30.9847],[-105.5272,30.9782],[-105.5219,30.9765],[-105.5203,30.9729],[-105.5169,30.9694],[-105.5158,30.9649],[-105.514,30.9663],[-105.508,30.9663],[-105.502,30.9678],[-105.4939,30.9563],[-105.4941,30.9553],[-105.4949,30.9563],[-105.4969,30.9553],[-105.4965,30.9542],[-105.4988,30.9503],[-105.4962,30.9492],[-105.4938,30.9494],[-105.4881,30.9437],[-105.4889,30.9425],[-105.4914,30.9438],[-105.4917,30.9424],[-105.4891,30.9409],[-105.4874,30.9412],[-105.4865,30.9427],[-105.4842,30.9411],[-105.4819,30.9409],[-105.4781,30.9382],[-105.476,30.9339],[-105.4709,30.9338],[-105.4708,30.9312],[-105.4675,30.9296],[-105.4668,30.9242],[-105.4649,30.9258],[-105.4627,30.925],[-105.4516,30.9248],[-105.4515,30.9209],[-105.4544,30.9193],[-105.4532,30.9161],[-105.4514,30.9157],[-105.4475,30.9193],[-105.4464,30.9193],[-105.4444,30.9174],[-105.4456,30.9161],[-105.4448,30.9133],[-105.4414,30.9086],[-105.4346,30.9077],[-105.4326,30.9061],[-105.43,30.9056],[-105.4257,30.9004],[-105.4247,30.901],[-105.4137,30.8995],[-105.4122,30.8939],[-105.4105,30.892],[-105.4121,30.8906],[-105.4122,30.8886],[-105.4081,30.8893],[-105.4038,30.8921],[-105.4003,30.8895],[-105.3991,30.8843],[-105.4043,30.8796],[-105.3997,30.8767],[-105.3936,30.8764],[-105.3913,30.8738],[-105.395,30.8712],[-105.3936,30.867],[-105.396,30.8642],[-105.3944,30.8631],[-105.3949,30.8598],[-105.3993,30.8577],[-105.4016,30.8547],[-105.3998,30.8521],[-105.3946,30.849],[-105.394,30.8509],[-105.392,30.8506],[-105.391,30.8523],[-105.3892,30.8523],[-105.3873,30.8537],[-105.3847,30.8505],[-105.3833,30.8521],[-105.3799,30.8506],[-105.3771,30.8513],[-105.3776,30.8488],[-105.375,30.85],[-105.3744,30.8486],[-105.3702,30.8475],[-105.3675,30.8477],[-105.3616,30.8505],[-105.3598,30.8461],[-105.3532,30.842],[-105.3544,30.8378],[-105.3519,30.8356],[-105.3475,30.8382],[-105.3473,30.8396],[-105.3458,30.8406],[-105.3392,30.8404],[-105.3371,30.8334],[-105.334,30.8337],[-105.328,30.8313],[-105.3278,30.8302],[-105.3302,30.8262],[-105.3295,30.825],[-105.3271,30.8247],[-105.3246,30.8283],[-105.3209,30.8273],[-105.3198,30.829],[-105.3186,30.8283],[-105.318,30.8271],[-105.3188,30.8233],[-105.3161,30.8186],[-105.3176,30.8171],[-105.3193,30.8122],[-105.3167,30.8108],[-105.3118,30.8135],[-105.3095,30.817],[-105.3094,30.8156],[-105.3078,30.8147],[-105.3089,30.8111],[-105.3061,30.8098],[-105.3066,30.8112],[-105.3048,30.8116],[-105.3005,30.8192],[-105.301,30.8225],[-105.3001,30.8248],[-105.2948,30.8263],[-105.2918,30.8262],[-105.2893,30.8238],[-105.2895,30.8216],[-105.288,30.8179],[-105.2853,30.8187],[-105.2825,30.8183],[-105.2794,30.8157],[-105.2792,30.8129],[-105.2773,30.8113],[-105.2758,30.807],[-105.2717,30.8094],[-105.2668,30.8085],[-105.2641,30.8003],[-105.2572,30.7944],[-105.2527,30.7959],[-105.2499,30.7992],[-105.2462,30.8005],[-105.2442,30.7998],[-105.2428,30.8016],[-105.2391,30.8024],[-105.2382,30.8037],[-105.2345,30.8026],[-105.23,30.8038],[-105.2284,30.8029],[-105.229,30.8002],[-105.2274,30.7992],[-105.2233,30.8009],[-105.2183,30.8058],[-105.215,30.8059],[-105.2133,30.8008],[-105.2096,30.7976],[-105.213,30.7932],[-105.2176,30.7932],[-105.22,30.7889],[-105.2197,30.7863],[-105.2166,30.7846],[-105.2167,30.7834],[-105.2149,30.7837],[-105.2117,30.7818],[-105.2091,30.7827],[-105.207,30.7843],[-105.2065,30.7863],[-105.2037,30.7879],[-105.1998,30.7877],[-105.1952,30.7923],[-105.1926,30.79],[-105.1907,30.7857],[-105.186,30.7845],[-105.1844,30.7816],[-105.1852,30.7806],[-105.1849,30.777],[-105.1821,30.7763],[-105.1766,30.768],[-105.174,30.7675],[-105.1689,30.7758],[-105.1671,30.7766],[-105.1652,30.7729],[-105.1628,30.7707],[-105.1589,30.771],[-105.1562,30.7698],[-105.1576,30.7668],[-105.1578,30.7613],[-105.1613,30.7563],[-105.1614,30.7521],[-105.1568,30.754],[-105.152,30.7515],[-105.1487,30.7523],[-105.1438,30.7552],[-105.1422,30.7547],[-105.1407,30.7522],[-105.1396,30.753],[-105.1372,30.7517],[-105.1296,30.7504],[-105.1277,30.7478],[-105.1229,30.7495],[-105.1183,30.7497],[-105.1209,30.7459],[-105.1204,30.7439],[-105.1169,30.743],[-105.1139,30.746],[-105.1109,30.7436],[-105.1122,30.7405],[-105.1098,30.7396],[-105.111,30.7386],[-105.1118,30.7333],[-105.1088,30.7301],[-105.1071,30.7302],[-105.1074,30.7316],[-105.1066,30.7322],[-105.1059,30.7305],[-105.1034,30.7291],[-105.1033,30.7263],[-105.1055,30.7238],[-105.0996,30.722],[-105.0984,30.72],[-105.0982,30.7165],[-105.0958,30.7159],[-105.0949,30.7172],[-105.0911,30.7172],[-105.0876,30.7155],[-105.0875,30.7099],[-105.0833,30.71],[-105.0802,30.7077],[-105.0794,30.7043],[-105.0826,30.7021],[-105.0808,30.7014],[-105.0809,30.6998],[-105.0774,30.7],[-105.0753,30.7019],[-105.0701,30.7019],[-105.0682,30.7037],[-105.0669,30.6993],[-105.0626,30.6985],[-105.0617,30.6947],[-105.0634,30.6889],[-105.0618,30.6858],[-105.0593,30.6865],[-105.06,30.6873],[-105.059,30.688],[-105.0567,30.6879],[-105.0556,30.6855],[-105.0543,30.6851],[-105.0553,30.6822],[-105.052,30.6816],[-105.0484,30.6825],[-105.0475,30.6817],[-105.0483,30.6803],[-105.0458,30.6799],[-105.0444,30.6842],[-105.0472,30.6881],[-105.0454,30.689],[-105.0427,30.6874],[-105.0408,30.6889],[-105.0361,30.6867],[-105.032,30.681],[-105.0281,30.68],[-105.0273,30.6789],[-105.0252,30.6813],[-105.0213,30.6815],[-105.0179,30.6851],[-105.0168,30.6849],[-105.016,30.6829],[-105.0132,30.6826],[-105.0078,30.6862],[-105.0066,30.6861],[-105.0056,30.6831],[-105.0045,30.6831],[-105.002,30.6809],[-105.0015,30.6727],[-104.9978,30.669],[-104.9938,30.6685],[-104.9931,30.6649],[-104.9914,30.6651],[-104.9903,30.6633],[-104.9861,30.6628],[-104.9866,30.6595],[-104.9855,30.6592],[-104.9862,30.6581],[-104.9847,30.6556],[-104.9859,30.6546],[-104.9839,30.6428],[-104.9839,30.635],[-104.9827,30.6339],[-104.9821,30.6303],[-104.9795,30.6286],[-104.9795,30.6267],[-104.9808,30.6255],[-104.9796,30.6246],[-104.9802,30.622],[-104.9788,30.6211],[-104.9777,30.6181],[-104.9744,30.6168],[-104.9755,30.6142],[-104.9717,30.61],[-104.9669,30.6079],[-104.9598,30.6106],[-104.955,30.6094],[-104.9538,30.6064],[-104.9508,30.6041],[-104.9467,30.6047],[-104.9441,30.6029],[-104.9418,30.6041],[-104.9403,30.6028],[-104.9384,30.6036],[-104.9346,30.6],[-104.931,30.5991],[-104.9293,30.5996],[-104.9265,30.6052],[-104.9227,30.6037],[-104.9218,30.5985],[-104.92,30.5974],[-104.9188,30.5978],[-104.9186,30.597],[-104.9202,30.5905],[-104.9214,30.59],[-104.9199,30.5873],[-104.9176,30.5851],[-104.9127,30.5861],[-104.9096,30.5851],[-104.9078,30.5823],[-104.9069,30.5772],[-104.8988,30.5705],[-104.8989,30.5684],[-104.8958,30.5623],[-104.8979,30.5545],[-104.8962,30.553],[-104.8929,30.5529],[-104.8924,30.5513],[-104.8938,30.5519],[-104.8941,30.5509],[-104.8898,30.5492],[-104.8903,30.546],[-104.8877,30.5467],[-104.8877,30.5441],[-104.8908,30.541],[-104.8893,30.5354],[-104.8824,30.5323],[-104.8806,30.5289],[-104.8814,30.524],[-104.8832,30.5246],[-104.8837,30.5261],[-104.8859,30.5245],[-104.8839,30.5238],[-104.8842,30.5228],[-104.8821,30.5224],[-104.881,30.521],[-104.8846,30.5203],[-104.8857,30.5183],[-104.8829,30.5168],[-104.8793,30.5178],[-104.8791,30.5154],[-104.877,30.5112],[-104.8737,30.5137],[-104.872,30.5111],[-104.8735,30.5045],[-104.8722,30.5015],[-104.8739,30.4953],[-104.8703,30.4941],[-104.8666,30.4945],[-104.8672,30.4851],[-104.8695,30.4846],[-104.8717,30.4803],[-104.8692,30.4787],[-104.8694,30.4741],[-104.8659,30.4669],[-104.8661,30.4644],[-104.8685,30.4635],[-104.8683,30.4605],[-104.8696,30.4592],[-104.8684,30.4542],[-104.8654,30.4526],[-104.8644,30.4505],[-104.8658,30.4465],[-104.8655,30.4449],[-104.8671,30.444],[-104.868,30.4414],[-104.8602,30.4399],[-104.8583,30.4376],[-104.859,30.4349],[-104.8581,30.4322],[-104.8605,30.4293],[-104.8613,30.4261],[-104.8594,30.426],[-104.8569,30.4245],[-104.8566,30.4215],[-104.8531,30.4205],[-104.8522,30.4187],[-104.8501,30.4193],[-104.8494,30.4215],[-104.8478,30.4198],[-104.849,30.418],[-104.8477,30.4138],[-104.8513,30.4138],[-104.8523,30.412],[-104.8551,30.4112],[-104.8572,30.4089],[-104.856,30.4033],[-104.8543,30.4004],[-104.8593,30.3903],[-104.8538,30.3853],[-104.8485,30.3836],[-104.8456,30.3792],[-104.8394,30.3764],[-104.8374,30.3738],[-104.8306,30.3729],[-104.8176,30.3757],[-104.8164,30.3752],[-104.8162,30.3738],[-104.8192,30.3707],[-104.8197,30.3687],[-104.8162,30.3659],[-104.8114,30.3667],[-104.811,30.3625],[-104.8139,30.3599],[-104.8141,30.3537],[-104.8184,30.3519],[-104.8218,30.3519],[-104.8226,30.3506],[-104.8199,30.3469],[-104.8188,30.3475],[-104.8157,30.344],[-104.81,30.3415],[-104.8116,30.3328],[-104.8079,30.3333],[-104.803,30.3311],[-104.7974,30.3304],[-104.7948,30.327],[-104.7914,30.3255],[-104.7915,30.3223],[-104.7888,30.3218],[-104.7893,30.319],[-104.7885,30.3179],[-104.7862,30.3163],[-104.7828,30.3161],[-104.7768,30.3103],[-104.7768,30.3074],[-104.7796,30.3057],[-104.7793,30.3033],[-104.7759,30.3045],[-104.7726,30.3027],[-104.7667,30.306],[-104.7671,30.3037],[-104.7641,30.3031],[-104.7613,30.3006],[-104.7581,30.2864],[-104.7583,30.2812],[-104.7604,30.2773],[-104.7632,30.2748],[-104.7601,30.2744],[-104.7605,30.272],[-104.7585,30.2714],[-104.7572,30.2719],[-104.758,30.2739],[-104.7572,30.2743],[-104.7547,30.2717],[-104.7532,30.2736],[-104.7511,30.2739],[-104.7508,30.2715],[-104.7488,30.273],[-104.7486,30.2744],[-104.7479,30.2732],[-104.7496,30.267],[-104.7516,30.2644],[-104.7507,30.2622],[-104.749,30.2611],[-104.7404,30.2596],[-104.7366,30.2559],[-104.736,30.2572],[-104.7375,30.2584],[-104.7368,30.2596],[-104.7375,30.2613],[-104.7337,30.2614],[-104.7297,30.2585],[-104.7275,30.2544],[-104.7241,30.253],[-104.724,30.2496],[-104.7189,30.2471],[-104.7186,30.245],[-104.7142,30.2404],[-104.7132,30.2376],[-104.7063,30.2348],[-104.7079,30.2262],[-104.7111,30.2243],[-104.7113,30.2231],[-104.7025,30.2128],[-104.7051,30.2084],[-104.7041,30.2068],[-104.7003,30.2053],[-104.6998,30.1988],[-104.697,30.1978],[-104.6961,30.1956],[-104.6971,30.1916],[-104.6959,30.1902],[-104.6931,30.1893],[-104.6915,30.1846],[-104.6871,30.1793],[-104.688,30.1764],[-104.6863,30.1733],[-104.6885,30.1657],[-104.6875,30.1596],[-104.6896,30.1543],[-104.6869,30.1521],[-104.6901,30.1492],[-104.6882,30.1474],[-104.6896,30.1466],[-104.6893,30.1456],[-104.6859,30.1457],[-104.6853,30.1447],[-104.6865,30.1433],[-104.6863,30.1415],[-104.6883,30.1418],[-104.6896,30.1409],[-104.6891,30.1377],[-104.6919,30.1389],[-104.693,30.1355],[-104.6943,30.1358],[-104.6946,30.1342],[-104.6961,30.1351],[-104.6967,30.1345],[-104.6953,30.1323],[-104.6957,30.1256],[-104.6939,30.1216],[-104.6951,30.1178],[-104.6938,30.1169],[-104.693,30.1184],[-104.6899,30.117],[-104.6899,30.116],[-104.6913,30.1165],[-104.6921,30.115],[-104.6916,30.1112],[-104.6869,30.111],[-104.6855,30.11],[-104.6856,30.1079],[-104.6871,30.1059],[-104.6903,30.1063],[-104.69,30.1078],[-104.6917,30.1087],[-104.6929,30.104],[-104.6944,30.102],[-104.6924,30.0994],[-104.6922,30.0961],[-104.6905,30.0963],[-104.689,30.0953],[-104.6866,30.0979],[-104.6865,30.0995],[-104.6851,30.0998],[-104.6855,30.0932],[-104.6871,30.0908],[-104.6895,30.0902],[-104.6899,30.0893],[-104.6892,30.0854],[-104.6871,30.086],[-104.6879,30.0868],[-104.6873,30.0875],[-104.685,30.0853],[-104.6867,30.0839],[-104.6858,30.0821],[-104.6908,30.078],[-104.6895,30.0756],[-104.6866,30.0766],[-104.688,30.0738],[-104.6932,30.074],[-104.6932,30.0717],[-104.691,30.0705],[-104.6938,30.0695],[-104.6975,30.0652],[-104.7037,30.0642],[-104.7022,30.0602],[-104.7048,30.0583],[-104.7036,30.0551],[-104.7073,30.0499],[-104.6977,30.0412],[-104.6957,30.0377],[-104.7009,30.0356],[-104.7003,30.034],[-104.7021,30.031],[-104.7022,30.0277],[-104.7039,30.0258],[-104.7038,30.0234],[-104.7021,30.0212],[-104.6976,30.0194],[-104.6933,30.0191],[-104.6895,30.0151],[-104.6905,30.0135],[-104.6896,30.0105],[-104.6907,30.0096],[-104.6905,30.0082],[-104.6919,30.0088],[-104.6937,30.0077],[-104.6941,30.0025],[-104.6919,30.0008],[-104.6912,30.0011],[-104.6921,30.0022],[-104.6906,30.0034],[-104.6888,30.0022],[-104.6898,30.0009],[-104.6875,29.9957],[-104.6891,29.9939],[-104.6932,29.9935],[-104.6916,29.9913],[-104.6857,29.9905],[-104.6857,29.9871],[-104.6864,29.9852],[-104.6883,29.9847],[-104.6884,29.9801],[-104.6904,29.9792],[-104.6931,29.9755],[-104.6917,29.974],[-104.6876,29.9739],[-104.6827,29.977],[-104.6802,29.977],[-104.6801,29.9742],[-104.682,29.9733],[-104.6824,29.9718],[-104.6855,29.9708],[-104.6819,29.9691],[-104.6832,29.9666],[-104.6836,29.9607],[-104.6853,29.9567],[-104.6837,29.9561],[-104.6807,29.9571],[-104.6809,29.9557],[-104.6801,29.9554],[-104.6742,29.9567],[-104.6732,29.955],[-104.6747,29.9527],[-104.6743,29.9508],[-104.6764,29.952],[-104.6782,29.9517],[-104.6771,29.9503],[-104.6787,29.9497],[-104.6794,29.9476],[-104.6807,29.9473],[-104.6808,29.9457],[-104.678,29.9436],[-104.6786,29.9418],[-104.6778,29.9404],[-104.6789,29.9381],[-104.6812,29.9402],[-104.6823,29.9397],[-104.6813,29.938],[-104.6826,29.9354],[-104.6793,29.9329],[-104.6805,29.9304],[-104.6833,29.9316],[-104.6833,29.9291],[-104.6785,29.9266],[-104.6797,29.9247],[-104.6799,29.9212],[-104.6759,29.9155],[-104.677,29.9148],[-104.6772,29.913],[-104.6745,29.9108],[-104.6708,29.9119],[-104.6686,29.9112],[-104.6656,29.9089],[-104.6656,29.9017],[-104.664,29.9011],[-104.6618,29.9022],[-104.6623,29.9054],[-104.6592,29.905],[-104.6565,29.9061],[-104.6551,29.9054],[-104.6552,29.9028],[-104.659,29.9012],[-104.6578,29.8953],[-104.6583,29.8908],[-104.6559,29.8892],[-104.6533,29.8908],[-104.6533,29.8923],[-104.6517,29.8924],[-104.6506,29.8911],[-104.6526,29.8889],[-104.6507,29.8864],[-104.6465,29.8835],[-104.6461,29.8785],[-104.6425,29.8764],[-104.6411,29.8738],[-104.6372,29.874],[-104.637,29.8725],[-104.6334,29.8708],[-104.6301,29.8645],[-104.6305,29.8564],[-104.6293,29.8522],[-104.6268,29.851],[-104.6231,29.8508],[-104.6216,29.8496],[-104.6213,29.8475],[-104.6243,29.845],[-104.6248,29.8428],[-104.6219,29.8418],[-104.6205,29.8432],[-104.6195,29.8417],[-104.6191,29.8445],[-104.6154,29.8466],[-104.6139,29.8461],[-104.6136,29.8442],[-104.6123,29.8425],[-104.6107,29.8424],[-104.611,29.8412],[-104.6094,29.8398],[-104.6105,29.8387],[-104.6105,29.8363],[-104.6139,29.8339],[-104.6203,29.8331],[-104.6196,29.8302],[-104.6176,29.8294],[-104.6148,29.8298],[-104.6128,29.8273],[-104.61,29.8271],[-104.6097,29.8284],[-104.6085,29.8279],[-104.6101,29.8194],[-104.6088,29.8186],[-104.6072,29.8194],[-104.6069,29.8171],[-104.6051,29.816],[-104.604,29.8161],[-104.6033,29.8173],[-104.6012,29.8162],[-104.5992,29.8114],[-104.5949,29.8053],[-104.5919,29.8069],[-104.5916,29.8085],[-104.594,29.8082],[-104.594,29.8094],[-104.5926,29.8105],[-104.5913,29.8098],[-104.586,29.802],[-104.5875,29.8002],[-104.5905,29.7997],[-104.5909,29.7981],[-104.589,29.7957],[-104.5852,29.7962],[-104.5815,29.7951],[-104.5825,29.7925],[-104.5799,29.7908],[-104.5799,29.7889],[-104.5782,29.7878],[-104.5789,29.7828],[-104.5747,29.7818],[-104.5744,29.7796],[-104.5732,29.7802],[-104.5705,29.7783],[-104.5685,29.7738],[-104.5659,29.7715],[-104.5656,29.7694],[-104.5685,29.7662],[-104.5662,29.7651],[-104.5658,29.7619],[-104.5639,29.7613],[-104.5669,29.7601],[-104.5657,29.7592],[-104.5671,29.7571],[-104.5696,29.7571],[-104.5699,29.7526],[-104.562,29.7475],[-104.56,29.7472],[-104.5593,29.7457],[-104.5571,29.7455],[-104.5554,29.7419],[-104.5539,29.7431],[-104.5519,29.7421],[-104.5516,29.7407],[-104.5498,29.7409],[-104.5503,29.738],[-104.5512,29.7388],[-104.5554,29.7378],[-104.5589,29.7381],[-104.5604,29.7352],[-104.5564,29.7355],[-104.5557,29.7346],[-104.5562,29.7318],[-104.5541,29.7311],[-104.5527,29.7319],[-104.5493,29.7306],[-104.5489,29.7275],[-104.552,29.7251],[-104.5524,29.7237],[-104.5492,29.7202],[-104.5513,29.7192],[-104.5523,29.7173],[-104.55,29.7162],[-104.5471,29.7177],[-104.5449,29.7161],[-104.545,29.7152],[-104.5475,29.7143],[-104.5455,29.7138],[-104.5439,29.7112],[-104.5462,29.709],[-104.5434,29.704],[-104.5459,29.6999],[-104.5451,29.6983],[-104.5436,29.6978],[-104.5438,29.6963],[-104.5302,29.6905],[-104.5308,29.6884],[-104.5337,29.6862],[-104.5377,29.6845],[-104.5417,29.6844],[-104.5441,29.6815],[-104.5439,29.6804],[-104.5426,29.6804],[-104.5382,29.6772],[-104.5357,29.674],[-104.5363,29.6673],[-104.5334,29.6665],[-104.5325,29.6674],[-104.5329,29.6697],[-104.5309,29.6708],[-104.5285,29.6696],[-104.5282,29.6674],[-104.5254,29.6678],[-104.5247,29.6592],[-104.5223,29.6581],[-104.5194,29.6541],[-104.5166,29.6524],[-104.5171,29.6502],[-104.5185,29.6492],[-104.5176,29.6474],[-104.5124,29.6467],[-104.5099,29.6442],[-104.5101,29.6433],[-104.5126,29.6431],[-104.5132,29.6409],[-104.5153,29.6416],[-104.5159,29.641],[-104.5082,29.6325],[-104.5068,29.6325],[-104.5056,29.634],[-104.5069,29.637],[-104.5032,29.6371],[-104.5018,29.6384],[-104.498,29.6397],[-104.4962,29.639],[-104.4968,29.6357],[-104.4949,29.6338],[-104.4872,29.6337],[-104.4874,29.6309],[-104.4861,29.6287],[-104.4829,29.6276],[-104.4769,29.6285],[-104.4758,29.6276],[-104.4765,29.626],[-104.4748,29.6236],[-104.4734,29.6179],[-104.4685,29.6191],[-104.4655,29.6184],[-104.4654,29.6155],[-104.4676,29.6129],[-104.4665,29.6092],[-104.4638,29.6102],[-104.4607,29.6089],[-104.4564,29.6087],[-104.4548,29.6058],[-104.452,29.6035],[-104.3982,29.5713],[-104.3969,29.5695],[-104.3973,29.5664],[-104.3939,29.5597],[-104.3949,29.5565],[-104.3943,29.5552],[-104.3805,29.5426],[-104.3789,29.5421],[-104.3747,29.5438],[-104.3704,29.5431],[-104.3575,29.5324],[-104.3362,29.5193],[-104.3335,29.5198],[-104.3299,29.5229],[-104.3263,29.5233],[-104.3215,29.5219],[-104.3206,29.5241],[-104.3209,29.5295],[-104.3179,29.5324],[-104.3155,29.5328],[-104.3131,29.5317],[-104.3109,29.5288],[-104.3115,29.5232],[-104.2968,29.5241],[-104.2929,29.5223],[-104.2919,29.5195],[-104.2722,29.5163],[-104.2688,29.5136],[-104.2657,29.5142],[-104.2622,29.5135],[-104.2612,29.5115],[-104.262,29.509],[-104.2607,29.5067],[-104.2583,29.5061],[-104.2543,29.5067],[-104.2495,29.5044],[-104.2403,29.4974],[-104.2371,29.4976],[-104.2338,29.4937],[-104.2335,29.4856],[-104.2307,29.4787],[-104.2252,29.482],[-104.2155,29.4848],[-104.21,29.4822],[-104.2089,29.4807],[-104.211,29.4769],[-104.2108,29.4718],[-104.2129,29.4675],[-104.2124,29.4649],[-104.2136,29.4615],[-104.2183,29.4582],[-104.2177,29.4566],[-104.212,29.4517],[-104.2101,29.4488],[-104.1941,29.4417],[-104.1928,29.4392],[-104.1936,29.4361],[-104.1929,29.4353],[-104.1889,29.4321],[-104.1861,29.4283],[-104.1823,29.4275],[-104.1811,29.4265],[-104.1809,29.4226],[-104.1828,29.4214],[-104.1839,29.4172],[-104.1823,29.4151],[-104.1804,29.4145],[-104.1794,29.4104],[-104.1759,29.4093],[-104.1738,29.4101],[-104.1697,29.4082],[-104.1711,29.4044],[-104.1704,29.4026],[-104.1685,29.4015],[-104.1648,29.4015],[-104.1647,29.3996],[-104.1684,29.3965],[-104.1674,29.3947],[-104.1604,29.3898],[-104.1563,29.3908],[-104.1566,29.3939],[-104.1552,29.3946],[-104.1516,29.3915],[-104.1515,29.3877],[-104.1484,29.3851],[-104.1464,29.3854],[-104.1433,29.3883],[-104.1424,29.3861],[-104.1432,29.3824],[-104.1412,29.3778],[-104.1382,29.3786],[-104.1373,29.3799],[-104.1378,29.3827],[-104.1349,29.3842],[-104.1314,29.3823],[-104.1314,29.38],[-104.1294,29.3786],[-104.1269,29.3784],[-104.1229,29.3803],[-104.1217,29.3774],[-104.1213,29.3714],[-104.1177,29.3707],[-104.1134,29.3736],[-104.1096,29.3741],[-104.1066,29.3733],[-104.1009,29.3675],[-104.0982,29.3665],[-104.0978,29.3616],[-104.09,29.3592],[-104.0895,29.3559],[-104.0909,29.3535],[-104.0862,29.3504],[-104.0823,29.3461],[-104.0758,29.3451],[-104.0735,29.3466],[-104.0667,29.341],[-104.0561,29.3377],[-104.0555,29.337],[-104.0567,29.3333],[-104.0552,29.3304],[-104.0392,29.3218],[-104.0375,29.3197],[-104.0202,29.312],[-104.0162,29.3121],[-104.0007,29.3053],[-103.9917,29.3038],[-103.9855,29.3012],[-103.9833,29.2992],[-103.9758,29.2962],[-103.9708,29.2966],[-103.9676,29.3],[-103.9648,29.2985],[-103.9612,29.2987],[-103.9546,29.2967],[-103.9522,29.2976],[-103.95,29.2953],[-103.9438,29.2951],[-103.937,29.2927],[-103.9257,29.2944],[-103.9183,29.2898],[-103.9177,29.2882],[-103.9189,29.2848],[-103.9121,29.2837],[-103.9046,29.2868],[-103.8993,29.2874],[-103.8894,29.2788],[-103.8856,29.2813],[-103.8857,29.2835],[-103.8845,29.2847],[-103.8801,29.2851],[-103.8725,29.2831],[-103.8701,29.2807],[-103.8658,29.2822],[-103.8632,29.2792],[-103.8574,29.2817],[-103.8543,29.2815],[-103.8493,29.2799],[-103.8376,29.2783],[-103.8367,29.2772],[-103.837,29.2742],[-103.8355,29.2727],[-103.8296,29.2713],[-103.8262,29.2692],[-103.8208,29.2705],[-103.8135,29.274],[-103.8094,29.2727],[-103.8076,29.2702],[-103.8092,29.2659],[-103.8068,29.264],[-103.8064,29.2611],[-103.7994,29.2584],[-103.7962,29.2595],[-103.7886,29.2654],[-103.7836,29.2653],[-103.7787,29.2561],[-103.7785,29.252],[-103.7751,29.248],[-103.7763,29.2435],[-103.7807,29.2438],[-103.7817,29.2413],[-103.7806,29.2362],[-103.782,29.2273],[-103.778,29.2238],[-103.7771,29.2205],[-103.7716,29.2193],[-103.7697,29.2202],[-103.7675,29.2251],[-103.7684,29.2276],[-103.7628,29.2327],[-103.7602,29.2335],[-103.7585,29.2329],[-103.7543,29.2269],[-103.7549,29.225],[-103.7577,29.2231],[-103.7574,29.2207],[-103.7529,29.2195],[-103.7476,29.2202],[-103.7435,29.2221],[-103.7422,29.2217],[-103.7409,29.2188],[-103.7432,29.2151],[-103.7422,29.2135],[-103.7425,29.209],[-103.7371,29.2019],[-103.7298,29.1974],[-103.7287,29.1929],[-103.7249,29.192],[-103.7186,29.1808],[-103.7156,29.1811],[-103.7144,29.1843],[-103.713,29.1852],[-103.709,29.1853],[-103.7073,29.1837],[-103.7052,29.185],[-103.7033,29.184],[-103.7003,29.1784],[-103.6982,29.1775],[-103.6936,29.1772],[-103.6886,29.1786],[-103.6863,29.1763],[-103.6826,29.1763],[-103.6777,29.1739],[-103.6693,29.1737],[-103.6646,29.1709],[-103.6596,29.1706],[-103.6567,29.1694],[-103.6536,29.1634],[-103.6513,29.162],[-103.6506,29.1608],[-103.652,29.1579],[-103.6506,29.1565],[-103.6476,29.1571],[-103.6462,29.159],[-103.6407,29.1611],[-103.6337,29.1586],[-103.6284,29.1631],[-103.619,29.1633],[-103.6122,29.1654],[-103.6089,29.1648],[-103.6062,29.1603],[-103.6032,29.1581],[-103.6007,29.158],[-103.5961,29.1517],[-103.5922,29.1501],[-103.58,29.1495],[-103.5761,29.1514],[-103.5737,29.1538],[-103.5689,29.1553],[-103.5654,29.1542],[-103.557,29.1555],[-103.5537,29.158],[-103.5504,29.1555],[-103.5501,29.1536],[-103.5521,29.1516],[-103.553,29.1487],[-103.5524,29.1462],[-103.5502,29.1436],[-103.5476,29.1424],[-103.5447,29.1448],[-103.5398,29.1462],[-103.5382,29.1441],[-103.5248,29.1371],[-103.5228,29.1346],[-103.5238,29.1331],[-103.5239,29.1212],[-103.5199,29.1197],[-103.5153,29.1213],[-103.5129,29.1213],[-103.5059,29.116],[-103.5004,29.1162],[-103.5002,29.1104],[-103.4988,29.1085],[-103.4936,29.108],[-103.4924,29.1047],[-103.4834,29.0935],[-103.4807,29.0917],[-103.4765,29.0917],[-103.4753,29.0903],[-103.4762,29.0878],[-103.4699,29.0853],[-103.47,29.0792],[-103.4739,29.0703],[-103.4714,29.0667],[-103.4685,29.066],[-103.4626,29.0673],[-103.4597,29.067],[-103.4591,29.0682],[-103.4622,29.0714],[-103.4617,29.0726],[-103.4499,29.0727],[-103.4506,29.0689],[-103.4497,29.0651],[-103.4411,29.0579],[-103.4342,29.0573],[-103.4351,29.0552],[-103.4337,29.0522],[-103.4289,29.0495],[-103.4289,29.0479],[-103.4311,29.046],[-103.4307,29.0449],[-103.4321,29.0434],[-103.4276,29.0422],[-103.4236,29.0435],[-103.419,29.0423],[-103.4154,29.0379],[-103.4119,29.0381],[-103.4083,29.0397],[-103.4051,29.0396],[-103.4024,29.0321],[-103.4011,29.0311],[-103.395,29.0326],[-103.3923,29.035],[-103.3886,29.034],[-103.387,29.0275],[-103.3881,29.0238],[-103.3865,29.0216],[-103.383,29.0245],[-103.3773,29.0232],[-103.3746,29.0237],[-103.3668,29.0202],[-103.3596,29.0186],[-103.3535,29.0229],[-103.3526,29.0264],[-103.3505,29.0289],[-103.3478,29.0403],[-103.3443,29.046],[-103.3423,29.0462],[-103.3393,29.0437],[-103.334,29.044],[-103.3306,29.0432],[-103.3275,29.0399],[-103.3272,29.0327],[-103.3301,29.0295],[-103.3336,29.029],[-103.3361,29.0274],[-103.342,29.0284],[-103.3388,29.0203],[-103.3326,29.0166],[-103.3264,29.0163],[-103.3209,29.0191],[-103.3143,29.0261],[-103.3112,29.0261],[-103.3077,29.0245],[-103.3067,29.0228],[-103.3086,29.0179],[-103.3112,29.014],[-103.316,29.012],[-103.3162,29.0107],[-103.3138,29.007],[-103.3087,29.0034],[-103.3017,29.0084],[-103.299,29.0067],[-103.2957,29.0064],[-103.2869,29.0013],[-103.2816,28.9877],[-103.283,28.983],[-103.2883,28.9814],[-103.287,28.9782],[-103.2818,28.9766],[-103.2793,28.977],[-103.2714,28.9854],[-103.2694,28.9933],[-103.2677,28.9959],[-103.2666,28.9961],[-103.2534,28.987],[-103.2504,28.9804],[-103.2376,28.9819],[-103.2362,28.9846],[-103.2316,28.9874],[-103.2279,28.9919],[-103.2198,28.9833],[-103.219,28.9857],[-103.2148,28.9877],[-103.2078,28.9865],[-103.2024,28.9872],[-103.1916,28.9839],[-103.1808,28.9824],[-103.1784,28.9808],[-103.1763,28.9778],[-103.1745,28.9778],[-103.1724,28.9807],[-103.1703,28.9804],[-103.1658,28.9775],[-103.1661,28.9744],[-103.1641,28.9723],[-103.1603,28.9738],[-103.1539,28.9716],[-103.151,28.9754],[-103.1444,28.9775],[-103.136,28.9834],[-103.1317,28.984],[-103.1263,28.9821],[-103.123,28.9844],[-103.1185,28.9837],[-103.1142,28.9866],[-103.1139,28.9894],[-103.1175,28.9978],[-103.1172,29.0005],[-103.1085,29.0133],[-103.1015,29.0181],[-103.0978,29.027],[-103.1007,29.0309],[-103.1041,29.0333],[-103.1065,29.0382],[-103.105,29.0445],[-103.1004,29.0514],[-103.1006,29.0603],[-103.0969,29.0608],[-103.0955,29.0647],[-103.0924,29.0647],[-103.0915,29.0635],[-103.0919,29.0573],[-103.0905,29.0541],[-103.0897,29.0534],[-103.0859,29.0537],[-103.0855,29.06],[-103.0874,29.0671],[-103.077,29.076],[-103.0766,29.0798],[-103.0802,29.0874],[-103.0758,29.0915],[-103.07,29.0937],[-103.066,29.0914],[-103.0642,29.0915],[-103.0542,29.1008],[-103.0493,29.098],[-103.0476,29.096],[-103.0454,29.0954],[-103.0393,29.097],[-103.0339,29.101],[-103.0321,29.1068],[-103.0361,29.1108],[-103.037,29.1129],[-103.0357,29.1142],[-103.0276,29.116],[-103.024,29.1198],[-103.0229,29.1235],[-103.0205,29.1256],[-103.0166,29.1262],[-103.0143,29.125],[-103.0121,29.1262],[-103.0122,29.1287],[-103.0148,29.1306],[-103.0157,29.134],[-103.0121,29.1372],[-103.0088,29.1376],[-103.0081,29.1484],[-103.0025,29.15],[-102.9963,29.1602],[-102.9958,29.164],[-102.9981,29.1738],[-102.9956,29.1793],[-102.9923,29.1806],[-102.99,29.1835],[-102.986,29.1832],[-102.9811,29.1857],[-102.9755,29.1863],[-102.9661,29.1826],[-102.9625,29.1802],[-102.9573,29.179],[-102.9553,29.1779],[-102.9528,29.1739],[-102.9509,29.1736],[-102.9509,29.1782],[-102.9495,29.1805],[-102.9457,29.1831],[-102.9448,29.1867],[-102.9454,29.1889],[-102.9434,29.1914],[-102.9415,29.1917],[-102.9398,29.1886],[-102.9383,29.1882],[-102.9325,29.1947],[-102.9253,29.1938],[-102.9197,29.1908],[-102.9178,29.1909],[-102.9171,29.1922],[-102.9186,29.1942],[-102.9189,29.199],[-102.9142,29.2001],[-102.9127,29.2067],[-102.916,29.212],[-102.9161,29.2157],[-102.9123,29.2194],[-102.9087,29.2197],[-102.9056,29.2158],[-102.901,29.2124],[-102.8995,29.2095],[-102.8951,29.2085],[-102.8904,29.2093],[-102.8828,29.213],[-102.8788,29.2136],[-102.8773,29.2171],[-102.8675,29.2239],[-102.8668,29.2277],[-102.8685,29.2304],[-102.8717,29.2317],[-102.8706,29.2361],[-102.8717,29.2418],[-102.8803,29.2461],[-102.8878,29.2458],[-102.8927,29.2492],[-102.8966,29.2541],[-102.9031,29.2543],[-102.9064,29.2601],[-102.9055,29.2636],[-102.9022,29.2648],[-102.8993,29.2691],[-102.9002,29.2728],[-102.9031,29.2761],[-102.903,29.2792],[-102.9016,29.2807],[-102.8987,29.2807],[-102.8965,29.2848],[-102.8905,29.288],[-102.8882,29.2934],[-102.8901,29.3024],[-102.8926,29.3059],[-102.893,29.3089],[-102.8902,29.3095],[-102.8873,29.3116],[-102.8883,29.3148],[-102.8874,29.3188],[-102.8862,29.3203],[-102.8844,29.3207],[-102.8847,29.326],[-102.8799,29.3391],[-102.8844,29.3479],[-102.8807,29.3526],[-102.8775,29.3549],[-102.8729,29.3523],[-102.8621,29.3513],[-102.8453,29.3577],[-102.8394,29.3589],[-102.8401,29.3619],[-102.8453,29.3647],[-102.845,29.3744],[-102.8407,29.3776],[-102.834,29.3791],[-102.8331,29.3881],[-102.8297,29.3908],[-102.8256,29.3969],[-102.82,29.3983],[-102.8159,29.397],[-102.8124,29.4005],[-102.8137,29.4023],[-102.819,29.4036],[-102.8259,29.4025],[-102.8265,29.4076],[-102.8326,29.4084],[-102.8334,29.4105],[-102.8269,29.4177],[-102.8325,29.4324],[-102.8309,29.4344],[-102.8318,29.4387],[-102.8308,29.441],[-102.831,29.4443],[-102.8294,29.4459],[-102.8195,29.4507],[-102.8211,29.4519],[-102.824,29.4521],[-102.8256,29.4579],[-102.8239,29.46],[-102.8222,29.4646],[-102.818,29.4671],[-102.8164,29.4705],[-102.814,29.4714],[-102.8155,29.476],[-102.8143,29.4824],[-102.8126,29.4836],[-102.8042,29.4837],[-102.8007,29.4862],[-102.8049,29.4904],[-102.8073,29.4943],[-102.8043,29.5012],[-102.8075,29.5039],[-102.8064,29.5154],[-102.8087,29.5199],[-102.8083,29.5229],[-102.8039,29.524],[-102.7984,29.5267],[-102.7972,29.5294],[-102.792,29.533],[-102.7915,29.536],[-102.793,29.5399],[-102.7915,29.5428],[-102.7893,29.5437],[-102.7833,29.5419],[-102.7803,29.5425],[-102.7784,29.5436],[-102.7768,29.5471],[-102.7735,29.5472],[-102.7712,29.5484],[-102.7754,29.5516],[-102.7773,29.5547],[-102.7778,29.561],[-102.7734,29.5669],[-102.7739,29.5731],[-102.7706,29.5738],[-102.7676,29.5718],[-102.7662,29.5722],[-102.764,29.5747],[-102.7623,29.5798],[-102.7659,29.5895],[-102.7684,29.5933],[-102.7683,29.5952],[-102.7654,29.5978],[-102.7603,29.5986],[-102.7497,29.5951],[-102.7463,29.5926],[-102.7405,29.5975],[-102.7397,29.5999],[-102.7416,29.6028],[-102.7388,29.6088],[-102.7386,29.6182],[-102.7391,29.6256],[-102.742,29.6303],[-102.7419,29.6332],[-102.7368,29.6398],[-102.7366,29.6418],[-102.7345,29.6421],[-102.7298,29.6407],[-102.7259,29.6432],[-102.7241,29.6485],[-102.7257,29.6514],[-102.7228,29.6514],[-102.7152,29.6564],[-102.7113,29.6605],[-102.7086,29.667],[-102.7041,29.6713],[-102.7005,29.6726],[-102.6967,29.672],[-102.6936,29.6767],[-102.6962,29.6819],[-102.6994,29.685],[-102.6997,29.6863],[-102.6986,29.6955],[-102.697,29.6988],[-102.689,29.705],[-102.6902,29.7073],[-102.6914,29.7214],[-102.6905,29.7227],[-102.6897,29.7221],[-102.6877,29.7228],[-102.6851,29.7269],[-102.6818,29.7281],[-102.677,29.7415],[-102.674,29.7446],[-102.6723,29.7444],[-102.6684,29.7459],[-102.6673,29.7442],[-102.6671,29.7391],[-102.664,29.7367],[-102.6602,29.7356],[-102.6539,29.7355],[-102.6452,29.7338],[-102.6304,29.7342],[-102.6293,29.7353],[-102.6228,29.7363],[-102.615,29.7467],[-102.6124,29.7483],[-102.6099,29.7478],[-102.6044,29.7502],[-102.5976,29.7514],[-102.5947,29.7507],[-102.5929,29.7491],[-102.5892,29.7491],[-102.5854,29.7509],[-102.5803,29.755],[-102.5738,29.7549],[-102.5721,29.7572],[-102.5738,29.7616],[-102.5741,29.7674],[-102.5706,29.771],[-102.5677,29.7715],[-102.5657,29.7709],[-102.5649,29.7688],[-102.5627,29.7675],[-102.5584,29.7591],[-102.5552,29.7559],[-102.5547,29.7487],[-102.5507,29.7452],[-102.548,29.7446],[-102.5407,29.7481],[-102.5342,29.7549],[-102.5205,29.7607],[-102.5135,29.7654],[-102.5131,29.7691],[-102.5107,29.7714],[-102.5107,29.7739],[-102.5184,29.7787],[-102.5192,29.7804],[-102.5176,29.7836],[-102.5149,29.7843],[-102.498,29.7814],[-102.4873,29.7866],[-102.4818,29.7828],[-102.4813,29.7806],[-102.4823,29.778],[-102.4807,29.7761],[-102.472,29.7764],[-102.4697,29.7808],[-102.4675,29.7829],[-102.4655,29.7834],[-102.4622,29.7813],[-102.4577,29.7746],[-102.4474,29.7775],[-102.4446,29.7768],[-102.4393,29.7733],[-102.4356,29.7765],[-102.4337,29.7769],[-102.4259,29.7731],[-102.4215,29.7693],[-102.416,29.7696],[-102.412,29.7682],[-102.4106,29.7654],[-102.409,29.7645],[-102.4045,29.7652],[-102.3989,29.7695],[-102.3948,29.7692],[-102.3918,29.7661],[-102.3897,29.7619],[-102.3872,29.7614],[-102.3864,29.7624],[-102.387,29.7666],[-102.385,29.7717],[-102.3866,29.7774],[-102.39,29.7819],[-102.3852,29.7858],[-102.3794,29.7878],[-102.3772,29.7899],[-102.3775,29.8],[-102.3732,29.8079],[-102.3696,29.8207],[-102.3658,29.8256],[-102.3629,29.8315],[-102.3624,29.8357],[-102.3646,29.8453],[-102.3612,29.8491],[-102.3523,29.8528],[-102.3502,29.857],[-102.3497,29.8626],[-102.3431,29.8652],[-102.3422,29.8684],[-102.3409,29.8694],[-102.3333,29.8681],[-102.3319,29.8628],[-102.3269,29.8627],[-102.3235,29.8639],[-102.3227,29.8657],[-102.3246,29.871],[-102.3243,29.8737],[-102.3212,29.8787],[-102.3159,29.88],[-102.3137,29.8791],[-102.3123,29.8771],[-102.3006,29.8776],[-102.2959,29.8736],[-102.2869,29.8712],[-102.2833,29.8643],[-102.2809,29.8628],[-102.2766,29.863],[-102.269,29.8678],[-102.2648,29.8675],[-102.2619,29.8636],[-102.2643,29.8556],[-102.2615,29.8532],[-102.2532,29.8531],[-102.2515,29.8552],[-102.2516,29.8599],[-102.2498,29.8633],[-102.2483,29.8643],[-102.2465,29.8641],[-102.2432,29.8584],[-102.2449,29.8527],[-102.2449,29.8489],[-102.2414,29.8477],[-102.2318,29.8483],[-102.2279,29.8436],[-102.2235,29.8405],[-102.2198,29.8409],[-102.2146,29.844],[-102.2099,29.8444],[-102.2066,29.8432],[-102.1996,29.8369],[-102.1961,29.8366],[-102.1934,29.8394],[-102.1933,29.8428],[-102.1917,29.8466],[-102.1894,29.8487],[-102.187,29.8487],[-102.1823,29.8459],[-102.1785,29.8395],[-102.1784,29.8367],[-102.1813,29.8312],[-102.18,29.8264],[-102.1775,29.8256],[-102.1686,29.8262],[-102.1664,29.8254],[-102.1657,29.823],[-102.1613,29.8187],[-102.1598,29.8147],[-102.1556,29.812],[-102.1509,29.8116],[-102.1436,29.8033],[-102.1356,29.8016],[-102.1289,29.7985],[-102.1236,29.8019],[-102.1198,29.8025],[-102.1171,29.8004],[-102.1184,29.7992],[-102.1179,29.7962],[-102.1157,29.7923],[-102.1123,29.7936],[-102.1088,29.7918],[-102.1074,29.7928],[-102.1014,29.7936],[-102.0947,29.7912],[-102.0911,29.7933],[-102.0844,29.7951],[-102.0821,29.7931],[-102.0776,29.7925],[-102.0757,29.7884],[-102.0726,29.7865],[-102.055,29.787],[-102.052,29.785],[-102.0497,29.7853],[-102.0463,29.7899],[-102.0414,29.7897],[-102.0386,29.7916],[-102.0412,29.7991],[-102.0398,29.802],[-102.0358,29.8041],[-102.0326,29.8038],[-102.0284,29.8019],[-102.0246,29.8029],[-102.0219,29.8025],[-102.0198,29.8012],[-102.0179,29.7981],[-102.0152,29.7975],[-102.006,29.8015],[-102.0007,29.8052],[-101.997,29.8061],[-101.9941,29.8045],[-101.991,29.7977],[-101.9873,29.7968],[-101.9843,29.7993],[-101.9818,29.8062],[-101.9831,29.8099],[-101.9816,29.815],[-101.9763,29.816],[-101.9728,29.8157],[-101.971,29.8136],[-101.9667,29.8127],[-101.9647,29.8093],[-101.9655,29.806],[-101.9634,29.8001],[-101.9575,29.7958],[-101.9541,29.7958],[-101.9459,29.8018],[-101.9439,29.8007],[-101.9393,29.8009],[-101.9356,29.7996],[-101.9327,29.7932],[-101.9325,29.7898],[-101.9342,29.788],[-101.9335,29.7852],[-101.9293,29.7826],[-101.9266,29.7831],[-101.9222,29.786],[-101.9217,29.7882],[-101.9157,29.7952],[-101.9116,29.798],[-101.8929,29.7977],[-101.8882,29.7964],[-101.884,29.7935],[-101.8825,29.7936],[-101.8806,29.7958],[-101.8758,29.7938],[-101.8665,29.798],[-101.8559,29.8072],[-101.8527,29.8078],[-101.8489,29.8067],[-101.8469,29.8024],[-101.8376,29.7934],[-101.8287,29.7885],[-101.8237,29.7874],[-101.8204,29.7889],[-101.8187,29.7915],[-101.8203,29.7963],[-101.824,29.8005],[-101.8255,29.804],[-101.8256,29.8071],[-101.8226,29.8103],[-101.8178,29.8116],[-101.8125,29.8098],[-101.8036,29.8034],[-101.8065,29.7993],[-101.8135,29.7944],[-101.814,29.7923],[-101.8131,29.7872],[-101.8108,29.7836],[-101.8051,29.7804],[-101.7995,29.7792],[-101.7885,29.7793],[-101.7858,29.7832],[-101.786,29.7874],[-101.7849,29.7886],[-101.7806,29.7894],[-101.7738,29.7887],[-101.7643,29.7827],[-101.7561,29.7796],[-101.7539,29.7773],[-101.7489,29.7775],[-101.7443,29.7792],[-101.7413,29.7783],[-101.7387,29.773],[-101.7334,29.7712],[-101.7283,29.7727],[-101.725,29.7759],[-101.7197,29.7757],[-101.7144,29.7685],[-101.7128,29.7637],[-101.7089,29.7616],[-101.6982,29.7657],[-101.6896,29.771],[-101.6862,29.7686],[-101.6846,29.7644],[-101.6814,29.7608],[-101.6778,29.7603],[-101.6753,29.7611],[-101.6746,29.7652],[-101.6706,29.7689],[-101.6617,29.7709],[-101.6597,29.7674],[-101.6545,29.7651],[-101.653,29.7599],[-101.6508,29.7571],[-101.6469,29.7546],[-101.6446,29.7542],[-101.6429,29.7545],[-101.6402,29.7569],[-101.6355,29.7584],[-101.6328,29.7616],[-101.6327,29.7643],[-101.6303,29.7683],[-101.6269,29.7708],[-101.6179,29.7699],[-101.6066,29.7741],[-101.6037,29.7744],[-101.5989,29.7738],[-101.5959,29.7722],[-101.5894,29.7709],[-101.5758,29.7693],[-101.5722,29.7733],[-101.5741,29.7882],[-101.5677,29.7987],[-101.5525,29.8042],[-101.5474,29.8107],[-101.5439,29.8118],[-101.5419,29.8108],[-101.5362,29.8013],[-101.535,29.7977],[-101.5379,29.7881],[-101.5385,29.77],[-101.5394,29.7664],[-101.5386,29.7605],[-101.536,29.759],[-101.5303,29.7596],[-101.5176,29.765],[-101.5032,29.7646],[-101.4871,29.7739],[-101.4789,29.7841],[-101.4695,29.7879],[-101.4609,29.7897],[-101.4558,29.788],[-101.4528,29.7838],[-101.4552,29.7719],[-101.4512,29.7558],[-101.4489,29.7507],[-101.4426,29.7497],[-101.4381,29.7509],[-101.4176,29.7659],[-101.408,29.7713],[-101.4041,29.7718],[-101.3997,29.769],[-101.3984,29.7646],[-101.4002,29.7601],[-101.4146,29.7524],[-101.4157,29.7502],[-101.4156,29.7465],[-101.41,29.7415],[-101.4006,29.7381],[-101.397,29.734],[-101.3963,29.7271],[-101.3984,29.717],[-101.3969,29.7139],[-101.3885,29.7076],[-101.3754,29.7018],[-101.3728,29.6994],[-101.3718,29.6933],[-101.3731,29.6841],[-101.3727,29.6781],[-101.3671,29.6709],[-101.3656,29.6669],[-101.3632,29.6526],[-101.3613,29.6501],[-101.3571,29.6493],[-101.3503,29.6607],[-101.3494,29.6617],[-101.346,29.6622],[-101.3375,29.6608],[-101.3141,29.6591],[-101.3069,29.6558],[-101.3025,29.6504],[-101.3,29.6407],[-101.3014,29.6346],[-101.3117,29.6154],[-101.3134,29.6023],[-101.312,29.5861],[-101.3055,29.5779],[-101.2962,29.5728],[-101.291,29.5715],[-101.2853,29.582],[-101.2811,29.5859],[-101.2779,29.5908],[-101.2774,29.6066],[-101.2805,29.6152],[-101.2777,29.621],[-101.2691,29.6301],[-101.2665,29.631],[-101.2622,29.6306],[-101.254,29.6269],[-101.2504,29.6242],[-101.2473,29.6185],[-101.2523,29.6042],[-101.241,29.565],[-101.2485,29.5592],[-101.2504,29.5566],[-101.2553,29.5493],[-101.2612,29.5368],[-101.2608,29.5299],[-101.2549,29.5203],[-101.2504,29.5207],[-101.2353,29.5249],[-101.2274,29.5223],[-101.1927,29.5203],[-101.1796,29.5154],[-101.1738,29.5146],[-101.1717,29.504],[-101.1681,29.5002],[-101.1619,29.4895],[-101.1522,29.4784],[-101.1519,29.477],[-101.1468,29.4742],[-101.1434,29.4732],[-101.1375,29.4735],[-101.13,29.4784],[-101.1153,29.4685],[-101.1037,29.4705],[-101.0871,29.4694],[-101.0772,29.4642],[-101.0602,29.4587],[-101.0581,29.4478],[-101.0568,29.4476],[-101.057,29.4408],[-101.0505,29.4346],[-101.0434,29.4299],[-101.0395,29.4165],[-101.0376,29.4147],[-101.0386,29.4107],[-101.0366,29.4061],[-101.024,29.3937],[-101.021,29.3928],[-101.0193,29.3909],[-101.0133,29.3803],[-101.0143,29.3741],[-101.01,29.3683],[-101.0042,29.3648],[-100.9956,29.3634],[-100.9729,29.3545],[-100.9717,29.3514],[-100.9643,29.3473],[-100.949,29.3472],[-100.9432,29.342],[-100.9406,29.3331],[-100.9345,29.3308],[-100.9285,29.327],[-100.9236,29.3268],[-100.9195,29.3253],[-100.9166,29.3192],[-100.9131,29.3178],[-100.9095,29.3176],[-100.9064,29.313],[-100.9047,29.3121],[-100.899,29.3096],[-100.8966,29.3091],[-100.8949,29.3104],[-100.8868,29.3078],[-100.8858,29.3043],[-100.882,29.2991],[-100.8802,29.2863],[-100.8781,29.2809],[-100.8733,29.2785],[-100.8647,29.2761],[-100.8558,29.2755],[-100.8534,29.2726],[-100.8499,29.2721],[-100.8455,29.2691],[-100.839,29.2633],[-100.834,29.2614],[-100.8235,29.2617],[-100.8188,29.2639],[-100.8151,29.2639],[-100.8133,29.2611],[-100.8167,29.2556],[-100.8163,29.2539],[-100.8067,29.2523],[-100.7976,29.2468],[-100.7946,29.2416],[-100.797,29.2356],[-100.7957,29.2277],[-100.7914,29.2259],[-100.7871,29.2283],[-100.7855,29.2281],[-100.781,29.2194],[-100.7797,29.2187],[-100.7746,29.2106],[-100.777,29.2043],[-100.7763,29.2009],[-100.7753,29.1997],[-100.7693,29.1989],[-100.7671,29.1953],[-100.766,29.1858],[-100.7759,29.1733],[-100.7726,29.1684],[-100.769,29.166],[-100.7654,29.1663],[-100.7637,29.1648],[-100.7633,29.1601],[-100.7597,29.1571],[-100.7461,29.1541],[-100.7397,29.1505],[-100.7374,29.1474],[-100.7391,29.1417],[-100.7378,29.1391],[-100.7275,29.1291],[-100.71,29.1197],[-100.693,29.1154],[-100.6845,29.1107],[-100.6752,29.1007],[-100.6726,29.096],[-100.6668,29.0826],[-100.6659,29.0768],[-100.664,29.0742],[-100.6625,29.0581],[-100.6632,29.048],[-100.6602,29.0315],[-100.6561,29.0172],[-100.6538,29.0154],[-100.6509,29.0083],[-100.6487,29.0002],[-100.6492,28.9963],[-100.646,28.988],[-100.6459,28.9864],[-100.6481,28.9839],[-100.6487,28.9774],[-100.6464,28.9707],[-100.6466,28.9669],[-100.6503,28.9623],[-100.6499,28.9611],[-100.6483,28.9607],[-100.647,28.9571],[-100.6515,28.9456],[-100.6515,28.9434],[-100.6509,28.9421],[-100.6458,28.9399],[-100.6437,28.9375],[-100.6389,28.9276],[-100.6307,28.924],[-100.6297,28.9211],[-100.6311,28.9169],[-100.6392,28.9163],[-100.6407,28.9152],[-100.6406,28.9142],[-100.6366,28.9115],[-100.6316,28.9028],[-100.6277,28.9034],[-100.6254,28.9049],[-100.6249,28.9083],[-100.6224,28.9098],[-100.6182,28.9085],[-100.6158,28.903],[-100.6142,28.9017],[-100.6042,28.9024],[-100.6011,28.9013],[-100.6038,28.8895],[-100.603,28.8872],[-100.5999,28.8865],[-100.5925,28.8894],[-100.5895,28.8864],[-100.591,28.883],[-100.5948,28.8822],[-100.5979,28.8801],[-100.5989,28.8756],[-100.5968,28.8734],[-100.5908,28.8727],[-100.591,28.8631],[-100.5882,28.8602],[-100.5805,28.856],[-100.5729,28.8482],[-100.5768,28.8362],[-100.5747,28.8288],[-100.5705,28.826],[-100.5658,28.8283],[-100.5614,28.8292],[-100.5531,28.8282],[-100.5473,28.8258],[-100.5455,28.82],[-100.5462,28.816],[-100.5452,28.8121],[-100.5422,28.8085],[-100.5354,28.8052],[-100.5334,28.7993],[-100.5324,28.7911],[-100.5335,28.7878],[-100.5369,28.7843],[-100.5378,28.7808],[-100.5364,28.7776],[-100.5319,28.7738],[-100.53,28.7704],[-100.5303,28.7671],[-100.533,28.7633],[-100.5334,28.7592],[-100.5316,28.7572],[-100.5285,28.7561],[-100.5225,28.7578],[-100.5192,28.7562],[-100.5144,28.7503],[-100.5152,28.7429],[-100.5135,28.7417],[-100.5076,28.7406],[-100.5068,28.732],[-100.5079,28.7216],[-100.5067,28.7167],[-100.512,28.7054],[-100.5101,28.6907],[-100.5019,28.6676],[-100.5012,28.6692],[-100.4947,28.6694],[-100.4931,28.6715],[-100.4868,28.6715],[-100.4715,28.6844],[-100.468,28.6822],[-100.448,28.664],[-100.4437,28.6678],[-100.4386,28.6674],[-100.4364,28.6713],[-100.4271,28.6672],[-100.4205,28.6656],[-100.42,28.6667],[-100.4208,28.667],[-100.4181,28.6694],[-100.4155,28.6689],[-100.4157,28.6679],[-100.4091,28.6713],[-100.4058,28.6695],[-100.404,28.6706],[-100.4021,28.6793],[-100.3934,28.6809],[-100.3906,28.6774],[-100.3884,28.6777],[-100.3885,28.6836],[-100.3831,28.6905],[-100.3844,28.6932],[-100.3695,28.6896],[-100.3136,28.6716],[-100.1143,28.6297],[-100.1143,28.6481],[-99.9131,28.6468],[-99.8753,28.6439],[-99.6553,28.6435],[-99.5268,28.6426],[-99.5015,28.6411],[-99.4123,28.6405],[-99.2146,28.6441],[-98.8008,28.6475],[-98.8048,29.0246],[-98.8048,29.2507],[-98.8046,29.3233],[-98.8016,29.324],[-98.7996,29.3271],[-98.795,29.3261],[-98.7927,29.327],[-98.7903,29.3296],[-98.7852,29.3262],[-98.7837,29.3268],[-98.7832,29.3285],[-98.7818,29.3286],[-98.7783,29.3253],[-98.7742,29.3243],[-98.7745,29.3274],[-98.7724,29.3299],[-98.7709,29.33],[-98.7691,29.3279],[-98.7684,29.3309],[-98.7666,29.3324],[-98.7601,29.3307],[-98.7543,29.3267],[-98.753,29.3276],[-98.7525,29.3308],[-98.7509,29.3306],[-98.749,29.3368],[-98.7469,29.3367],[-98.7473,29.3347],[-98.7458,29.3351],[-98.746,29.336],[-98.7425,29.3364],[-98.7417,29.3328],[-98.7375,29.3319],[-98.7353,29.3329],[-98.7354,29.3365],[-98.7366,29.3389],[-98.736,29.3394],[-98.7316,29.3407],[-98.7283,29.3394],[-98.7251,29.3411],[-98.724,29.3407],[-98.7221,29.3433],[-98.7201,29.3435],[-98.7173,29.3432],[-98.7157,29.3408],[-98.7137,29.341],[-98.7127,29.3432],[-98.7139,29.3443],[-98.7139,29.3477],[-98.71,29.352],[-98.7049,29.3491],[-98.7064,29.3457],[-98.7039,29.3443],[-98.7035,29.3418],[-98.7015,29.3414],[-98.6996,29.3423],[-98.698,29.3414],[-98.6994,29.3389],[-98.6912,29.3362],[-98.6914,29.3403],[-98.6869,29.3278],[-98.6761,29.3279],[-98.6761,29.324],[-98.6737,29.3258],[-98.6737,29.328],[-98.6708,29.3281],[-98.6711,29.3463],[-98.6668,29.3462],[-98.6616,29.3475],[-98.6464,29.3472],[-98.6465,29.3606],[-98.6327,29.3608],[-98.6368,29.3711],[-98.6292,29.3671],[-98.6209,29.3664],[-98.6173,29.3751],[-98.6135,29.377],[-98.5953,29.3664],[-98.5858,29.3657],[-98.5839,29.3619],[-98.5794,29.3612],[-98.5795,29.3596],[-98.5764,29.3592],[-98.5757,29.3578],[-98.5767,29.356],[-98.575,29.3549],[-98.5646,29.3678],[-98.5654,29.368],[-98.5521,29.3837],[-98.5505,29.3874],[-98.5573,29.3842],[-98.5615,29.3844],[-98.5614,29.3856],[-98.5633,29.3858],[-98.5629,29.389],[-98.5609,29.3895],[-98.5638,29.3897],[-98.5624,29.3988],[-98.5736,29.3993],[-98.5735,29.3999],[-98.584,29.401],[-98.5847,29.4021],[-98.5842,29.407],[-98.5878,29.4072],[-98.5878,29.4089],[-98.5997,29.4078],[-98.5997,29.4393],[-98.6026,29.4413],[-98.6027,29.4486],[-98.611,29.4527],[-98.6145,29.4525],[-98.6234,29.4495],[-98.6304,29.4533],[-98.6357,29.4468],[-98.637,29.4479],[-98.6375,29.4531],[-98.6469,29.4495],[-98.6455,29.4475],[-98.6353,29.4403],[-98.6302,29.4334],[-98.6268,29.4342],[-98.6198,29.4337],[-98.6187,29.4326],[-98.6198,29.4311],[-98.6123,29.4267],[-98.6102,29.4229],[-98.6105,29.4202],[-98.6128,29.4192],[-98.6183,29.419],[-98.6198,29.4175],[-98.6202,29.414],[-98.6193,29.4122],[-98.6171,29.4117],[-98.6091,29.412],[-98.6071,29.4065],[-98.6306,29.402],[-98.6529,29.3965],[-98.67,29.3897],[-98.6706,29.3905],[-98.6974,29.3835],[-98.7012,29.3845],[-98.7028,29.3969],[-98.7093,29.4079],[-98.7102,29.4069],[-98.7266,29.4069],[-98.7264,29.4157],[-98.7206,29.416],[-98.7201,29.4175],[-98.72,29.4335],[-98.7186,29.4339],[-98.7196,29.4357],[-98.723,29.4364],[-98.7229,29.4391],[-98.726,29.4411],[-98.7252,29.4421],[-98.7228,29.4406],[-98.7228,29.4426],[-98.7267,29.4434],[-98.7277,29.4425],[-98.7264,29.4414],[-98.7279,29.4401],[-98.7291,29.4412],[-98.7297,29.4405],[-98.7309,29.4416],[-98.7318,29.4414],[-98.7331,29.4441],[-98.735,29.4451],[-98.7326,29.446],[-98.735,29.4478],[-98.7416,29.442],[-98.7407,29.4411],[-98.7424,29.4409],[-98.7458,29.4423],[-98.7492,29.4396],[-98.7583,29.4613],[-98.7544,29.4627],[-98.7409,29.4597],[-98.7254,29.4628],[-98.7191,29.4653],[-98.7152,29.4656],[-98.715,29.468],[-98.7253,29.4656],[-98.7257,29.4665],[-98.7241,29.4669],[-98.7241,29.4715],[-98.7202,29.4726],[-98.72,29.4745],[-98.7202,29.4756],[-98.7225,29.4754],[-98.7229,29.4769],[-98.7268,29.4796],[-98.724,29.4827],[-98.7239,29.4862],[-98.7182,29.4866],[-98.7134,29.4854],[-98.7144,29.4863],[-98.7096,29.496],[-98.728,29.5029],[-98.7266,29.5056],[-98.7231,29.5026],[-98.7215,29.5057],[-98.72,29.5051],[-98.7189,29.5073],[-98.7105,29.5041],[-98.7088,29.5074],[-98.7002,29.5041],[-98.6908,29.5231],[-98.6847,29.5303],[-98.6809,29.5398],[-98.6591,29.5611],[-98.6385,29.5845],[-98.6353,29.5865],[-98.6311,29.5872],[-98.6289,29.5925],[-98.6307,29.5962],[-98.6277,29.6059],[-98.6287,29.6105],[-98.6255,29.6117],[-98.6228,29.614],[-98.6164,29.615],[-98.6146,29.6169],[-98.6119,29.618],[-98.6114,29.6198],[-98.6084,29.6205],[-98.6014,29.6038],[-98.6001,29.6042],[-98.5958,29.5997],[-98.589,29.5955],[-98.5879,29.5922],[-98.5774,29.5937],[-98.573,29.5891],[-98.5689,29.5821],[-98.5661,29.58],[-98.5638,29.5755],[-98.5641,29.5712],[-98.5632,29.5692],[-98.5413,29.5513],[-98.5343,29.5585],[-98.532,29.5597],[-98.5291,29.5599],[-98.5207,29.5579],[-98.5172,29.5586],[-98.5196,29.5629],[-98.52,29.5666],[-98.5187,29.5696],[-98.5137,29.575],[-98.5143,29.5792],[-98.5102,29.5786],[-98.5055,29.5814],[-98.5031,29.581],[-98.4824,29.5648],[-98.4763,29.5824],[-98.4654,29.6204],[-98.4527,29.6442],[-98.4494,29.6523],[-98.4502,29.6685],[-98.4539,29.682],[-98.4504,29.7064],[-98.4439,29.7197],[-98.4446,29.7261],[-98.4427,29.7323],[-98.4437,29.7346],[-98.4478,29.7359],[-98.4512,29.7344],[-98.4526,29.7328],[-98.4594,29.7318],[-98.4625,29.7339],[-98.466,29.7385],[-98.477,29.7334],[-98.4798,29.7351],[-98.4872,29.736],[-98.4911,29.7355],[-98.497,29.7385],[-98.504,29.7386],[-98.5218,29.7452],[-98.5234,29.7452],[-98.5259,29.7437],[-98.5254,29.7408],[-98.5265,29.7404],[-98.528,29.7416],[-98.5286,29.7442],[-98.534,29.7468],[-98.534,29.7524],[-98.5353,29.7531],[-98.5425,29.7518],[-98.5468,29.7533],[-98.5479,29.7545],[-98.5469,29.7572],[-98.5474,29.7592],[-98.551,29.7607],[-98.5547,29.7591],[-98.5551,29.7553],[-98.5593,29.7515],[-98.5662,29.7525],[-98.569,29.7482],[-98.5749,29.7502],[-98.5763,29.7472],[-98.5792,29.7457],[-98.5788,29.7437],[-98.5817,29.7426],[-98.5825,29.7412],[-98.5867,29.7425],[-98.5885,29.7476],[-98.5914,29.7472],[-98.5934,29.7457],[-98.6011,29.75],[-98.6034,29.7495],[-98.6047,29.7473],[-98.6,29.743],[-98.6007,29.7411],[-98.6034,29.7399],[-98.6119,29.7401],[-98.6127,29.7382],[-98.6143,29.7376],[-98.6173,29.7395],[-98.6169,29.7426],[-98.6178,29.7439],[-98.6261,29.7443],[-98.6288,29.7441],[-98.6364,29.741],[-98.6435,29.7404],[-98.6462,29.7436],[-98.6455,29.7479],[-98.648,29.7502],[-98.6495,29.7532],[-98.6513,29.754],[-98.6531,29.7526],[-98.6531,29.7488],[-98.6565,29.7477],[-98.6585,29.7492],[-98.661,29.7493],[-98.6631,29.7475],[-98.6637,29.7454],[-98.6601,29.7433],[-98.6603,29.7416],[-98.6632,29.741],[-98.6675,29.7432],[-98.6704,29.7434],[-98.6738,29.7421],[-98.6745,29.7388],[-98.6759,29.7374],[-98.6805,29.738],[-98.6829,29.7394],[-98.6858,29.7393],[-98.6884,29.7384],[-98.6921,29.7353],[-98.7004,29.7374],[-98.7011,29.7357],[-98.7,29.7326],[-98.7053,29.7331],[-98.7078,29.7324],[-98.7104,29.7311],[-98.7144,29.7266],[-98.7172,29.7253],[-98.723,29.7296],[-98.7258,29.7277],[-98.7341,29.7295],[-98.7288,29.7225],[-98.7342,29.7214],[-98.7357,29.7186],[-98.7382,29.7166],[-98.7407,29.7171],[-98.7438,29.7164],[-98.7447,29.7184],[-98.7481,29.7206],[-98.7504,29.721],[-98.7519,29.7203],[-98.7571,29.722],[-98.7589,29.7214],[-98.7598,29.7223],[-98.7626,29.7219],[-98.7667,29.7196],[-98.7679,29.7209],[-98.7702,29.7214],[-98.7749,29.7197],[-98.7788,29.7202],[-98.9272,29.5623],[-98.9299,29.5634],[-98.9337,29.5632],[-98.9394,29.5593],[-98.9436,29.558],[-98.9474,29.558],[-98.9579,29.5602],[-98.9625,29.5599],[-98.9663,29.5577],[-98.9699,29.5525],[-98.9734,29.5517],[-98.9771,29.5533],[-98.9793,29.5554],[-98.9852,29.5641],[-98.9859,29.567],[-98.9858,29.5701],[-98.98,29.5744],[-98.9789,29.5776],[-98.9804,29.5797],[-98.9863,29.5825],[-98.9867,29.5869],[-98.9849,29.5909],[-98.9787,29.5988],[-98.9757,29.6098],[-98.9768,29.6145],[-98.9811,29.6213],[-98.9838,29.6234],[-99.2503,29.6256],[-99.3596,29.6273],[-99.4905,29.6277],[-99.6039,29.6272],[-99.7518,29.6248],[-100.0142,29.6235],[-100.0135,29.6262],[-100.0101,29.628],[-100.0073,29.632],[-100.0092,29.6352],[-100.0084,29.6371],[-100.0095,29.6386],[-100.0135,29.6409],[-100.0146,29.6439],[-100.0174,29.6462],[-100.0211,29.6525],[-100.0262,29.6571],[-100.0304,29.664],[-100.0301,29.6659],[-100.0285,29.6672],[-100.0207,29.6702],[-100.017,29.6762],[-100.0174,29.6776],[-100.0222,29.6788],[-100.0251,29.6814],[-100.0252,29.6834],[-100.0281,29.6832],[-100.0307,29.6863],[-100.0305,29.6886],[-100.0382,29.6896],[-100.0408,29.6929],[-100.0447,29.6938],[-100.0476,29.7024],[-100.0463,29.7065],[-100.0521,29.7096],[-100.0553,29.7088],[-100.0574,29.71],[-100.0605,29.7096],[-100.0637,29.7111],[-100.0395,29.7187],[-100.0376,29.7212],[-100.0301,29.7211],[-100.0261,29.7234],[-100.0264,29.727],[-100.0248,29.7281],[-100.025,29.7298],[-100.0282,29.7317],[-100.0295,29.7371],[-100.0279,29.7416],[-100.0236,29.7428],[-100.0219,29.7455],[-100.0254,29.7501],[-100.0241,29.7537],[-100.0257,29.7578],[-100.0283,29.7584],[-100.0295,29.7601],[-100.0294,29.7637],[-100.0316,29.771],[-100.0351,29.7735],[-100.0364,29.7771],[-100.036,29.7794],[-100.0319,29.7809],[-100.0291,29.7833],[-100.0287,29.7894],[-100.0145,29.7932],[-100.0133,29.7943],[-100.0134,29.7959],[-100.0159,29.8002],[-100.0172,29.8124],[-100.019,29.8153],[-100.0223,29.8151],[-100.024,29.8164],[-100.0258,29.8226],[-100.0273,29.8244],[-100.0256,29.8271],[-100.0255,29.8291],[-100.0285,29.8354],[-100.0315,29.837],[-100.0314,29.841],[-100.0343,29.8423],[-100.0348,29.8441],[-100.0342,29.8462],[-100.0309,29.8483],[-100.024,29.8492],[-100.0222,29.8541],[-100.0224,29.8611],[-100.0196,29.8648],[-100.0196,29.8696],[-100.0239,29.8744],[-100.0229,29.8784],[-100.0235,29.883],[-100.0206,29.8851],[-100.0202,29.8873],[-100.0173,29.8908],[-100.0094,29.8945],[-100.009,29.8971],[-100.0023,29.8968],[-99.9897,30.0257],[-99.973,30.0246],[-99.9676,30.0824],[-99.9175,30.0786],[-99.918,30.0736],[-99.7576,30.0741],[-99.7541,30.2907],[-99.9584,30.29],[-100.1165,30.2903],[-100.1162,30.6252],[-100.1167,30.8099],[-100.1152,31.088],[-100.2484,31.0887],[-100.688,31.0866],[-101.0004,31.0819],[-101.2748,31.0794],[-101.2719,31.2938],[-101.2688,31.4483],[-101.2671,31.6509],[-101.7378,31.6512],[-102.0614,31.6516],[-102.4302,31.6512],[-102.7989,31.6518],[-102.7976,31.7727],[-102.7991,32.0858],[-102.8016,32.0872],[-103.0645,32.0871],[-103.0645,32.0004],[-103.4369,32.0003],[-103.8692,32.0002],[-104.2977,32.0001],[-104.7546,32.0005],[-104.7548,31.9978],[-104.7721,31.9975],[-104.8477,32.0004],[-105.2452,32.0002],[-105.6074,32.0012],[-106.0829,32.0027],[-106.4439,32.0012]]]},"properties":{"GEOID":"4823","BASENAME":"23","NAME":"Congressional District 23","CD120":"23"}},
{"type":"Feature","geometry":{"type":"Polygon","coordinates":[[[-95.5945,32.687],[-95.5943,32.4799],[-95.5729,32.4614],[-95.5722,32.4623],[-95.5707,32.4607],[-95.5679,32.4616],[-95.567,32.4596],[-95.5662,32.4601],[-95.5644,32.4591],[-95.5627,32.4595],[-95.5625,32.4577],[-95.5608,32.4574],[-95.5616,32.4556],[-95.5609,32.4545],[-95.5596,32.4548],[-95.5602,32.4556],[-95.5568,32.4546],[-95.5556,32.455],[-95.5545,32.4533],[-95.5528,32.4536],[-95.5531,32.4519],[-95.5522,32.4517],[-95.5528,32.4504],[-95.5517,32.4487],[-95.5477,32.4458],[-95.5478,32.4448],[-95.5452,32.4444],[-95.5447,32.4429],[-95.5457,32.4428],[-95.5457,32.4419],[-95.5442,32.4401],[-95.541,32.4394],[-95.5397,32.4334],[-95.5322,32.431],[-95.5264,32.4253],[-95.5249,32.4255],[-95.5261,32.4238],[-95.5246,32.4228],[-95.5248,32.4212],[-95.5216,32.4218],[-95.5218,32.4204],[-95.5207,32.4201],[-95.5208,32.4214],[-95.5184,32.4201],[-95.517,32.4208],[-95.516,32.4201],[-95.5163,32.4187],[-95.5136,32.4166],[-95.5107,32.4161],[-95.5096,32.4169],[-95.5096,32.4155],[-95.5069,32.4149],[-95.5068,32.4134],[-95.5045,32.4119],[-95.505,32.4108],[-95.5016,32.4092],[-95.5009,32.4047],[-95.502,32.4017],[-95.497,32.3979],[-95.4937,32.3895],[-95.4912,32.3884],[-95.4909,32.3872],[-95.4865,32.3861],[-95.4819,32.3826],[-95.4824,32.3808],[-95.4796,32.3797],[-95.4803,32.3791],[-95.4781,32.3765],[-95.4736,32.3742],[-95.471,32.3692],[-95.4694,32.3684],[-95.4684,32.3691],[-95.4664,32.3671],[-95.4639,32.3675],[-95.4628,32.3649],[-95.4599,32.3658],[-95.4597,32.3674],[-95.459,32.3665],[-95.4587,32.3678],[-95.4565,32.3682],[-95.4562,32.3666],[-95.4545,32.3669],[-95.4529,32.3648],[-95.4529,32.3625],[-95.4507,32.362],[-95.4491,32.3595],[-95.4498,32.3557],[-95.448,32.3531],[-95.4488,32.3494],[-95.4476,32.3473],[-95.4526,32.3456],[-95.4527,32.342],[-95.4547,32.3378],[-95.4535,32.3371],[-95.4531,32.3346],[-95.4587,32.3284],[-95.4557,32.325],[-95.4564,32.3244],[-95.4554,32.3219],[-95.4577,32.3191],[-95.4506,32.3144],[-95.4508,32.3134],[-95.4542,32.3135],[-95.4555,32.3115],[-95.4538,32.3058],[-95.4518,32.3039],[-95.4518,32.3025],[-95.4483,32.3003],[-95.4469,32.2978],[-95.447,32.2958],[-95.4515,32.2947],[-95.4523,32.2903],[-95.4513,32.2877],[-95.4518,32.2859],[-95.4528,32.286],[-95.454,32.2813],[-95.4534,32.2803],[-95.4549,32.2798],[-95.4573,32.2731],[-95.4602,32.27],[-95.4624,32.2699],[-95.4699,32.2621],[-95.4699,32.2575],[-95.4689,32.2564],[-95.4701,32.2543],[-95.469,32.253],[-95.4696,32.2492],[-95.4676,32.2466],[-95.4766,32.2424],[-95.4817,32.2414],[-95.4833,32.2383],[-95.4816,32.2365],[-95.4839,32.2358],[-95.4868,32.2367],[-95.4881,32.2349],[-95.4872,32.2336],[-95.4887,32.2323],[-95.4865,32.231],[-95.4867,32.2268],[-95.4855,32.2242],[-95.4785,32.2176],[-95.4804,32.2153],[-95.4789,32.2122],[-95.4752,32.2111],[-95.4742,32.2119],[-95.4701,32.2121],[-95.4692,32.211],[-95.47,32.2093],[-95.4679,32.2065],[-95.4686,32.2054],[-95.4706,32.2055],[-95.4705,32.2041],[-95.4675,32.2047],[-95.4656,32.2042],[-95.4643,32.2019],[-95.4625,32.2015],[-95.465,32.197],[-95.4632,32.1944],[-95.4659,32.1927],[-95.4644,32.191],[-95.4654,32.19],[-95.4671,32.1911],[-95.4683,32.1905],[-95.4681,32.1876],[-95.4645,32.1854],[-95.4651,32.1838],[-95.464,32.1833],[-95.4623,32.184],[-95.4616,32.1829],[-95.4631,32.1798],[-95.4652,32.1805],[-95.4659,32.1787],[-95.4689,32.1804],[-95.471,32.1787],[-95.4697,32.1778],[-95.4703,32.1755],[-95.4694,32.1745],[-95.4715,32.1723],[-95.4694,32.1704],[-95.4712,32.1705],[-95.4715,32.1686],[-95.4738,32.1689],[-95.4753,32.1659],[-95.4755,32.1623],[-95.479,32.1587],[-95.4776,32.1569],[-95.4798,32.1519],[-95.4786,32.15],[-95.4786,32.1472],[-95.4762,32.1449],[-95.4732,32.1451],[-95.4692,32.1435],[-95.4601,32.1358],[-95.462,32.1338],[-95.4608,32.129],[-95.4622,32.129],[-95.4612,32.1274],[-95.4615,32.1237],[-95.4593,32.1218],[-95.46,32.1186],[-95.4574,32.1159],[-95.4573,32.1126],[-95.4548,32.1123],[-95.4544,32.1096],[-95.4526,32.1098],[-95.4523,32.1077],[-95.4471,32.1073],[-95.4459,32.1043],[-95.4427,32.1023],[-95.4435,32.0988],[-95.4417,32.0991],[-95.4403,32.0958],[-95.4383,32.0955],[-95.4368,32.0965],[-95.4316,32.0939],[-95.4299,32.0919],[-95.4307,32.0912],[-95.4291,32.0902],[-95.4285,32.0844],[-95.4241,32.0839],[-95.4238,32.0823],[-95.426,32.077],[-95.4295,32.0769],[-95.4294,32.076],[-95.4316,32.0743],[-95.4312,32.0718],[-95.4371,32.0691],[-95.4385,32.066],[-95.4379,32.0645],[-95.4321,32.061],[-95.4328,32.0589],[-95.4368,32.0576],[-95.4358,32.0535],[-95.4302,32.0501],[-95.4279,32.0507],[-95.4277,32.0519],[-95.4264,32.0502],[-95.4238,32.049],[-95.422,32.0473],[-95.423,32.0453],[-95.4222,32.0423],[-95.4229,32.0415],[-95.4259,32.0419],[-95.4258,32.0393],[-95.4275,32.0387],[-95.4337,32.0405],[-95.4359,32.0399],[-95.4354,32.0381],[-95.438,32.0361],[-95.4387,32.0333],[-95.4383,32.0321],[-95.4366,32.0324],[-95.4345,32.0306],[-95.432,32.0303],[-95.428,32.0239],[-95.4254,32.0221],[-95.4258,32.0208],[-95.4241,32.0189],[-95.426,32.0179],[-95.4263,32.0161],[-95.4282,32.0152],[-95.4274,32.0126],[-95.4296,32.0086],[-95.4286,32.0077],[-95.4298,32.0062],[-95.4314,32.0062],[-95.4306,32.0076],[-95.4337,32.009],[-95.4352,32.0074],[-95.4357,32.0048],[-95.4383,32.0031],[-95.4417,32.0043],[-95.442,32.0025],[-95.4461,31.9994],[-95.4458,31.9946],[-95.4492,31.9926],[-95.4495,31.989],[-95.4507,31.9874],[-95.4483,31.9852],[-95.4509,31.9823],[-95.4512,31.9809],[-95.4501,31.9799],[-95.4517,31.9796],[-95.4529,31.9768],[-95.4504,31.9744],[-95.4513,31.9713],[-95.4496,31.9693],[-95.4499,31.9682],[-95.4472,31.9688],[-95.4462,31.9676],[-95.4436,31.9669],[-95.4439,31.9631],[-95.447,31.9635],[-95.4485,31.9617],[-95.4508,31.9639],[-95.4535,31.9608],[-95.4499,31.9545],[-95.448,31.9549],[-95.4485,31.9516],[-95.4458,31.9461],[-95.4361,31.9363],[-95.4317,31.9332],[-95.4269,31.9316],[-95.424,31.9321],[-95.4232,31.9267],[-95.4202,31.9264],[-95.4206,31.9245],[-95.4226,31.925],[-95.424,31.9228],[-95.4243,31.9193],[-95.4266,31.9197],[-95.4263,31.9166],[-95.4299,31.9159],[-95.429,31.9129],[-95.4319,31.9138],[-95.4299,31.9094],[-95.4305,31.9086],[-95.4283,31.9055],[-95.4307,31.9044],[-95.4292,31.9012],[-95.431,31.9015],[-95.4318,31.9032],[-95.4375,31.9017],[-95.4376,31.8977],[-95.4348,31.897],[-95.435,31.8947],[-95.4367,31.896],[-95.4368,31.8943],[-95.4351,31.8946],[-95.4312,31.8925],[-95.4314,31.8913],[-95.4328,31.8907],[-95.4334,31.8879],[-95.4316,31.8854],[-95.4323,31.8811],[-95.431,31.88],[-95.4331,31.8785],[-95.4319,31.8778],[-95.432,31.8766],[-95.4339,31.8767],[-95.4333,31.8755],[-95.4346,31.8733],[-95.4369,31.8742],[-95.4367,31.8759],[-95.4389,31.8762],[-95.4374,31.8745],[-95.4394,31.872],[-95.4375,31.8718],[-95.4383,31.8704],[-95.4366,31.8701],[-95.4348,31.8666],[-95.4421,31.8626],[-95.4433,31.8578],[-95.4452,31.858],[-95.4443,31.8552],[-95.446,31.8543],[-95.4447,31.854],[-95.444,31.8509],[-95.4452,31.8506],[-95.446,31.848],[-95.4439,31.8459],[-95.4462,31.8451],[-95.4469,31.8432],[-95.4451,31.8435],[-95.4444,31.8429],[-95.444,31.8441],[-95.4422,31.8441],[-95.4433,31.8424],[-95.4405,31.8416],[-95.4377,31.8433],[-95.4344,31.8406],[-95.4304,31.8392],[-95.4293,31.8397],[-95.4306,31.8414],[-95.4273,31.8403],[-95.4273,31.8417],[-95.4254,31.8415],[-95.4202,31.8357],[-95.4184,31.837],[-95.417,31.8358],[-95.4168,31.8373],[-95.4124,31.8347],[-95.4128,31.8324],[-95.4102,31.8341],[-95.411,31.8319],[-95.4119,31.8319],[-95.4109,31.8301],[-95.4122,31.8291],[-95.4107,31.8277],[-95.4114,31.8271],[-95.4121,31.8276],[-95.4125,31.8263],[-95.4113,31.8251],[-95.4077,31.8245],[-95.4081,31.8232],[-95.4037,31.8218],[-95.4029,31.819],[-95.4008,31.8186],[-95.4017,31.8171],[-95.4006,31.8159],[-95.4013,31.814],[-95.4,31.8134],[-95.405,31.8102],[-95.404,31.8097],[-95.4043,31.808],[-95.4034,31.8089],[-95.4022,31.8087],[-95.4025,31.8076],[-95.404,31.8073],[-95.4025,31.8057],[-95.4043,31.8033],[-95.4034,31.8004],[-95.4012,31.802],[-95.3995,31.8017],[-95.3984,31.7999],[-95.3995,31.7993],[-95.3992,31.7968],[-95.3973,31.7958],[-95.3991,31.7939],[-95.3969,31.7943],[-95.3951,31.7935],[-95.3954,31.7917],[-95.3967,31.7909],[-95.3951,31.7912],[-95.3953,31.7889],[-95.3941,31.7872],[-95.3949,31.785],[-95.394,31.7846],[-95.3964,31.7831],[-95.3947,31.7811],[-95.3963,31.7789],[-95.3967,31.7758],[-95.398,31.7752],[-95.3972,31.7741],[-95.3991,31.775],[-95.3994,31.7744],[-95.3978,31.7729],[-95.3985,31.7714],[-95.3966,31.7718],[-95.398,31.7687],[-95.3965,31.7653],[-95.3982,31.7656],[-95.3994,31.7681],[-95.4003,31.7679],[-95.3995,31.7649],[-95.4011,31.765],[-95.3999,31.7632],[-95.402,31.7625],[-95.4021,31.7616],[-95.3994,31.7603],[-95.3973,31.7624],[-95.3944,31.7633],[-95.3919,31.7616],[-95.3924,31.7597],[-95.3892,31.7573],[-95.3879,31.7586],[-95.3852,31.7569],[-95.3849,31.7586],[-95.3839,31.7585],[-95.3837,31.7553],[-95.3816,31.7548],[-95.3818,31.7534],[-95.3808,31.7526],[-95.3796,31.7524],[-95.3799,31.7546],[-95.3776,31.7564],[-95.3768,31.7538],[-95.3737,31.7536],[-95.3731,31.7517],[-95.3709,31.7526],[-95.365,31.7518],[-95.3628,31.7525],[-95.3608,31.7492],[-95.3594,31.75],[-95.3582,31.7493],[-95.3581,31.7479],[-95.3607,31.7453],[-95.36,31.7442],[-95.3626,31.7433],[-95.3612,31.7418],[-95.3599,31.7425],[-95.3591,31.7411],[-95.3631,31.737],[-95.3651,31.7369],[-95.3644,31.7398],[-95.3666,31.7401],[-95.3727,31.7361],[-95.3686,31.735],[-95.3702,31.7347],[-95.3708,31.7331],[-95.3674,31.7313],[-95.3669,31.7303],[-95.3686,31.7292],[-95.3663,31.729],[-95.3664,31.7268],[-95.3626,31.7274],[-95.3619,31.7288],[-95.3603,31.729],[-95.3547,31.7278],[-95.3534,31.7314],[-95.3496,31.7317],[-95.3466,31.7338],[-95.3416,31.7353],[-95.3406,31.7348],[-95.3406,31.7333],[-95.3386,31.7354],[-95.3354,31.7349],[-95.3331,31.7327],[-95.3327,31.728],[-95.3371,31.7272],[-95.3352,31.7263],[-95.3397,31.7202],[-95.3407,31.7218],[-95.3394,31.7219],[-95.3399,31.7235],[-95.3418,31.7226],[-95.3425,31.718],[-95.3379,31.7163],[-95.3367,31.7146],[-95.335,31.7142],[-95.334,31.7121],[-95.3316,31.7129],[-95.3328,31.7142],[-95.3324,31.7156],[-95.3349,31.7156],[-95.3334,31.7174],[-95.3315,31.7174],[-95.3323,31.7185],[-95.3279,31.717],[-95.328,31.7157],[-95.3268,31.7159],[-95.3274,31.7149],[-95.3264,31.7146],[-95.3244,31.7111],[-95.3254,31.7091],[-95.3285,31.7079],[-95.3257,31.705],[-95.3241,31.7055],[-95.3257,31.7037],[-95.3216,31.7044],[-95.317,31.7065],[-95.3114,31.7062],[-95.3105,31.7031],[-95.3122,31.7016],[-95.3117,31.6969],[-95.3062,31.6935],[-95.3014,31.6941],[-95.3013,31.6934],[-95.3037,31.6922],[-95.3027,31.6914],[-95.3033,31.6905],[-95.3047,31.6904],[-95.3041,31.6891],[-95.2975,31.6861],[-95.2939,31.6858],[-95.2929,31.6841],[-95.2898,31.6841],[-95.2901,31.6821],[-95.2874,31.681],[-95.2884,31.6795],[-95.2861,31.6781],[-95.2861,31.6767],[-95.2849,31.676],[-95.2832,31.6764],[-95.2825,31.6727],[-95.2858,31.6712],[-95.2851,31.6674],[-95.2829,31.6658],[-95.2832,31.6649],[-95.282,31.665],[-95.282,31.6634],[-95.2837,31.6632],[-95.2829,31.6624],[-95.2803,31.6625],[-95.28,31.6619],[-95.2813,31.6616],[-95.2794,31.6614],[-95.2797,31.6597],[-95.278,31.661],[-95.2758,31.6569],[-95.2787,31.6544],[-95.2786,31.6532],[-95.2802,31.6554],[-95.2813,31.6547],[-95.2793,31.6518],[-95.2827,31.6516],[-95.2823,31.6505],[-95.2836,31.6494],[-95.2823,31.6481],[-95.2825,31.6461],[-95.2834,31.6456],[-95.2854,31.6466],[-95.2843,31.6477],[-95.2847,31.6485],[-95.2862,31.6477],[-95.2868,31.644],[-95.2834,31.643],[-95.2856,31.6419],[-95.2819,31.6387],[-95.2817,31.6364],[-95.2828,31.6322],[-95.2879,31.6329],[-95.2832,31.6267],[-95.2816,31.6267],[-95.2817,31.6254],[-95.2771,31.6248],[-95.2759,31.6255],[-95.2751,31.6249],[-95.2759,31.6238],[-95.2739,31.6236],[-95.2712,31.6251],[-95.265,31.6244],[-95.264,31.6206],[-95.2618,31.6192],[-95.2629,31.6163],[-95.2604,31.6126],[-95.2606,31.6091],[-95.2588,31.6104],[-95.2627,31.6042],[-95.2621,31.6027],[-95.2659,31.6023],[-95.2691,31.5993],[-95.2702,31.5963],[-95.2696,31.5951],[-95.2728,31.5948],[-95.2733,31.5964],[-95.2752,31.595],[-95.2745,31.593],[-95.2732,31.5929],[-95.274,31.5914],[-95.273,31.5905],[-95.2701,31.5916],[-95.2692,31.5872],[-95.2669,31.5841],[-95.2648,31.5839],[-95.2638,31.5817],[-95.262,31.581],[-95.2603,31.5771],[-95.257,31.5765],[-95.2552,31.5748],[-95.2518,31.5764],[-95.2504,31.5754],[-95.241,31.5747],[-95.2408,31.5764],[-95.2398,31.5767],[-95.2302,31.5735],[-95.2283,31.5754],[-95.2308,31.5759],[-95.2316,31.577],[-95.2277,31.5763],[-95.226,31.5774],[-95.2213,31.5757],[-95.2206,31.5743],[-95.2195,31.5745],[-95.2184,31.5734],[-95.2139,31.5727],[-95.2114,31.5733],[-95.211,31.5719],[-95.2088,31.5731],[-95.2083,31.5719],[-95.2095,31.5708],[-95.2085,31.5702],[-95.2027,31.5734],[-95.1979,31.5715],[-95.1972,31.573],[-95.1988,31.5735],[-95.1983,31.5741],[-95.1947,31.5747],[-95.1926,31.5733],[-95.193,31.5752],[-95.1917,31.5771],[-95.1859,31.5789],[-95.1849,31.5782],[-95.1806,31.5806],[-95.1794,31.5804],[-95.1764,31.5848],[-95.1719,31.5849],[-95.1706,31.5831],[-95.1685,31.5837],[-95.171,31.5811],[-95.1622,31.5777],[-95.1616,31.5732],[-95.1582,31.5716],[-95.1566,31.5724],[-95.157,31.5709],[-95.155,31.5712],[-95.1497,31.5696],[-95.1492,31.5688],[-95.151,31.5659],[-95.1474,31.5632],[-95.1465,31.564],[-95.1437,31.5628],[-95.1431,31.5647],[-95.1396,31.5628],[-95.1394,31.5614],[-95.1418,31.5579],[-95.1461,31.5556],[-95.1473,31.5538],[-95.147,31.5503],[-95.1432,31.544],[-95.1442,31.5419],[-95.1461,31.5429],[-95.1434,31.5396],[-95.135,31.5404],[-95.1284,31.5377],[-95.1264,31.5383],[-95.1253,31.5372],[-95.1262,31.5343],[-95.1237,31.5311],[-95.1229,31.5314],[-95.1232,31.5342],[-95.1205,31.5347],[-95.1204,31.5327],[-95.1101,31.528],[-95.1081,31.5261],[-95.1101,31.5243],[-95.108,31.5229],[-95.1058,31.5242],[-95.1043,31.5228],[-95.1033,31.5234],[-95.103,31.5216],[-95.1,31.5189],[-95.0989,31.5141],[-95.0999,31.5118],[-95.097,31.5111],[-95.0966,31.5095],[-95.0977,31.5089],[-95.1002,31.5108],[-95.1007,31.5088],[-95.0974,31.5059],[-95.0983,31.5044],[-95.0941,31.5039],[-95.0959,31.4993],[-95.0944,31.4987],[-95.0958,31.4978],[-95.0978,31.4984],[-95.0983,31.4934],[-95.101,31.496],[-95.1025,31.4937],[-95.1038,31.4952],[-95.1056,31.4947],[-95.1049,31.4921],[-95.1097,31.4891],[-95.1089,31.4859],[-95.1111,31.4838],[-95.1062,31.4829],[-95.1068,31.4806],[-95.1031,31.4787],[-95.1026,31.4752],[-95.1035,31.4744],[-95.1017,31.4739],[-95.0984,31.4748],[-95.0988,31.4767],[-95.0978,31.4764],[-95.0974,31.4745],[-95.1011,31.4714],[-95.1014,31.4699],[-95.1001,31.4691],[-95.1007,31.4683],[-95.0953,31.4679],[-95.0924,31.4694],[-95.0913,31.467],[-95.0883,31.466],[-95.0814,31.4682],[-95.0806,31.4699],[-95.0785,31.4674],[-95.0742,31.4669],[-95.0737,31.4639],[-95.0723,31.4635],[-95.0673,31.4663],[-95.0664,31.4701],[-95.0675,31.4703],[-95.0685,31.4693],[-95.0691,31.4704],[-95.0647,31.4713],[-95.0622,31.4693],[-95.0623,31.4675],[-95.0605,31.468],[-95.057,31.4648],[-95.0586,31.4637],[-95.055,31.462],[-95.0558,31.4602],[-95.0522,31.459],[-95.0511,31.4564],[-95.0517,31.4531],[-95.0485,31.451],[-95.0489,31.4495],[-95.0447,31.4463],[-95.0452,31.4451],[-95.0392,31.4467],[-95.0345,31.4448],[-95.0353,31.4435],[-95.031,31.4434],[-95.0324,31.4448],[-95.0319,31.4456],[-95.0237,31.4426],[-95.0166,31.4449],[-95.0165,31.4457],[-95.0124,31.444],[-95.0073,31.4446],[-95.0076,31.4429],[-95.0063,31.4428],[-95.0062,31.4417],[-95.005,31.442],[-95.0052,31.4399],[-95.0113,31.4378],[-95.0121,31.4356],[-95.0108,31.4342],[-95.0071,31.4332],[-95.0077,31.4312],[-95.0065,31.4295],[-95.004,31.4286],[-95.0033,31.4257],[-94.8659,31.5269],[-94.8639,31.5256],[-94.8649,31.5204],[-94.8625,31.5213],[-94.8601,31.5195],[-94.8629,31.5172],[-94.8608,31.5161],[-94.861,31.5146],[-94.8584,31.5129],[-94.8564,31.5136],[-94.8574,31.5118],[-94.8554,31.5101],[-94.8539,31.5116],[-94.8517,31.5112],[-94.8532,31.5087],[-94.8517,31.5086],[-94.8525,31.5062],[-94.8511,31.5052],[-94.8495,31.5078],[-94.844,31.5061],[-94.8419,31.5077],[-94.84,31.5077],[-94.8405,31.5054],[-94.8392,31.5042],[-94.8408,31.5021],[-94.8388,31.5024],[-94.8385,31.5014],[-94.8344,31.5023],[-94.8337,31.4975],[-94.8364,31.496],[-94.834,31.4941],[-94.8326,31.4944],[-94.8328,31.4929],[-94.8302,31.4937],[-94.8283,31.4907],[-94.8264,31.4916],[-94.826,31.4901],[-94.825,31.4903],[-94.8261,31.4885],[-94.8237,31.4871],[-94.8238,31.485],[-94.8228,31.4839],[-94.8203,31.4835],[-94.8203,31.4864],[-94.8192,31.4872],[-94.8159,31.487],[-94.8153,31.4856],[-94.8125,31.484],[-94.81,31.4847],[-94.812,31.4866],[-94.8116,31.4877],[-94.8082,31.4888],[-94.8085,31.4897],[-94.8053,31.4883],[-94.8039,31.4905],[-94.803,31.4889],[-94.8015,31.489],[-94.8038,31.4873],[-94.8003,31.4865],[-94.7998,31.4851],[-94.7977,31.486],[-94.7926,31.4818],[-94.7933,31.4806],[-94.7925,31.4793],[-94.791,31.4805],[-94.7888,31.4804],[-94.7888,31.4795],[-94.7875,31.4794],[-94.7858,31.4808],[-94.7846,31.48],[-94.7813,31.4814],[-94.7792,31.4801],[-94.7773,31.4805],[-94.7737,31.4775],[-94.7707,31.4774],[-94.772,31.4759],[-94.7697,31.4766],[-94.7695,31.4758],[-94.7722,31.4741],[-94.7707,31.4735],[-94.7692,31.4748],[-94.7669,31.4715],[-94.765,31.4721],[-94.7654,31.4699],[-94.7645,31.4692],[-94.7627,31.4694],[-94.7615,31.4715],[-94.7598,31.4699],[-94.7588,31.4711],[-94.7564,31.4705],[-94.7556,31.4717],[-94.7554,31.4705],[-94.7504,31.4692],[-94.7486,31.4673],[-94.7463,31.4679],[-94.7438,31.4656],[-94.7421,31.466],[-94.7412,31.4649],[-94.7408,31.4668],[-94.7393,31.465],[-94.7407,31.4643],[-94.7385,31.4643],[-94.7391,31.4631],[-94.7366,31.4639],[-94.7359,31.4625],[-94.7348,31.4628],[-94.7355,31.4645],[-94.7338,31.4653],[-94.7285,31.4608],[-94.7293,31.4598],[-94.7286,31.4572],[-94.7218,31.4571],[-94.721,31.4559],[-94.7207,31.4573],[-94.7218,31.4585],[-94.7209,31.4593],[-94.7167,31.4578],[-94.7171,31.4564],[-94.7151,31.4574],[-94.709,31.4576],[-94.7041,31.4567],[-94.7045,31.456],[-94.7025,31.4556],[-94.7015,31.4536],[-94.6981,31.4524],[-94.6957,31.4524],[-94.6953,31.4517],[-94.6936,31.4534],[-94.6921,31.452],[-94.6888,31.452],[-94.6863,31.4508],[-94.683,31.4523],[-94.6788,31.4521],[-94.6776,31.4539],[-94.6763,31.4537],[-94.6766,31.455],[-94.6744,31.4537],[-94.6741,31.4525],[-94.6737,31.4563],[-94.6715,31.4548],[-94.6709,31.4568],[-94.6666,31.4574],[-94.6644,31.4596],[-94.6628,31.4588],[-94.6608,31.4544],[-94.659,31.454],[-94.6603,31.4524],[-94.6492,31.4482],[-94.6412,31.4438],[-94.6348,31.444],[-94.6358,31.4409],[-94.633,31.4413],[-94.6324,31.4447],[-94.6303,31.4441],[-94.6267,31.4424],[-94.627,31.4413],[-94.629,31.4405],[-94.6279,31.4389],[-94.6255,31.4403],[-94.6228,31.4394],[-94.6219,31.4422],[-94.6213,31.4403],[-94.6188,31.4391],[-94.6188,31.4413],[-94.6174,31.4415],[-94.6164,31.4402],[-94.6154,31.4409],[-94.6145,31.4403],[-94.6137,31.4416],[-94.6117,31.4423],[-94.6095,31.4402],[-94.6077,31.4406],[-94.6069,31.4427],[-94.6073,31.4401],[-94.6042,31.4405],[-94.6038,31.4421],[-94.6054,31.4434],[-94.6035,31.4434],[-94.6023,31.4419],[-94.6022,31.4454],[-94.5987,31.4476],[-94.5963,31.4471],[-94.5943,31.4494],[-94.591,31.4475],[-94.592,31.4468],[-94.5937,31.4474],[-94.5953,31.4445],[-94.5897,31.4438],[-94.5892,31.4476],[-94.5884,31.4476],[-94.5882,31.4466],[-94.5868,31.4469],[-94.5883,31.4452],[-94.5862,31.4445],[-94.5875,31.4438],[-94.5873,31.4427],[-94.5856,31.4426],[-94.5843,31.4442],[-94.5829,31.4437],[-94.5836,31.4409],[-94.5821,31.4401],[-94.5834,31.4394],[-94.582,31.4389],[-94.5836,31.4378],[-94.5834,31.4359],[-94.5847,31.4351],[-94.5815,31.4332],[-94.5721,31.4325],[-94.566,31.433],[-94.5606,31.4352],[-94.5561,31.4335],[-94.5554,31.4352],[-94.5523,31.4331],[-94.5506,31.4333],[-94.5514,31.431],[-94.5487,31.4301],[-94.5451,31.4319],[-94.5469,31.429],[-94.547,31.4269],[-94.5454,31.4264],[-94.5459,31.4254],[-94.5447,31.4248],[-94.5464,31.4226],[-94.5463,31.4211],[-94.5423,31.4187],[-94.5436,31.4167],[-94.5413,31.4132],[-94.5417,31.4103],[-94.5404,31.4105],[-94.5424,31.405],[-94.5408,31.4009],[-94.5381,31.4001],[-94.5376,31.3986],[-94.5333,31.4001],[-94.5314,31.3985],[-94.5307,31.3996],[-94.529,31.3985],[-94.5269,31.4007],[-94.5245,31.4006],[-94.5213,31.4025],[-94.5207,31.4009],[-94.5192,31.401],[-94.5169,31.4021],[-94.5165,31.4046],[-94.52,31.4048],[-94.5185,31.4064],[-94.5157,31.407],[-94.5166,31.4089],[-94.5111,31.4099],[-94.5116,31.4116],[-94.5103,31.4116],[-94.5074,31.4109],[-94.5072,31.4084],[-94.5045,31.4063],[-94.5035,31.4076],[-94.5052,31.4101],[-94.5028,31.4108],[-94.4981,31.4047],[-94.4966,31.4061],[-94.4943,31.4024],[-94.4924,31.4025],[-94.4917,31.4003],[-94.4938,31.399],[-94.4897,31.399],[-94.4903,31.3974],[-94.4932,31.3971],[-94.4925,31.3947],[-94.4909,31.395],[-94.4892,31.3937],[-94.4881,31.3951],[-94.4864,31.3948],[-94.4868,31.3898],[-94.4846,31.3905],[-94.4837,31.3883],[-94.4807,31.3879],[-94.478,31.3864],[-94.477,31.3841],[-94.4761,31.3847],[-94.4763,31.3869],[-94.4742,31.3856],[-94.4744,31.3875],[-94.4715,31.3851],[-94.4743,31.3832],[-94.4735,31.3814],[-94.472,31.3816],[-94.4716,31.3833],[-94.4695,31.3838],[-94.4685,31.3817],[-94.4694,31.3801],[-94.468,31.3803],[-94.4661,31.3783],[-94.4695,31.3786],[-94.47,31.3773],[-94.4664,31.3755],[-94.4683,31.3745],[-94.4702,31.375],[-94.4715,31.3737],[-94.4708,31.3723],[-94.4688,31.3722],[-94.4695,31.3692],[-94.4685,31.3691],[-94.4682,31.3661],[-94.4661,31.3645],[-94.4641,31.3605],[-94.4615,31.3604],[-94.462,31.3549],[-94.4595,31.3526],[-94.456,31.3519],[-94.4576,31.35],[-94.4569,31.3453],[-94.4586,31.3438],[-94.4582,31.3412],[-94.4557,31.3392],[-94.4536,31.3408],[-94.4523,31.3404],[-94.4521,31.3381],[-94.4546,31.3377],[-94.4553,31.3364],[-94.4522,31.3315],[-94.4525,31.3299],[-94.451,31.3304],[-94.4497,31.3295],[-94.4495,31.3284],[-94.4511,31.3278],[-94.4492,31.325],[-94.4494,31.3213],[-94.4479,31.3196],[-94.4477,31.3178],[-94.4467,31.3176],[-94.4452,31.3199],[-94.4413,31.3167],[-94.4417,31.3187],[-94.4408,31.3189],[-94.4381,31.3126],[-94.434,31.3134],[-94.433,31.3119],[-94.4323,31.3149],[-94.4302,31.3124],[-94.4293,31.3121],[-94.4282,31.3135],[-94.4248,31.3109],[-94.4216,31.3102],[-94.4225,31.3085],[-94.4214,31.3076],[-94.4185,31.3098],[-94.4157,31.3088],[-94.4112,31.3094],[-94.4101,31.3065],[-94.4096,31.3073],[-94.4062,31.3077],[-94.4073,31.3063],[-94.4052,31.3059],[-94.4059,31.304],[-94.4028,31.304],[-94.4007,31.302],[-94.4015,31.301],[-94.4008,31.3006],[-94.396,31.3024],[-94.3952,31.3019],[-94.3957,31.3001],[-94.3929,31.299],[-94.3933,31.2978],[-94.3896,31.2936],[-94.3864,31.2919],[-94.3871,31.2902],[-94.3854,31.29],[-94.3874,31.2831],[-94.3866,31.2813],[-94.3836,31.282],[-94.3826,31.2811],[-94.383,31.2741],[-94.3808,31.2756],[-94.378,31.2729],[-94.3769,31.2744],[-94.3763,31.274],[-94.3727,31.2639],[-94.3716,31.2636],[-94.3702,31.2649],[-94.3667,31.261],[-94.3576,31.2596],[-94.3592,31.2576],[-94.3594,31.2543],[-94.3565,31.2545],[-94.3557,31.2525],[-94.3564,31.2513],[-94.3543,31.2512],[-94.3572,31.2469],[-94.3535,31.2486],[-94.3505,31.2475],[-94.3525,31.2467],[-94.3526,31.2458],[-94.3502,31.2438],[-94.3483,31.2443],[-94.347,31.2429],[-94.3495,31.2409],[-94.3487,31.2383],[-94.3467,31.2364],[-94.3437,31.2366],[-94.3433,31.2347],[-94.3416,31.2339],[-94.3416,31.2318],[-94.3385,31.2293],[-94.3386,31.2311],[-94.3354,31.2296],[-94.3363,31.2279],[-94.3338,31.2267],[-94.3356,31.2251],[-94.335,31.2232],[-94.328,31.2232],[-94.33,31.2244],[-94.3276,31.2255],[-94.3248,31.2238],[-94.3214,31.2245],[-94.3208,31.2217],[-94.318,31.2234],[-94.3126,31.2237],[-94.3116,31.2226],[-94.3131,31.2213],[-94.3108,31.2196],[-94.3125,31.2187],[-94.3124,31.2179],[-94.3092,31.2178],[-94.3074,31.2147],[-94.3034,31.215],[-94.3035,31.2138],[-94.3064,31.2133],[-94.3031,31.2124],[-94.3028,31.2114],[-94.2991,31.2126],[-94.2966,31.212],[-94.2944,31.2126],[-94.2938,31.2088],[-94.2926,31.2077],[-94.2904,31.2076],[-94.2913,31.206],[-94.2886,31.2016],[-94.2822,31.2022],[-94.2804,31.2004],[-94.2774,31.2011],[-94.2765,31.2002],[-94.2784,31.1996],[-94.278,31.1985],[-94.2743,31.1993],[-94.2699,31.1962],[-94.2644,31.1908],[-94.2663,31.1878],[-94.2655,31.1845],[-94.2622,31.1803],[-94.2604,31.1804],[-94.2608,31.1831],[-94.2558,31.1823],[-94.2554,31.1852],[-94.2506,31.1883],[-94.2498,31.1869],[-94.2517,31.1841],[-94.2472,31.1845],[-94.2459,31.1801],[-94.249,31.1787],[-94.2489,31.1772],[-94.2449,31.1767],[-94.2388,31.1803],[-94.2378,31.1779],[-94.2325,31.1774],[-94.2333,31.1751],[-94.2288,31.1763],[-94.2264,31.175],[-94.2248,31.1761],[-94.2233,31.1737],[-94.219,31.1733],[-94.2188,31.1722],[-94.2207,31.1714],[-94.2197,31.1701],[-94.2196,31.1644],[-94.2161,31.1627],[-94.2159,31.16],[-94.2112,31.1601],[-94.2124,31.1582],[-94.2118,31.1572],[-94.2069,31.1564],[-94.2029,31.154],[-94.2036,31.1508],[-94.2067,31.1523],[-94.2075,31.152],[-94.2071,31.1505],[-94.1992,31.1456],[-94.1988,31.1444],[-94.2012,31.1442],[-94.1984,31.1416],[-94.1946,31.1396],[-94.1922,31.1405],[-94.1894,31.1394],[-94.1927,31.1355],[-94.1916,31.135],[-94.1898,31.1373],[-94.1885,31.1375],[-94.1899,31.1344],[-94.1863,31.1316],[-94.1817,31.1298],[-94.1781,31.1237],[-94.1732,31.1263],[-94.1722,31.1242],[-94.1692,31.1223],[-94.1664,31.1241],[-94.1615,31.1224],[-94.1592,31.1193],[-94.1574,31.1188],[-94.1576,31.1146],[-94.1548,31.1161],[-94.1517,31.1147],[-94.1442,31.1152],[-94.1448,31.1122],[-94.1412,31.1102],[-94.1423,31.1069],[-94.1397,31.1079],[-94.1392,31.1071],[-94.1405,31.1048],[-94.1377,31.1052],[-94.1356,31.1073],[-94.1332,31.1075],[-94.1303,31.1051],[-94.1321,31.1014],[-94.1296,31.0993],[-94.0641,31.1123],[-94.0629,31.1149],[-94.0623,31.1124],[-94.0608,31.114],[-94.0608,31.1126],[-94.0589,31.1132],[-94.0583,31.1118],[-94.0571,31.1127],[-94.0566,31.1117],[-94.0556,31.1125],[-94.0578,31.1133],[-94.0571,31.1143],[-94.0552,31.1135],[-94.0548,31.1145],[-94.0516,31.1152],[-94.051,31.1145],[-94.05,31.1163],[-94.0496,31.1155],[-94.0483,31.1156],[-94.0489,31.1167],[-94.0473,31.1177],[-94.0457,31.1166],[-94.0455,31.1183],[-94.0423,31.1194],[-94.0418,31.1225],[-94.0402,31.1235],[-94.0401,31.1247],[-94.0413,31.1255],[-94.0387,31.127],[-94.0378,31.1294],[-94.0384,31.1305],[-94.04,31.1301],[-94.0388,31.1325],[-94.0397,31.1331],[-94.0385,31.1333],[-94.0398,31.1335],[-94.039,31.1343],[-93.9112,31.1581],[-93.6003,31.1762],[-93.6024,31.1825],[-93.6016,31.1875],[-93.6019,31.1994],[-93.6073,31.2054],[-93.6035,31.2107],[-93.6035,31.2167],[-93.5953,31.2203],[-93.5953,31.2218],[-93.5994,31.2249],[-93.5963,31.2295],[-93.5984,31.2311],[-93.6082,31.2278],[-93.6098,31.2291],[-93.6107,31.2322],[-93.6125,31.2327],[-93.6165,31.232],[-93.6181,31.2327],[-93.6163,31.2368],[-93.6171,31.241],[-93.6163,31.2446],[-93.6201,31.247],[-93.6218,31.2491],[-93.6143,31.2516],[-93.6139,31.2529],[-93.6156,31.2551],[-93.6139,31.2594],[-93.6153,31.2619],[-93.6199,31.2652],[-93.6203,31.271],[-93.6425,31.2695],[-93.6439,31.2712],[-93.6446,31.2778],[-93.6486,31.2842],[-93.6512,31.2845],[-93.6587,31.2816],[-93.6689,31.298],[-93.6754,31.301],[-93.6836,31.3015],[-93.6862,31.304],[-93.6877,31.3073],[-93.6875,31.3108],[-93.684,31.3146],[-93.6829,31.319],[-93.6763,31.3214],[-93.6738,31.3239],[-93.674,31.3262],[-93.6773,31.3305],[-93.669,31.3388],[-93.6695,31.3506],[-93.6684,31.353],[-93.6459,31.359],[-93.6441,31.3655],[-93.6412,31.3682],[-93.6393,31.3724],[-93.6414,31.3725],[-93.6441,31.3706],[-93.6483,31.3709],[-93.6583,31.3668],[-93.6673,31.3654],[-93.671,31.3662],[-93.6738,31.3706],[-93.6724,31.3712],[-93.6694,31.3705],[-93.669,31.3714],[-93.6702,31.3872],[-93.6716,31.3934],[-93.6741,31.3977],[-93.6766,31.3987],[-93.6821,31.3983],[-93.6903,31.4066],[-93.6959,31.4094],[-93.7016,31.4093],[-93.7049,31.4109],[-93.7047,31.4189],[-93.703,31.4204],[-93.6925,31.4382],[-93.6933,31.4401],[-93.7095,31.442],[-93.7038,31.4538],[-93.7039,31.4555],[-93.7066,31.4568],[-93.7091,31.4567],[-93.709,31.4534],[-93.71,31.4528],[-93.7117,31.453],[-93.7167,31.4575],[-93.7219,31.4534],[-93.7315,31.4575],[-93.7419,31.4659],[-93.7495,31.4687],[-93.7485,31.4748],[-93.7454,31.4781],[-93.7455,31.4804],[-93.7465,31.4818],[-93.748,31.4816],[-93.7514,31.4791],[-93.753,31.4817],[-93.7524,31.4827],[-93.7485,31.4851],[-93.7452,31.4856],[-93.7419,31.4835],[-93.7372,31.4846],[-93.7353,31.4891],[-93.7313,31.4873],[-93.7226,31.4928],[-93.7219,31.4943],[-93.7241,31.4964],[-93.7234,31.5009],[-93.7222,31.502],[-93.7189,31.501],[-93.7175,31.5015],[-93.7172,31.503],[-93.7197,31.5058],[-93.7196,31.5069],[-93.7184,31.5079],[-93.7139,31.5086],[-93.7114,31.5107],[-93.711,31.5122],[-93.7147,31.5142],[-93.7352,31.5135],[-93.7427,31.5157],[-93.7444,31.5179],[-93.7418,31.5172],[-93.7405,31.5181],[-93.7427,31.5266],[-93.7469,31.5279],[-93.7474,31.5307],[-93.7498,31.5298],[-93.7519,31.5275],[-93.7547,31.5299],[-93.7565,31.5305],[-93.7581,31.5299],[-93.7576,31.5276],[-93.7541,31.5264],[-93.7539,31.5253],[-93.7549,31.5248],[-93.7673,31.5241],[-93.785,31.526],[-93.7877,31.5273],[-93.7903,31.5308],[-93.7981,31.534],[-93.7992,31.5381],[-93.8034,31.5388],[-93.7995,31.543],[-93.8033,31.5436],[-93.8083,31.5464],[-93.8103,31.5499],[-93.814,31.5506],[-93.8186,31.5548],[-93.8211,31.5605],[-93.8184,31.5602],[-93.8169,31.5631],[-93.8174,31.5641],[-93.8216,31.5637],[-93.823,31.5681],[-93.8191,31.5689],[-93.8184,31.5709],[-93.8272,31.5785],[-93.8304,31.5794],[-93.8349,31.5862],[-93.8358,31.5914],[-93.8383,31.5947],[-93.8394,31.5992],[-93.8376,31.6018],[-93.8391,31.6035],[-93.8381,31.6068],[-93.8331,31.609],[-93.8328,31.6107],[-93.8279,31.6166],[-93.8259,31.6159],[-93.8279,31.6135],[-93.8271,31.6129],[-93.8226,31.6145],[-93.8187,31.6146],[-93.8188,31.6166],[-93.8272,31.6203],[-93.8258,31.6214],[-93.8238,31.6206],[-93.8172,31.6219],[-93.817,31.6252],[-93.8203,31.6271],[-93.8208,31.629],[-93.82,31.6306],[-93.816,31.6323],[-93.8181,31.6356],[-93.8164,31.6393],[-93.818,31.6479],[-93.8168,31.6489],[-93.8132,31.6465],[-93.8115,31.6474],[-93.8128,31.6504],[-93.817,31.6509],[-93.8195,31.6526],[-93.8214,31.6566],[-93.8257,31.661],[-93.8265,31.6669],[-93.8221,31.674],[-93.8201,31.6726],[-93.8174,31.6721],[-93.8167,31.668],[-93.8124,31.6702],[-93.8125,31.6719],[-93.8163,31.6754],[-93.815,31.6766],[-93.8125,31.677],[-93.811,31.6798],[-93.8069,31.6816],[-93.8063,31.683],[-93.8045,31.6841],[-93.8051,31.687],[-93.8034,31.6878],[-93.7945,31.7021],[-93.7951,31.705],[-93.7974,31.7056],[-93.807,31.7028],[-93.8098,31.7031],[-93.8111,31.7037],[-93.8118,31.7075],[-93.8167,31.7079],[-93.8125,31.7152],[-93.8149,31.7287],[-93.816,31.7301],[-93.8246,31.7344],[-93.8317,31.7455],[-93.8353,31.7472],[-93.8369,31.7502],[-93.8352,31.7528],[-93.8316,31.7546],[-93.8298,31.7606],[-93.8275,31.7609],[-93.8273,31.7594],[-93.8265,31.7592],[-93.8268,31.7638],[-93.8291,31.7633],[-93.8296,31.7642],[-93.8288,31.7656],[-93.8253,31.7672],[-93.8226,31.7736],[-93.8275,31.7777],[-93.8315,31.7769],[-93.8331,31.7775],[-93.8308,31.7791],[-93.8317,31.7809],[-93.8377,31.7808],[-93.8378,31.7837],[-93.8359,31.7852],[-93.8377,31.7879],[-93.8376,31.7898],[-93.8356,31.7945],[-93.8393,31.8003],[-93.8462,31.802],[-93.8476,31.7996],[-93.8515,31.8001],[-93.8535,31.8026],[-93.8534,31.8055],[-93.8593,31.8091],[-93.8614,31.8123],[-93.8673,31.8153],[-93.8708,31.8138],[-93.8733,31.8149],[-93.873,31.8163],[-93.8709,31.8168],[-93.8709,31.8194],[-93.8748,31.8217],[-93.8746,31.8299],[-93.8774,31.8325],[-93.8728,31.8363],[-93.8747,31.8379],[-93.875,31.8409],[-93.8772,31.8419],[-93.8806,31.8415],[-93.8819,31.8422],[-93.8821,31.8441],[-93.8792,31.8441],[-93.879,31.8448],[-93.8841,31.8476],[-93.8846,31.8502],[-93.8821,31.8523],[-93.8829,31.8547],[-93.8889,31.8551],[-93.8894,31.8559],[-93.8819,31.8648],[-93.8817,31.8686],[-93.8849,31.8694],[-93.8844,31.8663],[-93.8854,31.8653],[-93.8887,31.8695],[-93.8909,31.8698],[-93.8934,31.8717],[-93.8933,31.8734],[-93.8916,31.8746],[-93.8921,31.8759],[-93.897,31.876],[-93.8993,31.8739],[-93.9017,31.8746],[-93.901,31.8767],[-93.9019,31.8801],[-93.8965,31.8863],[-93.8972,31.891],[-93.9006,31.8968],[-93.9038,31.8958],[-93.9031,31.8939],[-93.9062,31.8899],[-93.9071,31.8903],[-93.9065,31.8925],[-93.9104,31.892],[-93.9125,31.8901],[-93.9125,31.8925],[-93.915,31.8929],[-93.9162,31.8927],[-93.9169,31.8898],[-93.9197,31.891],[-93.9207,31.8897],[-93.9197,31.8866],[-93.921,31.8859],[-93.9262,31.8887],[-93.9272,31.8909],[-93.9245,31.8929],[-93.9255,31.8946],[-93.9312,31.8915],[-93.9321,31.8937],[-93.9274,31.8983],[-93.9252,31.9025],[-93.9216,31.9044],[-93.9287,31.9126],[-93.9375,31.9092],[-93.9426,31.9104],[-93.9535,31.9106],[-93.9557,31.9128],[-93.956,31.917],[-93.9598,31.9232],[-93.9629,31.9242],[-93.969,31.9202],[-93.9717,31.9204],[-93.9775,31.9264],[-93.9823,31.9398],[-93.987,31.9433],[-93.9897,31.9488],[-93.9957,31.9541],[-94.001,31.9618],[-94.0068,31.9734],[-94.0165,31.9812],[-94.0188,31.9891],[-94.0185,31.9924],[-94.0229,31.9904],[-94.0286,31.9962],[-94.0307,31.9948],[-94.0335,31.9953],[-94.0391,31.9923],[-94.0422,31.9936],[-94.041,31.9963],[-94.0416,31.9987],[-94.0427,31.9993],[-94.043,32.3734],[-94.0432,32.7702],[-94.0429,33.1613],[-94.0433,33.5516],[-94.0499,33.5512],[-94.0518,33.5527],[-94.0618,33.5495],[-94.0654,33.5505],[-94.0734,33.5549],[-94.0738,33.5581],[-94.0719,33.5598],[-94.0673,33.561],[-94.0607,33.5592],[-94.0556,33.5616],[-94.056,33.5671],[-94.0569,33.5679],[-94.0664,33.5689],[-94.0676,33.5699],[-94.0704,33.5774],[-94.0703,33.5819],[-94.0735,33.5848],[-94.0747,33.5842],[-94.0751,33.5827],[-94.0719,33.577],[-94.0725,33.5723],[-94.0818,33.5753],[-94.0919,33.5751],[-94.0963,33.574],[-94.1016,33.5709],[-94.1117,33.5672],[-94.1207,33.567],[-94.1205,33.5618],[-94.1225,33.5535],[-94.1271,33.5506],[-94.1298,33.5514],[-94.1315,33.5531],[-94.1351,33.571],[-94.137,33.571],[-94.1418,33.5666],[-94.1449,33.5652],[-94.1484,33.5657],[-94.1514,33.5685],[-94.151,33.5721],[-94.143,33.5775],[-94.142,33.5811],[-94.1438,33.5821],[-94.146,33.582],[-94.1524,33.5762],[-94.157,33.5758],[-94.1618,33.5803],[-94.161,33.5875],[-94.1618,33.5887],[-94.1798,33.592],[-94.1836,33.5946],[-94.1967,33.5812],[-94.2042,33.5798],[-94.2129,33.5834],[-94.2152,33.5829],[-94.2173,33.5802],[-94.2164,33.5767],[-94.2117,33.5738],[-94.2087,33.5737],[-94.2017,33.5775],[-94.1973,33.576],[-94.1945,33.5737],[-94.1898,33.5616],[-94.1916,33.5572],[-94.1959,33.5551],[-94.1982,33.5552],[-94.2008,33.5573],[-94.2033,33.5659],[-94.2058,33.5671],[-94.2085,33.5666],[-94.2134,33.563],[-94.2206,33.5552],[-94.2283,33.5523],[-94.2375,33.5525],[-94.2493,33.5562],[-94.252,33.5595],[-94.2515,33.5643],[-94.2442,33.5737],[-94.2381,33.5774],[-94.2364,33.5865],[-94.2402,33.5895],[-94.2445,33.5895],[-94.2527,33.5862],[-94.2575,33.5826],[-94.2561,33.5823],[-94.2584,33.574],[-94.2585,33.5624],[-94.2596,33.5592],[-94.2585,33.549],[-94.259,33.4685],[-94.2615,33.4685],[-94.2624,33.4694],[-94.2627,33.4669],[-94.2615,33.4668],[-94.2616,33.4658],[-94.259,33.4653],[-94.2069,33.4597],[-94.1908,33.4553],[-94.1907,33.4236],[-94.1934,33.4232],[-94.1936,33.4194],[-94.2017,33.4193],[-94.2017,33.4146],[-94.2058,33.4144],[-94.2058,33.4039],[-94.2176,33.4025],[-94.2294,33.4],[-94.2375,33.3945],[-94.2585,33.3945],[-94.2583,33.3854],[-94.2633,33.3771],[-94.2972,33.3778],[-94.2946,33.387],[-94.2965,33.3907],[-94.2965,33.398],[-94.304,33.3973],[-94.323,33.3975],[-94.3269,33.4007],[-94.3417,33.4004],[-94.3456,33.4031],[-94.3456,33.4078],[-94.3988,33.4077],[-94.4162,33.4037],[-94.4048,33.3903],[-94.3972,33.3606],[-94.395,33.357],[-94.3955,33.3385],[-94.4011,33.3388],[-94.4094,33.3468],[-94.4132,33.347],[-94.4138,33.3521],[-94.4349,33.352],[-94.4363,33.3461],[-94.4343,33.3425],[-94.433,33.3423],[-94.4344,33.3409],[-94.4322,33.3342],[-94.4329,33.3323],[-94.4302,33.3325],[-94.429,33.329],[-94.425,33.3267],[-94.421,33.3122],[-94.425,33.3097],[-94.4237,33.3086],[-94.4256,33.3081],[-94.4246,33.3075],[-94.4227,33.3086],[-94.4227,33.3076],[-94.4272,33.3064],[-94.4254,33.3054],[-94.4258,33.3042],[-94.4274,33.305],[-94.4283,33.303],[-94.4294,33.3035],[-94.4285,33.3015],[-94.425,33.2999],[-94.4272,33.2923],[-94.4266,33.2913],[-94.424,33.2908],[-94.4267,33.2883],[-94.4286,33.2895],[-94.4307,33.2835],[-94.4336,33.2827],[-94.4338,33.2845],[-94.4324,33.2869],[-94.4343,33.2875],[-94.4378,33.2851],[-94.4365,33.2813],[-94.4385,33.2811],[-94.4403,33.2834],[-94.4413,33.2815],[-94.4442,33.2812],[-94.4491,33.2836],[-94.4529,33.2838],[-94.454,33.2871],[-94.4553,33.2871],[-94.4576,33.285],[-94.4587,33.2854],[-94.4593,33.2896],[-94.4608,33.2895],[-94.462,33.2874],[-94.4636,33.2873],[-94.4631,33.291],[-94.4663,33.2939],[-94.4692,33.2942],[-94.4727,33.2881],[-94.4746,33.2899],[-94.4799,33.2899],[-94.4803,33.2891],[-94.4788,33.2868],[-94.4823,33.2842],[-94.4838,33.285],[-94.4827,33.287],[-94.4852,33.2879],[-94.489,33.2837],[-94.4885,33.2821],[-94.4863,33.2813],[-94.4867,33.2803],[-94.4922,33.28],[-94.4967,33.285],[-94.4965,33.2816],[-94.4975,33.2809],[-94.4994,33.2832],[-94.504,33.2828],[-94.5054,33.2844],[-94.5071,33.2839],[-94.5061,33.2825],[-94.507,33.2813],[-94.5087,33.2829],[-94.5101,33.2818],[-94.5152,33.2826],[-94.5155,33.2814],[-94.5137,33.2801],[-94.5139,33.2791],[-94.5163,33.2802],[-94.5171,33.2819],[-94.5183,33.282],[-94.5193,33.279],[-94.517,33.277],[-94.5183,33.2744],[-94.5203,33.275],[-94.5192,33.2772],[-94.5222,33.2769],[-94.53,33.2673],[-94.5333,33.2663],[-94.5351,33.2668],[-94.5347,33.2697],[-94.5402,33.2696],[-94.5415,33.2686],[-94.5393,33.2676],[-94.54,33.2646],[-94.5412,33.2647],[-94.5424,33.2666],[-94.5436,33.2652],[-94.5451,33.2655],[-94.5459,33.2684],[-94.5493,33.2672],[-94.5499,33.2652],[-94.5526,33.2666],[-94.5545,33.2692],[-94.5569,33.2675],[-94.5557,33.2661],[-94.5585,33.2612],[-94.5629,33.2624],[-94.5654,33.2653],[-94.5664,33.2633],[-94.569,33.2643],[-94.571,33.2609],[-94.5698,33.2578],[-94.5734,33.2567],[-94.5698,33.2546],[-94.5698,33.2535],[-94.573,33.2527],[-94.5725,33.2498],[-94.5747,33.2501],[-94.5756,33.2515],[-94.5794,33.2511],[-94.5784,33.2477],[-94.586,33.2497],[-94.5852,33.2533],[-94.5886,33.2514],[-94.5883,33.2543],[-94.5898,33.2553],[-94.593,33.2551],[-94.5898,33.2587],[-94.5905,33.2594],[-94.6047,33.257],[-94.6054,33.2534],[-94.608,33.2542],[-94.6095,33.2536],[-94.6083,33.2513],[-94.6048,33.2497],[-94.608,33.2475],[-94.6132,33.2492],[-94.6186,33.2468],[-94.6196,33.2495],[-94.6242,33.2521],[-94.6272,33.2505],[-94.6285,33.2506],[-94.6298,33.2522],[-94.6348,33.2514],[-94.636,33.2524],[-94.6417,33.2539],[-94.6415,33.2567],[-94.6426,33.2581],[-94.645,33.2573],[-94.6497,33.2592],[-94.6486,33.2604],[-94.6502,33.2629],[-94.6496,33.2651],[-94.6515,33.2655],[-94.6502,33.268],[-94.6523,33.2689],[-94.6525,33.144],[-94.654,33.073],[-94.654,32.8795],[-94.7059,32.8792],[-94.7078,32.8761],[-94.708,32.8726],[-94.7097,32.8705],[-94.7093,32.8699],[-94.7074,32.8708],[-94.7063,32.8614],[-94.703,32.8607],[-94.7034,32.8617],[-94.7018,32.8627],[-94.6983,32.8602],[-94.6983,32.8567],[-94.6997,32.8561],[-94.7002,32.8514],[-94.6997,32.8489],[-94.6981,32.8481],[-94.699,32.8451],[-94.6977,32.8431],[-94.6871,32.8428],[-94.6887,32.8391],[-94.6861,32.838],[-94.6863,32.8402],[-94.6832,32.8411],[-94.6817,32.8402],[-94.6828,32.8384],[-94.6817,32.8368],[-94.6807,32.8381],[-94.68,32.8363],[-94.6784,32.838],[-94.6765,32.8368],[-94.6749,32.837],[-94.675,32.8384],[-94.6727,32.8371],[-94.6739,32.8359],[-94.6724,32.8348],[-94.7021,32.8205],[-94.7018,32.6522],[-94.7031,32.654],[-94.7026,32.6564],[-94.7039,32.6581],[-94.7069,32.6557],[-94.7088,32.6557],[-94.7085,32.657],[-94.7104,32.6581],[-94.7111,32.6568],[-94.7125,32.658],[-94.7144,32.6576],[-94.7141,32.6566],[-94.7172,32.6563],[-94.717,32.6555],[-94.7181,32.6561],[-94.7192,32.6544],[-94.7217,32.6558],[-94.7241,32.6545],[-94.7277,32.6552],[-94.7293,32.6585],[-94.7322,32.6581],[-94.7344,32.6615],[-94.7355,32.6603],[-94.737,32.6636],[-94.7432,32.6652],[-94.7449,32.6674],[-94.7461,32.6675],[-94.7471,32.6662],[-94.747,32.6603],[-94.7478,32.6611],[-94.7498,32.6608],[-94.7519,32.6626],[-94.753,32.6607],[-94.7585,32.6598],[-94.8202,32.5906],[-94.9722,32.5374],[-94.973,32.5378],[-94.9748,32.5359],[-94.9819,32.5376],[-94.988,32.5369],[-94.9922,32.5291],[-94.9985,32.5219],[-95.0048,32.5209],[-95.01,32.5165],[-95.0175,32.5184],[-95.0225,32.5219],[-95.0177,32.5265],[-95.0153,32.5328],[-95.0172,32.5387],[-95.0151,32.5429],[-95.019,32.5431],[-95.021,32.5467],[-95.0242,32.5474],[-95.0266,32.5458],[-95.0281,32.5407],[-95.0242,32.5383],[-95.0248,32.537],[-95.0413,32.5322],[-95.0433,32.5325],[-95.0437,32.5367],[-95.0463,32.5389],[-95.0435,32.5411],[-95.0445,32.5422],[-95.0475,32.5404],[-95.0478,32.5392],[-95.0507,32.5382],[-95.0538,32.5384],[-95.0558,32.5406],[-95.0595,32.5383],[-95.0664,32.5377],[-95.0714,32.5411],[-95.0723,32.5407],[-95.0722,32.5387],[-95.0753,32.5371],[-95.0769,32.5398],[-95.0839,32.5425],[-95.0836,32.5464],[-95.079,32.5531],[-95.0791,32.5561],[-95.0815,32.5559],[-95.0828,32.5538],[-95.085,32.5529],[-95.086,32.5546],[-95.0846,32.5577],[-95.0871,32.5561],[-95.0933,32.5577],[-95.0948,32.5571],[-95.0956,32.5552],[-95.0988,32.5557],[-95.0963,32.5511],[-95.0976,32.5497],[-95.0989,32.55],[-95.099,32.5524],[-95.1037,32.551],[-95.111,32.5517],[-95.1141,32.5491],[-95.113,32.548],[-95.1147,32.5453],[-95.117,32.5446],[-95.1177,32.5427],[-95.1193,32.5426],[-95.1218,32.5462],[-95.1219,32.5498],[-95.1354,32.548],[-95.1401,32.5502],[-95.1415,32.5546],[-95.1407,32.5597],[-95.1443,32.5638],[-95.144,32.5663],[-95.1457,32.5696],[-95.1492,32.5689],[-95.1508,32.5702],[-95.1501,32.5723],[-95.1565,32.5686],[-95.1583,32.5663],[-95.1625,32.5543],[-95.1602,32.5529],[-95.1596,32.5505],[-95.165,32.5446],[-95.1669,32.5438],[-95.1682,32.5444],[-95.1694,32.5478],[-95.1723,32.5493],[-95.1733,32.5536],[-95.1758,32.5554],[-95.1784,32.5497],[-95.1822,32.5466],[-95.181,32.5422],[-95.1835,32.541],[-95.1868,32.5423],[-95.1898,32.5421],[-95.1891,32.5466],[-95.2011,32.5538],[-95.2031,32.5566],[-95.2063,32.5581],[-95.2066,32.5601],[-95.202,32.5644],[-95.2031,32.5667],[-95.2054,32.567],[-95.2031,32.5681],[-95.205,32.5724],[-95.2065,32.5719],[-95.2085,32.5686],[-95.2147,32.569],[-95.2151,32.5655],[-95.219,32.5631],[-95.2232,32.566],[-95.2236,32.5636],[-95.228,32.5603],[-95.2382,32.5606],[-95.2446,32.5673],[-95.2426,32.5688],[-95.2462,32.5694],[-95.2464,32.5714],[-95.2449,32.5719],[-95.248,32.5737],[-95.2472,32.5752],[-95.2499,32.576],[-95.2503,32.5777],[-95.2553,32.5781],[-95.2561,32.5775],[-95.2541,32.5769],[-95.2543,32.5754],[-95.2639,32.5752],[-95.2658,32.5725],[-95.2705,32.5723],[-95.2719,32.5739],[-95.2739,32.5739],[-95.2744,32.5728],[-95.2772,32.5731],[-95.2781,32.5716],[-95.2799,32.5754],[-95.279,32.5763],[-95.2806,32.5768],[-95.2813,32.58],[-95.2838,32.5812],[-95.2875,32.5802],[-95.2905,32.581],[-95.2905,32.583],[-95.2894,32.5834],[-95.2899,32.5854],[-95.2925,32.586],[-95.2952,32.585],[-95.294,32.5865],[-95.2968,32.5868],[-95.2968,32.5885],[-95.2996,32.5894],[-95.2972,32.5904],[-95.2977,32.5916],[-95.3021,32.5903],[-95.3032,32.5924],[-95.3061,32.5923],[-95.3053,32.5948],[-95.307,32.5967],[-95.3104,32.5951],[-95.3104,32.5932],[-95.3132,32.5934],[-95.315,32.5963],[-95.319,32.5956],[-95.3222,32.5994],[-95.3269,32.5998],[-95.3312,32.6057],[-95.3322,32.6043],[-95.3353,32.6038],[-95.3378,32.6054],[-95.3369,32.6038],[-95.3384,32.603],[-95.3394,32.6033],[-95.3393,32.6054],[-95.3409,32.606],[-95.3411,32.604],[-95.3442,32.6038],[-95.3439,32.6054],[-95.346,32.606],[-95.3446,32.6075],[-95.3459,32.6093],[-95.3477,32.6074],[-95.3473,32.6051],[-95.3506,32.6075],[-95.3517,32.607],[-95.3512,32.6053],[-95.3535,32.6053],[-95.358,32.6081],[-95.3594,32.6067],[-95.3618,32.6067],[-95.3638,32.6033],[-95.3702,32.6048],[-95.372,32.6029],[-95.3747,32.603],[-95.3741,32.6],[-95.3752,32.5974],[-95.3784,32.5993],[-95.3819,32.5985],[-95.3825,32.6009],[-95.3818,32.6017],[-95.3837,32.6022],[-95.385,32.6005],[-95.3875,32.6005],[-95.3896,32.5989],[-95.3913,32.6013],[-95.3955,32.6013],[-95.3968,32.602],[-95.3958,32.6046],[-95.3984,32.6051],[-95.3994,32.6064],[-95.4004,32.606],[-95.4003,32.6045],[-95.4022,32.6062],[-95.4018,32.6034],[-95.4036,32.6043],[-95.4055,32.6038],[-95.4041,32.6067],[-95.4087,32.6046],[-95.4107,32.6046],[-95.4131,32.6071],[-95.4189,32.6053],[-95.4198,32.606],[-95.4189,32.6089],[-95.4228,32.609],[-95.4251,32.6072],[-95.4284,32.6103],[-95.4297,32.6085],[-95.4289,32.6068],[-95.432,32.6059],[-95.4331,32.6065],[-95.4331,32.6081],[-95.4353,32.6068],[-95.437,32.6089],[-95.4353,32.6122],[-95.4376,32.6121],[-95.4379,32.6102],[-95.4438,32.6115],[-95.4434,32.6125],[-95.4453,32.6126],[-95.4467,32.6137],[-95.4452,32.6111],[-95.4459,32.6087],[-95.4428,32.6077],[-95.4465,32.6073],[-95.4473,32.6061],[-95.4504,32.6077],[-95.4502,32.6063],[-95.455,32.606],[-95.457,32.6075],[-95.4593,32.6057],[-95.4605,32.6074],[-95.4594,32.6088],[-95.461,32.6097],[-95.4628,32.6091],[-95.4618,32.6085],[-95.4621,32.6075],[-95.4653,32.6088],[-95.4655,32.6064],[-95.4668,32.6073],[-95.4691,32.6056],[-95.4702,32.6074],[-95.4672,32.6087],[-95.4704,32.6094],[-95.4713,32.6077],[-95.4729,32.6073],[-95.4727,32.6064],[-95.4747,32.6061],[-95.4761,32.6081],[-95.4746,32.6096],[-95.4758,32.6113],[-95.4765,32.61],[-95.4775,32.61],[-95.4795,32.6126],[-95.481,32.6129],[-95.4826,32.6116],[-95.4845,32.6122],[-95.483,32.6135],[-95.4842,32.6144],[-95.4859,32.6129],[-95.4901,32.6142],[-95.4918,32.6161],[-95.4908,32.6175],[-95.494,32.6187],[-95.4975,32.6184],[-95.5019,32.6203],[-95.5038,32.6189],[-95.506,32.6191],[-95.5079,32.6209],[-95.5109,32.6203],[-95.5129,32.6233],[-95.5148,32.6229],[-95.5162,32.6245],[-95.5158,32.6256],[-95.5136,32.6268],[-95.5107,32.6269],[-95.5115,32.6282],[-95.5129,32.6282],[-95.5139,32.6312],[-95.5122,32.6316],[-95.5117,32.6328],[-95.5176,32.6337],[-95.5173,32.6353],[-95.5184,32.6373],[-95.5194,32.6371],[-95.5208,32.6385],[-95.5197,32.6399],[-95.5243,32.6437],[-95.526,32.6446],[-95.528,32.6441],[-95.5305,32.6476],[-95.5313,32.6468],[-95.533,32.6472],[-95.5333,32.646],[-95.536,32.6472],[-95.5387,32.6464],[-95.5421,32.6469],[-95.542,32.6484],[-95.5437,32.6491],[-95.5437,32.6513],[-95.5409,32.6508],[-95.5406,32.6515],[-95.5422,32.655],[-95.5535,32.6608],[-95.5544,32.6587],[-95.5555,32.6609],[-95.5604,32.6621],[-95.5617,32.6654],[-95.5649,32.6648],[-95.5646,32.6662],[-95.5631,32.6659],[-95.5636,32.6681],[-95.5654,32.6684],[-95.566,32.6703],[-95.5675,32.6708],[-95.5667,32.6726],[-95.5674,32.6736],[-95.5683,32.6738],[-95.569,32.6725],[-95.5719,32.6731],[-95.5709,32.6759],[-95.5729,32.6757],[-95.5735,32.6746],[-95.5754,32.6759],[-95.5781,32.674],[-95.5807,32.6736],[-95.583,32.6742],[-95.5842,32.6764],[-95.583,32.6776],[-95.5849,32.6793],[-95.5839,32.6803],[-95.5843,32.6819],[-95.5865,32.6831],[-95.5878,32.6819],[-95.5892,32.6836],[-95.5922,32.6825],[-95.5926,32.6839],[-95.5942,32.6846],[-95.593,32.6865],[-95.5945,32.687]]]},"properties":{"GEOID":"4801","BASENAME":"1","NAME":"Congressional District 1","CD120":"01"}},
{"type":"Feature","geometry":{"type":"Polygon","coordinates":[[[-97.2993,32.9913],[-97.3062,32.9812],[-97.3077,32.9774],[-97.3102,32.9656],[-97.3107,32.948],[-97.3169,32.9278],[-97.3171,32.8765],[-97.3142,32.8609],[-97.264,32.8605],[-97.264,32.853],[-97.2577,32.8531],[-97.2577,32.8522],[-97.2619,32.8517],[-97.2619,32.8492],[-97.2593,32.8496],[-97.2591,32.8488],[-97.2619,32.8485],[-97.262,32.8441],[-97.2642,32.8441],[-97.2645,32.816],[-97.2625,32.8154],[-97.2625,32.8132],[-97.2568,32.8131],[-97.2568,32.8093],[-97.2444,32.8091],[-97.2443,32.804],[-97.2467,32.804],[-97.2481,32.8078],[-97.2493,32.8072],[-97.2487,32.8041],[-97.242,32.8007],[-97.2363,32.7941],[-97.2354,32.7935],[-97.2335,32.7946],[-97.2307,32.7945],[-97.2308,32.7914],[-97.2287,32.7914],[-97.2287,32.7945],[-97.2212,32.7945],[-97.2212,32.8005],[-97.2034,32.8074],[-97.1694,32.8056],[-97.1694,32.8087],[-97.156,32.8088],[-97.1386,32.8147],[-97.1173,32.8148],[-97.1174,32.8107],[-97.1137,32.8111],[-97.1112,32.8122],[-97.1122,32.8161],[-97.1033,32.8176],[-97.1033,32.8197],[-97.1051,32.8195],[-97.1051,32.8224],[-97.0736,32.8225],[-97.0736,32.8297],[-97.0707,32.8297],[-97.0727,32.8368],[-97.0688,32.8368],[-97.0688,32.8375],[-97.0638,32.8385],[-97.0623,32.8402],[-97.0622,32.8432],[-97.0607,32.8435],[-97.0581,32.8411],[-97.0469,32.8387],[-97.0429,32.8407],[-97.0416,32.8444],[-97.0398,32.8444],[-97.0378,32.8402],[-97.0338,32.8385],[-97.0336,32.8528],[-97.0293,32.853],[-97.0246,32.8566],[-97.0213,32.8569],[-97.0199,32.8615],[-97.0142,32.8684],[-97.0079,32.8703],[-97.0057,32.8719],[-97.0058,32.8736],[-97.0046,32.8739],[-97.0044,32.8779],[-96.9926,32.8776],[-96.9915,32.8789],[-96.9915,32.9027],[-96.9895,32.9029],[-96.989,32.9016],[-96.9853,32.9024],[-96.9827,32.9014],[-96.9626,32.8905],[-96.959,32.8952],[-96.9587,32.9157],[-96.9751,32.9195],[-96.9741,32.9226],[-96.9787,32.9236],[-96.9785,32.9256],[-96.9677,32.9253],[-96.9676,32.9475],[-96.969,32.9475],[-96.9701,32.9492],[-96.97,32.9522],[-96.9682,32.9527],[-96.9663,32.9527],[-96.9618,32.9491],[-96.9597,32.9504],[-96.9556,32.9505],[-96.9493,32.9481],[-96.9439,32.9475],[-96.9425,32.9462],[-96.9413,32.9386],[-96.9383,32.9372],[-96.9376,32.9381],[-96.9362,32.9367],[-96.9352,32.937],[-96.9353,32.9348],[-96.9386,32.9354],[-96.9403,32.9329],[-96.9394,32.9315],[-96.9337,32.9297],[-96.933,32.9287],[-96.9351,32.9273],[-96.9374,32.9278],[-96.9359,32.9249],[-96.9384,32.9226],[-96.9387,32.9185],[-96.9377,32.9159],[-96.9385,32.914],[-96.9374,32.9128],[-96.932,32.9112],[-96.9311,32.9094],[-96.9317,32.9071],[-96.9281,32.9055],[-96.9267,32.9036],[-96.9275,32.9013],[-96.9268,32.8997],[-96.9249,32.8989],[-96.9223,32.8994],[-96.9229,32.8977],[-96.9271,32.8976],[-96.9284,32.8957],[-96.8982,32.8961],[-96.8981,32.9082],[-96.871,32.9137],[-96.859,32.9169],[-96.8481,32.9215],[-96.8466,32.9189],[-96.8466,32.9163],[-96.8433,32.916],[-96.8434,32.9096],[-96.864,32.9097],[-96.864,32.9028],[-96.8623,32.9001],[-96.8623,32.8952],[-96.8703,32.8953],[-96.8702,32.8868],[-96.8665,32.8857],[-96.8657,32.8838],[-96.8637,32.8838],[-96.8621,32.8852],[-96.8619,32.8808],[-96.8605,32.8814],[-96.8608,32.8838],[-96.8562,32.8837],[-96.8561,32.8804],[-96.8463,32.8803],[-96.8463,32.8753],[-96.8488,32.8709],[-96.8489,32.8654],[-96.8501,32.8654],[-96.8508,32.8639],[-96.8502,32.8624],[-96.8548,32.8611],[-96.8541,32.8601],[-96.8502,32.8586],[-96.8412,32.8507],[-96.8213,32.8512],[-96.8218,32.8379],[-96.8234,32.8335],[-96.8207,32.8301],[-96.8192,32.8304],[-96.8191,32.8282],[-96.8172,32.8265],[-96.8184,32.8254],[-96.8176,32.8247],[-96.8185,32.8231],[-96.8147,32.8198],[-96.812,32.8232],[-96.8045,32.8232],[-96.8045,32.8207],[-96.8024,32.8207],[-96.8023,32.8162],[-96.7989,32.8162],[-96.7988,32.815],[-96.798,32.8151],[-96.7958,32.818],[-96.7948,32.8174],[-96.7954,32.8162],[-96.7941,32.8165],[-96.7948,32.815],[-96.7922,32.814],[-96.791,32.816],[-96.7871,32.8151],[-96.7887,32.8128],[-96.7858,32.8111],[-96.7833,32.814],[-96.7811,32.8122],[-96.7821,32.8112],[-96.7801,32.8094],[-96.778,32.8111],[-96.7764,32.8098],[-96.7745,32.8114],[-96.7747,32.8182],[-96.7729,32.8182],[-96.7729,32.8173],[-96.7702,32.8174],[-96.7702,32.8198],[-96.768,32.8198],[-96.768,32.8229],[-96.7702,32.8229],[-96.7702,32.827],[-96.7679,32.827],[-96.7679,32.8279],[-96.7702,32.828],[-96.7702,32.8314],[-96.7701,32.8398],[-96.7529,32.8437],[-96.7529,32.8509],[-96.7716,32.851],[-96.7705,32.8559],[-96.7699,32.8903],[-96.777,32.89],[-96.7796,32.895],[-96.7803,32.9016],[-96.7868,32.9009],[-96.787,32.9028],[-96.7845,32.9031],[-96.7847,32.904],[-96.7863,32.9038],[-96.7862,32.9047],[-96.7875,32.9049],[-96.7864,32.9074],[-96.7814,32.9097],[-96.7737,32.9097],[-96.776,32.9123],[-96.7757,32.917],[-96.7771,32.9189],[-96.7773,32.9214],[-96.7799,32.9225],[-96.781,32.9243],[-96.8208,32.9261],[-96.8222,32.9329],[-96.8223,32.9425],[-96.8236,32.9461],[-96.8236,32.9512],[-96.8223,32.954],[-96.839,32.9543],[-96.839,32.9399],[-96.8475,32.9399],[-96.8476,32.9334],[-96.8558,32.9335],[-96.8556,32.9531],[-96.8707,32.9534],[-96.8719,32.9463],[-96.8904,32.9464],[-96.8906,32.9391],[-96.9027,32.9392],[-96.9046,32.9445],[-96.9142,32.9587],[-96.9231,32.9742],[-96.9339,32.9853],[-96.9395,32.9886],[-97.2993,32.9913]]]},"properties":{"GEOID":"4824","BASENAME":"24","NAME":"Congressional District 24","CD120":"24"}},
{"type":"Feature","geometry":{"type":"Polygon","coordinates":[[[-95.2256,30.3195],[-95.225,30.3189],[-95.2259,30.3181],[-95.2223,30.3127],[-95.2289,30.3123],[-95.2272,30.2854],[-95.2389,30.2597],[-95.254,30.2574],[-95.2588,30.2551],[-95.2648,30.2539],[-95.294,30.2601],[-95.3006,30.2602],[-95.3122,30.2571],[-95.3008,30.243],[-95.3007,30.2385],[-95.2985,30.2371],[-95.2989,30.2321],[-95.3012,30.2323],[-95.3029,30.2302],[-95.3193,30.2301],[-95.3228,30.2389],[-95.325,30.2394],[-95.3288,30.2428],[-95.3304,30.2367],[-95.3288,30.229],[-95.3612,30.2289],[-95.3645,30.2273],[-95.3609,30.2238],[-95.3578,30.213],[-95.3608,30.2121],[-95.3647,30.2121],[-95.3816,30.2161],[-95.3978,30.2105],[-95.396,30.2141],[-95.3979,30.2168],[-95.4015,30.2175],[-95.4059,30.2149],[-95.4109,30.219],[-95.4149,30.2249],[-95.4168,30.2253],[-95.4235,30.2239],[-95.4257,30.2243],[-95.4269,30.2299],[-95.4264,30.2316],[-95.4325,30.2313],[-95.4321,30.2334],[-95.4345,30.2354],[-95.4345,30.2394],[-95.4357,30.2396],[-95.4364,30.2379],[-95.4374,30.2378],[-95.4394,30.24],[-95.4427,30.2405],[-95.4442,30.2423],[-95.4482,30.2422],[-95.4483,30.2454],[-95.4517,30.2486],[-95.4537,30.2481],[-95.4543,30.2451],[-95.4568,30.2446],[-95.461,30.2476],[-95.4654,30.2488],[-95.4686,30.2471],[-95.4732,30.2489],[-95.4743,30.2513],[-95.4809,30.2537],[-95.4819,30.2557],[-95.4849,30.2567],[-95.4843,30.2604],[-95.4872,30.2618],[-95.4901,30.2665],[-95.493,30.2679],[-95.498,30.2675],[-95.5056,30.2728],[-95.5089,30.2727],[-95.512,30.2707],[-95.5151,30.272],[-95.5168,30.2748],[-95.5186,30.2748],[-95.5205,30.2725],[-95.5209,30.2703],[-95.5195,30.2701],[-95.5207,30.2686],[-95.5232,30.2685],[-95.5235,30.27],[-95.5242,30.2699],[-95.5264,30.2667],[-95.5334,30.2626],[-95.5366,30.2622],[-95.5378,30.2635],[-95.5373,30.2641],[-95.5395,30.2648],[-95.5424,30.2641],[-95.5429,30.2627],[-95.5444,30.2621],[-95.5447,30.2581],[-95.5465,30.2587],[-95.5493,30.2574],[-95.5506,30.2576],[-95.5524,30.2562],[-95.5554,30.2566],[-95.5557,30.2554],[-95.558,30.2545],[-95.5593,30.2551],[-95.5586,30.2557],[-95.5597,30.2565],[-95.5607,30.2557],[-95.5605,30.257],[-95.5621,30.2565],[-95.5628,30.2576],[-95.5664,30.258],[-95.567,30.2564],[-95.5692,30.2561],[-95.5718,30.2573],[-95.5735,30.2563],[-95.5743,30.2569],[-95.575,30.2556],[-95.5765,30.2555],[-95.577,30.2536],[-95.579,30.2536],[-95.5789,30.2474],[-95.5776,30.2458],[-95.5722,30.2429],[-95.5708,30.2394],[-95.5675,30.2363],[-95.5682,30.2143],[-95.5701,30.211],[-95.5792,30.2053],[-95.5888,30.1949],[-95.6007,30.1768],[-95.6009,30.1744],[-95.598,30.1688],[-95.5968,30.1345],[-95.5962,30.1338],[-95.5949,30.1351],[-95.5943,30.1343],[-95.5942,30.1356],[-95.5919,30.1356],[-95.5911,30.1366],[-95.5906,30.1359],[-95.5882,30.1378],[-95.5855,30.142],[-95.5842,30.1467],[-95.5822,30.1475],[-95.5805,30.15],[-95.5775,30.1501],[-95.5746,30.1518],[-95.5742,30.1299],[-95.5666,30.1302],[-95.5657,30.1312],[-95.5625,30.1313],[-95.5628,30.1366],[-95.5049,30.1369],[-95.5069,30.1179],[-95.5068,30.0969],[-95.5035,30.0962],[-95.5042,30.0948],[-95.5035,30.0935],[-95.5039,30.088],[-95.4996,30.088],[-95.4996,30.0831],[-95.4967,30.0835],[-95.496,30.0585],[-95.4886,30.0404],[-95.5072,30.0302],[-95.5085,30.026],[-95.5062,30.0222],[-95.5033,30.0198],[-95.4997,30.019],[-95.4984,30.0158],[-95.4996,30.0143],[-95.4967,30.0133],[-95.4987,30.0115],[-95.5012,30.0116],[-95.5017,30.0085],[-95.5038,30.0094],[-95.5105,30.0095],[-95.514,30.0048],[-95.5181,30.0062],[-95.5201,30.0058],[-95.5223,30.0023],[-95.5248,30.0021],[-95.5326,29.9964],[-95.5321,29.9945],[-95.5341,29.9944],[-95.5353,29.9928],[-95.5366,29.9929],[-95.5455,29.9871],[-95.5478,29.9883],[-95.5495,29.9907],[-95.5497,29.993],[-95.5509,29.9932],[-95.5541,29.9922],[-95.5556,29.9932],[-95.5557,29.9918],[-95.5582,29.9917],[-95.5585,29.9908],[-95.5605,29.9904],[-95.5595,29.9866],[-95.5651,29.9846],[-95.5668,29.9845],[-95.5697,29.986],[-95.573,29.9852],[-95.5794,29.9881],[-95.5826,29.9863],[-95.584,29.9874],[-95.5852,29.986],[-95.5845,29.9841],[-95.587,29.982],[-95.5863,29.9802],[-95.5887,29.9771],[-95.588,29.9748],[-95.5887,29.9737],[-95.5902,29.9729],[-95.5915,29.9746],[-95.5923,29.9733],[-95.5942,29.9749],[-95.5956,29.9724],[-95.5978,29.9739],[-95.5987,29.9736],[-95.5912,29.9672],[-95.5852,29.9668],[-95.5846,29.91],[-95.5732,29.9087],[-95.5659,29.9096],[-95.5575,29.9035],[-95.5518,29.9028],[-95.5496,29.8988],[-95.5503,29.8868],[-95.55,29.8841],[-95.5487,29.8841],[-95.5459,29.8839],[-95.5441,29.8822],[-95.539,29.8818],[-95.5373,29.8797],[-95.5373,29.8739],[-95.5247,29.8738],[-95.5247,29.8771],[-95.5232,29.8756],[-95.5141,29.8768],[-95.5132,29.8749],[-95.5106,29.8738],[-95.507,29.8742],[-95.5069,29.8864],[-95.5041,29.8867],[-95.504,29.8881],[-95.4944,29.8892],[-95.4947,29.8913],[-95.4956,29.8914],[-95.4957,29.8997],[-95.4804,29.8997],[-95.48,29.9113],[-95.4938,29.92],[-95.4945,29.9155],[-95.4957,29.9141],[-95.4957,29.9149],[-95.5093,29.9147],[-95.5299,29.9506],[-95.5197,29.9492],[-95.5204,29.9502],[-95.5094,29.9563],[-95.5141,29.9625],[-95.5104,29.9641],[-95.5109,29.9651],[-95.5065,29.9669],[-95.5072,29.9685],[-95.5038,29.9694],[-95.5042,29.9702],[-95.5075,29.9693],[-95.5077,29.97],[-95.5106,29.9688],[-95.5116,29.9702],[-95.5083,29.9716],[-95.5101,29.9761],[-95.5131,29.9797],[-95.4638,30.007],[-95.4764,30.0244],[-95.4725,30.0274],[-95.4676,30.0264],[-95.4645,30.0325],[-95.4625,30.0328],[-95.4613,30.0349],[-95.4535,30.036],[-95.4512,30.0377],[-95.4476,30.0356],[-95.444,30.0368],[-95.4412,30.0342],[-95.4377,30.0347],[-95.435,30.034],[-95.4332,30.0358],[-95.4316,30.0356],[-95.431,30.0346],[-95.4291,30.0357],[-95.4265,30.0359],[-95.4236,30.0344],[-95.4194,30.0355],[-95.4166,30.0374],[-95.4133,30.0375],[-95.4103,30.0363],[-95.4083,30.0338],[-95.4081,30.0319],[-95.4063,30.0309],[-95.4045,30.0315],[-95.4043,30.0332],[-95.4011,30.0346],[-95.3997,30.0362],[-95.3981,30.0355],[-95.3907,30.0369],[-95.3888,30.0365],[-95.3845,30.0382],[-95.3824,30.0404],[-95.3827,30.0412],[-95.3915,30.0552],[-95.3755,30.0643],[-95.379,30.0701],[-95.3773,30.0708],[-95.3729,30.07],[-95.3654,30.0631],[-95.3588,30.0605],[-95.3543,30.0563],[-95.3464,30.0453],[-95.3674,30.0337],[-95.366,30.0315],[-95.3588,30.0361],[-95.3552,30.0333],[-95.3542,30.0337],[-95.3507,30.0315],[-95.35,30.0294],[-95.3477,30.0281],[-95.339,30.028],[-95.3368,30.0288],[-95.336,30.0305],[-95.3332,30.0291],[-95.3305,30.0307],[-95.3272,30.0285],[-95.3265,30.0263],[-95.3215,30.0301],[-95.3225,30.0311],[-95.3223,30.033],[-95.3178,30.0345],[-95.3159,30.0314],[-95.3134,30.0331],[-95.3118,30.0323],[-95.3108,30.0329],[-95.3047,30.0296],[-95.3027,30.0322],[-95.2999,30.0322],[-95.2941,30.0298],[-95.2927,30.0278],[-95.283,30.0306],[-95.2725,30.0324],[-95.2641,30.0321],[-95.2499,30.0435],[-95.2533,30.0307],[-95.257,30.0315],[-95.2682,30.005],[-95.2842,30.005],[-95.2842,30.0015],[-95.2698,30.0013],[-95.2767,29.9838],[-95.2764,29.9821],[-95.2772,29.9824],[-95.2846,29.9657],[-95.2816,29.9648],[-95.2718,29.9651],[-95.2716,29.9591],[-95.2688,29.9571],[-95.2682,29.9545],[-95.2538,29.9617],[-95.248,29.962],[-95.2485,29.9808],[-95.2502,29.9838],[-95.25,29.9871],[-95.2466,29.9874],[-95.2467,29.9919],[-95.2453,29.9956],[-95.2417,29.996],[-95.2402,29.9993],[-95.2124,29.9994],[-95.2123,29.9739],[-95.2104,29.9644],[-95.2055,29.9644],[-95.2054,29.9632],[-95.2101,29.9608],[-95.2115,29.9566],[-95.2144,29.9561],[-95.1938,29.9449],[-95.206,29.9323],[-95.2008,29.9279],[-95.1994,29.9246],[-95.1847,29.9245],[-95.1799,29.9263],[-95.1766,29.9304],[-95.1756,29.9405],[-95.1718,29.9405],[-95.1718,29.9414],[-95.1702,29.9416],[-95.1691,29.9379],[-95.1694,29.9373],[-95.1706,29.9373],[-95.1723,29.9354],[-95.1705,29.937],[-95.1481,29.9402],[-95.1543,29.9512],[-95.1293,29.9779],[-95.1315,29.9877],[-95.1099,29.9882],[-95.1029,30.0193],[-95.0994,30.0194],[-95.0995,30.0242],[-95.1018,30.0242],[-95.1019,30.0282],[-95.1009,30.0283],[-95.0986,30.0383],[-95.0976,30.0382],[-95.0974,30.0437],[-95.0991,30.046],[-95.0981,30.046],[-95.0981,30.0478],[-95.0934,30.0479],[-95.0957,30.0573],[-95.0634,30.0578],[-95.0634,30.0608],[-95.0568,30.061],[-95.0977,30.1704],[-95.1659,30.345],[-95.2256,30.3195]]]},"properties":{"GEOID":"4802","BASENAME":"2","NAME":"Congressional District 2","CD120":"02"}},
{"type":"Feature","geometry":{"type":"Polygon","coordinates":[[[-97.2363,32.7941],[-97.2432,32.7911],[-97.2432,32.787],[-97.2505,32.7876],[-97.2507,32.7837],[-97.2567,32.7837],[-97.2567,32.7804],[-97.2732,32.7804],[-97.2734,32.772],[-97.2712,32.7713],[-97.2719,32.7683],[-97.2702,32.765],[-97.2728,32.7649],[-97.2714,32.7636],[-97.2708,32.7607],[-97.2723,32.7558],[-97.2743,32.7553],[-97.2759,32.7527],[-97.2776,32.7518],[-97.2832,32.7511],[-97.286,32.7534],[-97.2896,32.752],[-97.2946,32.7516],[-97.2946,32.7471],[-97.2974,32.7416],[-97.2946,32.7388],[-97.2933,32.7358],[-97.2942,32.734],[-97.2963,32.7338],[-97.2974,32.7305],[-97.2966,32.7278],[-97.2945,32.7275],[-97.2936,32.7263],[-97.2945,32.7241],[-97.293,32.7199],[-97.2963,32.7177],[-97.2982,32.713],[-97.2975,32.7122],[-97.2996,32.7117],[-97.2993,32.7098],[-97.3031,32.7044],[-97.3027,32.7028],[-97.3051,32.7032],[-97.3073,32.7015],[-97.3057,32.698],[-97.3057,32.6949],[-97.308,32.6921],[-97.3046,32.683],[-97.3082,32.6823],[-97.3111,32.6803],[-97.3099,32.6793],[-97.3093,32.6757],[-97.3116,32.6745],[-97.3061,32.6696],[-97.3367,32.664],[-97.3744,32.6723],[-97.3812,32.6751],[-97.4112,32.6502],[-97.4136,32.6448],[-97.4164,32.6454],[-97.4165,32.6391],[-97.4128,32.6275],[-97.4127,32.6154],[-97.4165,32.6154],[-97.4169,32.6117],[-97.4203,32.6076],[-97.4247,32.6105],[-97.4294,32.6107],[-97.4294,32.6078],[-97.4269,32.6078],[-97.4269,32.5999],[-97.4325,32.5997],[-97.4325,32.5887],[-97.449,32.5882],[-97.4621,32.5695],[-97.4744,32.57],[-97.4912,32.5772],[-97.5135,32.5939],[-97.5163,32.5932],[-97.5181,32.5912],[-97.5199,32.5918],[-97.5241,32.5902],[-97.5264,32.5914],[-97.53,32.5894],[-97.5312,32.5899],[-97.5354,32.5888],[-97.5398,32.5869],[-97.5406,32.5852],[-97.5423,32.5851],[-97.5443,32.583],[-97.546,32.583],[-97.5467,32.5815],[-97.5504,32.5803],[-97.5482,32.7761],[-97.56,32.7823],[-97.5801,32.7827],[-97.5804,32.7879],[-97.5979,32.7879],[-97.5979,32.7854],[-97.6179,32.7855],[-97.6223,32.786],[-97.6287,32.7889],[-97.6381,32.789],[-97.6439,32.7865],[-97.6459,32.7868],[-97.6472,32.788],[-97.6533,32.788],[-97.6568,32.7861],[-97.674,32.7864],[-97.6762,32.7856],[-97.6807,32.7857],[-97.6769,32.7834],[-97.6759,32.7791],[-97.672,32.7811],[-97.6706,32.7808],[-97.6704,32.7794],[-97.6679,32.7769],[-97.6686,32.7741],[-97.6668,32.7701],[-97.6682,32.7685],[-97.6693,32.7687],[-97.669,32.7664],[-97.673,32.7664],[-97.6705,32.7623],[-97.673,32.7619],[-97.6745,32.7502],[-97.672,32.7387],[-97.6687,32.7323],[-97.668,32.7249],[-97.6762,32.7194],[-97.6754,32.7055],[-97.6691,32.7054],[-97.6657,32.7036],[-97.6576,32.702],[-97.655,32.699],[-97.6541,32.6945],[-97.6509,32.6922],[-97.6375,32.6912],[-97.632,32.6929],[-97.6256,32.6916],[-97.6163,32.6917],[-97.6155,32.7018],[-97.6106,32.7015],[-97.6077,32.7],[-97.6079,32.7042],[-97.6163,32.7041],[-97.6162,32.7099],[-97.609,32.7098],[-97.6089,32.7117],[-97.6027,32.7115],[-97.6029,32.7008],[-97.5923,32.7006],[-97.5924,32.6933],[-97.5937,32.6933],[-97.5928,32.6862],[-97.5951,32.6861],[-97.5929,32.6844],[-97.5922,32.6803],[-97.5885,32.6738],[-97.5859,32.6723],[-97.586,32.655],[-97.5879,32.6482],[-97.5881,32.6419],[-97.5834,32.6407],[-97.5831,32.6363],[-97.5785,32.636],[-97.5784,32.6104],[-97.5832,32.6112],[-97.587,32.6143],[-97.5955,32.615],[-97.6005,32.6179],[-97.6008,32.6199],[-97.6053,32.623],[-97.6092,32.624],[-97.6131,32.6296],[-97.6152,32.6308],[-97.628,32.6353],[-97.6311,32.6349],[-97.6357,32.637],[-97.638,32.6364],[-97.6455,32.6387],[-97.6478,32.641],[-97.6514,32.6399],[-97.6527,32.6418],[-97.6556,32.6422],[-97.6573,32.6448],[-97.6565,32.6461],[-97.6595,32.6472],[-97.6615,32.6497],[-97.6677,32.6517],[-97.6692,32.6511],[-97.6717,32.6535],[-97.6801,32.6529],[-97.6809,32.6545],[-97.6829,32.6547],[-97.6874,32.6577],[-97.687,32.6589],[-97.6903,32.6622],[-97.6892,32.6631],[-97.691,32.6647],[-97.6925,32.6647],[-97.6932,32.6636],[-97.7018,32.664],[-97.7012,32.6739],[-97.7055,32.6755],[-97.7056,32.6789],[-97.7087,32.6816],[-97.7103,32.6815],[-97.7351,32.6917],[-97.7382,32.6938],[-97.7434,32.6954],[-97.7489,32.6965],[-97.7551,32.6954],[-97.7636,32.6962],[-97.7741,32.7051],[-97.7815,32.7164],[-97.7811,32.7154],[-97.7884,32.7119],[-97.7895,32.7134],[-97.7921,32.7122],[-97.7941,32.715],[-97.8049,32.7117],[-97.8049,32.7138],[-97.8129,32.7139],[-97.8129,32.7148],[-97.8275,32.7143],[-97.8275,32.7206],[-97.8306,32.7212],[-97.8348,32.7165],[-97.8453,32.7168],[-97.8456,32.7227],[-97.85,32.7229],[-97.8499,32.7282],[-97.8655,32.7281],[-97.887,32.726],[-97.9021,32.7196],[-97.9137,32.7176],[-97.9981,32.6881],[-98.0321,32.6659],[-98.0331,32.66],[-98.0386,32.6492],[-98.0644,32.6372],[-98.0615,32.7357],[-98.0561,33.0033],[-97.9216,33.0013],[-97.9187,33.2502],[-97.9191,33.3074],[-97.9182,33.4339],[-97.979,33.4337],[-97.9789,33.4671],[-98.1287,33.4662],[-98.4214,33.4668],[-98.4207,33.3962],[-98.7503,33.3957],[-98.9539,33.3975],[-98.9509,32.9569],[-99.096,32.957],[-99.096,32.5148],[-99.3971,32.5151],[-99.3997,32.5123],[-99.4002,32.5061],[-99.4025,32.5057],[-99.4077,32.502],[-99.4102,32.4991],[-99.4109,32.4961],[-99.4142,32.4953],[-99.4131,32.4908],[-99.4199,32.4829],[-99.4189,32.479],[-99.4211,32.4783],[-99.4256,32.4744],[-99.4284,32.4736],[-99.431,32.4741],[-99.4295,32.4711],[-99.4323,32.4678],[-99.4335,32.4687],[-99.4338,32.4726],[-99.4374,32.4711],[-99.443,32.4711],[-99.4418,32.4677],[-99.4427,32.464],[-99.4459,32.4647],[-99.4463,32.4639],[-99.4471,32.4647],[-99.4488,32.4618],[-99.4509,32.461],[-99.4515,32.4582],[-99.4544,32.4574],[-99.4548,32.4072],[-99.4646,32.4085],[-99.4897,32.4088],[-99.4897,32.4099],[-99.492,32.41],[-99.4921,32.4089],[-99.4971,32.4088],[-99.497,32.4129],[-99.6298,32.4366],[-99.6314,32.0813],[-99.5003,32.0799],[-99.2503,32.0801],[-99.2468,32.0794],[-99.2106,32.0791],[-99.1201,32.0796],[-99.0004,32.0787],[-98.9967,32.0793],[-98.9244,32.078],[-98.6684,31.7005],[-98.5958,31.7109],[-98.4928,31.7236],[-98.4637,31.684],[-98.1566,31.8417],[-98.2084,31.9175],[-98.0055,32.0179],[-97.8515,32.094],[-97.7404,32.1511],[-97.6997,32.171],[-97.6309,32.2074],[-97.626,32.204],[-97.6145,32.2035],[-97.5998,32.2042],[-97.5941,32.2016],[-97.5904,32.1957],[-97.5901,32.1878],[-97.5922,32.1848],[-97.6014,32.1801],[-97.6023,32.1766],[-97.601,32.1753],[-97.5959,32.174],[-97.5929,32.1744],[-97.5786,32.1808],[-97.5746,32.1808],[-97.5706,32.1787],[-97.5675,32.1742],[-97.5678,32.1666],[-97.5647,32.1624],[-97.565,32.1606],[-97.5707,32.1539],[-97.5683,32.1502],[-97.5534,32.1493],[-97.5377,32.1405],[-97.5247,32.1356],[-97.5157,32.1338],[-97.5125,32.1342],[-97.5096,32.1361],[-97.508,32.1394],[-97.511,32.1437],[-97.5127,32.1486],[-97.5138,32.1556],[-97.5125,32.1609],[-97.5085,32.1634],[-97.503,32.1628],[-97.4945,32.1646],[-97.4875,32.1711],[-97.4909,32.1822],[-97.4876,32.1871],[-97.488,32.1889],[-97.4888,32.1885],[-97.4891,32.1892],[-97.4869,32.1913],[-97.4875,32.1931],[-97.4858,32.1966],[-97.4891,32.1995],[-97.4902,32.2041],[-97.493,32.2071],[-97.4943,32.2116],[-97.4965,32.2128],[-97.4975,32.2166],[-97.4969,32.2191],[-97.4987,32.2221],[-97.4986,32.2269],[-97.5002,32.2286],[-97.4987,32.2309],[-97.4994,32.2326],[-97.5018,32.2354],[-97.5051,32.2369],[-97.5061,32.2398],[-97.5094,32.2398],[-97.5102,32.2409],[-97.5091,32.2415],[-97.5089,32.2405],[-97.5084,32.2423],[-97.5035,32.2463],[-97.497,32.2574],[-97.4668,32.2727],[-97.4648,32.2746],[-97.4637,32.2851],[-97.4614,32.2879],[-97.4539,32.2918],[-97.452,32.2951],[-97.4525,32.2978],[-97.456,32.3037],[-97.4556,32.3147],[-97.458,32.3196],[-97.4408,32.3274],[-97.4369,32.3304],[-97.4314,32.3312],[-97.4227,32.3351],[-97.4178,32.3279],[-97.396,32.3389],[-97.3944,32.3346],[-97.3917,32.3352],[-97.3914,32.3343],[-97.384,32.3376],[-97.3837,32.34],[-97.3828,32.3402],[-97.3833,32.3417],[-97.3816,32.3421],[-97.3825,32.3453],[-97.3808,32.3457],[-97.3857,32.3631],[-97.3866,32.3809],[-97.3811,32.3802],[-97.3737,32.3817],[-97.3737,32.3853],[-97.3715,32.3855],[-97.3711,32.4034],[-97.37,32.4035],[-97.3696,32.4071],[-97.377,32.4077],[-97.3769,32.4203],[-97.3798,32.4245],[-97.3814,32.4245],[-97.3812,32.4304],[-97.3825,32.4305],[-97.3825,32.4363],[-97.3842,32.4373],[-97.3843,32.4702],[-97.375,32.4892],[-97.3491,32.5199],[-97.3394,32.5299],[-97.3298,32.5426],[-97.3195,32.5527],[-97.2874,32.5526],[-97.2848,32.5576],[-97.2867,32.5578],[-97.2866,32.5592],[-97.2837,32.5607],[-97.3013,32.5606],[-97.301,32.5642],[-97.2986,32.5664],[-97.2985,32.5679],[-97.2938,32.5679],[-97.2934,32.572],[-97.2907,32.5744],[-97.2904,32.5799],[-97.2928,32.5797],[-97.2928,32.5973],[-97.2843,32.5976],[-97.2841,32.604],[-97.269,32.6039],[-97.2683,32.6064],[-97.2667,32.6065],[-97.2649,32.6032],[-97.262,32.6041],[-97.2611,32.6065],[-97.2593,32.6072],[-97.2568,32.6108],[-97.2575,32.6156],[-97.2566,32.6167],[-97.2565,32.6218],[-97.2536,32.6244],[-97.2513,32.6246],[-97.2491,32.6264],[-97.2478,32.6261],[-97.2479,32.6303],[-97.2463,32.6298],[-97.2465,32.6315],[-97.2428,32.6318],[-97.2437,32.6357],[-97.2396,32.6373],[-97.2401,32.6383],[-97.2422,32.6381],[-97.2425,32.6418],[-97.2443,32.6423],[-97.2453,32.6444],[-97.2483,32.6467],[-97.2477,32.649],[-97.2441,32.6507],[-97.2435,32.6535],[-97.2416,32.6549],[-97.2441,32.6585],[-97.2447,32.6627],[-97.2374,32.6678],[-97.2207,32.6681],[-97.2195,32.6682],[-97.2196,32.6692],[-97.2172,32.6694],[-97.2183,32.6797],[-97.2177,32.6857],[-97.2106,32.6896],[-97.2002,32.6897],[-97.1991,32.6974],[-97.2009,32.6966],[-97.2014,32.6972],[-97.2005,32.7028],[-97.2034,32.7079],[-97.2038,32.7117],[-97.2012,32.7132],[-97.2001,32.7127],[-97.2001,32.7142],[-97.1978,32.7127],[-97.1924,32.7162],[-97.2048,32.7254],[-97.2075,32.7249],[-97.2072,32.7277],[-97.1988,32.7277],[-97.1988,32.7283],[-97.1749,32.7313],[-97.136,32.735],[-97.1233,32.739],[-97.0972,32.7389],[-97.0835,32.7416],[-97.0839,32.744],[-97.0811,32.7499],[-97.0758,32.748],[-97.0627,32.749],[-97.0635,32.7571],[-97.0627,32.779],[-97.0349,32.7799],[-97.0338,32.8385],[-97.0378,32.8402],[-97.0398,32.8444],[-97.0416,32.8444],[-97.0429,32.8407],[-97.0469,32.8387],[-97.0581,32.8411],[-97.0607,32.8435],[-97.0622,32.8432],[-97.0623,32.8402],[-97.0638,32.8385],[-97.0688,32.8375],[-97.0688,32.8368],[-97.0727,32.8368],[-97.0707,32.8297],[-97.0736,32.8297],[-97.0736,32.8225],[-97.1051,32.8224],[-97.1051,32.8195],[-97.1033,32.8197],[-97.1033,32.8176],[-97.1122,32.8161],[-97.1112,32.8122],[-97.1137,32.8111],[-97.1174,32.8107],[-97.1173,32.8148],[-97.1386,32.8147],[-97.156,32.8088],[-97.1694,32.8087],[-97.1694,32.8056],[-97.2034,32.8074],[-97.2212,32.8005],[-97.2212,32.7945],[-97.2287,32.7945],[-97.2287,32.7914],[-97.2308,32.7914],[-97.2307,32.7945],[-97.2335,32.7946],[-97.2354,32.7935],[-97.2363,32.7941]]]},"properties":{"GEOID":"4825","BASENAME":"25","NAME":"Congressional District 25","CD120":"25"}},
{"type":"Feature","geometry":{"type":"Polygon","coordinates":[[[-94.6523,33.2689],[-94.6528,33.2683],[-94.6548,33.2744],[-94.6525,33.2747],[-94.6524,33.2757],[-94.658,33.2765],[-94.6594,33.2754],[-94.6623,33.2777],[-94.6598,33.2806],[-94.661,33.2806],[-94.6604,33.2819],[-94.6611,33.283],[-94.6637,33.2838],[-94.6676,33.2834],[-94.6697,33.2852],[-94.6714,33.2845],[-94.6751,33.2862],[-94.6751,33.2873],[-94.6725,33.2881],[-94.6725,33.29],[-94.675,33.2892],[-94.6759,33.2907],[-94.6738,33.293],[-94.6757,33.2934],[-94.6765,33.2948],[-94.6781,33.2946],[-94.6783,33.2906],[-94.6821,33.2937],[-94.6869,33.293],[-94.6905,33.3003],[-94.6913,33.3078],[-94.6901,33.3095],[-94.6918,33.3124],[-94.6936,33.3116],[-94.6946,33.3076],[-94.6958,33.3072],[-94.6977,33.3089],[-94.699,33.3117],[-94.7024,33.3117],[-94.701,33.3144],[-94.7028,33.3158],[-94.704,33.3153],[-94.7029,33.314],[-94.7035,33.3131],[-94.7109,33.3115],[-94.7097,33.3103],[-94.7105,33.3086],[-94.7141,33.3116],[-94.7174,33.3117],[-94.7172,33.3071],[-94.7189,33.3081],[-94.7205,33.3066],[-94.7212,33.3085],[-94.7226,33.3091],[-94.7229,33.3071],[-94.7259,33.3071],[-94.7268,33.3086],[-94.7303,33.3088],[-94.7321,33.3115],[-94.7317,33.3171],[-94.7327,33.3175],[-94.7365,33.3164],[-94.7377,33.3169],[-94.735,33.3184],[-94.7372,33.3195],[-94.7365,33.3214],[-94.7376,33.3225],[-94.7364,33.3238],[-94.7397,33.324],[-94.7398,33.3271],[-94.7456,33.3299],[-94.7495,33.327],[-94.7498,33.3236],[-94.752,33.3224],[-94.7524,33.3194],[-94.7543,33.318],[-94.7568,33.3177],[-94.7588,33.3186],[-94.7617,33.3175],[-94.7622,33.3189],[-94.7602,33.321],[-94.764,33.3229],[-94.765,33.3209],[-94.7675,33.322],[-94.7688,33.3206],[-94.7708,33.321],[-94.7727,33.3203],[-94.7738,33.3183],[-94.7782,33.3196],[-94.7814,33.3187],[-94.7806,33.3206],[-94.7769,33.3201],[-94.776,33.321],[-94.7772,33.3223],[-94.7825,33.3225],[-94.784,33.3238],[-94.7822,33.3274],[-94.7793,33.328],[-94.7789,33.3293],[-94.7804,33.3308],[-94.7772,33.3316],[-94.7769,33.3328],[-94.7799,33.3336],[-94.7812,33.3377],[-94.7823,33.3376],[-94.7819,33.3355],[-94.783,33.335],[-94.7844,33.3375],[-94.7883,33.3368],[-94.7894,33.3379],[-94.7873,33.3389],[-94.7877,33.3427],[-94.7828,33.342],[-94.7819,33.3443],[-94.7856,33.3433],[-94.7862,33.3444],[-94.7847,33.3458],[-94.7858,33.3496],[-94.787,33.3489],[-94.788,33.3461],[-94.7899,33.3449],[-94.7909,33.3453],[-94.79,33.3472],[-94.7907,33.3487],[-94.7974,33.3484],[-94.7951,33.3527],[-94.7914,33.3525],[-94.7911,33.356],[-94.7921,33.3567],[-94.7943,33.3558],[-94.7948,33.3539],[-94.7976,33.3553],[-94.7977,33.3564],[-94.7949,33.3577],[-94.7949,33.3601],[-94.7959,33.3616],[-94.8002,33.3616],[-94.7996,33.3631],[-94.801,33.3655],[-94.8046,33.3647],[-94.8058,33.3657],[-94.8081,33.3659],[-94.8088,33.3636],[-94.8105,33.3651],[-94.8135,33.3627],[-94.815,33.3629],[-94.814,33.3642],[-94.8155,33.3667],[-94.8122,33.367],[-94.8119,33.3684],[-94.813,33.3696],[-94.8153,33.3698],[-94.8161,33.3716],[-94.8153,33.3725],[-94.8125,33.3717],[-94.8115,33.3722],[-94.8127,33.3756],[-94.8176,33.3764],[-94.8242,33.3794],[-94.8284,33.379],[-94.8302,33.3828],[-94.8321,33.3824],[-94.8339,33.3839],[-94.8351,33.3834],[-94.8343,33.3794],[-94.8354,33.3789],[-94.8362,33.3831],[-94.8392,33.3852],[-94.8398,33.3841],[-94.8374,33.3821],[-94.8407,33.3822],[-94.8419,33.3809],[-94.8453,33.3834],[-94.8452,33.3818],[-94.8433,33.3808],[-94.8463,33.3788],[-94.8492,33.3838],[-94.8504,33.3836],[-94.8495,33.3822],[-94.8511,33.3801],[-94.8535,33.3826],[-94.8545,33.382],[-94.8543,33.3797],[-94.8576,33.3815],[-94.8565,33.3774],[-94.8576,33.3767],[-94.8617,33.3796],[-94.8647,33.3801],[-94.8633,33.3815],[-94.8636,33.3825],[-94.8691,33.3837],[-94.8693,33.385],[-94.8662,33.3845],[-94.8659,33.3857],[-94.87,33.3862],[-94.8688,33.389],[-94.8739,33.392],[-94.8768,33.3911],[-94.8776,33.3921],[-94.8762,33.3944],[-94.8803,33.3947],[-94.8814,33.3959],[-94.8893,33.3985],[-94.8901,33.3982],[-94.8901,33.3945],[-94.8947,33.3924],[-94.896,33.3939],[-94.8984,33.3939],[-94.8995,33.39],[-94.9042,33.3897],[-94.9051,33.388],[-94.9071,33.3874],[-94.9063,33.3852],[-94.9083,33.3837],[-94.9092,33.3847],[-94.9083,33.3867],[-94.9105,33.3878],[-94.9135,33.3842],[-94.9146,33.3847],[-94.9155,33.3879],[-94.9165,33.3881],[-94.9182,33.3876],[-94.9211,33.3845],[-94.9259,33.3848],[-94.9274,33.3837],[-94.9311,33.3857],[-94.9306,33.3873],[-94.9319,33.3887],[-94.9355,33.3858],[-94.9357,33.3896],[-94.9368,33.3884],[-94.9428,33.3891],[-94.9452,33.3919],[-94.9525,33.3904],[-94.9533,33.3929],[-94.9521,33.3952],[-94.9552,33.3966],[-94.9569,33.396],[-94.9542,33.3945],[-94.9556,33.3934],[-94.961,33.3926],[-94.9615,33.3898],[-94.9647,33.3909],[-94.9646,33.3894],[-94.9665,33.3879],[-94.9727,33.3886],[-94.9742,33.3875],[-94.9748,33.3894],[-94.9777,33.3897],[-94.9775,33.3882],[-94.9793,33.3871],[-94.9829,33.3877],[-94.9822,33.3903],[-94.9808,33.391],[-94.983,33.3922],[-94.9854,33.3887],[-94.9876,33.3901],[-94.9899,33.3899],[-94.9918,33.3922],[-94.9938,33.3911],[-94.9928,33.389],[-94.9935,33.3885],[-94.9954,33.3891],[-94.9959,33.3908],[-94.9974,33.3904],[-94.9986,33.3917],[-95.0028,33.3902],[-95.0029,33.3918],[-95.0002,33.3927],[-94.9998,33.3942],[-95.0047,33.3954],[-95.0094,33.3919],[-95.0124,33.393],[-95.0135,33.3904],[-95.0171,33.3909],[-95.0181,33.3887],[-95.0152,33.3868],[-95.0179,33.3871],[-95.0168,33.3847],[-95.0199,33.3841],[-95.0193,33.3817],[-95.02,33.3809],[-95.0229,33.3822],[-95.0239,33.3843],[-95.0249,33.3823],[-95.028,33.3836],[-95.031,33.382],[-95.0323,33.3847],[-95.033,33.3821],[-95.0348,33.3817],[-95.0349,33.3833],[-95.0377,33.3832],[-95.0383,33.3843],[-95.0412,33.3849],[-95.0417,33.384],[-95.0384,33.3811],[-95.0391,33.3801],[-95.0407,33.3807],[-95.0415,33.3826],[-95.0429,33.3816],[-95.0498,33.3831],[-95.0493,33.385],[-95.0522,33.3854],[-95.0508,33.3876],[-95.052,33.389],[-95.0532,33.3891],[-95.0527,33.3877],[-95.0542,33.3858],[-95.056,33.3861],[-95.0546,33.3875],[-95.0554,33.3884],[-95.0591,33.3861],[-95.0595,33.3876],[-95.0577,33.3906],[-95.0583,33.3921],[-95.0619,33.3912],[-95.0623,33.3897],[-95.0641,33.3893],[-95.0664,33.3912],[-95.0689,33.3909],[-95.0694,33.3901],[-95.0681,33.3891],[-95.0707,33.3895],[-95.07,33.3868],[-95.0733,33.3875],[-95.0748,33.3859],[-95.0822,33.3893],[-95.0892,33.3955],[-95.0937,33.3975],[-95.0956,33.3959],[-95.0942,33.3936],[-95.0948,33.3927],[-95.0968,33.3939],[-95.0994,33.3934],[-95.0992,33.3954],[-95.1015,33.3967],[-95.1025,33.3945],[-95.1063,33.3929],[-95.1063,33.3912],[-95.1076,33.3921],[-95.109,33.3916],[-95.1092,33.3892],[-95.1124,33.3907],[-95.114,33.3885],[-95.119,33.3888],[-95.1196,33.3859],[-95.1222,33.3872],[-95.1233,33.3895],[-95.1256,33.3895],[-95.1275,33.3881],[-95.1295,33.3884],[-95.1333,33.3861],[-95.1377,33.387],[-95.1401,33.3853],[-95.1455,33.3882],[-95.1465,33.3872],[-95.1449,33.3865],[-95.1448,33.3847],[-95.1429,33.3841],[-95.1432,33.3831],[-95.1456,33.382],[-95.1466,33.383],[-95.1486,33.3828],[-95.1496,33.3817],[-95.154,33.3821],[-95.1537,33.3807],[-95.1605,33.3799],[-95.1621,33.38],[-95.1622,33.3807],[-95.16,33.3815],[-95.1577,33.3838],[-95.1606,33.3826],[-95.1612,33.3845],[-95.1662,33.3855],[-95.1662,33.3826],[-95.1699,33.3828],[-95.1711,33.3796],[-95.1725,33.3798],[-95.1733,33.3829],[-95.1751,33.3821],[-95.1743,33.3808],[-95.1762,33.3804],[-95.1757,33.3786],[-95.1768,33.3778],[-95.1778,33.3779],[-95.1779,33.3799],[-95.1801,33.3817],[-95.1822,33.3804],[-95.1831,33.3772],[-95.185,33.3773],[-95.1845,33.3783],[-95.1863,33.3794],[-95.1882,33.3793],[-95.1882,33.3775],[-95.1858,33.3761],[-95.1917,33.3738],[-95.1969,33.3738],[-95.1988,33.3747],[-95.1988,33.3755],[-95.1968,33.3755],[-95.1984,33.378],[-95.1942,33.3774],[-95.1962,33.3795],[-95.2011,33.3809],[-95.2067,33.3806],[-95.2064,33.3795],[-95.2073,33.379],[-95.2115,33.3799],[-95.2121,33.3787],[-95.2142,33.379],[-95.2166,33.3759],[-95.2182,33.3789],[-95.223,33.3782],[-95.2206,33.3755],[-95.2254,33.3747],[-95.2297,33.3756],[-95.2278,33.374],[-95.2291,33.3732],[-95.2277,33.3719],[-95.2282,33.3707],[-95.2292,33.3713],[-95.2318,33.3701],[-95.231,33.3721],[-95.2344,33.3738],[-95.2341,33.3708],[-95.2363,33.3712],[-95.2375,33.369],[-95.2401,33.3708],[-95.241,33.3678],[-95.2451,33.3701],[-95.2507,33.3707],[-95.252,33.3695],[-95.2518,33.3679],[-95.2561,33.3677],[-95.2572,33.3705],[-95.2604,33.3695],[-95.2587,33.3676],[-95.261,33.3669],[-95.2624,33.3682],[-95.2621,33.3706],[-95.2647,33.3727],[-95.2664,33.3708],[-95.2675,33.3709],[-95.2669,33.3731],[-95.2684,33.3728],[-95.271,33.3767],[-95.2717,33.3756],[-95.2731,33.3755],[-95.2726,33.3734],[-95.276,33.3744],[-95.2785,33.3737],[-95.2792,33.3766],[-95.2808,33.377],[-95.2826,33.3764],[-95.2836,33.3747],[-95.2859,33.3753],[-95.2848,33.3762],[-95.2853,33.3776],[-95.2901,33.3756],[-95.2892,33.3779],[-95.2918,33.3787],[-95.2925,33.3801],[-95.2954,33.3793],[-95.2957,33.3814],[-95.2976,33.3808],[-95.2991,33.3827],[-95.3001,33.3824],[-95.3015,33.3783],[-95.3044,33.3792],[-95.3066,33.378],[-95.3081,33.3807],[-95.3086,33.3777],[-95.3103,33.3801],[-95.3131,33.3795],[-95.3143,33.3808],[-95.3187,33.3797],[-95.3177,33.3809],[-95.3185,33.382],[-95.3205,33.381],[-95.3217,33.379],[-95.3229,33.3806],[-95.3241,33.3794],[-95.3241,33.3813],[-95.327,33.3802],[-95.3265,33.3827],[-95.3286,33.3822],[-95.3299,33.3854],[-95.3335,33.3864],[-95.3335,33.3848],[-95.3352,33.3847],[-95.3352,33.3868],[-95.3364,33.388],[-95.3369,33.3862],[-95.3381,33.3869],[-95.3395,33.385],[-95.3412,33.3862],[-95.3403,33.3882],[-95.3428,33.3887],[-95.3455,33.3878],[-95.3463,33.3892],[-95.3472,33.3885],[-95.3486,33.3889],[-95.351,33.3869],[-95.3524,33.3875],[-95.3539,33.3869],[-95.3561,33.3907],[-95.3573,33.3909],[-95.3571,33.3896],[-95.36,33.3916],[-95.362,33.39],[-95.3618,33.3915],[-95.3635,33.3937],[-95.3652,33.3922],[-95.3657,33.3933],[-95.368,33.393],[-95.3688,33.3943],[-95.3728,33.3908],[-95.3732,33.3924],[-95.3778,33.3955],[-95.3796,33.3997],[-95.3809,33.3975],[-95.3818,33.3984],[-95.3859,33.3981],[-95.3879,33.4019],[-95.3893,33.4009],[-95.3903,33.4022],[-95.3922,33.402],[-95.3924,33.401],[-95.3942,33.401],[-95.397,33.399],[-95.3966,33.4018],[-95.398,33.4042],[-95.3998,33.4043],[-95.3979,33.4071],[-95.3998,33.4098],[-95.4018,33.4106],[-95.4049,33.4089],[-95.4089,33.4098],[-95.4101,33.4117],[-95.4115,33.4108],[-95.4124,33.412],[-95.4139,33.4109],[-95.4152,33.4112],[-95.4169,33.4122],[-95.416,33.4141],[-95.4175,33.414],[-95.418,33.4149],[-95.4168,33.4151],[-95.4164,33.4163],[-95.4216,33.4167],[-95.4213,33.4155],[-95.4221,33.4151],[-95.4233,33.4164],[-95.4214,33.4174],[-95.422,33.4182],[-95.426,33.4168],[-95.4251,33.4194],[-95.4271,33.4187],[-95.4296,33.4223],[-95.4319,33.4213],[-95.433,33.4217],[-95.4324,33.4232],[-95.4305,33.4231],[-95.4299,33.4241],[-95.4316,33.4241],[-95.4328,33.4272],[-95.4414,33.4291],[-95.4425,33.4315],[-95.4447,33.4331],[-95.4531,33.4351],[-95.4549,33.4342],[-95.4577,33.4348],[-95.4604,33.4335],[-95.4618,33.4337],[-95.4625,33.435],[-95.4645,33.4338],[-95.4659,33.4356],[-95.4641,33.4371],[-95.4667,33.437],[-95.4668,33.4381],[-95.4686,33.4381],[-95.4726,33.4425],[-95.4706,33.444],[-95.4745,33.4463],[-95.4738,33.4485],[-95.4782,33.4486],[-95.4784,33.4496],[-95.4805,33.4501],[-95.4817,33.4525],[-95.4819,33.451],[-95.4829,33.452],[-95.4848,33.4508],[-95.4845,33.4533],[-95.4863,33.4522],[-95.4875,33.4535],[-95.4902,33.4537],[-95.4919,33.4553],[-95.4938,33.4555],[-95.4923,33.4538],[-95.4939,33.4531],[-95.4921,33.4514],[-95.4943,33.4502],[-95.4969,33.4509],[-95.4962,33.4497],[-95.497,33.4483],[-95.499,33.4482],[-95.5007,33.4435],[-95.5027,33.4436],[-95.5022,33.4426],[-95.5048,33.4419],[-95.5072,33.4421],[-95.5115,33.4451],[-95.5195,33.4441],[-95.5266,33.4458],[-95.5306,33.4494],[-95.5315,33.4522],[-95.5342,33.4536],[-95.5357,33.4531],[-95.5369,33.455],[-95.5376,33.4539],[-95.5392,33.4554],[-95.5414,33.4557],[-95.541,33.4566],[-95.5422,33.4575],[-95.5446,33.4571],[-95.5441,33.4588],[-95.5465,33.4588],[-95.5468,33.4604],[-95.5481,33.4605],[-95.5475,33.4615],[-95.5483,33.4644],[-95.5503,33.4649],[-95.548,33.466],[-95.5492,33.4679],[-95.5566,33.4697],[-95.555,33.472],[-95.5558,33.4724],[-95.5565,33.4714],[-95.5597,33.4725],[-95.5621,33.4719],[-95.5602,33.4737],[-95.5603,33.4746],[-95.5618,33.4743],[-95.5622,33.4759],[-95.5661,33.477],[-95.5665,33.4759],[-95.5685,33.4758],[-95.5691,33.4737],[-95.5717,33.4737],[-95.5719,33.4728],[-95.5737,33.4724],[-95.5756,33.4727],[-95.5766,33.4707],[-95.578,33.4709],[-95.5785,33.4719],[-95.5821,33.4692],[-95.5857,33.4712],[-95.586,33.4701],[-95.5876,33.4706],[-95.5908,33.469],[-95.5919,33.4705],[-95.5902,33.472],[-95.5935,33.4726],[-95.5935,33.4736],[-95.5922,33.4735],[-95.5922,33.4751],[-95.5936,33.4746],[-95.5941,33.4764],[-95.5957,33.4771],[-95.5929,33.4789],[-95.5932,33.4803],[-95.5969,33.4801],[-95.5973,33.4814],[-95.5997,33.4804],[-95.6004,33.4813],[-95.5995,33.4823],[-95.6007,33.4824],[-95.6006,33.4837],[-95.6037,33.4847],[-95.6037,33.4827],[-95.6051,33.4831],[-95.6095,33.4813],[-95.6111,33.4825],[-95.6095,33.4826],[-95.6094,33.4844],[-95.6125,33.4847],[-95.616,33.4838],[-95.617,33.4853],[-95.6217,33.4871],[-95.6299,33.4852],[-95.6304,33.4839],[-95.6363,33.4821],[-95.6375,33.4841],[-95.6438,33.4867],[-95.644,33.4848],[-95.6451,33.4856],[-95.6498,33.4829],[-95.6502,33.4813],[-95.6516,33.4822],[-95.6527,33.4807],[-95.6548,33.4809],[-95.6557,33.4797],[-95.657,33.4803],[-95.6575,33.4786],[-95.6596,33.4789],[-95.6588,33.4777],[-95.661,33.4775],[-95.6608,33.475],[-95.6614,33.476],[-95.6647,33.4767],[-95.6678,33.4756],[-95.6696,33.4738],[-95.6713,33.4743],[-95.6717,33.4726],[-95.6748,33.473],[-95.6757,33.471],[-95.6775,33.4727],[-95.6782,33.4703],[-95.6797,33.4717],[-95.6818,33.4703],[-95.6827,33.4708],[-95.6809,33.4721],[-95.6827,33.4725],[-95.6824,33.474],[-95.6834,33.4744],[-95.6846,33.4735],[-95.6856,33.4743],[-95.6837,33.4754],[-95.6851,33.4765],[-95.6851,33.4787],[-95.6859,33.478],[-95.6872,33.4784],[-95.6876,33.4773],[-95.6904,33.4775],[-95.6902,33.4756],[-95.6933,33.476],[-95.6928,33.477],[-95.6942,33.4783],[-95.6942,33.4767],[-95.6958,33.4766],[-95.696,33.4781],[-95.6972,33.4768],[-95.6976,33.4787],[-95.6995,33.4789],[-95.7023,33.4811],[-95.7009,33.4841],[-95.703,33.4836],[-95.7033,33.4847],[-95.7049,33.4848],[-95.7044,33.4867],[-95.7078,33.4878],[-95.7082,33.4866],[-95.7069,33.4859],[-95.7086,33.486],[-95.7078,33.4852],[-95.7095,33.4831],[-95.7104,33.4846],[-95.7132,33.4835],[-95.7141,33.4856],[-95.7157,33.4844],[-95.7159,33.4859],[-95.7179,33.4861],[-95.7202,33.486],[-95.72,33.4844],[-95.7224,33.4859],[-95.7256,33.4847],[-95.7264,33.4852],[-95.7275,33.4842],[-95.7287,33.4869],[-95.7308,33.4872],[-95.733,33.4846],[-95.7336,33.4866],[-95.7378,33.4878],[-95.7369,33.4899],[-95.7402,33.4899],[-95.7438,33.4925],[-95.7451,33.491],[-95.7514,33.4932],[-95.7556,33.4908],[-95.7564,33.4918],[-95.7551,33.4931],[-95.7563,33.4925],[-95.758,33.4951],[-95.7589,33.4934],[-95.7614,33.4955],[-95.7613,33.4945],[-95.7627,33.4951],[-95.7632,33.4942],[-95.7692,33.4946],[-95.7717,33.4937],[-95.7721,33.4915],[-95.7765,33.4924],[-95.7778,33.4909],[-95.7793,33.4918],[-95.7811,33.4907],[-95.7797,33.4902],[-95.7799,33.488],[-95.7821,33.488],[-95.7816,33.4863],[-95.7836,33.4857],[-95.7848,33.4868],[-95.7885,33.4861],[-95.7899,33.4838],[-95.7943,33.4819],[-95.7939,33.4798],[-95.7959,33.4803],[-95.7982,33.4792],[-95.7979,33.478],[-95.8028,33.4753],[-95.8074,33.4753],[-95.8094,33.4733],[-95.8099,33.4702],[-95.8136,33.4708],[-95.8138,33.4691],[-95.8153,33.4702],[-95.8154,33.4694],[-95.8171,33.4695],[-95.8164,33.4672],[-95.818,33.4662],[-95.8197,33.4666],[-95.8198,33.464],[-95.8217,33.4649],[-95.8224,33.4639],[-95.8234,33.4644],[-95.8263,33.4629],[-95.8264,33.4619],[-95.8253,33.4624],[-95.8242,33.4613],[-95.8264,33.4609],[-95.8259,33.4593],[-95.8272,33.459],[-95.8281,33.4599],[-95.8301,33.4593],[-95.8305,33.4602],[-95.8321,33.4599],[-95.8335,33.4609],[-95.8385,33.4603],[-95.8389,33.4594],[-95.8397,33.4599],[-95.8436,33.4583],[-95.8441,33.4597],[-95.8463,33.4595],[-95.847,33.4592],[-95.8463,33.4581],[-95.8489,33.4578],[-95.8518,33.4598],[-95.8536,33.4592],[-95.8537,33.4615],[-95.8549,33.4607],[-95.8577,33.4617],[-95.8587,33.4095],[-96.2503,33.3578],[-96.3845,33.3411],[-96.3846,33.3978],[-96.6253,33.4006],[-96.7273,33.4029],[-96.7285,33.3994],[-96.7254,33.3972],[-96.7262,33.3964],[-96.7251,33.3951],[-96.7263,33.394],[-96.7251,33.3942],[-96.7253,33.3927],[-96.7241,33.392],[-96.7248,33.3899],[-96.7226,33.3883],[-96.7219,33.3845],[-96.7226,33.3835],[-96.7212,33.3824],[-96.722,33.3808],[-96.7196,33.3791],[-96.7208,33.3775],[-96.7198,33.3766],[-96.7201,33.3744],[-96.7245,33.3642],[-96.7227,33.3642],[-96.7227,33.357],[-96.7141,33.3567],[-96.7139,33.3535],[-96.7129,33.3527],[-96.713,33.3449],[-96.7143,33.3351],[-96.7295,33.3349],[-96.7307,33.3319],[-96.7316,33.2936],[-96.7302,33.278],[-96.7303,33.2631],[-96.7303,33.2624],[-96.733,33.2625],[-96.7328,33.2186],[-96.7503,33.2186],[-96.7503,33.2119],[-96.7521,33.2116],[-96.7521,33.2107],[-96.7555,33.2107],[-96.7554,33.2185],[-96.7674,33.2186],[-96.7675,33.1965],[-96.7624,33.1964],[-96.7625,33.189],[-96.7678,33.189],[-96.7679,33.182],[-96.7416,33.1816],[-96.7415,33.189],[-96.7329,33.189],[-96.7334,33.127],[-96.7317,33.1223],[-96.7331,33.1184],[-96.7334,33.0912],[-96.7365,33.0872],[-96.7366,33.086],[-96.7351,33.0861],[-96.7366,33.0841],[-96.7368,33.0716],[-96.7133,33.0716],[-96.7117,33.0701],[-96.7094,33.0697],[-96.7103,33.066],[-96.7096,33.0659],[-96.7098,33.05],[-96.7128,33.0498],[-96.713,33.0482],[-96.7116,33.0471],[-96.7154,33.0448],[-96.7161,33.0411],[-96.709,33.0409],[-96.7065,33.0381],[-96.7043,33.0376],[-96.7098,33.0254],[-96.708,33.0042],[-96.6809,33.0026],[-96.6754,33.0007],[-96.6707,32.9973],[-96.665,32.9973],[-96.6648,33.0041],[-96.6592,33.0034],[-96.6592,33.0043],[-96.6382,33.005],[-96.6225,33.0041],[-96.6224,33.005],[-96.6147,33.0049],[-96.6148,33.0035],[-96.6131,33.0035],[-96.6134,32.9843],[-96.438,32.9821],[-96.2972,32.9818],[-96.2972,32.981],[-96.2779,32.981],[-96.2594,32.9872],[-96.2034,33.0198],[-96.1876,33.0337],[-96.1795,33.0434],[-96.1227,33.0423],[-96.1085,33.0415],[-96.1078,33.0394],[-96.0941,33.0392],[-96.0936,33.0372],[-96.0677,33.0367],[-96.0676,33.032],[-96.0613,33.0342],[-96.059,33.0371],[-96.0549,33.038],[-96.0527,33.0364],[-96.0522,33.0372],[-96.0506,33.0365],[-96.0486,33.037],[-96.0478,33.0354],[-96.0492,33.0334],[-96.0478,33.0331],[-96.0481,33.0318],[-96.047,33.032],[-96.0445,33.03],[-96.0401,33.0294],[-96.0392,33.0306],[-96.0399,33.032],[-96.0377,33.0324],[-96.0352,33.0292],[-96.0335,33.0292],[-96.033,33.0268],[-96.0321,33.0256],[-96.031,33.0257],[-96.0316,33.0247],[-96.0302,33.0233],[-96.0288,33.0234],[-96.0305,33.0228],[-96.0305,33.0219],[-96.024,33.018],[-96.0232,33.0166],[-96.0203,33.0158],[-96.0203,33.0142],[-96.0181,33.0122],[-96.0189,33.011],[-95.9995,33.0156],[-95.976,33.023],[-95.9732,33.0218],[-95.9679,33.0161],[-95.9616,33.0115],[-95.9468,33.008],[-95.9445,33.0065],[-95.9357,33.0069],[-95.9357,33.004],[-95.9319,33.0036],[-95.9313,32.9988],[-95.9323,32.9988],[-95.9327,32.989],[-95.9236,32.9798],[-95.6677,32.9796],[-95.6654,32.9604],[-95.3057,32.9626],[-95.1729,32.9618],[-95.1726,32.9633],[-95.1759,32.9648],[-95.175,32.9668],[-95.1736,32.9672],[-95.1741,32.969],[-95.1726,32.9694],[-95.1717,32.9725],[-95.1695,32.9726],[-95.1674,32.9748],[-95.165,32.9753],[-95.1649,32.9769],[-95.1639,32.9771],[-95.1644,32.9785],[-95.1622,32.9809],[-95.162,32.983],[-95.164,32.9848],[-95.1619,32.9858],[-95.1623,32.988],[-95.1639,32.9887],[-95.1613,32.9894],[-95.1627,32.9927],[-95.1623,32.9942],[-95.1591,32.9945],[-95.1592,32.9956],[-95.1576,32.9947],[-95.1575,32.997],[-95.1587,32.9972],[-95.1563,32.9994],[-95.1563,33.0014],[-95.1541,33.0029],[-95.1521,33.0027],[-95.1511,33.0063],[-95.1532,33.0083],[-95.1544,33.0079],[-95.1536,33.0124],[-95.1478,33.0169],[-95.1475,33.0209],[-95.1411,33.0243],[-95.1411,33.0258],[-95.1387,33.0262],[-95.1372,33.0309],[-95.1339,33.0313],[-95.1311,33.0301],[-95.1292,33.0314],[-95.1304,33.0323],[-95.1289,33.0338],[-95.1222,33.0358],[-95.1209,33.0342],[-95.115,33.0341],[-95.1131,33.0326],[-95.1133,33.0318],[-95.1152,33.0317],[-95.1136,33.0305],[-95.1126,33.0316],[-95.1096,33.0311],[-95.1093,33.0329],[-95.1079,33.0315],[-95.1073,33.0333],[-95.1063,33.0323],[-95.105,33.0325],[-95.105,33.0336],[-95.103,33.033],[-95.1032,33.0348],[-95.1024,33.0344],[-95.1019,33.0358],[-95.1015,33.0345],[-95.1004,33.0345],[-95.1003,33.0359],[-95.0994,33.0352],[-95.0991,33.0363],[-95.0988,33.0348],[-95.0989,33.0371],[-95.0966,33.037],[-95.0967,33.0384],[-95.0946,33.0376],[-95.0913,33.04],[-95.0908,33.0411],[-95.0916,33.0414],[-95.0903,33.0428],[-95.0864,33.0433],[-95.084,33.0459],[-95.0803,33.0467],[-95.0784,33.0521],[-95.0698,33.0547],[-95.0675,33.0537],[-95.0656,33.0554],[-95.0627,33.0543],[-95.0607,33.0546],[-95.0594,33.0561],[-95.0577,33.0552],[-95.058,33.0577],[-95.057,33.0572],[-95.0564,33.0579],[-95.0558,33.0566],[-95.0556,33.0578],[-95.0542,33.058],[-95.0554,33.0601],[-95.0544,33.0616],[-95.0514,33.0615],[-95.05,33.0629],[-95.0486,33.0629],[-95.0478,33.0619],[-95.0464,33.0631],[-95.0478,33.0647],[-95.0462,33.0649],[-95.0479,33.0663],[-95.0439,33.068],[-95.0433,33.0694],[-95.0446,33.0703],[-95.0399,33.07],[-95.0403,33.0723],[-95.0393,33.0703],[-95.0381,33.0708],[-95.0383,33.0719],[-95.0369,33.0708],[-95.0372,33.0723],[-95.0348,33.071],[-95.0334,33.0717],[-95.0333,33.0729],[-95.0324,33.0715],[-95.0312,33.073],[-95.0305,33.0714],[-95.0307,33.0736],[-95.0285,33.0733],[-95.0289,33.0723],[-95.0257,33.0732],[-95.0251,33.0745],[-95.0183,33.0757],[-95.014,33.0749],[-95.0142,33.076],[-95.0114,33.0758],[-95.0107,33.0744],[-95.01,33.075],[-95.0094,33.0739],[-95.0102,33.0732],[-95.0065,33.0728],[-95.0072,33.0711],[-95.0058,33.0711],[-95.0032,33.0724],[-95.0038,33.0735],[-95.001,33.076],[-94.9985,33.0765],[-94.999,33.0748],[-94.9975,33.0745],[-94.9956,33.0754],[-94.9956,33.0744],[-94.9943,33.0739],[-94.9948,33.073],[-94.9913,33.0739],[-94.9893,33.0728],[-94.9888,33.0735],[-94.9874,33.0734],[-94.9876,33.0748],[-94.9847,33.076],[-94.9843,33.0771],[-94.9828,33.0757],[-94.9828,33.0773],[-94.9815,33.0766],[-94.9796,33.0774],[-94.979,33.0764],[-94.9778,33.0771],[-94.9783,33.0756],[-94.9772,33.0752],[-94.9772,33.0741],[-94.9728,33.0728],[-94.9725,33.0719],[-94.9702,33.0734],[-94.97,33.0724],[-94.9689,33.0732],[-94.9639,33.0726],[-94.9624,33.0733],[-94.9595,33.0723],[-94.9576,33.0737],[-94.9548,33.073],[-94.9546,33.0739],[-94.9518,33.0747],[-94.9498,33.0735],[-94.9493,33.0744],[-94.948,33.074],[-94.9479,33.0749],[-94.9458,33.0734],[-94.9461,33.0746],[-94.9451,33.075],[-94.9413,33.0729],[-94.9408,33.0745],[-94.9382,33.0736],[-94.9376,33.0743],[-94.9376,33.0734],[-94.9358,33.0739],[-94.9347,33.0727],[-94.9333,33.0727],[-94.9336,33.0712],[-94.9306,33.071],[-94.9304,33.0697],[-94.927,33.0707],[-94.9274,33.0696],[-94.926,33.0676],[-94.9269,33.0673],[-94.9257,33.0666],[-94.9239,33.0675],[-94.9264,33.0639],[-94.926,33.0622],[-94.9228,33.0623],[-94.9247,33.0601],[-94.9235,33.0596],[-94.9245,33.0586],[-94.9222,33.0575],[-94.9244,33.0568],[-94.9225,33.0563],[-94.9225,33.0553],[-94.9207,33.0554],[-94.922,33.054],[-94.9211,33.0528],[-94.9216,33.0509],[-94.92,33.0506],[-94.9189,33.048],[-94.9165,33.0482],[-94.918,33.0466],[-94.9169,33.0453],[-94.9124,33.0445],[-94.9108,33.0459],[-94.9087,33.0454],[-94.908,33.044],[-94.9074,33.0448],[-94.9063,33.0435],[-94.9055,33.0443],[-94.9056,33.0426],[-94.902,33.0418],[-94.9014,33.0398],[-94.9004,33.0402],[-94.9,33.038],[-94.9009,33.0376],[-94.8978,33.0367],[-94.8975,33.0357],[-94.8956,33.036],[-94.8962,33.0342],[-94.895,33.0326],[-94.8936,33.0333],[-94.8936,33.0306],[-94.8887,33.0305],[-94.8894,33.0296],[-94.8886,33.0291],[-94.889,33.0268],[-94.8908,33.0261],[-94.8881,33.0231],[-94.883,33.0217],[-94.8814,33.02],[-94.8801,33.0203],[-94.8798,33.0191],[-94.877,33.0196],[-94.876,33.0158],[-94.8728,33.015],[-94.8725,33.014],[-94.8704,33.0147],[-94.8699,33.0138],[-94.8656,33.0143],[-94.8652,33.0154],[-94.8638,33.0135],[-94.8593,33.0136],[-94.8578,33.0121],[-94.8597,33.0115],[-94.859,33.0082],[-94.8605,33.0066],[-94.862,33.0072],[-94.8627,33.0061],[-94.8599,33.0058],[-94.8592,33.0034],[-94.8567,33.004],[-94.8581,33.002],[-94.857,33.0017],[-94.856,33.0034],[-94.8541,33.0036],[-94.853,33.0013],[-94.8494,32.9993],[-94.8483,32.9968],[-94.8459,32.9955],[-94.8427,32.9968],[-94.8407,32.9939],[-94.8346,32.9908],[-94.835,32.9891],[-94.8334,32.9891],[-94.8329,32.9873],[-94.8311,32.9877],[-94.8312,32.9888],[-94.8302,32.9892],[-94.8299,32.9867],[-94.8278,32.9855],[-94.8291,32.9847],[-94.8284,32.9833],[-94.8268,32.9838],[-94.8257,32.9857],[-94.8214,32.9825],[-94.8194,32.9829],[-94.8157,32.981],[-94.8178,32.98],[-94.8185,32.9778],[-94.8154,32.9779],[-94.8148,32.9771],[-94.8155,32.9761],[-94.8133,32.9755],[-94.8126,32.9764],[-94.8123,32.974],[-94.8106,32.9734],[-94.8094,32.9716],[-94.8085,32.9724],[-94.8065,32.9712],[-94.8043,32.9716],[-94.8048,32.9696],[-94.8025,32.9655],[-94.8009,32.9662],[-94.7986,32.9649],[-94.7964,32.9621],[-94.7954,32.9625],[-94.7939,32.9616],[-94.7942,32.9631],[-94.7927,32.9613],[-94.7922,32.9625],[-94.7903,32.9622],[-94.7895,32.9599],[-94.7865,32.9594],[-94.7875,32.958],[-94.7858,32.9582],[-94.7845,32.9571],[-94.7859,32.9562],[-94.7868,32.9573],[-94.7879,32.9568],[-94.7855,32.954],[-94.7866,32.9528],[-94.7826,32.9513],[-94.7815,32.9478],[-94.7792,32.9473],[-94.7798,32.9463],[-94.7765,32.9464],[-94.7763,32.9442],[-94.7739,32.9438],[-94.7732,32.9405],[-94.775,32.9414],[-94.7757,32.9409],[-94.7738,32.9392],[-94.7765,32.9383],[-94.7756,32.9346],[-94.7744,32.9339],[-94.7719,32.9346],[-94.7713,32.9283],[-94.769,32.9259],[-94.7673,32.9262],[-94.7621,32.922],[-94.7586,32.9213],[-94.7578,32.9199],[-94.7564,32.92],[-94.7558,32.9184],[-94.7516,32.9179],[-94.7505,32.9192],[-94.7524,32.9198],[-94.7505,32.9201],[-94.7493,32.9214],[-94.7481,32.9209],[-94.7476,32.9187],[-94.7459,32.9195],[-94.744,32.9185],[-94.7416,32.9193],[-94.7401,32.9179],[-94.7388,32.9183],[-94.7376,32.9177],[-94.7378,32.9159],[-94.7356,32.916],[-94.7368,32.915],[-94.7356,32.914],[-94.7366,32.9124],[-94.7339,32.9136],[-94.7267,32.9131],[-94.7271,32.9113],[-94.7247,32.9101],[-94.7236,32.9062],[-94.7221,32.9065],[-94.72,32.9049],[-94.7231,32.9031],[-94.7223,32.9017],[-94.7208,32.9017],[-94.7217,32.9009],[-94.7182,32.9012],[-94.7183,32.8999],[-94.7173,32.8996],[-94.7157,32.9002],[-94.7157,32.898],[-94.7117,32.8985],[-94.7114,32.8969],[-94.7083,32.8961],[-94.7094,32.8946],[-94.7067,32.8948],[-94.707,32.8937],[-94.7052,32.8921],[-94.7049,32.8897],[-94.7058,32.8853],[-94.7081,32.8838],[-94.7059,32.8792],[-94.654,32.8795],[-94.654,33.073],[-94.6525,33.144],[-94.6523,33.2689]]]},"properties":{"GEOID":"4803","BASENAME":"3","NAME":"Congressional District 3","CD120":"03"}},
{"type":"Feature","geometry":{"type":"Polygon","coordinates":[[[-94.2575,33.5826],[-94.2661,33.573],[-94.2716,33.5621],[-94.2742,33.5588],[-94.2773,33.5573],[-94.2866,33.5571],[-94.2897,33.5578],[-94.2908,33.559],[-94.2915,33.5631],[-94.2903,33.5677],[-94.2821,33.5732],[-94.2807,33.5751],[-94.2827,33.5813],[-94.2874,33.5826],[-94.2927,33.5808],[-94.2998,33.5747],[-94.3068,33.5602],[-94.3064,33.5557],[-94.3095,33.5516],[-94.3202,33.549],[-94.3315,33.5531],[-94.3336,33.5564],[-94.3355,33.5647],[-94.339,33.5675],[-94.3437,33.568],[-94.3525,33.5622],[-94.3528,33.5609],[-94.3473,33.5516],[-94.3489,33.5484],[-94.3535,33.5437],[-94.3585,33.5431],[-94.362,33.5448],[-94.3701,33.5458],[-94.3725,33.5447],[-94.3817,33.544],[-94.3868,33.5451],[-94.3893,33.5467],[-94.3931,33.5516],[-94.4006,33.5568],[-94.4015,33.5605],[-94.4003,33.5628],[-94.3956,33.5665],[-94.3916,33.5653],[-94.3867,33.5657],[-94.3814,33.5678],[-94.3789,33.5702],[-94.3778,33.5752],[-94.3785,33.5785],[-94.3826,33.5833],[-94.3871,33.5812],[-94.3981,33.5711],[-94.4038,33.5684],[-94.4096,33.5683],[-94.4133,33.5697],[-94.428,33.59],[-94.4307,33.5916],[-94.4395,33.5942],[-94.4417,33.5915],[-94.4511,33.5912],[-94.4535,33.592],[-94.4559,33.5948],[-94.4582,33.5983],[-94.4575,33.6004],[-94.4619,33.5987],[-94.465,33.5988],[-94.4685,33.5996],[-94.4712,33.6019],[-94.4721,33.604],[-94.4703,33.6068],[-94.455,33.615],[-94.4529,33.6174],[-94.4527,33.6225],[-94.4606,33.6247],[-94.4611,33.6293],[-94.4627,33.6308],[-94.4485,33.6344],[-94.4468,33.6403],[-94.4487,33.6427],[-94.4557,33.6451],[-94.4592,33.645],[-94.4614,33.6435],[-94.4642,33.6379],[-94.466,33.6362],[-94.4683,33.6375],[-94.4723,33.6375],[-94.4781,33.639],[-94.4917,33.6365],[-94.4877,33.6306],[-94.4884,33.6274],[-94.4915,33.6251],[-94.4989,33.6239],[-94.5045,33.6207],[-94.5084,33.6213],[-94.5115,33.6231],[-94.5175,33.6331],[-94.5202,33.6298],[-94.5179,33.6237],[-94.5198,33.6181],[-94.5235,33.6159],[-94.5277,33.6159],[-94.5347,33.6212],[-94.5354,33.6242],[-94.5329,33.6274],[-94.5211,33.6349],[-94.5185,33.6376],[-94.5218,33.6407],[-94.5281,33.6412],[-94.5377,33.6383],[-94.5419,33.6363],[-94.5464,33.6315],[-94.5534,33.6276],[-94.5641,33.6263],[-94.569,33.6275],[-94.57,33.6285],[-94.5704,33.6305],[-94.5684,33.6372],[-94.559,33.642],[-94.546,33.6459],[-94.543,33.6493],[-94.543,33.6552],[-94.5481,33.6603],[-94.5496,33.6607],[-94.5602,33.657],[-94.5706,33.6522],[-94.5762,33.6465],[-94.58,33.6445],[-94.5833,33.6438],[-94.5905,33.6451],[-94.587,33.6502],[-94.5768,33.6588],[-94.5648,33.6618],[-94.5625,33.6633],[-94.5603,33.6666],[-94.5612,33.6685],[-94.5637,33.6693],[-94.5705,33.6683],[-94.5779,33.6657],[-94.5808,33.6664],[-94.5793,33.6708],[-94.5813,33.6736],[-94.5796,33.6758],[-94.5796,33.6776],[-94.5879,33.6863],[-94.5916,33.6859],[-94.593,33.684],[-94.59,33.6759],[-94.592,33.6729],[-94.5921,33.667],[-94.596,33.6639],[-94.6012,33.6628],[-94.6058,33.6642],[-94.6119,33.67],[-94.6127,33.6738],[-94.6164,33.6801],[-94.6183,33.6816],[-94.622,33.6825],[-94.6272,33.682],[-94.6287,33.6805],[-94.6303,33.6781],[-94.6309,33.6734],[-94.6349,33.6676],[-94.6369,33.6675],[-94.6387,33.664],[-94.6425,33.6639],[-94.6459,33.6619],[-94.6492,33.6626],[-94.6517,33.6607],[-94.6549,33.6599],[-94.6618,33.6605],[-94.6669,33.6628],[-94.6706,33.6659],[-94.671,33.6684],[-94.6688,33.6719],[-94.6618,33.6751],[-94.6595,33.6751],[-94.6518,33.6705],[-94.6453,33.6736],[-94.6481,33.6815],[-94.6504,33.6844],[-94.6455,33.6859],[-94.6386,33.6958],[-94.6395,33.6983],[-94.6437,33.7015],[-94.6459,33.7018],[-94.6479,33.7005],[-94.6486,33.697],[-94.6471,33.6903],[-94.6488,33.6866],[-94.6514,33.6858],[-94.6592,33.6921],[-94.6669,33.6946],[-94.6718,33.6933],[-94.6774,33.6883],[-94.6848,33.6844],[-94.7041,33.6879],[-94.7162,33.6879],[-94.7183,33.6887],[-94.7144,33.6972],[-94.7132,33.6977],[-94.7108,33.6967],[-94.7063,33.6967],[-94.7035,33.6975],[-94.7011,33.7001],[-94.7016,33.7029],[-94.706,33.7063],[-94.7253,33.7147],[-94.7303,33.7161],[-94.734,33.7157],[-94.7349,33.7148],[-94.7336,33.7113],[-94.7307,33.7074],[-94.7272,33.7053],[-94.7189,33.7033],[-94.7169,33.7004],[-94.7159,33.6949],[-94.7195,33.6889],[-94.7261,33.6909],[-94.7359,33.6916],[-94.7409,33.7006],[-94.7519,33.7049],[-94.7538,33.7087],[-94.7531,33.7108],[-94.7412,33.7134],[-94.7361,33.7161],[-94.7328,33.72],[-94.7323,33.7225],[-94.7334,33.7252],[-94.7367,33.7272],[-94.7421,33.7267],[-94.7451,33.7229],[-94.7459,33.7162],[-94.7514,33.7135],[-94.7559,33.7151],[-94.7577,33.7178],[-94.7477,33.7251],[-94.7503,33.7292],[-94.7518,33.7343],[-94.7544,33.7334],[-94.7606,33.7271],[-94.7687,33.727],[-94.7731,33.7272],[-94.7825,33.7301],[-94.7886,33.7357],[-94.7768,33.7464],[-94.7653,33.7461],[-94.7622,33.7466],[-94.7589,33.7485],[-94.7572,33.753],[-94.7578,33.7559],[-94.763,33.7598],[-94.7699,33.761],[-94.7729,33.7597],[-94.7764,33.7564],[-94.7801,33.7445],[-94.7901,33.7394],[-94.7973,33.7369],[-94.8019,33.7329],[-94.8034,33.7327],[-94.812,33.7353],[-94.817,33.74],[-94.817,33.7416],[-94.8129,33.7454],[-94.8122,33.7509],[-94.8128,33.7521],[-94.8153,33.7514],[-94.8168,33.7542],[-94.8159,33.7598],[-94.8173,33.7658],[-94.8207,33.769],[-94.8234,33.7692],[-94.8273,33.7669],[-94.8295,33.7641],[-94.8308,33.7581],[-94.823,33.7475],[-94.8202,33.737],[-94.8204,33.7338],[-94.8229,33.7327],[-94.8283,33.7349],[-94.8279,33.7409],[-94.8493,33.7396],[-94.8607,33.7419],[-94.8747,33.7492],[-94.8771,33.7522],[-94.8761,33.7555],[-94.8667,33.7618],[-94.8659,33.7656],[-94.8681,33.7689],[-94.8717,33.7704],[-94.8746,33.7696],[-94.8738,33.7581],[-94.8748,33.7569],[-94.8764,33.7573],[-94.8857,33.7652],[-94.8869,33.7691],[-94.8953,33.7684],[-94.9013,33.7709],[-94.9042,33.7732],[-94.9042,33.7772],[-94.9062,33.7782],[-94.9114,33.7784],[-94.9129,33.7795],[-94.9176,33.7867],[-94.9215,33.7905],[-94.9224,33.7935],[-94.9213,33.7984],[-94.9175,33.8052],[-94.9167,33.809],[-94.9145,33.8085],[-94.9109,33.8159],[-94.9137,33.8217],[-94.918,33.8268],[-94.9224,33.8291],[-94.9261,33.8285],[-94.9266,33.8276],[-94.9231,33.8155],[-94.9243,33.8125],[-94.9233,33.8087],[-94.9404,33.8056],[-94.9479,33.8084],[-94.9535,33.8165],[-94.9448,33.8258],[-94.9435,33.8284],[-94.9439,33.8302],[-94.9523,33.8349],[-94.9577,33.835],[-94.9644,33.837],[-94.9658,33.8487],[-94.9689,33.8609],[-94.9702,33.8618],[-94.9727,33.862],[-94.9759,33.8602],[-94.9816,33.8523],[-94.9833,33.8514],[-94.9885,33.851],[-94.9927,33.8525],[-94.998,33.8605],[-95.0022,33.8637],[-95.0102,33.8587],[-95.0157,33.8577],[-95.0297,33.8601],[-95.0372,33.8603],[-95.0466,33.8626],[-95.049,33.8641],[-95.0507,33.8682],[-95.0513,33.8748],[-95.0506,33.8783],[-95.0548,33.8816],[-95.0591,33.8875],[-95.0588,33.8948],[-95.0601,33.9019],[-95.0623,33.9036],[-95.0724,33.9027],[-95.0735,33.902],[-95.07,33.8956],[-95.0718,33.8956],[-95.0759,33.9018],[-95.0764,33.9043],[-95.0746,33.9073],[-95.0706,33.9084],[-95.067,33.9083],[-95.0642,33.9102],[-95.0635,33.914],[-95.0668,33.9171],[-95.0695,33.9176],[-95.074,33.9156],[-95.075,33.9088],[-95.0787,33.905],[-95.0798,33.8875],[-95.0824,33.8799],[-95.0896,33.8809],[-95.0987,33.8907],[-95.1004,33.8956],[-95.0974,33.8989],[-95.0915,33.9003],[-95.091,33.9016],[-95.0921,33.9019],[-95.0876,33.903],[-95.0797,33.9086],[-95.0768,33.9136],[-95.078,33.9187],[-95.0801,33.921],[-95.0832,33.9214],[-95.0856,33.9177],[-95.0898,33.9141],[-95.0958,33.9114],[-95.1052,33.9095],[-95.1104,33.9054],[-95.1131,33.9045],[-95.1209,33.9045],[-95.1274,33.9078],[-95.1316,33.9139],[-95.1316,33.916],[-95.1217,33.9258],[-95.1212,33.9313],[-95.1247,33.9347],[-95.1302,33.9368],[-95.1395,33.9347],[-95.157,33.9366],[-95.1715,33.9467],[-95.1981,33.9534],[-95.2058,33.9586],[-95.2167,33.9627],[-95.226,33.9622],[-95.2276,33.9608],[-95.2304,33.96],[-95.2303,33.956],[-95.2329,33.9497],[-95.2366,33.9479],[-95.2406,33.9472],[-95.246,33.9437],[-95.25,33.9389],[-95.2509,33.9343],[-95.2476,33.9156],[-95.2485,33.907],[-95.2532,33.8949],[-95.2577,33.8901],[-95.2621,33.8878],[-95.2644,33.8898],[-95.2651,33.8927],[-95.2667,33.8939],[-95.2651,33.8983],[-95.265,33.9046],[-95.2664,33.9085],[-95.2687,33.9111],[-95.276,33.9113],[-95.2815,33.9086],[-95.2846,33.9055],[-95.2856,33.9034],[-95.2846,33.8999],[-95.2807,33.8961],[-95.2782,33.8903],[-95.2782,33.8784],[-95.2807,33.8755],[-95.2889,33.8731],[-95.2945,33.8728],[-95.3064,33.8749],[-95.3103,33.877],[-95.3144,33.8816],[-95.3255,33.8857],[-95.3299,33.8863],[-95.3305,33.8825],[-95.3357,33.8743],[-95.3377,33.8747],[-95.3399,33.873],[-95.3425,33.873],[-95.3477,33.8705],[-95.3574,33.8692],[-95.3626,33.8669],[-95.3693,33.8666],[-95.3757,33.8684],[-95.3838,33.8686],[-95.3897,33.868],[-95.398,33.8652],[-95.4052,33.8646],[-95.4107,33.8654],[-95.4187,33.8685],[-95.4277,33.8705],[-95.4383,33.8663],[-95.4427,33.8665],[-95.4537,33.8709],[-95.4633,33.8724],[-95.4643,33.8744],[-95.4597,33.8866],[-95.4614,33.8871],[-95.4649,33.8869],[-95.4686,33.8846],[-95.4705,33.8816],[-95.4835,33.8768],[-95.492,33.8749],[-95.5016,33.875],[-95.505,33.8759],[-95.5062,33.8778],[-95.5051,33.8934],[-95.5066,33.8967],[-95.5095,33.8976],[-95.5114,33.8973],[-95.516,33.894],[-95.5185,33.8899],[-95.5326,33.8815],[-95.5441,33.8806],[-95.549,33.8851],[-95.5512,33.8897],[-95.5478,33.9019],[-95.5491,33.9115],[-95.5542,33.927],[-95.5577,33.9304],[-95.5638,33.9329],[-95.5703,33.9337],[-95.5773,33.9329],[-95.5819,33.9342],[-95.5879,33.9408],[-95.5941,33.9431],[-95.5975,33.9423],[-95.5984,33.9344],[-95.6031,33.9292],[-95.611,33.929],[-95.6164,33.9276],[-95.6248,33.9157],[-95.6273,33.9078],[-95.6293,33.9059],[-95.6328,33.9048],[-95.6388,33.9049],[-95.6552,33.9099],[-95.6563,33.9094],[-95.6605,33.9102],[-95.6655,33.909],[-95.6686,33.907],[-95.6721,33.9023],[-95.6779,33.897],[-95.6793,33.8944],[-95.6846,33.8906],[-95.6905,33.8879],[-95.7006,33.8858],[-95.7122,33.8855],[-95.72,33.8909],[-95.7332,33.8964],[-95.7451,33.8967],[-95.7522,33.8946],[-95.7566,33.892],[-95.7594,33.8888],[-95.762,33.8834],[-95.7625,33.8796],[-95.7615,33.8731],[-95.7601,33.8738],[-95.7578,33.869],[-95.7514,33.8607],[-95.7516,33.8559],[-95.7585,33.8492],[-95.7636,33.8468],[-95.7702,33.8452],[-95.7759,33.8473],[-95.7799,33.8513],[-95.7824,33.8511],[-95.7839,33.8531],[-95.7911,33.8579],[-95.7999,33.8613],[-95.805,33.8614],[-95.8157,33.8598],[-95.8205,33.8571],[-95.8211,33.8531],[-95.819,33.8475],[-95.8189,33.843],[-95.822,33.8386],[-95.8301,33.8348],[-95.8371,33.8356],[-95.8468,33.84],[-95.8568,33.8501],[-95.8586,33.8507],[-95.861,33.8498],[-95.8672,33.8513],[-95.8794,33.859],[-95.8868,33.8649],[-95.8952,33.8676],[-95.9242,33.8846],[-95.9283,33.8854],[-95.9315,33.8845],[-95.9326,33.8833],[-95.9364,33.8714],[-95.9412,33.8642],[-95.9419,33.8615],[-95.9441,33.86],[-95.9514,33.8573],[-95.9524,33.8573],[-95.9473,33.8589],[-95.9577,33.8582],[-95.9746,33.8555],[-95.9849,33.8525],[-95.986,33.8569],[-95.9841,33.8601],[-95.9849,33.8658],[-95.9892,33.8686],[-95.9921,33.8688],[-96.0029,33.8736],[-96.0046,33.8707],[-96.0029,33.8667],[-95.9997,33.8626],[-95.9949,33.8618],[-95.9977,33.8522],[-96.0003,33.8494],[-96.0035,33.8479],[-96.005,33.846],[-96.0036,33.846],[-96.0041,33.8452],[-96.0109,33.8443],[-96.0206,33.8406],[-96.0227,33.8411],[-96.0232,33.8425],[-96.0225,33.8461],[-96.0203,33.8496],[-96.0201,33.855],[-96.0224,33.857],[-96.027,33.8575],[-96.0305,33.8553],[-96.0309,33.8484],[-96.035,33.8426],[-96.0488,33.8365],[-96.0639,33.8415],[-96.0727,33.8429],[-96.0846,33.8467],[-96.1001,33.848],[-96.1013,33.8457],[-96.0976,33.8379],[-96.0974,33.8327],[-96.0994,33.8305],[-96.1041,33.8307],[-96.11,33.8324],[-96.1182,33.8379],[-96.1229,33.84],[-96.1278,33.8399],[-96.1311,33.8374],[-96.1389,33.8392],[-96.1465,33.8383],[-96.1492,33.8371],[-96.1516,33.8319],[-96.1488,33.8192],[-96.1508,33.817],[-96.1593,33.8186],[-96.1615,33.8176],[-96.1665,33.8179],[-96.1714,33.8147],[-96.1763,33.8144],[-96.1791,33.8102],[-96.1757,33.8023],[-96.1696,33.8009],[-96.1695,33.8041],[-96.1707,33.8032],[-96.1699,33.8051],[-96.1638,33.8131],[-96.1555,33.814],[-96.1598,33.8116],[-96.162,33.7997],[-96.1608,33.7959],[-96.1627,33.7926],[-96.1625,33.7899],[-96.1637,33.7877],[-96.1628,33.7864],[-96.1689,33.7708],[-96.1729,33.7652],[-96.1786,33.7604],[-96.1877,33.7561],[-96.1866,33.755],[-96.188,33.756],[-96.1902,33.7556],[-96.198,33.7526],[-96.2159,33.7492],[-96.2211,33.7474],[-96.2304,33.7485],[-96.2357,33.7526],[-96.2482,33.7591],[-96.2551,33.7616],[-96.2569,33.7637],[-96.2636,33.7675],[-96.2689,33.768],[-96.2783,33.7706],[-96.2871,33.7712],[-96.2937,33.7694],[-96.2964,33.7668],[-96.297,33.7632],[-96.2988,33.7609],[-96.2988,33.7585],[-96.2978,33.7612],[-96.2981,33.7591],[-96.3062,33.744],[-96.3079,33.735],[-96.3063,33.7293],[-96.3064,33.7231],[-96.3085,33.7176],[-96.3087,33.714],[-96.3122,33.7063],[-96.3184,33.6971],[-96.3211,33.6951],[-96.3329,33.6932],[-96.3388,33.6883],[-96.3469,33.6862],[-96.3556,33.6875],[-96.3622,33.6918],[-96.3633,33.7011],[-96.366,33.7055],[-96.3669,33.7112],[-96.3696,33.7168],[-96.3755,33.7209],[-96.3828,33.7293],[-96.395,33.7384],[-96.4082,33.7505],[-96.4134,33.7577],[-96.419,33.7716],[-96.4235,33.7764],[-96.432,33.7791],[-96.448,33.781],[-96.4505,33.7806],[-96.4563,33.776],[-96.4592,33.7752],[-96.4694,33.7758],[-96.4863,33.773],[-96.501,33.7728],[-96.5109,33.7806],[-96.5166,33.7883],[-96.5157,33.7952],[-96.5178,33.8069],[-96.5249,33.8195],[-96.5325,33.8229],[-96.532,33.824],[-96.5334,33.8228],[-96.5488,33.8199],[-96.5517,33.8185],[-96.5511,33.8193],[-96.5557,33.8194],[-96.5581,33.8171],[-96.5562,33.8191],[-96.5667,33.8185],[-96.5729,33.8191],[-96.5929,33.8309],[-96.6231,33.8415],[-96.6293,33.8455],[-96.63,33.8485],[-96.629,33.8524],[-96.612,33.869],[-96.5973,33.8751],[-96.5901,33.8807],[-96.5854,33.8889],[-96.5855,33.8913],[-96.5879,33.8948],[-96.5922,33.8955],[-96.6283,33.8945],[-96.6582,33.9158],[-96.6644,33.9173],[-96.6672,33.9169],[-96.6734,33.9123],[-96.6809,33.8962],[-96.6835,33.8842],[-96.6822,33.8739],[-96.6847,33.8629],[-96.6907,33.85],[-96.6996,33.839],[-96.7045,33.835],[-96.7124,33.8316],[-96.7251,33.8303],[-96.746,33.8257],[-96.7616,33.8244],[-96.7662,33.8255],[-96.7694,33.8275],[-96.7707,33.8296],[-96.7768,33.842],[-96.7772,33.8482],[-96.7806,33.8601],[-96.7835,33.8635],[-96.7943,33.8689],[-96.8128,33.8726],[-96.8322,33.8748],[-96.8374,33.8713],[-96.8398,33.8684],[-96.8416,33.8529],[-96.8459,33.849],[-96.8506,33.8472],[-96.8561,33.8475],[-96.8664,33.8531],[-96.883,33.868],[-96.8895,33.8816],[-96.897,33.9016],[-96.8965,33.9133],[-96.8994,33.9337],[-96.9024,33.942],[-96.9074,33.95],[-96.9163,33.9578],[-96.9221,33.9596],[-96.9323,33.9557],[-96.9446,33.9492],[-96.9451,33.847],[-96.9433,33.6227],[-96.9439,33.4164],[-96.8766,33.4135],[-96.8756,33.4141],[-96.8411,33.4134],[-96.8412,33.4056],[-96.8341,33.4055],[-96.838,33.2561],[-96.8433,33.2555],[-96.8435,33.2478],[-96.8616,33.2475],[-96.8605,33.2298],[-96.8715,33.2292],[-96.8723,33.2277],[-96.8713,33.2269],[-96.8721,33.2264],[-96.8765,33.2271],[-96.8768,33.2263],[-96.8804,33.2264],[-96.8818,33.2245],[-96.8803,33.223],[-96.8803,33.2191],[-96.8875,33.2193],[-96.8888,33.2166],[-96.8961,33.2114],[-96.8878,33.2113],[-96.8879,33.204],[-96.8804,33.2039],[-96.8809,33.2014],[-96.887,33.1899],[-96.8873,33.1784],[-96.8819,33.1783],[-96.8822,33.163],[-96.8865,33.1632],[-96.8866,33.1587],[-96.8907,33.1587],[-96.8908,33.1515],[-96.8994,33.1516],[-96.8996,33.1546],[-96.9118,33.1546],[-96.9118,33.1467],[-96.9141,33.1468],[-96.9141,33.1409],[-96.9226,33.1411],[-96.9228,33.1338],[-96.9208,33.1339],[-96.9207,33.1295],[-96.9175,33.1328],[-96.9163,33.1309],[-96.9122,33.1322],[-96.9115,33.1364],[-96.9106,33.1306],[-96.9059,33.1314],[-96.9088,33.1292],[-96.9051,33.1283],[-96.9051,33.1236],[-96.9058,33.1243],[-96.9059,33.1232],[-96.9052,33.1202],[-96.8953,33.1201],[-96.8946,33.1216],[-96.8922,33.1227],[-96.893,33.1205],[-96.8915,33.1201],[-96.8915,33.1074],[-96.888,33.1055],[-96.8894,33.1039],[-96.8847,33.103],[-96.8847,33.1005],[-96.8833,33.099],[-96.8825,33.099],[-96.8826,33.0999],[-96.8839,33.1016],[-96.8836,33.1026],[-96.8819,33.1026],[-96.8819,33.1054],[-96.8692,33.1055],[-96.8692,33.1083],[-96.8606,33.1083],[-96.8607,33.1063],[-96.8534,33.1063],[-96.8569,33.0919],[-96.8557,33.0813],[-96.8419,33.0856],[-96.8441,32.9874],[-96.7565,32.9863],[-96.7564,32.9952],[-96.7551,32.9969],[-96.7565,32.9975],[-96.7569,33.0004],[-96.7508,33.0027],[-96.7444,33.0039],[-96.708,33.0042],[-96.7098,33.0254],[-96.7043,33.0376],[-96.7065,33.0381],[-96.709,33.0409],[-96.7161,33.0411],[-96.7154,33.0448],[-96.7116,33.0471],[-96.713,33.0482],[-96.7128,33.0498],[-96.7098,33.05],[-96.7096,33.0659],[-96.7103,33.066],[-96.7094,33.0697],[-96.7117,33.0701],[-96.7133,33.0716],[-96.7368,33.0716],[-96.7366,33.0841],[-96.7351,33.0861],[-96.7366,33.086],[-96.7365,33.0872],[-96.7334,33.0912],[-96.7331,33.1184],[-96.7317,33.1223],[-96.7334,33.127],[-96.7329,33.189],[-96.7415,33.189],[-96.7416,33.1816],[-96.7679,33.182],[-96.7678,33.189],[-96.7625,33.189],[-96.7624,33.1964],[-96.7675,33.1965],[-96.7674,33.2186],[-96.7554,33.2185],[-96.7555,33.2107],[-96.7521,33.2107],[-96.7521,33.2116],[-96.7503,33.2119],[-96.7503,33.2186],[-96.7328,33.2186],[-96.733,33.2625],[-96.7303,33.2624],[-96.7303,33.2631],[-96.7302,33.278],[-96.7316,33.2936],[-96.7307,33.3319],[-96.7295,33.3349],[-96.7143,33.3351],[-96.713,33.3449],[-96.7129,33.3527],[-96.7139,33.3535],[-96.7141,33.3567],[-96.7227,33.357],[-96.7227,33.3642],[-96.7245,33.3642],[-96.7201,33.3744],[-96.7198,33.3766],[-96.7208,33.3775],[-96.7196,33.3791],[-96.722,33.3808],[-96.7212,33.3824],[-96.7226,33.3835],[-96.7219,33.3845],[-96.7226,33.3883],[-96.7248,33.3899],[-96.7241,33.392],[-96.7253,33.3927],[-96.7251,33.3942],[-96.7263,33.394],[-96.7251,33.3951],[-96.7262,33.3964],[-96.7254,33.3972],[-96.7285,33.3994],[-96.7273,33.4029],[-96.6253,33.4006],[-96.3846,33.3978],[-96.3845,33.3411],[-96.2503,33.3578],[-95.8587,33.4095],[-95.8577,33.4617],[-95.8549,33.4607],[-95.8537,33.4615],[-95.8536,33.4592],[-95.8518,33.4598],[-95.8489,33.4578],[-95.8463,33.4581],[-95.847,33.4592],[-95.8463,33.4595],[-95.8441,33.4597],[-95.8436,33.4583],[-95.8397,33.4599],[-95.8389,33.4594],[-95.8385,33.4603],[-95.8335,33.4609],[-95.8321,33.4599],[-95.8305,33.4602],[-95.8301,33.4593],[-95.8281,33.4599],[-95.8272,33.459],[-95.8259,33.4593],[-95.8264,33.4609],[-95.8242,33.4613],[-95.8253,33.4624],[-95.8264,33.4619],[-95.8263,33.4629],[-95.8234,33.4644],[-95.8224,33.4639],[-95.8217,33.4649],[-95.8198,33.464],[-95.8197,33.4666],[-95.818,33.4662],[-95.8164,33.4672],[-95.8171,33.4695],[-95.8154,33.4694],[-95.8153,33.4702],[-95.8138,33.4691],[-95.8136,33.4708],[-95.8099,33.4702],[-95.8094,33.4733],[-95.8074,33.4753],[-95.8028,33.4753],[-95.7979,33.478],[-95.7982,33.4792],[-95.7959,33.4803],[-95.7939,33.4798],[-95.7943,33.4819],[-95.7899,33.4838],[-95.7885,33.4861],[-95.7848,33.4868],[-95.7836,33.4857],[-95.7816,33.4863],[-95.7821,33.488],[-95.7799,33.488],[-95.7797,33.4902],[-95.7811,33.4907],[-95.7793,33.4918],[-95.7778,33.4909],[-95.7765,33.4924],[-95.7721,33.4915],[-95.7717,33.4937],[-95.7692,33.4946],[-95.7632,33.4942],[-95.7627,33.4951],[-95.7613,33.4945],[-95.7614,33.4955],[-95.7589,33.4934],[-95.758,33.4951],[-95.7563,33.4925],[-95.7551,33.4931],[-95.7564,33.4918],[-95.7556,33.4908],[-95.7514,33.4932],[-95.7451,33.491],[-95.7438,33.4925],[-95.7402,33.4899],[-95.7369,33.4899],[-95.7378,33.4878],[-95.7336,33.4866],[-95.733,33.4846],[-95.7308,33.4872],[-95.7287,33.4869],[-95.7275,33.4842],[-95.7264,33.4852],[-95.7256,33.4847],[-95.7224,33.4859],[-95.72,33.4844],[-95.7202,33.486],[-95.7179,33.4861],[-95.7159,33.4859],[-95.7157,33.4844],[-95.7141,33.4856],[-95.7132,33.4835],[-95.7104,33.4846],[-95.7095,33.4831],[-95.7078,33.4852],[-95.7086,33.486],[-95.7069,33.4859],[-95.7082,33.4866],[-95.7078,33.4878],[-95.7044,33.4867],[-95.7049,33.4848],[-95.7033,33.4847],[-95.703,33.4836],[-95.7009,33.4841],[-95.7023,33.4811],[-95.6995,33.4789],[-95.6976,33.4787],[-95.6972,33.4768],[-95.696,33.4781],[-95.6958,33.4766],[-95.6942,33.4767],[-95.6942,33.4783],[-95.6928,33.477],[-95.6933,33.476],[-95.6902,33.4756],[-95.6904,33.4775],[-95.6876,33.4773],[-95.6872,33.4784],[-95.6859,33.478],[-95.6851,33.4787],[-95.6851,33.4765],[-95.6837,33.4754],[-95.6856,33.4743],[-95.6846,33.4735],[-95.6834,33.4744],[-95.6824,33.474],[-95.6827,33.4725],[-95.6809,33.4721],[-95.6827,33.4708],[-95.6818,33.4703],[-95.6797,33.4717],[-95.6782,33.4703],[-95.6775,33.4727],[-95.6757,33.471],[-95.6748,33.473],[-95.6717,33.4726],[-95.6713,33.4743],[-95.6696,33.4738],[-95.6678,33.4756],[-95.6647,33.4767],[-95.6614,33.476],[-95.6608,33.475],[-95.661,33.4775],[-95.6588,33.4777],[-95.6596,33.4789],[-95.6575,33.4786],[-95.657,33.4803],[-95.6557,33.4797],[-95.6548,33.4809],[-95.6527,33.4807],[-95.6516,33.4822],[-95.6502,33.4813],[-95.6498,33.4829],[-95.6451,33.4856],[-95.644,33.4848],[-95.6438,33.4867],[-95.6375,33.4841],[-95.6363,33.4821],[-95.6304,33.4839],[-95.6299,33.4852],[-95.6217,33.4871],[-95.617,33.4853],[-95.616,33.4838],[-95.6125,33.4847],[-95.6094,33.4844],[-95.6095,33.4826],[-95.6111,33.4825],[-95.6095,33.4813],[-95.6051,33.4831],[-95.6037,33.4827],[-95.6037,33.4847],[-95.6006,33.4837],[-95.6007,33.4824],[-95.5995,33.4823],[-95.6004,33.4813],[-95.5997,33.4804],[-95.5973,33.4814],[-95.5969,33.4801],[-95.5932,33.4803],[-95.5929,33.4789],[-95.5957,33.4771],[-95.5941,33.4764],[-95.5936,33.4746],[-95.5922,33.4751],[-95.5922,33.4735],[-95.5935,33.4736],[-95.5935,33.4726],[-95.5902,33.472],[-95.5919,33.4705],[-95.5908,33.469],[-95.5876,33.4706],[-95.586,33.4701],[-95.5857,33.4712],[-95.5821,33.4692],[-95.5785,33.4719],[-95.578,33.4709],[-95.5766,33.4707],[-95.5756,33.4727],[-95.5737,33.4724],[-95.5719,33.4728],[-95.5717,33.4737],[-95.5691,33.4737],[-95.5685,33.4758],[-95.5665,33.4759],[-95.5661,33.477],[-95.5622,33.4759],[-95.5618,33.4743],[-95.5603,33.4746],[-95.5602,33.4737],[-95.5621,33.4719],[-95.5597,33.4725],[-95.5565,33.4714],[-95.5558,33.4724],[-95.555,33.472],[-95.5566,33.4697],[-95.5492,33.4679],[-95.548,33.466],[-95.5503,33.4649],[-95.5483,33.4644],[-95.5475,33.4615],[-95.5481,33.4605],[-95.5468,33.4604],[-95.5465,33.4588],[-95.5441,33.4588],[-95.5446,33.4571],[-95.5422,33.4575],[-95.541,33.4566],[-95.5414,33.4557],[-95.5392,33.4554],[-95.5376,33.4539],[-95.5369,33.455],[-95.5357,33.4531],[-95.5342,33.4536],[-95.5315,33.4522],[-95.5306,33.4494],[-95.5266,33.4458],[-95.5195,33.4441],[-95.5115,33.4451],[-95.5072,33.4421],[-95.5048,33.4419],[-95.5022,33.4426],[-95.5027,33.4436],[-95.5007,33.4435],[-95.499,33.4482],[-95.497,33.4483],[-95.4962,33.4497],[-95.4969,33.4509],[-95.4943,33.4502],[-95.4921,33.4514],[-95.4939,33.4531],[-95.4923,33.4538],[-95.4938,33.4555],[-95.4919,33.4553],[-95.4902,33.4537],[-95.4875,33.4535],[-95.4863,33.4522],[-95.4845,33.4533],[-95.4848,33.4508],[-95.4829,33.452],[-95.4819,33.451],[-95.4817,33.4525],[-95.4805,33.4501],[-95.4784,33.4496],[-95.4782,33.4486],[-95.4738,33.4485],[-95.4745,33.4463],[-95.4706,33.444],[-95.4726,33.4425],[-95.4686,33.4381],[-95.4668,33.4381],[-95.4667,33.437],[-95.4641,33.4371],[-95.4659,33.4356],[-95.4645,33.4338],[-95.4625,33.435],[-95.4618,33.4337],[-95.4604,33.4335],[-95.4577,33.4348],[-95.4549,33.4342],[-95.4531,33.4351],[-95.4447,33.4331],[-95.4425,33.4315],[-95.4414,33.4291],[-95.4328,33.4272],[-95.4316,33.4241],[-95.4299,33.4241],[-95.4305,33.4231],[-95.4324,33.4232],[-95.433,33.4217],[-95.4319,33.4213],[-95.4296,33.4223],[-95.4271,33.4187],[-95.4251,33.4194],[-95.426,33.4168],[-95.422,33.4182],[-95.4214,33.4174],[-95.4233,33.4164],[-95.4221,33.4151],[-95.4213,33.4155],[-95.4216,33.4167],[-95.4164,33.4163],[-95.4168,33.4151],[-95.418,33.4149],[-95.4175,33.414],[-95.416,33.4141],[-95.4169,33.4122],[-95.4152,33.4112],[-95.4139,33.4109],[-95.4124,33.412],[-95.4115,33.4108],[-95.4101,33.4117],[-95.4089,33.4098],[-95.4049,33.4089],[-95.4018,33.4106],[-95.3998,33.4098],[-95.3979,33.4071],[-95.3998,33.4043],[-95.398,33.4042],[-95.3966,33.4018],[-95.397,33.399],[-95.3942,33.401],[-95.3924,33.401],[-95.3922,33.402],[-95.3903,33.4022],[-95.3893,33.4009],[-95.3879,33.4019],[-95.3859,33.3981],[-95.3818,33.3984],[-95.3809,33.3975],[-95.3796,33.3997],[-95.3778,33.3955],[-95.3732,33.3924],[-95.3728,33.3908],[-95.3688,33.3943],[-95.368,33.393],[-95.3657,33.3933],[-95.3652,33.3922],[-95.3635,33.3937],[-95.3618,33.3915],[-95.362,33.39],[-95.36,33.3916],[-95.3571,33.3896],[-95.3573,33.3909],[-95.3561,33.3907],[-95.3539,33.3869],[-95.3524,33.3875],[-95.351,33.3869],[-95.3486,33.3889],[-95.3472,33.3885],[-95.3463,33.3892],[-95.3455,33.3878],[-95.3428,33.3887],[-95.3403,33.3882],[-95.3412,33.3862],[-95.3395,33.385],[-95.3381,33.3869],[-95.3369,33.3862],[-95.3364,33.388],[-95.3352,33.3868],[-95.3352,33.3847],[-95.3335,33.3848],[-95.3335,33.3864],[-95.3299,33.3854],[-95.3286,33.3822],[-95.3265,33.3827],[-95.327,33.3802],[-95.3241,33.3813],[-95.3241,33.3794],[-95.3229,33.3806],[-95.3217,33.379],[-95.3205,33.381],[-95.3185,33.382],[-95.3177,33.3809],[-95.3187,33.3797],[-95.3143,33.3808],[-95.3131,33.3795],[-95.3103,33.3801],[-95.3086,33.3777],[-95.3081,33.3807],[-95.3066,33.378],[-95.3044,33.3792],[-95.3015,33.3783],[-95.3001,33.3824],[-95.2991,33.3827],[-95.2976,33.3808],[-95.2957,33.3814],[-95.2954,33.3793],[-95.2925,33.3801],[-95.2918,33.3787],[-95.2892,33.3779],[-95.2901,33.3756],[-95.2853,33.3776],[-95.2848,33.3762],[-95.2859,33.3753],[-95.2836,33.3747],[-95.2826,33.3764],[-95.2808,33.377],[-95.2792,33.3766],[-95.2785,33.3737],[-95.276,33.3744],[-95.2726,33.3734],[-95.2731,33.3755],[-95.2717,33.3756],[-95.271,33.3767],[-95.2684,33.3728],[-95.2669,33.3731],[-95.2675,33.3709],[-95.2664,33.3708],[-95.2647,33.3727],[-95.2621,33.3706],[-95.2624,33.3682],[-95.261,33.3669],[-95.2587,33.3676],[-95.2604,33.3695],[-95.2572,33.3705],[-95.2561,33.3677],[-95.2518,33.3679],[-95.252,33.3695],[-95.2507,33.3707],[-95.2451,33.3701],[-95.241,33.3678],[-95.2401,33.3708],[-95.2375,33.369],[-95.2363,33.3712],[-95.2341,33.3708],[-95.2344,33.3738],[-95.231,33.3721],[-95.2318,33.3701],[-95.2292,33.3713],[-95.2282,33.3707],[-95.2277,33.3719],[-95.2291,33.3732],[-95.2278,33.374],[-95.2297,33.3756],[-95.2254,33.3747],[-95.2206,33.3755],[-95.223,33.3782],[-95.2182,33.3789],[-95.2166,33.3759],[-95.2142,33.379],[-95.2121,33.3787],[-95.2115,33.3799],[-95.2073,33.379],[-95.2064,33.3795],[-95.2067,33.3806],[-95.2011,33.3809],[-95.1962,33.3795],[-95.1942,33.3774],[-95.1984,33.378],[-95.1968,33.3755],[-95.1988,33.3755],[-95.1988,33.3747],[-95.1969,33.3738],[-95.1917,33.3738],[-95.1858,33.3761],[-95.1882,33.3775],[-95.1882,33.3793],[-95.1863,33.3794],[-95.1845,33.3783],[-95.185,33.3773],[-95.1831,33.3772],[-95.1822,33.3804],[-95.1801,33.3817],[-95.1779,33.3799],[-95.1778,33.3779],[-95.1768,33.3778],[-95.1757,33.3786],[-95.1762,33.3804],[-95.1743,33.3808],[-95.1751,33.3821],[-95.1733,33.3829],[-95.1725,33.3798],[-95.1711,33.3796],[-95.1699,33.3828],[-95.1662,33.3826],[-95.1662,33.3855],[-95.1612,33.3845],[-95.1606,33.3826],[-95.1577,33.3838],[-95.16,33.3815],[-95.1622,33.3807],[-95.1621,33.38],[-95.1605,33.3799],[-95.1537,33.3807],[-95.154,33.3821],[-95.1496,33.3817],[-95.1486,33.3828],[-95.1466,33.383],[-95.1456,33.382],[-95.1432,33.3831],[-95.1429,33.3841],[-95.1448,33.3847],[-95.1449,33.3865],[-95.1465,33.3872],[-95.1455,33.3882],[-95.1401,33.3853],[-95.1377,33.387],[-95.1333,33.3861],[-95.1295,33.3884],[-95.1275,33.3881],[-95.1256,33.3895],[-95.1233,33.3895],[-95.1222,33.3872],[-95.1196,33.3859],[-95.119,33.3888],[-95.114,33.3885],[-95.1124,33.3907],[-95.1092,33.3892],[-95.109,33.3916],[-95.1076,33.3921],[-95.1063,33.3912],[-95.1063,33.3929],[-95.1025,33.3945],[-95.1015,33.3967],[-95.0992,33.3954],[-95.0994,33.3934],[-95.0968,33.3939],[-95.0948,33.3927],[-95.0942,33.3936],[-95.0956,33.3959],[-95.0937,33.3975],[-95.0892,33.3955],[-95.0822,33.3893],[-95.0748,33.3859],[-95.0733,33.3875],[-95.07,33.3868],[-95.0707,33.3895],[-95.0681,33.3891],[-95.0694,33.3901],[-95.0689,33.3909],[-95.0664,33.3912],[-95.0641,33.3893],[-95.0623,33.3897],[-95.0619,33.3912],[-95.0583,33.3921],[-95.0577,33.3906],[-95.0595,33.3876],[-95.0591,33.3861],[-95.0554,33.3884],[-95.0546,33.3875],[-95.056,33.3861],[-95.0542,33.3858],[-95.0527,33.3877],[-95.0532,33.3891],[-95.052,33.389],[-95.0508,33.3876],[-95.0522,33.3854],[-95.0493,33.385],[-95.0498,33.3831],[-95.0429,33.3816],[-95.0415,33.3826],[-95.0407,33.3807],[-95.0391,33.3801],[-95.0384,33.3811],[-95.0417,33.384],[-95.0412,33.3849],[-95.0383,33.3843],[-95.0377,33.3832],[-95.0349,33.3833],[-95.0348,33.3817],[-95.033,33.3821],[-95.0323,33.3847],[-95.031,33.382],[-95.028,33.3836],[-95.0249,33.3823],[-95.0239,33.3843],[-95.0229,33.3822],[-95.02,33.3809],[-95.0193,33.3817],[-95.0199,33.3841],[-95.0168,33.3847],[-95.0179,33.3871],[-95.0152,33.3868],[-95.0181,33.3887],[-95.0171,33.3909],[-95.0135,33.3904],[-95.0124,33.393],[-95.0094,33.3919],[-95.0047,33.3954],[-94.9998,33.3942],[-95.0002,33.3927],[-95.0029,33.3918],[-95.0028,33.3902],[-94.9986,33.3917],[-94.9974,33.3904],[-94.9959,33.3908],[-94.9954,33.3891],[-94.9935,33.3885],[-94.9928,33.389],[-94.9938,33.3911],[-94.9918,33.3922],[-94.9899,33.3899],[-94.9876,33.3901],[-94.9854,33.3887],[-94.983,33.3922],[-94.9808,33.391],[-94.9822,33.3903],[-94.9829,33.3877],[-94.9793,33.3871],[-94.9775,33.3882],[-94.9777,33.3897],[-94.9748,33.3894],[-94.9742,33.3875],[-94.9727,33.3886],[-94.9665,33.3879],[-94.9646,33.3894],[-94.9647,33.3909],[-94.9615,33.3898],[-94.961,33.3926],[-94.9556,33.3934],[-94.9542,33.3945],[-94.9569,33.396],[-94.9552,33.3966],[-94.9521,33.3952],[-94.9533,33.3929],[-94.9525,33.3904],[-94.9452,33.3919],[-94.9428,33.3891],[-94.9368,33.3884],[-94.9357,33.3896],[-94.9355,33.3858],[-94.9319,33.3887],[-94.9306,33.3873],[-94.9311,33.3857],[-94.9274,33.3837],[-94.9259,33.3848],[-94.9211,33.3845],[-94.9182,33.3876],[-94.9165,33.3881],[-94.9155,33.3879],[-94.9146,33.3847],[-94.9135,33.3842],[-94.9105,33.3878],[-94.9083,33.3867],[-94.9092,33.3847],[-94.9083,33.3837],[-94.9063,33.3852],[-94.9071,33.3874],[-94.9051,33.388],[-94.9042,33.3897],[-94.8995,33.39],[-94.8984,33.3939],[-94.896,33.3939],[-94.8947,33.3924],[-94.8901,33.3945],[-94.8901,33.3982],[-94.8893,33.3985],[-94.8814,33.3959],[-94.8803,33.3947],[-94.8762,33.3944],[-94.8776,33.3921],[-94.8768,33.3911],[-94.8739,33.392],[-94.8688,33.389],[-94.87,33.3862],[-94.8659,33.3857],[-94.8662,33.3845],[-94.8693,33.385],[-94.8691,33.3837],[-94.8636,33.3825],[-94.8633,33.3815],[-94.8647,33.3801],[-94.8617,33.3796],[-94.8576,33.3767],[-94.8565,33.3774],[-94.8576,33.3815],[-94.8543,33.3797],[-94.8545,33.382],[-94.8535,33.3826],[-94.8511,33.3801],[-94.8495,33.3822],[-94.8504,33.3836],[-94.8492,33.3838],[-94.8463,33.3788],[-94.8433,33.3808],[-94.8452,33.3818],[-94.8453,33.3834],[-94.8419,33.3809],[-94.8407,33.3822],[-94.8374,33.3821],[-94.8398,33.3841],[-94.8392,33.3852],[-94.8362,33.3831],[-94.8354,33.3789],[-94.8343,33.3794],[-94.8351,33.3834],[-94.8339,33.3839],[-94.8321,33.3824],[-94.8302,33.3828],[-94.8284,33.379],[-94.8242,33.3794],[-94.8176,33.3764],[-94.8127,33.3756],[-94.8115,33.3722],[-94.8125,33.3717],[-94.8153,33.3725],[-94.8161,33.3716],[-94.8153,33.3698],[-94.813,33.3696],[-94.8119,33.3684],[-94.8122,33.367],[-94.8155,33.3667],[-94.814,33.3642],[-94.815,33.3629],[-94.8135,33.3627],[-94.8105,33.3651],[-94.8088,33.3636],[-94.8081,33.3659],[-94.8058,33.3657],[-94.8046,33.3647],[-94.801,33.3655],[-94.7996,33.3631],[-94.8002,33.3616],[-94.7959,33.3616],[-94.7949,33.3601],[-94.7949,33.3577],[-94.7977,33.3564],[-94.7976,33.3553],[-94.7948,33.3539],[-94.7943,33.3558],[-94.7921,33.3567],[-94.7911,33.356],[-94.7914,33.3525],[-94.7951,33.3527],[-94.7974,33.3484],[-94.7907,33.3487],[-94.79,33.3472],[-94.7909,33.3453],[-94.7899,33.3449],[-94.788,33.3461],[-94.787,33.3489],[-94.7858,33.3496],[-94.7847,33.3458],[-94.7862,33.3444],[-94.7856,33.3433],[-94.7819,33.3443],[-94.7828,33.342],[-94.7877,33.3427],[-94.7873,33.3389],[-94.7894,33.3379],[-94.7883,33.3368],[-94.7844,33.3375],[-94.783,33.335],[-94.7819,33.3355],[-94.7823,33.3376],[-94.7812,33.3377],[-94.7799,33.3336],[-94.7769,33.3328],[-94.7772,33.3316],[-94.7804,33.3308],[-94.7789,33.3293],[-94.7793,33.328],[-94.7822,33.3274],[-94.784,33.3238],[-94.7825,33.3225],[-94.7772,33.3223],[-94.776,33.321],[-94.7769,33.3201],[-94.7806,33.3206],[-94.7814,33.3187],[-94.7782,33.3196],[-94.7738,33.3183],[-94.7727,33.3203],[-94.7708,33.321],[-94.7688,33.3206],[-94.7675,33.322],[-94.765,33.3209],[-94.764,33.3229],[-94.7602,33.321],[-94.7622,33.3189],[-94.7617,33.3175],[-94.7588,33.3186],[-94.7568,33.3177],[-94.7543,33.318],[-94.7524,33.3194],[-94.752,33.3224],[-94.7498,33.3236],[-94.7495,33.327],[-94.7456,33.3299],[-94.7398,33.3271],[-94.7397,33.324],[-94.7364,33.3238],[-94.7376,33.3225],[-94.7365,33.3214],[-94.7372,33.3195],[-94.735,33.3184],[-94.7377,33.3169],[-94.7365,33.3164],[-94.7327,33.3175],[-94.7317,33.3171],[-94.7321,33.3115],[-94.7303,33.3088],[-94.7268,33.3086],[-94.7259,33.3071],[-94.7229,33.3071],[-94.7226,33.3091],[-94.7212,33.3085],[-94.7205,33.3066],[-94.7189,33.3081],[-94.7172,33.3071],[-94.7174,33.3117],[-94.7141,33.3116],[-94.7105,33.3086],[-94.7097,33.3103],[-94.7109,33.3115],[-94.7035,33.3131],[-94.7029,33.314],[-94.704,33.3153],[-94.7028,33.3158],[-94.701,33.3144],[-94.7024,33.3117],[-94.699,33.3117],[-94.6977,33.3089],[-94.6958,33.3072],[-94.6946,33.3076],[-94.6936,33.3116],[-94.6918,33.3124],[-94.6901,33.3095],[-94.6913,33.3078],[-94.6905,33.3003],[-94.6869,33.293],[-94.6821,33.2937],[-94.6783,33.2906],[-94.6781,33.2946],[-94.6765,33.2948],[-94.6757,33.2934],[-94.6738,33.293],[-94.6759,33.2907],[-94.675,33.2892],[-94.6725,33.29],[-94.6725,33.2881],[-94.6751,33.2873],[-94.6751,33.2862],[-94.6714,33.2845],[-94.6697,33.2852],[-94.6676,33.2834],[-94.6637,33.2838],[-94.6611,33.283],[-94.6604,33.2819],[-94.661,33.2806],[-94.6598,33.2806],[-94.6623,33.2777],[-94.6594,33.2754],[-94.658,33.2765],[-94.6524,33.2757],[-94.6525,33.2747],[-94.6548,33.2744],[-94.6528,33.2683],[-94.6523,33.2689],[-94.6502,33.268],[-94.6515,33.2655],[-94.6496,33.2651],[-94.6502,33.2629],[-94.6486,33.2604],[-94.6497,33.2592],[-94.645,33.2573],[-94.6426,33.2581],[-94.6415,33.2567],[-94.6417,33.2539],[-94.636,33.2524],[-94.6348,33.2514],[-94.6298,33.2522],[-94.6285,33.2506],[-94.6272,33.2505],[-94.6242,33.2521],[-94.6196,33.2495],[-94.6186,33.2468],[-94.6132,33.2492],[-94.608,33.2475],[-94.6048,33.2497],[-94.6083,33.2513],[-94.6095,33.2536],[-94.608,33.2542],[-94.6054,33.2534],[-94.6047,33.257],[-94.5905,33.2594],[-94.5898,33.2587],[-94.593,33.2551],[-94.5898,33.2553],[-94.5883,33.2543],[-94.5886,33.2514],[-94.5852,33.2533],[-94.586,33.2497],[-94.5784,33.2477],[-94.5794,33.2511],[-94.5756,33.2515],[-94.5747,33.2501],[-94.5725,33.2498],[-94.573,33.2527],[-94.5698,33.2535],[-94.5698,33.2546],[-94.5734,33.2567],[-94.5698,33.2578],[-94.571,33.2609],[-94.569,33.2643],[-94.5664,33.2633],[-94.5654,33.2653],[-94.5629,33.2624],[-94.5585,33.2612],[-94.5557,33.2661],[-94.5569,33.2675],[-94.5545,33.2692],[-94.5526,33.2666],[-94.5499,33.2652],[-94.5493,33.2672],[-94.5459,33.2684],[-94.5451,33.2655],[-94.5436,33.2652],[-94.5424,33.2666],[-94.5412,33.2647],[-94.54,33.2646],[-94.5393,33.2676],[-94.5415,33.2686],[-94.5402,33.2696],[-94.5347,33.2697],[-94.5351,33.2668],[-94.5333,33.2663],[-94.53,33.2673],[-94.5222,33.2769],[-94.5192,33.2772],[-94.5203,33.275],[-94.5183,33.2744],[-94.517,33.277],[-94.5193,33.279],[-94.5183,33.282],[-94.5171,33.2819],[-94.5163,33.2802],[-94.5139,33.2791],[-94.5137,33.2801],[-94.5155,33.2814],[-94.5152,33.2826],[-94.5101,33.2818],[-94.5087,33.2829],[-94.507,33.2813],[-94.5061,33.2825],[-94.5071,33.2839],[-94.5054,33.2844],[-94.504,33.2828],[-94.4994,33.2832],[-94.4975,33.2809],[-94.4965,33.2816],[-94.4967,33.285],[-94.4922,33.28],[-94.4867,33.2803],[-94.4863,33.2813],[-94.4885,33.2821],[-94.489,33.2837],[-94.4852,33.2879],[-94.4827,33.287],[-94.4838,33.285],[-94.4823,33.2842],[-94.4788,33.2868],[-94.4803,33.2891],[-94.4799,33.2899],[-94.4746,33.2899],[-94.4727,33.2881],[-94.4692,33.2942],[-94.4663,33.2939],[-94.4631,33.291],[-94.4636,33.2873],[-94.462,33.2874],[-94.4608,33.2895],[-94.4593,33.2896],[-94.4587,33.2854],[-94.4576,33.285],[-94.4553,33.2871],[-94.454,33.2871],[-94.4529,33.2838],[-94.4491,33.2836],[-94.4442,33.2812],[-94.4413,33.2815],[-94.4403,33.2834],[-94.4385,33.2811],[-94.4365,33.2813],[-94.4378,33.2851],[-94.4343,33.2875],[-94.4324,33.2869],[-94.4338,33.2845],[-94.4336,33.2827],[-94.4307,33.2835],[-94.4286,33.2895],[-94.4267,33.2883],[-94.424,33.2908],[-94.4266,33.2913],[-94.4272,33.2923],[-94.425,33.2999],[-94.4285,33.3015],[-94.4294,33.3035],[-94.4283,33.303],[-94.4274,33.305],[-94.4258,33.3042],[-94.4254,33.3054],[-94.4272,33.3064],[-94.4227,33.3076],[-94.4227,33.3086],[-94.4246,33.3075],[-94.4256,33.3081],[-94.4237,33.3086],[-94.425,33.3097],[-94.421,33.3122],[-94.425,33.3267],[-94.429,33.329],[-94.4302,33.3325],[-94.4329,33.3323],[-94.4322,33.3342],[-94.4344,33.3409],[-94.433,33.3423],[-94.4343,33.3425],[-94.4363,33.3461],[-94.4349,33.352],[-94.4138,33.3521],[-94.4132,33.347],[-94.4094,33.3468],[-94.4011,33.3388],[-94.3955,33.3385],[-94.395,33.357],[-94.3972,33.3606],[-94.4048,33.3903],[-94.4162,33.4037],[-94.3988,33.4077],[-94.3456,33.4078],[-94.3456,33.4031],[-94.3417,33.4004],[-94.3269,33.4007],[-94.323,33.3975],[-94.304,33.3973],[-94.2965,33.398],[-94.2965,33.3907],[-94.2946,33.387],[-94.2972,33.3778],[-94.2633,33.3771],[-94.2583,33.3854],[-94.2585,33.3945],[-94.2375,33.3945],[-94.2294,33.4],[-94.2176,33.4025],[-94.2058,33.4039],[-94.2058,33.4144],[-94.2017,33.4146],[-94.2017,33.4193],[-94.1936,33.4194],[-94.1934,33.4232],[-94.1907,33.4236],[-94.1908,33.4553],[-94.2069,33.4597],[-94.259,33.4653],[-94.2616,33.4658],[-94.2615,33.4668],[-94.2627,33.4669],[-94.2624,33.4694],[-94.2615,33.4685],[-94.259,33.4685],[-94.2585,33.549],[-94.2596,33.5592],[-94.2585,33.5624],[-94.2584,33.574],[-94.2561,33.5823],[-94.2575,33.5826]]]},"properties":{"GEOID":"4804","BASENAME":"4","NAME":"Congressional District 4","CD120":"04"}},
{"type":"Feature","geometry":{"type":"Polygon","coordinates":[[[-96.9395,32.9886],[-96.8441,32.9874],[-96.8419,33.0856],[-96.8557,33.0813],[-96.8569,33.0919],[-96.8534,33.1063],[-96.8607,33.1063],[-96.8606,33.1083],[-96.8692,33.1083],[-96.8692,33.1055],[-96.8819,33.1054],[-96.8819,33.1026],[-96.8836,33.1026],[-96.8839,33.1016],[-96.8826,33.0999],[-96.8825,33.099],[-96.8833,33.099],[-96.8847,33.1005],[-96.8847,33.103],[-96.8894,33.1039],[-96.888,33.1055],[-96.8915,33.1074],[-96.8915,33.1201],[-96.893,33.1205],[-96.8922,33.1227],[-96.8946,33.1216],[-96.8953,33.1201],[-96.9052,33.1202],[-96.9059,33.1232],[-96.9058,33.1243],[-96.9051,33.1236],[-96.9051,33.1283],[-96.9088,33.1292],[-96.9059,33.1314],[-96.9106,33.1306],[-96.9115,33.1364],[-96.9122,33.1322],[-96.9163,33.1309],[-96.9175,33.1328],[-96.9207,33.1295],[-96.9208,33.1339],[-96.9228,33.1338],[-96.9226,33.1411],[-96.9141,33.1409],[-96.9141,33.1468],[-96.9118,33.1467],[-96.9118,33.1546],[-96.8996,33.1546],[-96.8994,33.1516],[-96.8908,33.1515],[-96.8907,33.1587],[-96.8866,33.1587],[-96.8865,33.1632],[-96.8822,33.163],[-96.8819,33.1783],[-96.8873,33.1784],[-96.887,33.1899],[-96.8809,33.2014],[-96.8804,33.2039],[-96.8879,33.204],[-96.8878,33.2113],[-96.8961,33.2114],[-96.8888,33.2166],[-96.8875,33.2193],[-96.8803,33.2191],[-96.8803,33.223],[-96.8818,33.2245],[-96.8804,33.2264],[-96.8768,33.2263],[-96.8765,33.2271],[-96.8721,33.2264],[-96.8713,33.2269],[-96.8723,33.2277],[-96.8715,33.2292],[-96.8605,33.2298],[-96.8616,33.2475],[-96.8435,33.2478],[-96.8433,33.2555],[-96.838,33.2561],[-96.8341,33.4055],[-96.8412,33.4056],[-96.8411,33.4134],[-96.8756,33.4141],[-96.8766,33.4135],[-96.9439,33.4164],[-96.9433,33.6227],[-96.9451,33.847],[-96.9446,33.9492],[-96.9518,33.9447],[-96.9664,33.9395],[-96.9738,33.9357],[-96.977,33.9375],[-96.9798,33.9416],[-96.981,33.9492],[-96.9794,33.9562],[-96.9885,33.9544],[-96.9943,33.9492],[-96.9963,33.9427],[-96.9954,33.9338],[-96.994,33.929],[-96.9879,33.917],[-96.9849,33.9049],[-96.9838,33.8909],[-96.9847,33.8887],[-96.988,33.886],[-96.9971,33.871],[-97.0099,33.8598],[-97.0214,33.8464],[-97.0313,33.8412],[-97.041,33.8376],[-97.0461,33.8396],[-97.0565,33.8565],[-97.0638,33.86],[-97.0695,33.8604],[-97.0756,33.8587],[-97.0846,33.8552],[-97.088,33.8526],[-97.0905,33.8452],[-97.0872,33.8414],[-97.0623,33.838],[-97.057,33.8362],[-97.0519,33.833],[-97.0483,33.8279],[-97.0481,33.8175],[-97.0791,33.8123],[-97.0873,33.8085],[-97.0929,33.8038],[-97.0952,33.7984],[-97.0951,33.7922],[-97.0943,33.788],[-97.0866,33.7707],[-97.0848,33.7616],[-97.0849,33.7523],[-97.0865,33.7433],[-97.0916,33.7343],[-97.0992,33.7262],[-97.1111,33.7194],[-97.1212,33.7172],[-97.1384,33.7189],[-97.1574,33.7255],[-97.1653,33.731],[-97.1722,33.7375],[-97.1736,33.7396],[-97.1746,33.745],[-97.1801,33.7545],[-97.1827,33.7555],[-97.1818,33.7559],[-97.1853,33.7555],[-97.1915,33.758],[-97.1926,33.7597],[-97.1928,33.7612],[-97.1877,33.7698],[-97.1908,33.7764],[-97.1894,33.7761],[-97.1904,33.7812],[-97.1948,33.7853],[-97.1956,33.7878],[-97.2005,33.7932],[-97.201,33.7954],[-97.2032,33.7973],[-97.2054,33.8015],[-97.205,33.8189],[-97.1998,33.8274],[-97.1958,33.8308],[-97.1814,33.8314],[-97.1716,33.8353],[-97.1668,33.8404],[-97.1666,33.8473],[-97.1699,33.8597],[-97.177,33.8767],[-97.1764,33.8791],[-97.1808,33.8952],[-97.1855,33.9007],[-97.2004,33.9088],[-97.2061,33.9143],[-97.2109,33.9161],[-97.2285,33.9133],[-97.2316,33.9102],[-97.2422,33.9064],[-97.2463,33.9005],[-97.2471,33.8929],[-97.2465,33.8875],[-97.2488,33.8828],[-97.2492,33.8751],[-97.2542,33.8653],[-97.2566,33.8633],[-97.2651,33.8624],[-97.2669,33.86],[-97.2709,33.858],[-97.2729,33.8617],[-97.2854,33.8682],[-97.3022,33.8839],[-97.3092,33.8887],[-97.3112,33.8871],[-97.3094,33.8801],[-97.3099,33.8744],[-97.3143,33.867],[-97.3143,33.8651],[-97.3155,33.8662],[-97.3164,33.8658],[-97.3181,33.8635],[-97.3287,33.8554],[-97.3328,33.8553],[-97.3346,33.8572],[-97.3342,33.8629],[-97.3281,33.8703],[-97.3233,33.8792],[-97.3238,33.8817],[-97.3266,33.8844],[-97.3325,33.8843],[-97.3348,33.8818],[-97.3372,33.8751],[-97.3396,33.8607],[-97.3441,33.8531],[-97.3472,33.8451],[-97.3543,33.838],[-97.3573,33.8314],[-97.3655,33.8237],[-97.3747,33.8186],[-97.3862,33.8195],[-97.3906,33.8188],[-97.3951,33.82],[-97.4064,33.8188],[-97.4137,33.8193],[-97.4142,33.818],[-97.4268,33.8186],[-97.4303,33.8204],[-97.4442,33.8238],[-97.4531,33.8285],[-97.4591,33.8346],[-97.4632,33.8431],[-97.4606,33.8517],[-97.4559,33.8576],[-97.454,33.8667],[-97.4515,33.8709],[-97.4509,33.8914],[-97.4614,33.9052],[-97.4636,33.905],[-97.4691,33.9086],[-97.4842,33.9155],[-97.4851,33.6798],[-97.4871,33.4337],[-97.383,33.4329],[-97.3831,33.4304],[-97.3572,33.4302],[-97.3574,33.4296],[-97.2193,33.4247],[-97.2194,33.4034],[-97.2176,33.403],[-97.2176,33.3959],[-97.2166,33.3956],[-97.2167,33.3923],[-97.2188,33.3909],[-97.219,33.3757],[-97.2171,33.3751],[-97.217,33.3496],[-97.2206,33.3461],[-97.2215,33.3258],[-97.2145,33.3255],[-97.2139,33.3182],[-97.2043,33.318],[-97.2039,33.3209],[-97.2012,33.3219],[-97.1811,33.3238],[-97.1813,33.3246],[-97.1802,33.3246],[-97.18,33.3238],[-97.1678,33.323],[-97.1672,33.3276],[-97.1644,33.3265],[-97.1631,33.3274],[-97.1619,33.3271],[-97.1612,33.3298],[-97.159,33.3289],[-97.1585,33.3272],[-97.1559,33.3261],[-97.1542,33.3272],[-97.1544,33.3284],[-97.156,33.3284],[-97.1553,33.3295],[-97.1521,33.3295],[-97.1479,33.3313],[-97.1414,33.3317],[-97.1427,33.3296],[-97.1413,33.3272],[-97.1418,33.3253],[-97.1399,33.3246],[-97.14,33.3259],[-97.1378,33.327],[-97.1373,33.3243],[-97.1356,33.3238],[-97.1367,33.3227],[-97.1352,33.3218],[-97.1361,33.3195],[-97.1356,33.3118],[-97.1343,33.3118],[-97.1339,33.3131],[-97.1331,33.3117],[-97.1342,33.3102],[-97.1299,33.306],[-97.123,33.3054],[-97.1206,33.3038],[-97.1237,33.3013],[-97.1238,33.2996],[-97.1225,33.2989],[-97.1182,33.2999],[-97.1197,33.2974],[-97.117,33.2946],[-97.1149,33.294],[-97.1172,33.2931],[-97.1135,33.2934],[-97.1128,33.2922],[-97.1106,33.2917],[-97.1129,33.2893],[-97.1088,33.2847],[-97.1024,33.282],[-97.0994,33.2787],[-97.0963,33.2778],[-97.0924,33.2818],[-97.0875,33.2824],[-97.088,33.2842],[-97.0867,33.2835],[-97.0843,33.2838],[-97.0825,33.2852],[-97.0771,33.283],[-97.0799,33.2825],[-97.0777,33.2812],[-97.0757,33.2817],[-97.0724,33.2805],[-97.0711,33.2808],[-97.0709,33.2823],[-97.0694,33.2824],[-97.0687,33.279],[-97.0648,33.2804],[-97.0607,33.2782],[-97.061,33.2771],[-97.0583,33.2775],[-97.0551,33.271],[-97.055,33.2676],[-97.057,33.2675],[-97.0575,33.2657],[-97.0539,33.2621],[-97.0533,33.2625],[-97.0542,33.2646],[-97.0501,33.2631],[-97.0488,33.2639],[-97.0491,33.2686],[-97.0449,33.2686],[-97.0372,33.2581],[-97.0361,33.2372],[-97.0312,33.222],[-97.0307,33.2166],[-97.029,33.2123],[-97.0256,33.2084],[-97.0237,33.203],[-97.0203,33.1995],[-97.0198,33.1774],[-97.0421,33.1811],[-97.0415,33.1803],[-97.0426,33.1797],[-97.0445,33.1803],[-97.0492,33.1774],[-97.0521,33.178],[-97.0611,33.1731],[-97.0621,33.1712],[-97.0643,33.1709],[-97.0647,33.1687],[-97.0655,33.1685],[-97.0648,33.1631],[-97.0836,33.1639],[-97.0889,33.163],[-97.0899,33.1623],[-97.0885,33.1591],[-97.0895,33.1582],[-97.092,33.1582],[-97.092,33.1541],[-97.0907,33.154],[-97.0903,33.1521],[-97.091,33.1469],[-97.0926,33.147],[-97.0933,33.1454],[-97.091,33.1443],[-97.096,33.1432],[-97.0964,33.1321],[-97.1147,33.1325],[-97.1216,33.1369],[-97.1232,33.1368],[-97.1233,33.1383],[-97.1317,33.1397],[-97.1315,33.1413],[-97.1351,33.1452],[-97.1357,33.1479],[-97.1395,33.1492],[-97.1416,33.1515],[-97.1423,33.1482],[-97.144,33.1472],[-97.1463,33.1472],[-97.1462,33.1545],[-97.1505,33.1545],[-97.1505,33.1648],[-97.153,33.1686],[-97.1547,33.1745],[-97.1592,33.1754],[-97.1591,33.1793],[-97.1659,33.1778],[-97.1678,33.1791],[-97.1728,33.1754],[-97.1763,33.175],[-97.1818,33.1784],[-97.1824,33.1793],[-97.1812,33.1792],[-97.1816,33.18],[-97.1837,33.181],[-97.1858,33.1806],[-97.1867,33.1822],[-97.1914,33.1831],[-97.1957,33.1864],[-97.1974,33.1864],[-97.1987,33.1905],[-97.2065,33.1921],[-97.2071,33.1934],[-97.2111,33.1929],[-97.2112,33.1961],[-97.2138,33.1999],[-97.2115,33.2018],[-97.2115,33.2042],[-97.2133,33.2037],[-97.2153,33.2062],[-97.2151,33.2098],[-97.2166,33.2113],[-97.217,33.2136],[-97.2155,33.2161],[-97.2168,33.2171],[-97.2187,33.2168],[-97.2183,33.2214],[-97.2296,33.2216],[-97.2297,33.2206],[-97.2302,33.2216],[-97.2453,33.2217],[-97.2571,33.2243],[-97.2601,33.2203],[-97.3174,33.2207],[-97.3182,33.2229],[-97.3539,33.2244],[-97.3551,33.2234],[-97.3602,33.2233],[-97.3609,33.2168],[-97.3734,33.2173],[-97.3742,33.2191],[-97.3834,33.2198],[-97.3871,33.2185],[-97.3916,33.2189],[-97.3909,33.242],[-97.4003,33.2394],[-97.4069,33.2411],[-97.4083,33.2428],[-97.4082,33.2453],[-97.4039,33.2489],[-97.4115,33.2508],[-97.4381,33.2485],[-97.4508,33.2456],[-97.5057,33.2444],[-97.5256,33.2415],[-97.5679,33.2401],[-97.5699,33.2404],[-97.5698,33.2488],[-97.5785,33.2488],[-97.5791,33.2536],[-97.5765,33.257],[-97.5715,33.2569],[-97.5714,33.2631],[-97.5764,33.2587],[-97.576,33.2651],[-97.5849,33.2652],[-97.5842,33.2646],[-97.5857,33.2617],[-97.5821,33.2616],[-97.5824,33.2596],[-97.5834,33.2594],[-97.5829,33.2573],[-97.585,33.2577],[-97.585,33.2568],[-97.587,33.2563],[-97.5864,33.2489],[-97.6055,33.2488],[-97.6047,33.2442],[-97.6076,33.2442],[-97.6081,33.2451],[-97.6081,33.2442],[-97.6154,33.2447],[-97.6295,33.2521],[-97.642,33.2535],[-97.6456,33.2547],[-97.663,33.2708],[-97.6665,33.2731],[-97.6916,33.2764],[-97.698,33.2794],[-97.7155,33.2838],[-97.728,33.2915],[-97.7354,33.2928],[-97.7511,33.2926],[-97.7588,33.2911],[-97.7744,33.2913],[-97.7891,33.293],[-97.7892,33.296],[-97.7875,33.296],[-97.7874,33.3022],[-97.7916,33.3022],[-97.7915,33.312],[-97.7861,33.312],[-97.7859,33.3145],[-97.7911,33.3146],[-97.7905,33.3172],[-97.785,33.3171],[-97.785,33.3191],[-97.7906,33.3191],[-97.7906,33.3199],[-97.8065,33.32],[-97.8045,33.3154],[-97.8093,33.3154],[-97.8046,33.2981],[-97.8105,33.2981],[-97.8105,33.2975],[-97.8209,33.3002],[-97.8421,33.3079],[-97.8595,33.3126],[-97.8846,33.3215],[-97.8932,33.3197],[-97.9191,33.3074],[-97.9187,33.2502],[-97.9216,33.0013],[-97.6796,32.9964],[-97.4202,32.9922],[-97.3985,32.9908],[-97.3985,32.9917],[-97.2993,32.9913],[-96.9395,32.9886]]]},"properties":{"GEOID":"4826","BASENAME":"26","NAME":"Congressional District 26","CD120":"26"}},
{"type":"Feature","geometry":{"type":"Polygon","coordinates":[[[-95.5945,32.687],[-95.5948,32.6878],[-95.5926,32.688],[-95.5952,32.6904],[-95.5933,32.6934],[-95.5948,32.6942],[-95.5953,32.6924],[-95.5973,32.6933],[-95.5962,32.6946],[-95.5969,32.6952],[-95.5996,32.6943],[-95.6006,32.6968],[-95.604,32.6963],[-95.6027,32.6992],[-95.6046,32.6993],[-95.6055,32.7021],[-95.6048,32.7047],[-95.6073,32.7037],[-95.6082,32.705],[-95.6099,32.7045],[-95.6141,32.7055],[-95.6157,32.7063],[-95.6158,32.7081],[-95.6181,32.7075],[-95.6211,32.7102],[-95.6209,32.7081],[-95.6263,32.7087],[-95.6275,32.7104],[-95.6268,32.7141],[-95.6298,32.717],[-95.6316,32.7172],[-95.6319,32.7158],[-95.6345,32.7167],[-95.6371,32.7247],[-95.64,32.7241],[-95.6393,32.7217],[-95.6412,32.718],[-95.6424,32.719],[-95.6466,32.7179],[-95.6485,32.7193],[-95.6506,32.7166],[-95.6522,32.7162],[-95.6515,32.7149],[-95.6526,32.7138],[-95.6547,32.7131],[-95.6554,32.7141],[-95.657,32.7141],[-95.659,32.7116],[-95.6624,32.7117],[-95.6616,32.7138],[-95.6639,32.7156],[-95.6658,32.7156],[-95.668,32.7133],[-95.6679,32.7164],[-95.6705,32.7163],[-95.6737,32.7189],[-95.6715,32.7207],[-95.6716,32.7224],[-95.6728,32.7233],[-95.6742,32.7217],[-95.6768,32.7232],[-95.6777,32.728],[-95.6797,32.7273],[-95.6811,32.7285],[-95.6849,32.7273],[-95.6856,32.7288],[-95.6882,32.7283],[-95.6891,32.7295],[-95.687,32.7309],[-95.6894,32.7306],[-95.6893,32.7345],[-95.6912,32.7373],[-95.695,32.7366],[-95.6963,32.7377],[-95.7018,32.7376],[-95.7021,32.7389],[-95.7012,32.7395],[-95.7023,32.7403],[-95.7023,32.7424],[-95.7036,32.7418],[-95.7049,32.7428],[-95.7064,32.7425],[-95.7071,32.7438],[-95.7083,32.7431],[-95.7101,32.7456],[-95.7132,32.7439],[-95.7159,32.744],[-95.7235,32.7482],[-95.7254,32.7482],[-95.7257,32.7468],[-95.7271,32.7482],[-95.7303,32.7483],[-95.7318,32.7494],[-95.7315,32.7471],[-95.7335,32.7462],[-95.736,32.7514],[-95.7333,32.7512],[-95.733,32.7522],[-95.7367,32.7539],[-95.7392,32.7568],[-95.7404,32.7564],[-95.7404,32.7546],[-95.7447,32.7556],[-95.7468,32.7538],[-95.7485,32.7542],[-95.7494,32.7564],[-95.7508,32.7561],[-95.7528,32.7579],[-95.7541,32.7578],[-95.7561,32.7566],[-95.755,32.7549],[-95.7558,32.7541],[-95.7593,32.7559],[-95.7606,32.7583],[-95.7623,32.7554],[-95.7644,32.7594],[-95.763,32.7601],[-95.7631,32.7614],[-95.7614,32.7613],[-95.7612,32.762],[-95.765,32.764],[-95.7631,32.7663],[-95.7629,32.7685],[-95.761,32.769],[-95.7619,32.7705],[-95.7642,32.7697],[-95.7655,32.7716],[-95.7687,32.7714],[-95.7701,32.7727],[-95.7713,32.772],[-95.7726,32.7727],[-95.7729,32.7707],[-95.7758,32.7708],[-95.7765,32.7723],[-95.7789,32.7737],[-95.78,32.7731],[-95.7789,32.7708],[-95.7824,32.7722],[-95.7829,32.7704],[-95.7847,32.7701],[-95.7867,32.7733],[-95.7913,32.7724],[-95.7915,32.7733],[-95.7898,32.7734],[-95.7897,32.7746],[-95.7923,32.7745],[-95.7947,32.7759],[-95.796,32.7753],[-95.7952,32.773],[-95.7973,32.7725],[-95.7989,32.7738],[-95.8019,32.7741],[-95.8044,32.7714],[-95.8047,32.7726],[-95.8063,32.7724],[-95.8076,32.7739],[-95.8068,32.7698],[-95.8081,32.7693],[-95.8077,32.768],[-95.8157,32.7655],[-95.8167,32.7668],[-95.8131,32.7671],[-95.8146,32.7683],[-95.8137,32.7697],[-95.8148,32.771],[-95.8174,32.7682],[-95.819,32.77],[-95.8193,32.7679],[-95.8203,32.7673],[-95.8226,32.7687],[-95.8233,32.7678],[-95.8258,32.768],[-95.8279,32.7668],[-95.8297,32.7671],[-95.8297,32.7688],[-95.8312,32.7703],[-95.8342,32.7707],[-95.8353,32.7719],[-95.838,32.7713],[-95.8382,32.7704],[-95.8428,32.7703],[-95.8438,32.7691],[-95.8447,32.7704],[-95.8454,32.7693],[-95.8471,32.7696],[-95.8486,32.7715],[-95.8508,32.7708],[-95.8527,32.772],[-95.8521,32.7742],[-95.8548,32.7746],[-95.8566,32.7764],[-95.8548,32.7786],[-95.8578,32.7785],[-95.8589,32.777],[-95.8637,32.7769],[-95.8653,32.7824],[-95.8701,32.7835],[-95.8706,32.785],[-95.8726,32.7858],[-95.8726,32.7884],[-95.8753,32.7871],[-95.8754,32.7895],[-95.8773,32.7875],[-95.8785,32.7878],[-95.8771,32.7891],[-95.8777,32.7912],[-95.879,32.7917],[-95.8787,32.7896],[-95.8798,32.7894],[-95.8844,32.7928],[-95.8895,32.7951],[-95.8911,32.799],[-95.8932,32.7984],[-95.8926,32.8006],[-95.8947,32.7991],[-95.8949,32.801],[-95.8935,32.8025],[-95.8946,32.8036],[-95.8954,32.8037],[-95.8959,32.8022],[-95.8977,32.803],[-95.8993,32.8022],[-95.9012,32.8034],[-95.9013,32.8046],[-95.9067,32.8069],[-95.9043,32.8085],[-95.905,32.8097],[-95.9125,32.8116],[-95.9157,32.811],[-95.9167,32.8135],[-95.9177,32.8134],[-95.9188,32.8149],[-95.9224,32.8156],[-95.9215,32.818],[-95.9241,32.8177],[-95.9246,32.8184],[-95.924,32.8195],[-95.9224,32.8197],[-95.9222,32.821],[-95.9246,32.821],[-95.9257,32.8228],[-95.9275,32.8224],[-95.9265,32.8254],[-95.9277,32.8261],[-95.9276,32.8271],[-95.9255,32.8272],[-95.9256,32.8293],[-95.9344,32.8372],[-96.0765,32.8385],[-96.2973,32.8417],[-96.2974,32.8142],[-96.519,32.8136],[-96.5179,32.9172],[-96.5376,32.9078],[-96.5756,32.9075],[-96.6019,32.9104],[-96.612,32.9107],[-96.6147,32.9105],[-96.6194,32.908],[-96.6236,32.9088],[-96.6415,32.909],[-96.6415,32.908],[-96.6447,32.9081],[-96.6447,32.909],[-96.7041,32.909],[-96.7086,32.9078],[-96.7166,32.902],[-96.7187,32.8982],[-96.7201,32.8995],[-96.7247,32.8999],[-96.7266,32.9012],[-96.7327,32.9018],[-96.7329,32.8998],[-96.7318,32.899],[-96.7343,32.896],[-96.7352,32.8957],[-96.7354,32.8968],[-96.7391,32.8969],[-96.7407,32.8931],[-96.7457,32.894],[-96.7527,32.8934],[-96.7634,32.8986],[-96.7708,32.8987],[-96.7796,32.895],[-96.777,32.89],[-96.7699,32.8903],[-96.7705,32.8559],[-96.7716,32.851],[-96.7529,32.8509],[-96.7529,32.8437],[-96.7701,32.8398],[-96.7702,32.8314],[-96.7646,32.8315],[-96.7642,32.8325],[-96.7615,32.8325],[-96.7616,32.8299],[-96.7601,32.8296],[-96.7601,32.8289],[-96.7616,32.8289],[-96.7616,32.8279],[-96.7581,32.8266],[-96.758,32.8256],[-96.7529,32.8256],[-96.7529,32.8162],[-96.7516,32.8127],[-96.744,32.8118],[-96.7434,32.8162],[-96.7353,32.8144],[-96.7295,32.8111],[-96.7224,32.8156],[-96.7199,32.8381],[-96.7243,32.8469],[-96.7242,32.8514],[-96.7214,32.8555],[-96.7248,32.8582],[-96.7128,32.864],[-96.7006,32.8642],[-96.7004,32.879],[-96.6896,32.8788],[-96.6804,32.8721],[-96.671,32.8693],[-96.6692,32.8665],[-96.6679,32.8673],[-96.6463,32.8537],[-96.6349,32.8439],[-96.6397,32.8397],[-96.6423,32.8396],[-96.6472,32.8377],[-96.6484,32.8388],[-96.6526,32.8353],[-96.6553,32.8376],[-96.659,32.8344],[-96.6605,32.8348],[-96.6605,32.8308],[-96.6582,32.8309],[-96.6581,32.8214],[-96.6617,32.8214],[-96.6623,32.8155],[-96.6654,32.8155],[-96.6654,32.8072],[-96.6736,32.8069],[-96.6743,32.7985],[-96.6812,32.7976],[-96.6842,32.7924],[-96.6734,32.7915],[-96.673,32.7871],[-96.6704,32.7848],[-96.6712,32.7848],[-96.6706,32.7833],[-96.668,32.7833],[-96.6444,32.7634],[-96.6432,32.7591],[-96.639,32.7555],[-96.6391,32.7486],[-96.6226,32.7486],[-96.6226,32.7452],[-96.6218,32.745],[-96.6226,32.7449],[-96.6226,32.7426],[-96.6218,32.7426],[-96.6218,32.7402],[-96.6207,32.7401],[-96.6207,32.7347],[-96.6131,32.735],[-96.6126,32.7422],[-96.6116,32.7431],[-96.612,32.746],[-96.6064,32.7468],[-96.5997,32.7458],[-96.5988,32.744],[-96.6023,32.7401],[-96.6015,32.7353],[-96.5993,32.7353],[-96.5992,32.7297],[-96.594,32.7256],[-96.5883,32.724],[-96.5753,32.714],[-96.5768,32.7118],[-96.5744,32.7096],[-96.5751,32.709],[-96.576,32.7098],[-96.5793,32.7071],[-96.5747,32.7027],[-96.5736,32.7019],[-96.5673,32.7014],[-96.5668,32.7022],[-96.5657,32.7012],[-96.563,32.7012],[-96.5616,32.6976],[-96.5553,32.6921],[-96.5585,32.6891],[-96.5566,32.6875],[-96.5629,32.6811],[-96.5735,32.6802],[-96.5747,32.6809],[-96.5759,32.6799],[-96.5746,32.6787],[-96.579,32.6752],[-96.5807,32.676],[-96.5884,32.6698],[-96.5954,32.6731],[-96.598,32.6709],[-96.5912,32.6674],[-96.5938,32.6652],[-96.5917,32.6633],[-96.5946,32.661],[-96.5902,32.6595],[-96.5821,32.6524],[-96.5854,32.6478],[-96.5957,32.6395],[-96.5964,32.6372],[-96.6084,32.6274],[-96.6134,32.6272],[-96.614,32.6252],[-96.6222,32.6177],[-96.6172,32.6122],[-96.6075,32.6128],[-96.6059,32.61],[-96.6027,32.6086],[-96.5985,32.6114],[-96.5953,32.6113],[-96.5944,32.6096],[-96.5977,32.6092],[-96.5994,32.6079],[-96.5983,32.6049],[-96.5952,32.6064],[-96.5888,32.606],[-96.5863,32.6005],[-96.5881,32.5967],[-96.5828,32.5848],[-96.584,32.5825],[-96.5806,32.5806],[-96.5821,32.5785],[-96.5779,32.5764],[-96.575,32.578],[-96.5731,32.5775],[-96.5754,32.5698],[-96.5667,32.5664],[-96.5612,32.5553],[-96.5561,32.5517],[-96.5544,32.5519],[-96.5511,32.5544],[-96.55,32.5542],[-96.548,32.5512],[-96.5415,32.5459],[-96.531,32.546],[-96.5294,32.5453],[-96.529,32.5401],[-96.5272,32.5395],[-96.5253,32.5415],[-96.5238,32.5412],[-96.5243,32.537],[-96.5202,32.5351],[-96.5197,32.5318],[-96.5155,32.532],[-96.5145,32.536],[-96.5122,32.5362],[-96.5072,32.5324],[-96.5079,32.531],[-96.5104,32.5303],[-96.5094,32.5265],[-96.5062,32.5251],[-96.5046,32.5272],[-96.503,32.526],[-96.5051,32.518],[-96.5076,32.5175],[-96.5071,32.5164],[-96.5034,32.5153],[-96.5015,32.5129],[-96.5019,32.5119],[-96.504,32.5116],[-96.5065,32.5132],[-96.5094,32.5112],[-96.5125,32.5133],[-96.5133,32.5121],[-96.5113,32.5092],[-96.5089,32.5016],[-96.5079,32.5012],[-96.506,32.5023],[-96.5047,32.5017],[-96.5005,32.4955],[-96.5009,32.4942],[-96.5031,32.4937],[-96.5047,32.4956],[-96.5047,32.4979],[-96.5067,32.4976],[-96.5087,32.4946],[-96.5087,32.4919],[-96.5062,32.4901],[-96.5026,32.4898],[-96.5018,32.4882],[-96.5032,32.4869],[-96.5062,32.4864],[-96.51,32.4835],[-96.5102,32.4819],[-96.5047,32.4779],[-96.5012,32.47],[-96.4963,32.4685],[-96.4928,32.4662],[-96.4949,32.4608],[-96.4935,32.4566],[-96.4973,32.4549],[-96.4982,32.4534],[-96.4931,32.4531],[-96.4879,32.4511],[-96.4859,32.452],[-96.4843,32.4515],[-96.4832,32.4464],[-96.4842,32.4437],[-96.4774,32.4344],[-96.4568,32.4243],[-96.4537,32.4238],[-96.4503,32.4246],[-96.4493,32.4221],[-96.4409,32.4162],[-96.4388,32.4126],[-96.4344,32.4111],[-96.4352,32.409],[-96.4377,32.4075],[-96.4364,32.4042],[-96.4398,32.4001],[-96.4384,32.3982],[-96.4373,32.3934],[-96.4354,32.3919],[-96.4345,32.3892],[-96.4356,32.3881],[-96.438,32.3896],[-96.4389,32.3891],[-96.4356,32.3867],[-96.439,32.3833],[-96.4374,32.3786],[-96.4444,32.3784],[-96.4453,32.3752],[-96.4488,32.3758],[-96.4473,32.3725],[-96.4438,32.3705],[-96.4452,32.3689],[-96.4484,32.3706],[-96.4469,32.368],[-96.4477,32.3667],[-96.4495,32.3667],[-96.4514,32.3685],[-96.4504,32.37],[-96.4517,32.3712],[-96.4538,32.3679],[-96.4537,32.3669],[-96.4513,32.3663],[-96.45,32.3645],[-96.4546,32.3615],[-96.4523,32.3594],[-96.4537,32.3572],[-96.4505,32.3548],[-96.4484,32.3545],[-96.4493,32.351],[-96.4531,32.3528],[-96.4546,32.3523],[-96.4539,32.3488],[-96.452,32.3476],[-96.4518,32.345],[-96.45,32.3442],[-96.4471,32.3458],[-96.4413,32.3463],[-96.4418,32.3443],[-96.4408,32.3438],[-96.4389,32.3457],[-96.4363,32.3454],[-96.4369,32.3414],[-96.4303,32.3389],[-96.4314,32.3372],[-96.4302,32.3322],[-96.4262,32.3344],[-96.4259,32.3362],[-96.4238,32.3353],[-96.4233,32.3332],[-96.4216,32.3323],[-96.4198,32.3329],[-96.4204,32.3348],[-96.4175,32.3355],[-96.4157,32.333],[-96.4116,32.3325],[-96.4081,32.3285],[-96.4056,32.3277],[-96.4004,32.3288],[-96.3908,32.3339],[-96.3857,32.3322],[-96.3813,32.3275],[-96.3747,32.3249],[-96.3672,32.3177],[-96.3644,32.3164],[-96.3601,32.3169],[-96.3573,32.3159],[-96.3531,32.3117],[-96.3488,32.3134],[-96.3461,32.3131],[-96.3437,32.3105],[-96.3454,32.309],[-96.3424,32.3077],[-96.3393,32.3085],[-96.339,32.306],[-96.331,32.3035],[-96.3244,32.3031],[-96.3233,32.3042],[-96.3244,32.3061],[-96.3234,32.3063],[-96.3194,32.3036],[-96.3159,32.3028],[-96.3174,32.301],[-96.3166,32.3003],[-96.3152,32.3003],[-96.3135,32.303],[-96.3119,32.3028],[-96.3098,32.3002],[-96.3113,32.2989],[-96.3101,32.2983],[-96.3072,32.2988],[-96.3073,32.301],[-96.3049,32.3022],[-96.304,32.3011],[-96.3047,32.2989],[-96.3034,32.2973],[-96.3016,32.2979],[-96.301,32.3006],[-96.2992,32.3014],[-96.2966,32.2982],[-96.3004,32.2942],[-96.2975,32.2933],[-96.2889,32.2932],[-96.2893,32.2919],[-96.2937,32.29],[-96.2899,32.2887],[-96.2882,32.2871],[-96.2838,32.2789],[-96.2847,32.2719],[-96.2883,32.2713],[-96.2902,32.2689],[-96.2892,32.2675],[-96.2859,32.2671],[-96.2849,32.2658],[-96.2859,32.256],[-96.2851,32.2546],[-96.2806,32.2541],[-96.2823,32.2581],[-96.2777,32.2606],[-96.2766,32.2558],[-96.2728,32.2525],[-96.2726,32.2556],[-96.2677,32.2592],[-96.2647,32.2522],[-96.2617,32.2495],[-96.2607,32.2499],[-96.2605,32.2513],[-96.2596,32.2512],[-96.2595,32.2494],[-96.2574,32.2474],[-96.2576,32.2454],[-96.2565,32.2451],[-96.2509,32.2473],[-96.252,32.2486],[-96.2553,32.2492],[-96.2544,32.2506],[-96.2489,32.251],[-96.238,32.2501],[-96.2351,32.2509],[-96.234,32.25],[-96.2345,32.2475],[-96.233,32.244],[-96.2335,32.2432],[-96.2361,32.2429],[-96.2361,32.2422],[-96.2322,32.2409],[-96.2287,32.2358],[-96.2235,32.235],[-96.2212,32.233],[-96.2173,32.2335],[-96.2156,32.2277],[-96.2161,32.2244],[-96.2139,32.2243],[-96.2111,32.2264],[-96.2082,32.222],[-96.2099,32.2202],[-96.2091,32.2187],[-96.2045,32.2182],[-96.2038,32.2148],[-96.2007,32.2143],[-96.1976,32.2151],[-96.1975,32.2198],[-96.1961,32.2198],[-96.1939,32.2159],[-96.1964,32.213],[-96.1942,32.2112],[-96.1969,32.2099],[-96.1971,32.2074],[-96.1907,32.2026],[-96.1861,32.203],[-96.1834,32.2018],[-96.1814,32.2046],[-96.1793,32.2036],[-96.1757,32.204],[-96.175,32.2068],[-96.1706,32.2071],[-96.1668,32.2102],[-96.1559,32.215],[-96.1516,32.2137],[-96.1505,32.2141],[-96.1465,32.2117],[-96.1478,32.207],[-96.1579,32.2058],[-96.1607,32.204],[-96.1603,32.2006],[-96.1556,32.2004],[-96.1573,32.1972],[-96.1561,32.1944],[-96.1579,32.1913],[-96.1608,32.1899],[-96.164,32.1903],[-96.1649,32.1891],[-96.1642,32.1878],[-96.1683,32.1869],[-96.1682,32.1857],[-96.1662,32.1845],[-96.1668,32.1828],[-96.1717,32.1853],[-96.1762,32.1818],[-96.1769,32.1793],[-96.1754,32.1736],[-96.1729,32.1707],[-96.1758,32.1682],[-96.1719,32.1687],[-96.1665,32.1661],[-96.1654,32.1626],[-96.1668,32.1583],[-96.1595,32.1549],[-96.1522,32.1584],[-96.1451,32.1527],[-96.1408,32.1533],[-96.1384,32.1514],[-96.1359,32.1528],[-96.131,32.153],[-96.1211,32.1565],[-96.1177,32.1599],[-96.1137,32.1609],[-96.1127,32.1568],[-96.1044,32.1527],[-96.1025,32.1493],[-96.1024,32.1423],[-96.106,32.1352],[-96.1116,32.132],[-96.1145,32.1271],[-96.1143,32.1201],[-96.1115,32.1158],[-96.1169,32.1051],[-96.1177,32.0946],[-96.1144,32.091],[-96.1112,32.09],[-96.108,32.0836],[-96.1092,32.0771],[-96.1068,32.0754],[-96.1006,32.0775],[-96.099,32.0816],[-96.0954,32.0807],[-96.0921,32.0819],[-96.0821,32.0813],[-96.073,32.0836],[-96.0678,32.0859],[-96.0657,32.0855],[-96.063,32.0809],[-96.0625,32.0778],[-96.0639,32.0765],[-96.0666,32.0773],[-96.069,32.0769],[-96.0702,32.0748],[-96.0698,32.0734],[-96.0668,32.0714],[-96.0689,32.0668],[-96.0643,32.0652],[-96.0623,32.0625],[-96.0626,32.0615],[-96.0668,32.0595],[-96.064,32.0511],[-96.0662,32.0488],[-96.0646,32.0452],[-96.0665,32.0378],[-96.0622,32.032],[-96.0635,32.0292],[-96.0616,32.025],[-96.0574,32.0204],[-96.0508,32.0168],[-96.0516,32.0156],[-96.0544,32.0158],[-96.0554,32.015],[-96.0548,32.0125],[-96.0529,32.0082],[-96.0521,32.0022],[-96.049,31.9972],[-96.0567,31.9909],[-96.0569,31.987],[-96.0597,31.9874],[-96.0609,31.9868],[-96.063,31.9821],[-96.0648,31.9807],[-96.0617,31.9778],[-96.0609,31.9752],[-96.0545,31.9752],[-96.0557,31.9726],[-96.0541,31.9705],[-96.0505,31.9695],[-96.0464,31.9702],[-96.0458,31.9689],[-96.0472,31.9658],[-96.0429,31.9628],[-96.0438,31.9603],[-96.045,31.9598],[-96.0504,31.9612],[-96.0517,31.964],[-96.0559,31.9636],[-96.0575,31.9598],[-96.0605,31.9605],[-96.0619,31.9596],[-96.0619,31.9554],[-96.0569,31.953],[-96.054,31.9479],[-96.0508,31.9487],[-96.0462,31.9518],[-96.0438,31.9495],[-96.0425,31.9453],[-96.0415,31.9449],[-96.0374,31.9491],[-96.0409,31.9509],[-96.0408,31.9521],[-96.0343,31.9526],[-96.031,31.954],[-96.0295,31.9552],[-96.03,31.9573],[-96.029,31.9579],[-96.0219,31.9573],[-96.0194,31.9546],[-96.0207,31.9506],[-96.0193,31.9491],[-96.0159,31.9485],[-96.0145,31.9461],[-96.0168,31.9423],[-96.0199,31.9402],[-96.0209,31.9382],[-96.0164,31.9347],[-96.0105,31.9341],[-96.0134,31.9299],[-96.01,31.9284],[-96.0063,31.9247],[-96.0083,31.9185],[-96.0066,31.9177],[-96.0043,31.9191],[-96.0047,31.916],[-96.0014,31.9082],[-96.0015,31.9068],[-96.0028,31.9062],[-96.007,31.9084],[-96.0074,31.9055],[-96.0083,31.9053],[-96.0111,31.9109],[-96.0138,31.9109],[-96.0159,31.9028],[-96.0197,31.9036],[-96.0213,31.8986],[-96.0237,31.8954],[-96.0267,31.8862],[-96.0276,31.8779],[-96.0243,31.8731],[-96.0192,31.8718],[-96.0069,31.8812],[-96.004,31.8773],[-96.0052,31.8748],[-96.0047,31.8723],[-96.001,31.8723],[-96.0008,31.8685],[-95.9975,31.8681],[-95.9941,31.8663],[-95.9921,31.8688],[-95.9899,31.8681],[-95.9891,31.8687],[-95.9882,31.8716],[-95.9916,31.8741],[-95.9909,31.8762],[-95.9893,31.876],[-95.9876,31.8731],[-95.9773,31.8775],[-95.9703,31.8772],[-95.97,31.8745],[-95.9681,31.8725],[-95.9679,31.8713],[-95.9691,31.8706],[-95.9739,31.8721],[-95.9769,31.8705],[-95.9804,31.862],[-95.9845,31.8612],[-95.9876,31.8588],[-95.9905,31.8491],[-95.9945,31.8441],[-95.9922,31.8397],[-95.987,31.8401],[-95.9844,31.8369],[-95.9785,31.8343],[-95.9772,31.8231],[-95.9764,31.8216],[-95.973,31.8199],[-95.9768,31.8152],[-95.975,31.8119],[-95.9767,31.8005],[-95.9796,31.7944],[-95.9831,31.7908],[-95.9836,31.788],[-95.9806,31.7846],[-95.9789,31.7841],[-95.9743,31.7884],[-95.9674,31.7881],[-95.9628,31.7894],[-95.9607,31.7871],[-95.9605,31.7826],[-95.954,31.781],[-95.9526,31.7758],[-95.939,31.7747],[-95.9363,31.7705],[-95.9347,31.7696],[-95.9329,31.7708],[-95.9323,31.774],[-95.931,31.7744],[-95.93,31.7715],[-95.9246,31.7659],[-95.9219,31.7666],[-95.9203,31.7686],[-95.9149,31.7656],[-95.9115,31.7664],[-95.9074,31.7657],[-95.9031,31.7676],[-95.8973,31.7668],[-95.8965,31.7653],[-95.8985,31.7619],[-95.9002,31.7614],[-95.9027,31.7626],[-95.9033,31.7618],[-95.9006,31.7588],[-95.9019,31.7548],[-95.9001,31.7521],[-95.8988,31.7526],[-95.8971,31.7572],[-95.8939,31.7587],[-95.8906,31.7565],[-95.886,31.7578],[-95.8827,31.7564],[-95.8775,31.7561],[-95.8747,31.7547],[-95.8727,31.7459],[-95.8714,31.7453],[-95.8688,31.746],[-95.8668,31.742],[-95.8688,31.7414],[-95.8731,31.7439],[-95.8756,31.7434],[-95.8803,31.7405],[-95.881,31.7351],[-95.8795,31.733],[-95.8771,31.7326],[-95.8751,31.7361],[-95.875,31.7384],[-95.8714,31.7396],[-95.87,31.7391],[-95.8689,31.732],[-95.8669,31.7281],[-95.869,31.7251],[-95.8665,31.7224],[-95.8666,31.7188],[-95.8671,31.7182],[-95.8706,31.7199],[-95.8752,31.7188],[-95.8761,31.7161],[-95.8757,31.7117],[-95.8778,31.7084],[-95.8749,31.7029],[-95.8763,31.7022],[-95.88,31.7035],[-95.8809,31.7013],[-95.8798,31.6996],[-95.8765,31.6981],[-95.8743,31.6939],[-95.8649,31.6918],[-95.862,31.6873],[-95.8588,31.6901],[-95.8552,31.6965],[-95.8528,31.6978],[-95.8499,31.6977],[-95.8448,31.6959],[-95.8337,31.6951],[-95.8243,31.6869],[-95.8199,31.6867],[-95.8106,31.6735],[-95.8082,31.6716],[-95.8057,31.6711],[-95.8009,31.675],[-95.7952,31.6752],[-95.7949,31.6787],[-95.7926,31.6819],[-95.7908,31.6895],[-95.7892,31.692],[-95.7876,31.6926],[-95.7882,31.6875],[-95.7809,31.6854],[-95.7797,31.6839],[-95.7844,31.6759],[-95.7894,31.6713],[-95.7905,31.6686],[-95.7903,31.6637],[-95.7941,31.6603],[-95.7906,31.653],[-95.7895,31.6475],[-95.7945,31.6396],[-95.7967,31.6321],[-95.7951,31.6286],[-95.7886,31.6271],[-95.7889,31.622],[-95.7873,31.6184],[-95.7847,31.6107],[-95.7776,31.6023],[-95.7684,31.5974],[-95.7635,31.5998],[-95.7614,31.5996],[-95.7608,31.604],[-95.7533,31.6069],[-95.7526,31.61],[-95.7533,31.6137],[-95.7487,31.6177],[-95.7489,31.6208],[-95.7532,31.6292],[-95.7529,31.6353],[-95.7542,31.6394],[-95.7572,31.6432],[-95.7568,31.6456],[-95.7528,31.6493],[-95.7367,31.6541],[-95.7353,31.6534],[-95.7328,31.6488],[-95.7277,31.6444],[-95.7236,31.638],[-95.7185,31.6324],[-95.7174,31.6272],[-95.7101,31.6156],[-95.7123,31.6083],[-95.7112,31.6039],[-95.7163,31.5984],[-95.7159,31.5941],[-95.7199,31.5928],[-95.7219,31.5863],[-95.7295,31.5835],[-95.7213,31.5778],[-95.7182,31.5732],[-95.7184,31.5713],[-95.7222,31.5697],[-95.717,31.5678],[-95.7173,31.5593],[-95.7157,31.554],[-95.7185,31.5537],[-95.7239,31.5558],[-95.7304,31.5512],[-95.7352,31.5513],[-95.7426,31.5542],[-95.7511,31.552],[-95.7525,31.5507],[-95.7541,31.546],[-95.7511,31.5423],[-95.7509,31.5407],[-95.7567,31.5366],[-95.7586,31.5341],[-95.7565,31.5311],[-95.7479,31.5285],[-95.7469,31.5242],[-95.7411,31.5225],[-95.737,31.5185],[-95.7339,31.5084],[-95.7393,31.5041],[-95.6472,31.527],[-95.6518,31.5418],[-95.4932,31.5649],[-95.2732,31.5929],[-95.2745,31.593],[-95.2752,31.595],[-95.2733,31.5964],[-95.2728,31.5948],[-95.2696,31.5951],[-95.2702,31.5963],[-95.2691,31.5993],[-95.2659,31.6023],[-95.2621,31.6027],[-95.2627,31.6042],[-95.2588,31.6104],[-95.2606,31.6091],[-95.2604,31.6126],[-95.2629,31.6163],[-95.2618,31.6192],[-95.264,31.6206],[-95.265,31.6244],[-95.2712,31.6251],[-95.2739,31.6236],[-95.2759,31.6238],[-95.2751,31.6249],[-95.2759,31.6255],[-95.2771,31.6248],[-95.2817,31.6254],[-95.2816,31.6267],[-95.2832,31.6267],[-95.2879,31.6329],[-95.2828,31.6322],[-95.2817,31.6364],[-95.2819,31.6387],[-95.2856,31.6419],[-95.2834,31.643],[-95.2868,31.644],[-95.2862,31.6477],[-95.2847,31.6485],[-95.2843,31.6477],[-95.2854,31.6466],[-95.2834,31.6456],[-95.2825,31.6461],[-95.2823,31.6481],[-95.2836,31.6494],[-95.2823,31.6505],[-95.2827,31.6516],[-95.2793,31.6518],[-95.2813,31.6547],[-95.2802,31.6554],[-95.2786,31.6532],[-95.2787,31.6544],[-95.2758,31.6569],[-95.278,31.661],[-95.2797,31.6597],[-95.2794,31.6614],[-95.2813,31.6616],[-95.28,31.6619],[-95.2803,31.6625],[-95.2829,31.6624],[-95.2837,31.6632],[-95.282,31.6634],[-95.282,31.665],[-95.2832,31.6649],[-95.2829,31.6658],[-95.2851,31.6674],[-95.2858,31.6712],[-95.2825,31.6727],[-95.2832,31.6764],[-95.2849,31.676],[-95.2861,31.6767],[-95.2861,31.6781],[-95.2884,31.6795],[-95.2874,31.681],[-95.2901,31.6821],[-95.2898,31.6841],[-95.2929,31.6841],[-95.2939,31.6858],[-95.2975,31.6861],[-95.3041,31.6891],[-95.3047,31.6904],[-95.3033,31.6905],[-95.3027,31.6914],[-95.3037,31.6922],[-95.3013,31.6934],[-95.3014,31.6941],[-95.3062,31.6935],[-95.3117,31.6969],[-95.3122,31.7016],[-95.3105,31.7031],[-95.3114,31.7062],[-95.317,31.7065],[-95.3216,31.7044],[-95.3257,31.7037],[-95.3241,31.7055],[-95.3257,31.705],[-95.3285,31.7079],[-95.3254,31.7091],[-95.3244,31.7111],[-95.3264,31.7146],[-95.3274,31.7149],[-95.3268,31.7159],[-95.328,31.7157],[-95.3279,31.717],[-95.3323,31.7185],[-95.3315,31.7174],[-95.3334,31.7174],[-95.3349,31.7156],[-95.3324,31.7156],[-95.3328,31.7142],[-95.3316,31.7129],[-95.334,31.7121],[-95.335,31.7142],[-95.3367,31.7146],[-95.3379,31.7163],[-95.3425,31.718],[-95.3418,31.7226],[-95.3399,31.7235],[-95.3394,31.7219],[-95.3407,31.7218],[-95.3397,31.7202],[-95.3352,31.7263],[-95.3371,31.7272],[-95.3327,31.728],[-95.3331,31.7327],[-95.3354,31.7349],[-95.3386,31.7354],[-95.3406,31.7333],[-95.3406,31.7348],[-95.3416,31.7353],[-95.3466,31.7338],[-95.3496,31.7317],[-95.3534,31.7314],[-95.3547,31.7278],[-95.3603,31.729],[-95.3619,31.7288],[-95.3626,31.7274],[-95.3664,31.7268],[-95.3663,31.729],[-95.3686,31.7292],[-95.3669,31.7303],[-95.3674,31.7313],[-95.3708,31.7331],[-95.3702,31.7347],[-95.3686,31.735],[-95.3727,31.7361],[-95.3666,31.7401],[-95.3644,31.7398],[-95.3651,31.7369],[-95.3631,31.737],[-95.3591,31.7411],[-95.3599,31.7425],[-95.3612,31.7418],[-95.3626,31.7433],[-95.36,31.7442],[-95.3607,31.7453],[-95.3581,31.7479],[-95.3582,31.7493],[-95.3594,31.75],[-95.3608,31.7492],[-95.3628,31.7525],[-95.365,31.7518],[-95.3709,31.7526],[-95.3731,31.7517],[-95.3737,31.7536],[-95.3768,31.7538],[-95.3776,31.7564],[-95.3799,31.7546],[-95.3796,31.7524],[-95.3808,31.7526],[-95.3818,31.7534],[-95.3816,31.7548],[-95.3837,31.7553],[-95.3839,31.7585],[-95.3849,31.7586],[-95.3852,31.7569],[-95.3879,31.7586],[-95.3892,31.7573],[-95.3924,31.7597],[-95.3919,31.7616],[-95.3944,31.7633],[-95.3973,31.7624],[-95.3994,31.7603],[-95.4021,31.7616],[-95.402,31.7625],[-95.3999,31.7632],[-95.4011,31.765],[-95.3995,31.7649],[-95.4003,31.7679],[-95.3994,31.7681],[-95.3982,31.7656],[-95.3965,31.7653],[-95.398,31.7687],[-95.3966,31.7718],[-95.3985,31.7714],[-95.3978,31.7729],[-95.3994,31.7744],[-95.3991,31.775],[-95.3972,31.7741],[-95.398,31.7752],[-95.3967,31.7758],[-95.3963,31.7789],[-95.3947,31.7811],[-95.3964,31.7831],[-95.394,31.7846],[-95.3949,31.785],[-95.3941,31.7872],[-95.3953,31.7889],[-95.3951,31.7912],[-95.3967,31.7909],[-95.3954,31.7917],[-95.3951,31.7935],[-95.3969,31.7943],[-95.3991,31.7939],[-95.3973,31.7958],[-95.3992,31.7968],[-95.3995,31.7993],[-95.3984,31.7999],[-95.3995,31.8017],[-95.4012,31.802],[-95.4034,31.8004],[-95.4043,31.8033],[-95.4025,31.8057],[-95.404,31.8073],[-95.4025,31.8076],[-95.4022,31.8087],[-95.4034,31.8089],[-95.4043,31.808],[-95.404,31.8097],[-95.405,31.8102],[-95.4,31.8134],[-95.4013,31.814],[-95.4006,31.8159],[-95.4017,31.8171],[-95.4008,31.8186],[-95.4029,31.819],[-95.4037,31.8218],[-95.4081,31.8232],[-95.4077,31.8245],[-95.4113,31.8251],[-95.4125,31.8263],[-95.4121,31.8276],[-95.4114,31.8271],[-95.4107,31.8277],[-95.4122,31.8291],[-95.4109,31.8301],[-95.4119,31.8319],[-95.411,31.8319],[-95.4102,31.8341],[-95.4128,31.8324],[-95.4124,31.8347],[-95.4168,31.8373],[-95.417,31.8358],[-95.4184,31.837],[-95.4202,31.8357],[-95.4254,31.8415],[-95.4273,31.8417],[-95.4273,31.8403],[-95.4306,31.8414],[-95.4293,31.8397],[-95.4304,31.8392],[-95.4344,31.8406],[-95.4377,31.8433],[-95.4405,31.8416],[-95.4433,31.8424],[-95.4422,31.8441],[-95.444,31.8441],[-95.4444,31.8429],[-95.4451,31.8435],[-95.4469,31.8432],[-95.4462,31.8451],[-95.4439,31.8459],[-95.446,31.848],[-95.4452,31.8506],[-95.444,31.8509],[-95.4447,31.854],[-95.446,31.8543],[-95.4443,31.8552],[-95.4452,31.858],[-95.4433,31.8578],[-95.4421,31.8626],[-95.4348,31.8666],[-95.4366,31.8701],[-95.4383,31.8704],[-95.4375,31.8718],[-95.4394,31.872],[-95.4374,31.8745],[-95.4389,31.8762],[-95.4367,31.8759],[-95.4369,31.8742],[-95.4346,31.8733],[-95.4333,31.8755],[-95.4339,31.8767],[-95.432,31.8766],[-95.4319,31.8778],[-95.4331,31.8785],[-95.431,31.88],[-95.4323,31.8811],[-95.4316,31.8854],[-95.4334,31.8879],[-95.4328,31.8907],[-95.4314,31.8913],[-95.4312,31.8925],[-95.4351,31.8946],[-95.4368,31.8943],[-95.4367,31.896],[-95.435,31.8947],[-95.4348,31.897],[-95.4376,31.8977],[-95.4375,31.9017],[-95.4318,31.9032],[-95.431,31.9015],[-95.4292,31.9012],[-95.4307,31.9044],[-95.4283,31.9055],[-95.4305,31.9086],[-95.4299,31.9094],[-95.4319,31.9138],[-95.429,31.9129],[-95.4299,31.9159],[-95.4263,31.9166],[-95.4266,31.9197],[-95.4243,31.9193],[-95.424,31.9228],[-95.4226,31.925],[-95.4206,31.9245],[-95.4202,31.9264],[-95.4232,31.9267],[-95.424,31.9321],[-95.4269,31.9316],[-95.4317,31.9332],[-95.4361,31.9363],[-95.4458,31.9461],[-95.4485,31.9516],[-95.448,31.9549],[-95.4499,31.9545],[-95.4535,31.9608],[-95.4508,31.9639],[-95.4485,31.9617],[-95.447,31.9635],[-95.4439,31.9631],[-95.4436,31.9669],[-95.4462,31.9676],[-95.4472,31.9688],[-95.4499,31.9682],[-95.4496,31.9693],[-95.4513,31.9713],[-95.4504,31.9744],[-95.4529,31.9768],[-95.4517,31.9796],[-95.4501,31.9799],[-95.4512,31.9809],[-95.4509,31.9823],[-95.4483,31.9852],[-95.4507,31.9874],[-95.4495,31.989],[-95.4492,31.9926],[-95.4458,31.9946],[-95.4461,31.9994],[-95.442,32.0025],[-95.4417,32.0043],[-95.4383,32.0031],[-95.4357,32.0048],[-95.4352,32.0074],[-95.4337,32.009],[-95.4306,32.0076],[-95.4314,32.0062],[-95.4298,32.0062],[-95.4286,32.0077],[-95.4296,32.0086],[-95.4274,32.0126],[-95.4282,32.0152],[-95.4263,32.0161],[-95.426,32.0179],[-95.4241,32.0189],[-95.4258,32.0208],[-95.4254,32.0221],[-95.428,32.0239],[-95.432,32.0303],[-95.4345,32.0306],[-95.4366,32.0324],[-95.4383,32.0321],[-95.4387,32.0333],[-95.438,32.0361],[-95.4354,32.0381],[-95.4359,32.0399],[-95.4337,32.0405],[-95.4275,32.0387],[-95.4258,32.0393],[-95.4259,32.0419],[-95.4229,32.0415],[-95.4222,32.0423],[-95.423,32.0453],[-95.422,32.0473],[-95.4238,32.049],[-95.4264,32.0502],[-95.4277,32.0519],[-95.4279,32.0507],[-95.4302,32.0501],[-95.4358,32.0535],[-95.4368,32.0576],[-95.4328,32.0589],[-95.4321,32.061],[-95.4379,32.0645],[-95.4385,32.066],[-95.4371,32.0691],[-95.4312,32.0718],[-95.4316,32.0743],[-95.4294,32.076],[-95.4295,32.0769],[-95.426,32.077],[-95.4238,32.0823],[-95.4241,32.0839],[-95.4285,32.0844],[-95.4291,32.0902],[-95.4307,32.0912],[-95.4299,32.0919],[-95.4316,32.0939],[-95.4368,32.0965],[-95.4383,32.0955],[-95.4403,32.0958],[-95.4417,32.0991],[-95.4435,32.0988],[-95.4427,32.1023],[-95.4459,32.1043],[-95.4471,32.1073],[-95.4523,32.1077],[-95.4526,32.1098],[-95.4544,32.1096],[-95.4548,32.1123],[-95.4573,32.1126],[-95.4574,32.1159],[-95.46,32.1186],[-95.4593,32.1218],[-95.4615,32.1237],[-95.4612,32.1274],[-95.4622,32.129],[-95.4608,32.129],[-95.462,32.1338],[-95.4601,32.1358],[-95.4692,32.1435],[-95.4732,32.1451],[-95.4762,32.1449],[-95.4786,32.1472],[-95.4786,32.15],[-95.4798,32.1519],[-95.4776,32.1569],[-95.479,32.1587],[-95.4755,32.1623],[-95.4753,32.1659],[-95.4738,32.1689],[-95.4715,32.1686],[-95.4712,32.1705],[-95.4694,32.1704],[-95.4715,32.1723],[-95.4694,32.1745],[-95.4703,32.1755],[-95.4697,32.1778],[-95.471,32.1787],[-95.4689,32.1804],[-95.4659,32.1787],[-95.4652,32.1805],[-95.4631,32.1798],[-95.4616,32.1829],[-95.4623,32.184],[-95.464,32.1833],[-95.4651,32.1838],[-95.4645,32.1854],[-95.4681,32.1876],[-95.4683,32.1905],[-95.4671,32.1911],[-95.4654,32.19],[-95.4644,32.191],[-95.4659,32.1927],[-95.4632,32.1944],[-95.465,32.197],[-95.4625,32.2015],[-95.4643,32.2019],[-95.4656,32.2042],[-95.4675,32.2047],[-95.4705,32.2041],[-95.4706,32.2055],[-95.4686,32.2054],[-95.4679,32.2065],[-95.47,32.2093],[-95.4692,32.211],[-95.4701,32.2121],[-95.4742,32.2119],[-95.4752,32.2111],[-95.4789,32.2122],[-95.4804,32.2153],[-95.4785,32.2176],[-95.4855,32.2242],[-95.4867,32.2268],[-95.4865,32.231],[-95.4887,32.2323],[-95.4872,32.2336],[-95.4881,32.2349],[-95.4868,32.2367],[-95.4839,32.2358],[-95.4816,32.2365],[-95.4833,32.2383],[-95.4817,32.2414],[-95.4766,32.2424],[-95.4676,32.2466],[-95.4696,32.2492],[-95.469,32.253],[-95.4701,32.2543],[-95.4689,32.2564],[-95.4699,32.2575],[-95.4699,32.2621],[-95.4624,32.2699],[-95.4602,32.27],[-95.4573,32.2731],[-95.4549,32.2798],[-95.4534,32.2803],[-95.454,32.2813],[-95.4528,32.286],[-95.4518,32.2859],[-95.4513,32.2877],[-95.4523,32.2903],[-95.4515,32.2947],[-95.447,32.2958],[-95.4469,32.2978],[-95.4483,32.3003],[-95.4518,32.3025],[-95.4518,32.3039],[-95.4538,32.3058],[-95.4555,32.3115],[-95.4542,32.3135],[-95.4508,32.3134],[-95.4506,32.3144],[-95.4577,32.3191],[-95.4554,32.3219],[-95.4564,32.3244],[-95.4557,32.325],[-95.4587,32.3284],[-95.4531,32.3346],[-95.4535,32.3371],[-95.4547,32.3378],[-95.4527,32.342],[-95.4526,32.3456],[-95.4476,32.3473],[-95.4488,32.3494],[-95.448,32.3531],[-95.4498,32.3557],[-95.4491,32.3595],[-95.4507,32.362],[-95.4529,32.3625],[-95.4529,32.3648],[-95.4545,32.3669],[-95.4562,32.3666],[-95.4565,32.3682],[-95.4587,32.3678],[-95.459,32.3665],[-95.4597,32.3674],[-95.4599,32.3658],[-95.4628,32.3649],[-95.4639,32.3675],[-95.4664,32.3671],[-95.4684,32.3691],[-95.4694,32.3684],[-95.471,32.3692],[-95.4736,32.3742],[-95.4781,32.3765],[-95.4803,32.3791],[-95.4796,32.3797],[-95.4824,32.3808],[-95.4819,32.3826],[-95.4865,32.3861],[-95.4909,32.3872],[-95.4912,32.3884],[-95.4937,32.3895],[-95.497,32.3979],[-95.502,32.4017],[-95.5009,32.4047],[-95.5016,32.4092],[-95.505,32.4108],[-95.5045,32.4119],[-95.5068,32.4134],[-95.5069,32.4149],[-95.5096,32.4155],[-95.5096,32.4169],[-95.5107,32.4161],[-95.5136,32.4166],[-95.5163,32.4187],[-95.516,32.4201],[-95.517,32.4208],[-95.5184,32.4201],[-95.5208,32.4214],[-95.5207,32.4201],[-95.5218,32.4204],[-95.5216,32.4218],[-95.5248,32.4212],[-95.5246,32.4228],[-95.5261,32.4238],[-95.5249,32.4255],[-95.5264,32.4253],[-95.5322,32.431],[-95.5397,32.4334],[-95.541,32.4394],[-95.5442,32.4401],[-95.5457,32.4419],[-95.5457,32.4428],[-95.5447,32.4429],[-95.5452,32.4444],[-95.5478,32.4448],[-95.5477,32.4458],[-95.5517,32.4487],[-95.5528,32.4504],[-95.5522,32.4517],[-95.5531,32.4519],[-95.5528,32.4536],[-95.5545,32.4533],[-95.5556,32.455],[-95.5568,32.4546],[-95.5602,32.4556],[-95.5596,32.4548],[-95.5609,32.4545],[-95.5616,32.4556],[-95.5608,32.4574],[-95.5625,32.4577],[-95.5627,32.4595],[-95.5644,32.4591],[-95.5662,32.4601],[-95.567,32.4596],[-95.5679,32.4616],[-95.5707,32.4607],[-95.5722,32.4623],[-95.5729,32.4614],[-95.5943,32.4799],[-95.5945,32.687]]]},"properties":{"GEOID":"4805","BASENAME":"5","NAME":"Congressional District 5","CD120":"05"}},
{"type":"Feature","geometry":{"type":"Polygon","coordinates":[[[-96.0327,29.7279],[-96.0344,29.7319],[-96.0371,29.7336],[-96.04,29.7389],[-96.031,29.746],[-96.0293,29.7526],[-96.0364,29.7721],[-96.043,29.7791],[-96.0414,29.7893],[-96.0422,29.7953],[-96.0491,29.8031],[-96.0536,29.8024],[-96.0563,29.7997],[-96.0583,29.7998],[-96.0608,29.8046],[-96.0646,29.8069],[-96.0699,29.807],[-96.0743,29.8051],[-96.0795,29.8044],[-96.0928,29.8086],[-96.1025,29.8097],[-96.1033,29.8124],[-96.0987,29.8203],[-96.0982,29.8267],[-96.0996,29.8274],[-96.1054,29.8229],[-96.1079,29.8223],[-96.1189,29.8326],[-96.1221,29.8394],[-96.1213,29.842],[-96.1162,29.8475],[-96.1105,29.85],[-96.1045,29.8505],[-96.1009,29.8525],[-96.1017,29.854],[-96.1102,29.8587],[-96.1121,29.8657],[-96.1122,29.8726],[-96.1103,29.8738],[-96.1019,29.8747],[-96.0958,29.8767],[-96.0929,29.8794],[-96.0925,29.8818],[-96.0947,29.8841],[-96.1043,29.8826],[-96.1093,29.8889],[-96.1173,29.8909],[-96.1241,29.895],[-96.1259,29.8977],[-96.1261,29.9032],[-96.1238,29.9071],[-96.1151,29.9114],[-96.1132,29.9144],[-96.1195,29.9282],[-96.1301,29.9324],[-96.1316,29.935],[-96.1311,29.9387],[-96.1229,29.949],[-96.1215,29.9492],[-96.1157,29.9465],[-96.1131,29.9431],[-96.1084,29.9406],[-96.1031,29.9404],[-96.1014,29.9414],[-96.1008,29.9435],[-96.1035,29.9466],[-96.1038,29.9524],[-96.1064,29.9555],[-96.1195,29.955],[-96.1241,29.959],[-96.126,29.965],[-96.1242,29.9681],[-96.1228,29.9685],[-96.1144,29.9625],[-96.111,29.9617],[-96.1077,29.9593],[-96.1052,29.9592],[-96.1035,29.9614],[-96.0949,29.9598],[-96.0928,29.9615],[-96.093,29.9632],[-96.0947,29.9643],[-96.1029,29.9672],[-96.0957,29.9781],[-96.102,29.9866],[-96.1045,29.9964],[-96.1011,30.0041],[-96.0984,30.004],[-96.0916,29.9982],[-96.0863,29.9999],[-96.0848,30.0019],[-96.0845,30.0051],[-96.0905,30.014],[-96.0947,30.0254],[-96.0966,30.0276],[-96.0999,30.0282],[-96.103,30.0257],[-96.1063,30.0249],[-96.1083,30.0249],[-96.1132,30.027],[-96.1133,30.029],[-96.1087,30.032],[-96.1071,30.0361],[-96.1096,30.0425],[-96.1147,30.0488],[-96.1389,30.0569],[-96.1464,30.0645],[-96.1463,30.0658],[-96.1441,30.0669],[-96.1443,30.0681],[-96.1455,30.0699],[-96.1505,30.0722],[-96.1519,30.0752],[-96.1512,30.0764],[-96.1478,30.076],[-96.1429,30.0709],[-96.137,30.067],[-96.1341,30.0681],[-96.1338,30.071],[-96.1354,30.0732],[-96.1409,30.0768],[-96.1423,30.0842],[-96.1453,30.0852],[-96.1521,30.085],[-96.1544,30.0865],[-96.1584,30.0917],[-96.159,30.097],[-96.1526,30.1025],[-96.154,30.108],[-96.1559,30.1087],[-96.1603,30.1081],[-96.1643,30.1012],[-96.1681,30.099],[-96.1713,30.0989],[-96.1736,30.1],[-96.1747,30.1027],[-96.1714,30.1081],[-96.1726,30.1108],[-96.175,30.1124],[-96.1835,30.1092],[-96.1861,30.1093],[-96.1887,30.1105],[-96.1917,30.1152],[-96.1912,30.1176],[-96.1898,30.1185],[-96.1808,30.1171],[-96.1793,30.1178],[-96.1787,30.1198],[-96.1799,30.123],[-96.1864,30.1281],[-96.1883,30.132],[-96.1914,30.1347],[-96.1918,30.1384],[-96.1878,30.1417],[-96.1861,30.1419],[-96.1818,30.1409],[-96.1759,30.1377],[-96.1726,30.1386],[-96.1718,30.1398],[-96.1719,30.1412],[-96.1746,30.1437],[-96.1782,30.145],[-96.1826,30.1494],[-96.1832,30.1524],[-96.1807,30.1557],[-96.1763,30.1548],[-96.1606,30.1431],[-96.1569,30.1414],[-96.1535,30.142],[-96.1511,30.1469],[-96.1501,30.1554],[-96.1534,30.1595],[-96.16,30.1618],[-96.162,30.1649],[-96.1609,30.1686],[-96.1552,30.1732],[-96.1546,30.1771],[-96.1592,30.1804],[-96.16,30.1821],[-96.157,30.1891],[-96.1591,30.1951],[-96.1583,30.1992],[-96.1592,30.2018],[-96.159,30.2066],[-96.1499,30.213],[-96.1478,30.2176],[-96.1465,30.2184],[-96.1444,30.2179],[-96.1402,30.2122],[-96.1363,30.2108],[-96.1292,30.211],[-96.1186,30.2234],[-96.1172,30.2273],[-96.1159,30.2279],[-96.1137,30.2272],[-96.1094,30.2199],[-96.0974,30.2145],[-96.0931,30.2204],[-96.0932,30.2252],[-96.0956,30.2288],[-96.0982,30.2304],[-96.1044,30.2315],[-96.1051,30.2324],[-96.1031,30.2387],[-96.1013,30.2409],[-96.0969,30.243],[-96.0944,30.2424],[-96.0904,30.2389],[-96.0877,30.2378],[-96.0833,30.2383],[-96.0808,30.2443],[-96.0839,30.2504],[-96.086,30.2525],[-96.0949,30.2524],[-96.0991,30.2552],[-96.0989,30.2597],[-96.0955,30.2656],[-96.0933,30.2755],[-96.0906,30.2791],[-96.0851,30.2826],[-96.084,30.2851],[-96.0844,30.2877],[-96.0869,30.2894],[-96.0969,30.289],[-96.1003,30.2918],[-96.0993,30.2985],[-96.0936,30.3052],[-96.0944,30.3094],[-96.0965,30.3109],[-96.0986,30.311],[-96.1151,30.306],[-96.1174,30.3042],[-96.1195,30.3048],[-96.1253,30.3116],[-96.1316,30.3124],[-96.1365,30.3148],[-96.1379,30.3219],[-96.1475,30.3242],[-96.1528,30.328],[-96.1602,30.3385],[-96.1605,30.3401],[-96.1594,30.3428],[-96.1526,30.3503],[-96.1527,30.355],[-96.1555,30.3627],[-96.1509,30.3661],[-96.1499,30.3688],[-96.151,30.3712],[-96.1559,30.3744],[-96.159,30.3786],[-96.163,30.3781],[-96.1672,30.3752],[-96.1715,30.3738],[-96.1762,30.3755],[-96.1765,30.3783],[-96.1732,30.3877],[-96.1745,30.3909],[-96.178,30.3943],[-96.1805,30.3951],[-96.1838,30.3943],[-96.1908,30.3987],[-96.1955,30.3997],[-96.1982,30.3951],[-96.1995,30.3829],[-96.2012,30.3811],[-96.2065,30.379],[-96.2098,30.374],[-96.2122,30.3737],[-96.2162,30.3765],[-96.2209,30.3764],[-96.2351,30.3697],[-96.2387,30.369],[-96.2432,30.3697],[-96.2518,30.3654],[-96.2572,30.3664],[-96.2603,30.3694],[-96.2629,30.37],[-96.2635,30.3682],[-96.2624,30.3638],[-96.2697,30.3585],[-96.2757,30.3597],[-96.2794,30.3645],[-96.2846,30.3644],[-96.2868,30.3654],[-96.2906,30.3734],[-96.2944,30.3762],[-96.2991,30.3772],[-96.2998,30.3783],[-96.2991,30.3793],[-96.3015,30.3818],[-96.3046,30.3833],[-96.3057,30.3817],[-96.3078,30.3817],[-96.3128,30.3843],[-96.3176,30.3794],[-96.3255,30.3785],[-96.3271,30.377],[-96.3278,30.3742],[-96.3298,30.373],[-96.3347,30.3738],[-96.3377,30.372],[-96.3385,30.3697],[-96.3407,30.3678],[-96.3425,30.3686],[-96.3448,30.368],[-96.3489,30.3692],[-96.3502,30.3707],[-96.3526,30.3705],[-96.3544,30.3735],[-96.358,30.3731],[-96.3594,30.372],[-96.3591,30.3703],[-96.3605,30.3678],[-96.3654,30.3672],[-96.37,30.3645],[-96.3686,30.3625],[-96.3753,30.3633],[-96.375,30.3583],[-96.3776,30.3583],[-96.378,30.3556],[-96.3795,30.3569],[-96.3811,30.356],[-96.3819,30.3576],[-96.3841,30.3582],[-96.3851,30.3571],[-96.3957,30.3553],[-96.3981,30.3536],[-96.4003,30.3542],[-96.4024,30.3524],[-96.4043,30.3529],[-96.4049,30.3514],[-96.4061,30.3511],[-96.4089,30.3559],[-96.4089,30.358],[-96.4119,30.3582],[-96.4136,30.3556],[-96.4125,30.3545],[-96.4163,30.3543],[-96.42,30.3511],[-96.4186,30.347],[-96.4227,30.3434],[-96.4281,30.3441],[-96.4316,30.3428],[-96.4381,30.3429],[-96.4405,30.3414],[-96.4455,30.3425],[-96.4459,30.3412],[-96.4488,30.3409],[-96.4526,30.344],[-96.4551,30.3445],[-96.4586,30.3431],[-96.4566,30.3406],[-96.4565,30.3386],[-96.4588,30.3393],[-96.4623,30.3363],[-96.4653,30.3362],[-96.4691,30.338],[-96.4745,30.3353],[-96.4754,30.3336],[-96.4783,30.3332],[-96.4831,30.3333],[-96.4849,30.3361],[-96.4844,30.3377],[-96.487,30.3379],[-96.4903,30.3359],[-96.4916,30.3314],[-96.496,30.3244],[-96.5015,30.3239],[-96.5074,30.3218],[-96.5107,30.3217],[-96.5125,30.3259],[-96.515,30.3261],[-96.5193,30.3246],[-96.5199,30.3233],[-96.5223,30.3222],[-96.524,30.3235],[-96.5257,30.3223],[-96.5257,30.3212],[-96.5273,30.3217],[-96.5299,30.3202],[-96.5318,30.3209],[-96.5359,30.3198],[-96.5374,30.3211],[-96.5396,30.3211],[-96.5404,30.3198],[-96.5421,30.3196],[-96.5409,30.318],[-96.5417,30.3178],[-96.546,30.3191],[-96.5467,30.3206],[-96.5486,30.3214],[-96.5495,30.3204],[-96.5517,30.3206],[-96.5523,30.3218],[-96.5536,30.3213],[-96.553,30.3224],[-96.5563,30.3219],[-96.5571,30.3237],[-96.5593,30.3238],[-96.5624,30.3225],[-96.561,30.3194],[-96.5679,30.3173],[-96.5694,30.3159],[-96.5679,30.3146],[-96.5694,30.3143],[-96.5679,30.3132],[-96.5735,30.3107],[-96.5753,30.3118],[-96.5768,30.311],[-96.5777,30.3123],[-96.5829,30.3096],[-96.5828,30.3086],[-96.5852,30.3081],[-96.5882,30.3091],[-96.5924,30.3063],[-96.5933,30.3078],[-96.5957,30.3075],[-96.6,30.3088],[-96.6034,30.3072],[-96.6065,30.3019],[-96.6164,30.3011],[-96.6211,30.2988],[-96.623,30.2988],[-96.6228,30.2983],[-96.6253,30.2981],[-96.6262,30.2993],[-96.6286,30.2996],[-96.6295,30.3012],[-96.6304,30.3006],[-96.63,30.2997],[-96.6323,30.2994],[-96.633,30.3003],[-96.6347,30.298],[-96.6353,30.2988],[-96.6367,30.2983],[-96.637,30.2971],[-96.6397,30.2974],[-96.642,30.2955],[-96.6422,30.2936],[-96.6442,30.2933],[-96.6457,30.2914],[-96.6501,30.292],[-96.6504,30.2908],[-96.6532,30.2898],[-96.6542,30.2875],[-96.6579,30.2878],[-96.6604,30.2849],[-96.6595,30.2826],[-96.6606,30.2827],[-96.6598,30.2819],[-96.6616,30.2813],[-96.6605,30.2811],[-96.6618,30.28],[-96.6615,30.2787],[-96.6654,30.2778],[-96.6688,30.2757],[-96.6708,30.2694],[-96.6724,30.2691],[-96.6714,30.2685],[-96.6719,30.2674],[-96.6731,30.2675],[-96.674,30.2661],[-96.6766,30.2667],[-96.6777,30.2639],[-96.6789,30.2632],[-96.6799,30.259],[-96.6828,30.2589],[-96.6842,30.2579],[-96.6853,30.256],[-96.6846,30.253],[-96.6858,30.2525],[-96.6846,30.2522],[-96.6852,30.2511],[-96.6841,30.2504],[-96.6855,30.249],[-96.6873,30.248],[-96.691,30.2482],[-96.6944,30.2504],[-96.6953,30.2493],[-96.6966,30.2501],[-96.6971,30.249],[-96.7006,30.2495],[-96.7016,30.2473],[-96.7058,30.2459],[-96.7066,30.2446],[-96.7109,30.2455],[-96.7123,30.2476],[-96.7144,30.2473],[-96.7138,30.2485],[-96.7148,30.251],[-96.7151,30.2496],[-96.7183,30.2505],[-96.721,30.2482],[-96.7218,30.2485],[-96.7231,30.2459],[-96.7253,30.2469],[-96.7265,30.2438],[-96.732,30.2437],[-96.7345,30.2415],[-96.7342,30.24],[-96.7353,30.2398],[-96.734,30.239],[-96.7352,30.2365],[-96.7361,30.237],[-96.737,30.2362],[-96.7361,30.2354],[-96.737,30.2319],[-96.7386,30.2325],[-96.7385,30.231],[-96.7425,30.227],[-96.7414,30.2264],[-96.7414,30.2234],[-96.7402,30.224],[-96.739,30.2223],[-96.744,30.2173],[-96.7426,30.2144],[-96.7431,30.2132],[-96.7421,30.2134],[-96.742,30.2121],[-96.7406,30.2122],[-96.7417,30.2106],[-96.7411,30.2077],[-96.7398,30.2068],[-96.7407,30.206],[-96.7399,30.2031],[-96.7418,30.1998],[-96.7416,30.1973],[-96.7946,30.1605],[-96.8459,30.116],[-97.0192,30.032],[-97.0818,30.2594],[-97.1989,30.3374],[-97.2517,30.3628],[-97.2624,30.358],[-97.2742,30.3636],[-97.274,30.3646],[-97.2792,30.3657],[-97.2837,30.3652],[-97.2893,30.3658],[-97.2982,30.3696],[-97.3014,30.3683],[-97.3061,30.3695],[-97.3207,30.3631],[-97.3466,30.3592],[-97.358,30.3534],[-97.3664,30.3574],[-97.3652,30.3595],[-97.3664,30.3602],[-97.3657,30.3614],[-97.3681,30.3625],[-97.3691,30.3609],[-97.3701,30.3609],[-97.3689,30.3629],[-97.37,30.3634],[-97.3713,30.3613],[-97.3743,30.3626],[-97.3728,30.3679],[-97.374,30.3684],[-97.3756,30.3654],[-97.3797,30.3662],[-97.3838,30.3603],[-97.4015,30.3686],[-97.3981,30.374],[-97.4344,30.3908],[-97.4429,30.3771],[-97.4485,30.3763],[-97.4604,30.3817],[-97.4662,30.3808],[-97.4644,30.3848],[-97.4888,30.3955],[-97.491,30.3971],[-97.4893,30.4004],[-97.4999,30.4054],[-97.5019,30.4035],[-97.513,30.4089],[-97.5199,30.3979],[-97.5168,30.3962],[-97.5166,30.395],[-97.5291,30.3758],[-97.5316,30.3712],[-97.5327,30.3596],[-97.5381,30.3494],[-97.5006,30.3506],[-97.5107,30.335],[-97.5108,30.334],[-97.505,30.3323],[-97.5146,30.317],[-97.5169,30.31],[-97.5151,30.308],[-97.5174,30.3063],[-97.5206,30.3066],[-97.5225,30.3042],[-97.5266,30.3037],[-97.5298,30.2997],[-97.5324,30.2926],[-97.5547,30.2569],[-97.5607,30.249],[-97.5588,30.2491],[-97.5581,30.2481],[-97.5579,30.2468],[-97.5602,30.247],[-97.5608,30.2456],[-97.5598,30.2447],[-97.5588,30.2453],[-97.5581,30.2414],[-97.5564,30.2407],[-97.5557,30.2425],[-97.5526,30.243],[-97.5506,30.2423],[-97.5512,30.2406],[-97.5485,30.2413],[-97.5441,30.2402],[-97.5446,30.2363],[-97.5479,30.2351],[-97.5464,30.2344],[-97.5416,30.226],[-97.5429,30.222],[-97.5422,30.2199],[-97.5484,30.2164],[-97.5548,30.209],[-97.5571,30.2075],[-97.5612,30.2079],[-97.5651,30.212],[-97.5765,30.2143],[-97.5795,30.2133],[-97.5841,30.208],[-97.5907,30.2049],[-97.5934,30.2047],[-97.599,30.2067],[-97.6,30.2056],[-97.6001,30.2017],[-97.6068,30.199],[-97.6101,30.2003],[-97.6111,30.2041],[-97.6151,30.2043],[-97.6148,30.2064],[-97.6171,30.207],[-97.6195,30.2053],[-97.6189,30.2027],[-97.6198,30.2012],[-97.6156,30.1994],[-97.6147,30.1984],[-97.6156,30.1971],[-97.6134,30.1959],[-97.6137,30.1946],[-97.6164,30.1931],[-97.6158,30.1905],[-97.6189,30.1892],[-97.6211,30.1896],[-97.6223,30.188],[-97.628,30.1884],[-97.6294,30.1896],[-97.6324,30.1894],[-97.6323,30.1864],[-97.6338,30.1843],[-97.6373,30.1823],[-97.6403,30.1831],[-97.6372,30.1813],[-97.6396,30.1773],[-97.6466,30.1806],[-97.6517,30.173],[-97.6607,30.1663],[-97.6638,30.1679],[-97.6635,30.1703],[-97.6803,30.1763],[-97.6878,30.183],[-97.6969,30.1498],[-97.6949,30.1123],[-97.6957,30.1117],[-97.7152,30.121],[-97.7195,30.114],[-97.7409,30.1242],[-97.7469,30.1153],[-97.7476,30.1157],[-97.7558,30.1012],[-97.7582,30.1014],[-97.7818,30.1127],[-97.7853,30.1128],[-97.7818,30.1158],[-97.7752,30.1266],[-97.7787,30.1297],[-97.7715,30.1415],[-97.7659,30.1452],[-97.7674,30.148],[-97.7658,30.1508],[-97.7696,30.1593],[-97.772,30.1572],[-97.7762,30.1577],[-97.7794,30.157],[-97.7815,30.1518],[-97.7811,30.1491],[-97.786,30.1487],[-97.7893,30.1472],[-97.7902,30.1479],[-97.7882,30.1514],[-97.7886,30.1525],[-97.7902,30.1532],[-97.795,30.1527],[-97.7965,30.155],[-97.8014,30.1521],[-97.8046,30.1547],[-97.806,30.1545],[-97.8081,30.1517],[-97.8113,30.1535],[-97.813,30.1535],[-97.8145,30.1523],[-97.8127,30.1495],[-97.8131,30.148],[-97.8165,30.15],[-97.8231,30.1483],[-97.8323,30.1491],[-97.8322,30.1504],[-97.8354,30.1497],[-97.8362,30.1507],[-97.8371,30.1507],[-97.837,30.1497],[-97.8461,30.1495],[-97.8473,30.1551],[-97.8505,30.1556],[-97.8488,30.1573],[-97.8486,30.1592],[-97.8518,30.1603],[-97.8521,30.1643],[-97.857,30.1636],[-97.8602,30.1641],[-97.8602,30.1685],[-97.8532,30.1782],[-97.8593,30.1785],[-97.8584,30.1774],[-97.8629,30.1812],[-97.8639,30.1836],[-97.8608,30.1883],[-97.8626,30.1905],[-97.866,30.1908],[-97.8655,30.1946],[-97.8665,30.1954],[-97.8691,30.1959],[-97.8726,30.1911],[-97.8772,30.1871],[-97.8805,30.1813],[-97.8828,30.1805],[-97.8869,30.176],[-97.8895,30.1754],[-97.8906,30.1741],[-97.896,30.1788],[-97.9027,30.1823],[-97.9015,30.1846],[-97.9028,30.1857],[-97.8979,30.1889],[-97.8981,30.1909],[-97.8963,30.192],[-97.8962,30.1934],[-97.8902,30.195],[-97.8918,30.1955],[-97.8917,30.1967],[-97.8895,30.197],[-97.8862,30.1958],[-97.8848,30.1939],[-97.8802,30.1964],[-97.8817,30.1966],[-97.8834,30.2],[-97.8881,30.2025],[-97.8905,30.2023],[-97.9018,30.2073],[-97.9036,30.2093],[-97.9009,30.2094],[-97.8989,30.2106],[-97.8883,30.2292],[-97.8937,30.2299],[-97.8936,30.2311],[-97.8946,30.2312],[-97.8949,30.2301],[-97.8989,30.2313],[-97.8985,30.2321],[-97.9012,30.2332],[-97.9003,30.2351],[-97.906,30.2376],[-97.9074,30.2374],[-97.9085,30.2344],[-97.9098,30.235],[-97.9358,30.2303],[-97.9448,30.2269],[-97.955,30.2226],[-97.9607,30.2189],[-97.9693,30.2107],[-97.9296,30.1823],[-97.9293,30.175],[-97.9529,30.1618],[-97.9592,30.1672],[-97.9685,30.1835],[-97.9721,30.195],[-97.972,30.2023],[-97.9772,30.2031],[-97.9802,30.1997],[-97.9845,30.1977],[-97.9867,30.1983],[-97.9895,30.2005],[-97.9915,30.1995],[-97.9913,30.1913],[-97.9986,30.1912],[-98.0004,30.1894],[-98.003,30.1766],[-98.0084,30.1669],[-98.0088,30.1535],[-98.0192,30.1533],[-98.0183,30.1508],[-98.021,30.1503],[-98.0207,30.1459],[-98.0236,30.1433],[-98.0265,30.1433],[-98.0271,30.1494],[-98.0293,30.1509],[-98.0294,30.1501],[-98.0312,30.1509],[-98.0322,30.149],[-98.0355,30.1471],[-98.0445,30.144],[-98.0444,30.1252],[-98.0381,30.1253],[-98.038,30.1183],[-98.0406,30.1181],[-98.0411,30.1168],[-98.0443,30.1167],[-98.0438,30.1113],[-98.0455,30.1074],[-98.0447,30.1042],[-98.0457,30.1028],[-98.0456,30.1014],[-98.042,30.1009],[-98.0422,30.0937],[-98.0457,30.0924],[-98.0485,30.0937],[-98.0495,30.093],[-98.0492,30.0918],[-98.0459,30.0918],[-98.0466,30.0908],[-98.0464,30.0835],[-98.0453,30.0835],[-98.0449,30.0788],[-98.0462,30.0789],[-98.046,30.0705],[-98.0368,30.0703],[-98.036,30.0569],[-98.027,30.0521],[-98.0279,30.0498],[-98.026,30.0481],[-98.0188,30.0477],[-98.0155,30.0467],[-98.015,30.0441],[-98.0104,30.0436],[-98.0103,30.0212],[-98.0079,30.0208],[-98.0087,30.0182],[-98.0082,30.0101],[-98.0002,30.0018],[-98.0002,29.9969],[-97.998,29.9947],[-98.0011,29.9937],[-98.0029,29.9956],[-98.0044,29.9956],[-98.0042,29.9884],[-98.0051,29.9866],[-98.0043,29.9837],[-98.0012,29.9821],[-97.9997,29.9787],[-97.9968,29.9781],[-97.9874,29.9666],[-97.983,29.9644],[-97.9788,29.9645],[-97.9731,29.9585],[-97.9612,29.9494],[-97.9583,29.9449],[-97.9582,29.9404],[-97.9541,29.9369],[-97.9477,29.9259],[-97.9432,29.923],[-97.9353,29.9209],[-97.932,29.9131],[-97.9288,29.9098],[-97.9299,29.9045],[-97.9259,29.8991],[-97.9229,29.8971],[-97.9194,29.9003],[-97.9183,29.8997],[-97.9116,29.9059],[-97.9119,29.9149],[-97.9061,29.9201],[-97.9058,29.9267],[-97.9018,29.9331],[-97.8976,29.9368],[-97.895,29.937],[-97.894,29.9361],[-97.8931,29.9324],[-97.8941,29.9302],[-97.8965,29.9279],[-97.8984,29.9286],[-97.8996,29.9281],[-97.902,29.9241],[-97.8999,29.9194],[-97.8999,29.9123],[-97.8949,29.9124],[-97.8937,29.9105],[-97.8947,29.9075],[-97.8961,29.9057],[-97.8972,29.9056],[-97.8973,29.9014],[-97.9,29.8998],[-97.9014,29.8977],[-97.9008,29.8951],[-97.8989,29.8932],[-97.8994,29.8898],[-97.902,29.8879],[-97.9044,29.8876],[-97.9093,29.8805],[-97.9145,29.8781],[-97.9204,29.8729],[-97.9154,29.8686],[-97.9223,29.8625],[-97.9225,29.8591],[-97.9203,29.8576],[-97.9201,29.859],[-97.9188,29.8587],[-97.9173,29.8597],[-97.9169,29.8578],[-97.9138,29.8598],[-97.9138,29.8587],[-97.9123,29.8577],[-97.9021,29.855],[-97.8956,29.8573],[-97.8896,29.8564],[-97.8879,29.8578],[-97.886,29.8623],[-97.8843,29.8625],[-97.881,29.8608],[-97.8753,29.8603],[-97.8745,29.8596],[-97.8753,29.8582],[-97.873,29.8559],[-97.8722,29.8525],[-97.8689,29.8514],[-97.8673,29.8519],[-97.8672,29.8545],[-97.8646,29.8561],[-97.8614,29.855],[-97.8562,29.8489],[-97.8555,29.8439],[-97.8537,29.8431],[-97.849,29.8435],[-97.8473,29.8424],[-97.8448,29.8391],[-97.8439,29.8328],[-97.8413,29.8319],[-97.8403,29.8294],[-97.837,29.8277],[-97.8369,29.825],[-97.8415,29.8249],[-97.8427,29.824],[-97.8421,29.8215],[-97.8397,29.8204],[-97.8406,29.8162],[-97.8464,29.8086],[-97.8457,29.8074],[-97.8448,29.8085],[-97.8424,29.8083],[-97.8419,29.8075],[-97.8423,29.8023],[-97.8432,29.8008],[-97.8424,29.7992],[-97.8385,29.7976],[-97.8369,29.7952],[-97.8341,29.7947],[-97.8303,29.7955],[-97.8295,29.7935],[-97.83,29.79],[-97.8324,29.7845],[-97.8293,29.7796],[-97.8277,29.7792],[-97.829,29.7808],[-97.8282,29.7815],[-97.8242,29.7814],[-97.8263,29.7834],[-97.8261,29.7846],[-97.8233,29.7855],[-97.8227,29.7846],[-97.824,29.7835],[-97.8218,29.7827],[-97.8196,29.7894],[-97.8171,29.7904],[-97.8143,29.7847],[-97.8119,29.7839],[-97.8148,29.7802],[-97.8125,29.7781],[-97.8109,29.7792],[-97.8118,29.7797],[-97.8114,29.7803],[-97.8085,29.7798],[-97.8056,29.7771],[-97.8065,29.7753],[-97.8055,29.7732],[-97.808,29.7746],[-97.8112,29.7745],[-97.8104,29.7729],[-97.8054,29.7674],[-97.8012,29.767],[-97.8003,29.7662],[-97.8002,29.7609],[-97.8009,29.7592],[-97.8028,29.7587],[-97.8038,29.7574],[-97.803,29.7567],[-97.8036,29.7537],[-97.8014,29.7542],[-97.7994,29.7523],[-97.7942,29.7528],[-97.7929,29.7542],[-97.7928,29.7593],[-97.787,29.7609],[-97.7808,29.7591],[-97.7805,29.7582],[-97.7817,29.758],[-97.7801,29.7563],[-97.7812,29.7527],[-97.7795,29.7482],[-97.7803,29.7477],[-97.7815,29.7487],[-97.7822,29.7479],[-97.7771,29.7467],[-97.774,29.7439],[-97.7741,29.7416],[-97.7729,29.7422],[-97.7686,29.7416],[-97.7707,29.7378],[-97.7705,29.7335],[-97.7713,29.7328],[-97.7723,29.7338],[-97.771,29.7323],[-97.7653,29.7285],[-97.7613,29.7283],[-97.761,29.7255],[-97.7587,29.7255],[-97.7592,29.7238],[-97.7635,29.7218],[-97.7665,29.7218],[-97.7685,29.7201],[-97.7634,29.713],[-97.759,29.7146],[-97.7565,29.7178],[-97.7471,29.714],[-97.7466,29.7126],[-97.7497,29.7119],[-97.749,29.7111],[-97.7461,29.7113],[-97.7449,29.7127],[-97.7439,29.7119],[-97.7384,29.713],[-97.7366,29.7107],[-97.7359,29.7056],[-97.7368,29.7022],[-97.7433,29.6988],[-97.7433,29.697],[-97.7385,29.6965],[-97.7354,29.6936],[-97.736,29.6913],[-97.7276,29.6879],[-97.7256,29.6857],[-97.7221,29.6855],[-97.7214,29.6844],[-97.7227,29.6822],[-97.7172,29.6841],[-97.7172,29.6818],[-97.7117,29.6815],[-97.7087,29.6837],[-97.7043,29.6824],[-97.7039,29.6813],[-97.7058,29.6799],[-97.7048,29.6791],[-97.7053,29.6775],[-97.7066,29.6773],[-97.7052,29.6756],[-97.706,29.6743],[-97.7038,29.6742],[-97.7034,29.6734],[-97.7034,29.6705],[-97.7022,29.6701],[-97.7022,29.6686],[-97.6976,29.6666],[-97.6983,29.6692],[-97.6936,29.6731],[-97.6909,29.6733],[-97.6911,29.6718],[-97.6885,29.6727],[-97.6861,29.6695],[-97.6851,29.6666],[-97.6865,29.6673],[-97.687,29.6662],[-97.6839,29.6661],[-97.6835,29.6673],[-97.6822,29.6664],[-97.6838,29.6643],[-97.6805,29.6636],[-97.6786,29.6643],[-97.6784,29.6668],[-97.6766,29.667],[-97.6778,29.6688],[-97.6741,29.6686],[-97.6752,29.6657],[-97.6732,29.6632],[-97.6712,29.6641],[-97.6709,29.6671],[-97.6659,29.6669],[-97.665,29.6688],[-97.6632,29.667],[-97.6614,29.6687],[-97.6594,29.6665],[-97.6588,29.6634],[-97.6568,29.6626],[-97.6568,29.6647],[-97.6529,29.6679],[-97.6476,29.6611],[-97.6485,29.657],[-97.6496,29.6574],[-97.6492,29.6596],[-97.6502,29.6614],[-97.6521,29.6619],[-97.6534,29.6604],[-97.6533,29.6586],[-97.6543,29.658],[-97.6518,29.654],[-97.65,29.6553],[-97.6482,29.6542],[-97.6429,29.6546],[-97.6419,29.6523],[-97.6405,29.6519],[-97.6359,29.6554],[-97.6353,29.6537],[-97.631,29.6535],[-97.6313,29.6508],[-97.633,29.6511],[-97.6332,29.6499],[-97.6341,29.6477],[-97.6304,29.6468],[-97.6312,29.6458],[-97.63,29.6449],[-97.6294,29.6398],[-97.6274,29.6405],[-97.6277,29.6427],[-97.6224,29.6427],[-97.6209,29.6442],[-97.617,29.6449],[-97.6162,29.6411],[-97.6188,29.6355],[-97.6181,29.6335],[-97.611,29.6371],[-97.6058,29.6351],[-97.6046,29.6365],[-97.6064,29.6403],[-97.6039,29.6418],[-97.5998,29.6372],[-97.6007,29.6359],[-97.5986,29.6352],[-97.5999,29.6317],[-97.5977,29.6307],[-97.3179,29.7847],[-97.1305,29.6433],[-97.1433,29.6281],[-96.865,29.6327],[-96.8659,29.6304],[-96.8629,29.6297],[-96.8631,29.6283],[-96.8591,29.6267],[-96.8591,29.6244],[-96.8478,29.6209],[-96.8472,29.6202],[-96.849,29.6189],[-96.8487,29.6182],[-96.8462,29.6166],[-96.843,29.6164],[-96.8423,29.6128],[-96.8443,29.6089],[-96.8413,29.6076],[-96.8404,29.6052],[-96.8379,29.6038],[-96.8371,29.5988],[-96.8333,29.5958],[-96.8357,29.593],[-96.8364,29.5884],[-96.8389,29.5862],[-96.8392,29.5846],[-96.8386,29.5827],[-96.8348,29.5799],[-96.8328,29.5769],[-96.7931,29.5774],[-96.6876,29.4665],[-96.5606,29.3354],[-96.6772,29.2503],[-96.8753,29.1101],[-96.9386,29.0632],[-96.9764,29.104],[-97.0257,29.068],[-97.027,29.0686],[-97.0332,29.0643],[-97.3059,28.864],[-97.2995,28.8624],[-97.2976,28.8605],[-97.2997,28.8568],[-97.2977,28.8541],[-97.2982,28.8529],[-97.3049,28.8507],[-97.3038,28.846],[-97.3005,28.8441],[-97.2935,28.8474],[-97.2873,28.845],[-97.2842,28.847],[-97.2714,28.8474],[-97.2671,28.8487],[-97.2595,28.8473],[-97.2556,28.8486],[-97.2549,28.8566],[-97.2523,28.8579],[-97.2392,28.8538],[-97.235,28.8541],[-97.2335,28.8557],[-97.2331,28.858],[-97.2371,28.8622],[-97.2373,28.8634],[-97.2362,28.8649],[-97.2342,28.8653],[-97.232,28.8653],[-97.2256,28.8625],[-97.2166,28.8606],[-97.2107,28.8557],[-97.2035,28.8544],[-97.1954,28.839],[-97.1897,28.837],[-97.1863,28.8334],[-97.1892,28.8244],[-97.1886,28.8202],[-97.1906,28.8161],[-97.1902,28.8125],[-97.186,28.809],[-97.1754,28.7896],[-97.1699,28.7856],[-97.1616,28.7835],[-97.1606,28.7826],[-97.1589,28.7762],[-97.1622,28.7728],[-97.1638,28.7656],[-97.1679,28.7589],[-97.1662,28.7532],[-97.1667,28.7503],[-97.1678,28.7479],[-97.1717,28.7442],[-97.177,28.741],[-97.1784,28.7381],[-97.178,28.7369],[-97.1707,28.7369],[-97.1677,28.7278],[-97.1824,28.6106],[-97.1796,28.6038],[-97.1753,28.5992],[-97.1758,28.5943],[-97.1717,28.5938],[-97.1697,28.5895],[-97.1619,28.5854],[-97.1646,28.5838],[-97.1659,28.5853],[-97.1712,28.5867],[-97.1713,28.5852],[-97.1679,28.5837],[-97.1658,28.5813],[-97.1704,28.5797],[-97.1702,28.5775],[-97.168,28.5763],[-97.166,28.5781],[-97.1645,28.5774],[-97.162,28.5711],[-97.1578,28.5747],[-97.1574,28.5718],[-97.1538,28.5698],[-97.1544,28.5674],[-97.1586,28.568],[-97.1582,28.5644],[-97.1626,28.5656],[-97.1642,28.5651],[-97.1637,28.5638],[-97.1613,28.564],[-97.1602,28.5626],[-97.1647,28.5603],[-97.1642,28.5593],[-97.1617,28.5587],[-97.1631,28.5563],[-97.161,28.554],[-97.1604,28.5504],[-97.1568,28.5513],[-97.1567,28.5485],[-97.1557,28.5479],[-97.1488,28.5533],[-97.1482,28.5499],[-97.1514,28.5505],[-97.1518,28.5496],[-97.1478,28.5464],[-97.1464,28.5498],[-97.1431,28.5484],[-97.1395,28.5542],[-97.1355,28.5494],[-97.1337,28.5511],[-97.1316,28.5509],[-97.1306,28.55],[-97.1314,28.5483],[-97.1282,28.5454],[-97.1272,28.5457],[-97.1259,28.5489],[-97.1249,28.5476],[-97.1255,28.5457],[-97.1234,28.5453],[-97.1224,28.5462],[-97.1235,28.5478],[-97.1228,28.5492],[-97.1202,28.5483],[-97.12,28.5465],[-97.1191,28.5463],[-97.1182,28.5488],[-97.1152,28.5489],[-97.1141,28.551],[-97.1102,28.5537],[-97.1043,28.5547],[-97.1032,28.5538],[-97.1041,28.5514],[-97.1035,28.5504],[-97.0989,28.5499],[-97.1027,28.5485],[-97.1026,28.5475],[-97.1014,28.547],[-97.0969,28.5479],[-97.0964,28.5469],[-97.0984,28.5448],[-97.0981,28.5438],[-97.0941,28.5446],[-97.0961,28.5427],[-97.0949,28.5384],[-97.0926,28.5379],[-97.0926,28.5398],[-97.0913,28.54],[-97.0908,28.5346],[-97.089,28.5337],[-97.0895,28.5364],[-97.0883,28.5368],[-97.0863,28.5353],[-97.0872,28.5327],[-97.0861,28.5326],[-97.0833,28.5349],[-97.0821,28.5322],[-97.0802,28.5355],[-97.0791,28.5333],[-97.0773,28.5341],[-97.077,28.5376],[-97.0799,28.537],[-97.0798,28.5392],[-97.0828,28.5423],[-97.0805,28.5434],[-97.0797,28.5455],[-97.0759,28.5436],[-97.0778,28.5422],[-97.0774,28.5403],[-97.0747,28.5409],[-97.0739,28.5426],[-97.0756,28.5432],[-97.0756,28.5445],[-97.0721,28.5471],[-97.0697,28.5445],[-97.0717,28.5426],[-97.0698,28.5427],[-97.0679,28.5445],[-97.0656,28.5424],[-97.0621,28.544],[-97.0635,28.5414],[-97.0622,28.5408],[-97.0589,28.5424],[-97.0603,28.5437],[-97.0591,28.545],[-97.0612,28.5456],[-97.0628,28.5473],[-97.0573,28.5474],[-97.0559,28.5502],[-97.0537,28.5484],[-97.0521,28.5489],[-97.0524,28.5463],[-97.0508,28.5457],[-97.0488,28.5486],[-97.0493,28.5499],[-97.0465,28.5489],[-97.045,28.5501],[-97.045,28.5489],[-97.0482,28.5474],[-97.0471,28.5453],[-97.0449,28.5444],[-97.0441,28.5422],[-97.0463,28.5416],[-97.0469,28.5395],[-97.0485,28.5405],[-97.0473,28.5372],[-97.0487,28.5365],[-97.0514,28.537],[-97.0513,28.535],[-97.0461,28.5354],[-97.045,28.5321],[-97.0413,28.5315],[-97.0399,28.5321],[-97.0352,28.538],[-97.0318,28.5392],[-97.0318,28.5415],[-97.0248,28.5391],[-97.0232,28.5368],[-97.0273,28.5363],[-97.0272,28.533],[-97.0226,28.5259],[-97.0244,28.5237],[-97.0227,28.5171],[-97.0217,28.5167],[-97.0208,28.5174],[-97.0197,28.5203],[-97.0154,28.5172],[-97.0129,28.5174],[-97.0096,28.5151],[-97.0046,28.5089],[-96.9947,28.509],[-96.9955,28.5072],[-96.9945,28.5048],[-96.9984,28.4948],[-96.928,28.4643],[-96.9004,28.4578],[-96.902,28.4501],[-96.8888,28.4474],[-96.8951,28.4257],[-96.9527,28.2809],[-96.9564,28.2758],[-96.967,28.2671],[-96.9852,28.231],[-96.9964,28.1728],[-97.004,28.1477],[-97.0044,28.1433],[-97.0273,28.1101],[-97.0372,28.0898],[-97.0413,28.0703],[-97.0429,28.0355],[-97.049,28.0277],[-97.0535,28.0273],[-97.0536,28.023],[-97.0608,28.005],[-97.062,28.0041],[-97.0653,28.0042],[-97.0778,27.9928],[-97.104,27.9592],[-97.1294,27.9225],[-97.1341,27.9195],[-97.1407,27.9104],[-97.1544,27.9293],[-97.1583,27.9249],[-97.1637,27.9229],[-97.1675,27.9233],[-97.1749,27.9273],[-97.2093,27.8814],[-97.2157,27.8849],[-97.2198,27.8851],[-97.2334,27.8919],[-97.2804,27.9172],[-97.2867,27.9153],[-97.2952,27.9145],[-97.3043,27.9021],[-97.3075,27.8974],[-97.304,27.8953],[-97.3032,27.8938],[-97.3035,27.8827],[-97.3051,27.8798],[-97.3079,27.8785],[-97.3095,27.8826],[-97.3114,27.882],[-97.3107,27.8801],[-97.3135,27.8794],[-97.3165,27.8798],[-97.317,27.8791],[-97.3192,27.8803],[-97.3191,27.8821],[-97.3215,27.8824],[-97.3247,27.8823],[-97.3247,27.8796],[-97.3262,27.8796],[-97.3273,27.88],[-97.3273,27.8829],[-97.3332,27.8816],[-97.3363,27.8844],[-97.3444,27.882],[-97.3464,27.8828],[-97.3459,27.8834],[-97.3473,27.8832],[-97.3546,27.8803],[-97.3565,27.8811],[-97.363,27.8791],[-97.3662,27.8765],[-97.3678,27.8778],[-97.3789,27.8747],[-97.3995,27.8755],[-97.4042,27.8745],[-97.4046,27.8735],[-97.4071,27.8738],[-97.4153,27.8697],[-97.4193,27.8687],[-97.4242,27.8685],[-97.4306,27.87],[-97.4363,27.869],[-97.4441,27.8692],[-97.4437,27.8665],[-97.4459,27.8654],[-97.4517,27.8687],[-97.4554,27.8777],[-97.4593,27.8783],[-97.4612,27.8752],[-97.4568,27.8667],[-97.4578,27.8655],[-97.4599,27.8651],[-97.4603,27.862],[-97.4624,27.8614],[-97.4676,27.8702],[-97.4686,27.8708],[-97.4675,27.8696],[-97.4709,27.868],[-97.4698,27.8662],[-97.4704,27.8639],[-97.4803,27.8598],[-97.4841,27.8612],[-97.4855,27.8628],[-97.483,27.8675],[-97.4829,27.8701],[-97.4844,27.8731],[-97.4875,27.8749],[-97.4918,27.8817],[-97.495,27.8823],[-97.4984,27.8796],[-97.5042,27.8779],[-97.5079,27.8779],[-97.5072,27.8759],[-97.5126,27.8716],[-97.5173,27.8713],[-97.515,27.8706],[-97.5148,27.8695],[-97.5179,27.8659],[-97.5176,27.8644],[-97.5189,27.8637],[-97.5186,27.8623],[-97.5198,27.8613],[-97.516,27.8569],[-97.5143,27.8562],[-97.5143,27.8524],[-97.5151,27.8519],[-97.5096,27.852],[-97.5093,27.8532],[-97.4953,27.8499],[-97.4874,27.8434],[-97.4882,27.8394],[-97.4898,27.8391],[-97.493,27.8442],[-97.501,27.8467],[-97.5028,27.8462],[-97.5007,27.8465],[-97.4985,27.8448],[-97.4934,27.8434],[-97.4923,27.8412],[-97.4914,27.8414],[-97.4885,27.8338],[-97.4837,27.8292],[-97.4764,27.8249],[-97.4637,27.823],[-97.453,27.8239],[-97.4476,27.8258],[-97.4367,27.8258],[-97.4155,27.8164],[-97.421,27.8163],[-97.4207,27.8065],[-97.4236,27.802],[-97.4248,27.8018],[-97.4322,27.8061],[-97.4311,27.8076],[-97.4335,27.8089],[-97.4374,27.8032],[-97.4412,27.8051],[-97.4426,27.8032],[-97.4436,27.8033],[-97.4408,27.8014],[-97.4414,27.8008],[-97.4402,27.7998],[-97.4413,27.7983],[-97.4429,27.7983],[-97.4463,27.792],[-97.4433,27.7901],[-97.4448,27.786],[-97.4371,27.7862],[-97.438,27.7837],[-97.4374,27.7747],[-97.438,27.7738],[-97.4338,27.7747],[-97.4336,27.7652],[-97.4289,27.7632],[-97.4318,27.7585],[-97.4363,27.7607],[-97.4468,27.7606],[-97.4512,27.7618],[-97.4601,27.756],[-97.4499,27.7468],[-97.413,27.7285],[-97.4109,27.7319],[-97.4118,27.7323],[-97.4108,27.7339],[-97.4099,27.7335],[-97.4053,27.741],[-97.4146,27.7495],[-97.4082,27.759],[-97.4118,27.7608],[-97.4065,27.7694],[-97.4084,27.7721],[-97.4042,27.7744],[-97.4069,27.7784],[-97.4016,27.7788],[-97.4017,27.7803],[-97.3949,27.7808],[-97.3942,27.7838],[-97.3918,27.7767],[-97.3883,27.7732],[-97.3884,27.7709],[-97.3775,27.7607],[-97.3744,27.7482],[-97.3661,27.7389],[-97.3542,27.7298],[-97.3492,27.7285],[-97.3433,27.7239],[-97.3325,27.7188],[-97.3088,27.71],[-97.29,27.7052],[-97.2852,27.7052],[-97.281,27.704],[-97.2803,27.7058],[-97.2805,27.7044],[-97.2539,27.6967],[-97.2536,27.6983],[-97.2451,27.6932],[-97.2438,27.6892],[-97.237,27.6868],[-97.2252,27.6881],[-97.228,27.6752],[-97.2406,27.6352],[-97.2386,27.6352],[-97.2289,27.6312],[-97.2252,27.6307],[-97.2232,27.6332],[-97.2209,27.6329],[-97.2164,27.6271],[-97.2148,27.6189],[-97.2119,27.6206],[-97.2082,27.6252],[-97.1996,27.6214],[-97.2227,27.5765],[-97.1651,27.5683],[-97.1253,27.6406],[-97.0467,27.755],[-97.0219,27.7834],[-97.0089,27.7868],[-96.9917,27.7972],[-96.9843,27.8038],[-96.9595,27.8753],[-96.9385,27.9012],[-96.8753,27.9699],[-96.8442,28.0003],[-96.7463,28.0796],[-96.7307,28.0913],[-96.6407,28.1554],[-96.5965,28.183],[-96.531,28.2212],[-96.4258,28.2687],[-96.4024,28.2781],[-96.3956,28.2795],[-96.3753,28.2908],[-96.3527,28.3129],[-96.3447,28.326],[-96.3413,28.3407],[-96.3418,28.3424],[-96.3379,28.3443],[-96.3287,28.3521],[-96.3242,28.357],[-96.3208,28.3629],[-96.3035,28.365],[-96.2942,28.3683],[-96.2823,28.375],[-96.2718,28.3829],[-96.2671,28.3882],[-96.2598,28.4007],[-96.2582,28.4079],[-96.1822,28.452],[-96.0783,28.5],[-96.076,28.5],[-96.0002,28.5334],[-96.0002,28.5321],[-95.8752,28.5828],[-95.7778,28.6253],[-95.7502,28.6384],[-95.532,28.7503],[-95.5338,28.7503],[-95.4957,28.7648],[-95.5073,28.8258],[-95.5063,28.8278],[-95.5041,28.8286],[-95.5041,28.8377],[-95.5219,28.8338],[-95.5305,28.8291],[-95.5358,28.831],[-95.5356,28.8323],[-95.5376,28.8329],[-95.5414,28.8304],[-95.5419,28.8323],[-95.5436,28.8326],[-95.5508,28.8287],[-95.5549,28.8304],[-95.5639,28.8295],[-95.5659,28.8306],[-95.5675,28.8297],[-95.5737,28.8328],[-95.5793,28.8406],[-95.5762,28.8524],[-95.5767,28.855],[-95.5793,28.8573],[-95.5792,28.8596],[-95.585,28.8619],[-95.587,28.8662],[-95.5908,28.8698],[-95.5922,28.8698],[-95.5939,28.8716],[-95.6021,28.8761],[-95.6032,28.8783],[-95.6165,28.8851],[-95.6232,28.8937],[-95.627,28.8947],[-95.6302,28.8972],[-95.6335,28.8975],[-95.6365,28.9032],[-95.6417,28.9037],[-95.6455,28.9097],[-95.645,28.9123],[-95.6468,28.9158],[-95.6516,28.92],[-95.6512,28.9282],[-95.6487,28.9347],[-95.6458,28.9389],[-95.6494,28.9425],[-95.6551,28.9515],[-95.6689,28.9562],[-95.6752,28.9643],[-95.6797,28.9657],[-95.6841,28.9605],[-95.6909,28.965],[-95.6974,28.9659],[-95.6978,28.9682],[-95.6995,28.9696],[-95.7072,28.9686],[-95.7649,28.9674],[-95.7694,28.9711],[-95.7705,28.976],[-95.7691,28.978],[-95.7656,28.9797],[-95.7701,28.9831],[-95.7705,28.9849],[-95.7695,28.9861],[-95.7699,28.9887],[-95.7684,28.9879],[-95.7672,28.9887],[-95.7672,28.9916],[-95.7693,28.9915],[-95.7722,28.9944],[-95.7769,28.9947],[-95.7783,28.9971],[-95.7732,29.0031],[-95.7726,29.0052],[-95.7717,29.0053],[-95.7698,29.0029],[-95.7681,29.0029],[-95.7677,29.0038],[-95.77,29.0058],[-95.7748,29.0062],[-95.7779,29.0091],[-95.7793,29.0086],[-95.7794,29.0068],[-95.7832,29.0064],[-95.7844,29.0075],[-95.7852,29.0123],[-95.7835,29.0125],[-95.7838,29.0101],[-95.7793,29.0108],[-95.7799,29.0165],[-95.7761,29.0179],[-95.782,29.0209],[-95.7811,29.0224],[-95.7789,29.0224],[-95.778,29.0248],[-95.7785,29.0265],[-95.7806,29.028],[-95.7838,29.0279],[-95.7841,29.0304],[-95.7819,29.0315],[-95.7793,29.0345],[-95.7811,29.0352],[-95.7813,29.0376],[-95.7855,29.0392],[-95.7839,29.0407],[-95.7833,29.0435],[-95.7775,29.0444],[-95.7775,29.0479],[-95.7759,29.0522],[-95.7735,29.0529],[-95.7701,29.0519],[-95.7675,29.0532],[-95.7661,29.0586],[-95.7677,29.059],[-95.7654,29.0599],[-95.7651,29.0608],[-95.7691,29.0626],[-95.7708,29.0664],[-95.7737,29.0644],[-95.7809,29.0656],[-95.7934,29.0722],[-95.7952,29.0744],[-95.7971,29.0801],[-95.8015,29.08],[-95.8013,29.0822],[-95.8035,29.0845],[-95.8037,29.088],[-95.8059,29.0905],[-95.8088,29.0913],[-95.8115,29.0898],[-95.8178,29.0895],[-95.8221,29.0907],[-95.8291,29.0889],[-95.834,29.0941],[-95.8365,29.0929],[-95.8385,29.0951],[-95.839,29.0976],[-95.8419,29.0991],[-95.8421,29.1001],[-95.8409,29.1008],[-95.8429,29.1026],[-95.8432,29.1066],[-95.8464,29.1074],[-95.8438,29.1104],[-95.8436,29.1128],[-95.8408,29.1147],[-95.8424,29.1167],[-95.8405,29.1215],[-95.8408,29.124],[-95.8375,29.1299],[-95.8378,29.1336],[-95.8399,29.1423],[-95.8433,29.1424],[-95.8448,29.1452],[-95.8482,29.1465],[-95.8481,29.1482],[-95.8507,29.1519],[-95.849,29.1548],[-95.8505,29.1565],[-95.8502,29.1599],[-95.8477,29.1603],[-95.8489,29.1649],[-95.8467,29.1656],[-95.8469,29.1675],[-95.8452,29.1676],[-95.8432,29.169],[-95.8397,29.1684],[-95.8404,29.171],[-95.8394,29.1727],[-95.8417,29.1735],[-95.8384,29.1766],[-95.8578,29.1933],[-95.8447,29.2047],[-95.874,29.2297],[-95.8419,29.2587],[-95.8422,29.2595],[-95.8495,29.2639],[-95.8507,29.2662],[-95.8539,29.266],[-95.8576,29.2681],[-95.8649,29.2672],[-95.8687,29.2693],[-95.8723,29.2667],[-95.877,29.2657],[-95.8792,29.2664],[-95.8799,29.2704],[-95.8828,29.2717],[-95.8849,29.2741],[-95.8847,29.2792],[-95.8896,29.2871],[-95.8909,29.2921],[-95.8975,29.2993],[-95.8957,29.3039],[-95.8962,29.3067],[-95.8928,29.3109],[-95.8941,29.3146],[-95.8956,29.3152],[-95.8986,29.3144],[-95.9044,29.3172],[-95.9066,29.3169],[-95.9166,29.3194],[-95.9189,29.3236],[-95.919,29.3258],[-95.9228,29.3294],[-95.9327,29.3286],[-95.9402,29.3317],[-95.9447,29.3323],[-95.9498,29.3356],[-95.9507,29.3367],[-95.9495,29.3384],[-95.9496,29.341],[-95.9531,29.344],[-95.9526,29.348],[-95.9501,29.3482],[-95.9491,29.3515],[-95.9468,29.3498],[-95.9458,29.353],[-95.9441,29.3515],[-95.9419,29.3525],[-95.94,29.3517],[-95.9388,29.3577],[-95.9365,29.3587],[-95.9402,29.361],[-95.9416,29.3596],[-95.9426,29.3614],[-95.9441,29.3612],[-95.945,29.3667],[-95.9482,29.3714],[-95.9474,29.3728],[-95.9524,29.3772],[-95.9544,29.3771],[-95.9549,29.3796],[-95.9574,29.3794],[-95.9581,29.3812],[-95.9599,29.3816],[-95.9608,29.3804],[-95.963,29.381],[-95.9641,29.3799],[-95.9685,29.3835],[-95.9675,29.3844],[-95.9682,29.3848],[-95.9671,29.3881],[-95.9679,29.3907],[-95.9695,29.3919],[-95.9697,29.3992],[-95.9726,29.4041],[-95.9707,29.4077],[-95.9724,29.4107],[-95.9736,29.4115],[-95.9786,29.4105],[-95.9821,29.4108],[-95.9838,29.4149],[-95.9855,29.4157],[-95.9856,29.4176],[-95.9881,29.418],[-95.9862,29.4232],[-95.9882,29.4259],[-95.9879,29.4278],[-95.9897,29.4293],[-95.992,29.4339],[-95.9949,29.4338],[-95.9958,29.4323],[-96.0007,29.4313],[-96.0042,29.4287],[-96.0069,29.429],[-96.0089,29.4299],[-96.0127,29.4353],[-96.0153,29.4359],[-96.0159,29.4353],[-96.0162,29.437],[-96.0191,29.4374],[-96.019,29.4401],[-96.0205,29.4412],[-96.031,29.4411],[-96.0339,29.4431],[-96.0354,29.4431],[-96.0366,29.4457],[-96.0297,29.4494],[-96.0295,29.4522],[-96.0329,29.4542],[-96.0338,29.4529],[-96.0382,29.4532],[-96.0389,29.4544],[-96.0375,29.4565],[-96.0382,29.4582],[-96.0392,29.4585],[-96.0395,29.4573],[-96.0429,29.4574],[-96.0438,29.4583],[-96.0434,29.4613],[-96.0485,29.4622],[-96.0499,29.4721],[-96.0519,29.4718],[-96.0537,29.4728],[-96.0562,29.4722],[-96.0571,29.4736],[-96.0599,29.4735],[-96.0588,29.475],[-96.0606,29.4769],[-96.0595,29.4798],[-96.0576,29.4816],[-96.06,29.4837],[-96.0585,29.4853],[-96.0604,29.4875],[-96.0596,29.492],[-96.0577,29.49],[-96.0531,29.4943],[-96.0472,29.4913],[-96.0455,29.4926],[-96.0428,29.4915],[-96.0413,29.4926],[-96.0348,29.4925],[-96.0311,29.4956],[-96.0263,29.495],[-96.0252,29.4992],[-96.0223,29.5023],[-96.0231,29.5033],[-96.0249,29.5034],[-96.0242,29.5069],[-96.0272,29.5088],[-96.0288,29.509],[-96.0301,29.5075],[-96.0363,29.5108],[-96.04,29.5096],[-96.0459,29.5102],[-96.0473,29.5097],[-96.0504,29.5115],[-96.0542,29.5122],[-96.0547,29.5155],[-96.0531,29.5162],[-96.0558,29.5183],[-96.0507,29.5236],[-96.0525,29.5255],[-96.0556,29.5258],[-96.0547,29.5283],[-96.0555,29.5336],[-96.0545,29.5352],[-96.0564,29.5394],[-96.0551,29.5399],[-96.0523,29.5381],[-96.0505,29.5408],[-96.0489,29.5407],[-96.0492,29.5391],[-96.048,29.5383],[-96.0468,29.5403],[-96.0409,29.5408],[-96.0423,29.5435],[-96.0435,29.5436],[-96.0412,29.5475],[-96.0415,29.5498],[-96.043,29.5506],[-96.0418,29.5532],[-96.0449,29.5579],[-96.0445,29.5621],[-96.0474,29.5638],[-96.0541,29.5655],[-96.06,29.5687],[-96.0632,29.5761],[-96.062,29.5778],[-96.0628,29.5837],[-96.0595,29.588],[-96.0621,29.5914],[-96.0656,29.5917],[-96.0672,29.591],[-96.0699,29.5919],[-96.0758,29.5967],[-96.0808,29.5994],[-96.0842,29.601],[-96.0889,29.6017],[-96.0248,29.6029],[-96.0248,29.6179],[-96.0235,29.6203],[-96.0242,29.622],[-96.0227,29.6244],[-96.0189,29.6246],[-96.0184,29.626],[-96.0164,29.6271],[-96.0193,29.6363],[-96.0188,29.6374],[-96.0151,29.6393],[-96.0148,29.6417],[-96.0175,29.6455],[-96.0234,29.6488],[-96.0319,29.6556],[-96.0332,29.6582],[-96.0324,29.6597],[-96.0305,29.6604],[-96.0239,29.6583],[-96.02,29.6592],[-96.016,29.6637],[-96.0168,29.6675],[-96.0208,29.6712],[-96.0237,29.6717],[-96.0275,29.6745],[-96.0309,29.6752],[-96.0362,29.6726],[-96.0438,29.6658],[-96.0461,29.6655],[-96.0503,29.6678],[-96.054,29.6719],[-96.0575,29.6727],[-96.0601,29.6763],[-96.0594,29.6797],[-96.0566,29.6824],[-96.0359,29.6884],[-96.031,29.6884],[-96.0272,29.687],[-96.024,29.6844],[-96.0214,29.6789],[-96.0181,29.6792],[-96.0156,29.6814],[-96.0141,29.6887],[-96.0145,29.6936],[-96.0182,29.6989],[-96.0224,29.7021],[-96.0228,29.7045],[-96.0216,29.7056],[-96.0117,29.7026],[-96.006,29.7039],[-96.0045,29.7082],[-96.0071,29.7167],[-96.0097,29.7192],[-96.0128,29.7199],[-96.026,29.717],[-96.0321,29.7173],[-96.0334,29.7196],[-96.0327,29.7279]]]},"properties":{"GEOID":"4827","BASENAME":"27","NAME":"Congressional District 27","CD120":"27"}},
{"type":"Feature","geometry":{"type":"Polygon","coordinates":[[[-100.5019,28.6676],[-100.5004,28.662],[-100.498,28.6595],[-100.4796,28.6552],[-100.4745,28.6471],[-100.4629,28.6414],[-100.4603,28.641],[-100.4495,28.643],[-100.4471,28.6422],[-100.4457,28.6406],[-100.4455,28.6371],[-100.4486,28.617],[-100.4473,28.6093],[-100.445,28.6078],[-100.4353,28.607],[-100.4336,28.6061],[-100.4319,28.5978],[-100.4299,28.5964],[-100.4194,28.5934],[-100.409,28.5889],[-100.4022,28.5873],[-100.3985,28.5852],[-100.3968,28.5804],[-100.3973,28.5756],[-100.4043,28.5642],[-100.4052,28.5607],[-100.4089,28.5573],[-100.4113,28.5507],[-100.4099,28.5456],[-100.4051,28.5358],[-100.4002,28.5311],[-100.395,28.5284],[-100.3883,28.5149],[-100.3791,28.5116],[-100.377,28.512],[-100.3621,28.5084],[-100.356,28.5049],[-100.3385,28.5018],[-100.3338,28.4993],[-100.3349,28.4951],[-100.3371,28.4917],[-100.3442,28.4862],[-100.3522,28.4826],[-100.3619,28.4823],[-100.366,28.4811],[-100.3682,28.4789],[-100.3683,28.4772],[-100.3678,28.475],[-100.3575,28.4636],[-100.3508,28.4592],[-100.3415,28.4496],[-100.3378,28.443],[-100.3362,28.4302],[-100.3371,28.4272],[-100.3427,28.4125],[-100.3496,28.4026],[-100.3444,28.3897],[-100.3419,28.385],[-100.3204,28.3621],[-100.3172,28.3574],[-100.3142,28.3459],[-100.3107,28.3432],[-100.3091,28.3387],[-100.3038,28.3342],[-100.2886,28.317],[-100.2865,28.3123],[-100.286,28.3091],[-100.2876,28.3011],[-100.2943,28.2844],[-100.2941,28.2804],[-100.2914,28.2754],[-100.2894,28.2735],[-100.2832,28.2706],[-100.2676,28.2503],[-100.2609,28.2448],[-100.2578,28.2403],[-100.2516,28.2362],[-100.2462,28.2341],[-100.2322,28.2361],[-100.2276,28.2359],[-100.2236,28.2352],[-100.2203,28.2322],[-100.2176,28.2269],[-100.2135,28.2104],[-100.2141,28.2057],[-100.2121,28.1965],[-100.2113,28.1939],[-100.2081,28.1904],[-100.1965,28.1902],[-100.1857,28.1858],[-100.1744,28.1794],[-100.1684,28.1715],[-100.1606,28.1682],[-100.156,28.1674],[-100.1411,28.1681],[-100.1196,28.1556],[-100.1091,28.1536],[-100.0903,28.1483],[-100.0843,28.1448],[-100.0829,28.1431],[-100.0826,28.1397],[-100.0813,28.1385],[-100.0789,28.131],[-100.0755,28.1249],[-100.0718,28.1208],[-100.0677,28.1136],[-100.0588,28.1073],[-100.0565,28.1042],[-100.0556,28.1011],[-100.057,28.0942],[-100.0531,28.0847],[-100.0461,28.0791],[-100.0287,28.0731],[-100.0219,28.0689],[-100.0179,28.0648],[-100.0161,28.0533],[-100.0131,28.0438],[-100.0128,28.0372],[-100.0086,28.024],[-100.0061,28.0184],[-100,28.0105],[-99.9964,28.0016],[-99.9914,27.9946],[-99.9898,27.9929],[-99.9849,27.9907],[-99.9773,27.9895],[-99.9701,27.9859],[-99.9628,27.9835],[-99.9502,27.9833],[-99.9471,27.9822],[-99.9412,27.9825],[-99.9318,27.981],[-99.9322,27.9677],[-99.9385,27.9541],[-99.939,27.9493],[-99.9371,27.9405],[-99.9329,27.9373],[-99.9266,27.9357],[-99.9241,27.9314],[-99.926,27.9275],[-99.922,27.9221],[-99.9175,27.918],[-99.9001,27.9121],[-99.8935,27.8992],[-99.8941,27.893],[-99.897,27.8882],[-99.9012,27.8844],[-99.9033,27.8805],[-99.9044,27.8753],[-99.9015,27.8642],[-99.8971,27.8606],[-99.8937,27.8562],[-99.882,27.8504],[-99.8772,27.8422],[-99.876,27.838],[-99.8779,27.8254],[-99.8738,27.813],[-99.878,27.8005],[-99.8768,27.7978],[-99.8701,27.7946],[-99.8604,27.7937],[-99.8543,27.7947],[-99.8509,27.794],[-99.8447,27.7788],[-99.8432,27.7737],[-99.843,27.7685],[-99.8388,27.7642],[-99.8331,27.7629],[-99.826,27.7643],[-99.8221,27.7673],[-99.8191,27.776],[-99.8175,27.7763],[-99.8131,27.774],[-99.81,27.7693],[-99.8057,27.7587],[-99.8017,27.7418],[-99.7963,27.7356],[-99.7888,27.7307],[-99.7854,27.7304],[-99.7749,27.7335],[-99.7707,27.7321],[-99.7616,27.7221],[-99.7585,27.717],[-99.7576,27.7121],[-99.7385,27.6931],[-99.7324,27.6854],[-99.7239,27.6736],[-99.7236,27.6695],[-99.7215,27.6662],[-99.7115,27.6584],[-99.7046,27.655],[-99.6994,27.6554],[-99.6971,27.6625],[-99.6944,27.6661],[-99.6902,27.6689],[-99.6894,27.6686],[-99.6886,27.6632],[-99.6858,27.661],[-99.6789,27.659],[-99.6689,27.66],[-99.6618,27.6558],[-99.6583,27.6502],[-99.6581,27.648],[-99.6595,27.6452],[-99.6654,27.6403],[-99.6661,27.6361],[-99.6596,27.6326],[-99.6589,27.6311],[-99.6543,27.6298],[-99.6501,27.6306],[-99.6389,27.6268],[-99.6269,27.63],[-99.6251,27.6314],[-99.6232,27.6346],[-99.6271,27.6384],[-99.6271,27.6408],[-99.6243,27.644],[-99.6214,27.6438],[-99.6176,27.6384],[-99.6161,27.6377],[-99.6035,27.642],[-99.5962,27.6399],[-99.594,27.6386],[-99.5924,27.6286],[-99.5914,27.6275],[-99.5848,27.622],[-99.5789,27.62],[-99.5776,27.6186],[-99.5772,27.6113],[-99.58,27.6078],[-99.5844,27.6062],[-99.5848,27.6039],[-99.5786,27.6023],[-99.5691,27.6059],[-99.5612,27.6076],[-99.5587,27.6092],[-99.5576,27.613],[-99.5549,27.6145],[-99.5419,27.606],[-99.5397,27.6033],[-99.5362,27.5917],[-99.5297,27.5798],[-99.5249,27.5763],[-99.5164,27.5725],[-99.5121,27.5683],[-99.511,27.5645],[-99.514,27.5568],[-99.5188,27.5532],[-99.5219,27.5441],[-99.5222,27.5348],[-99.5254,27.5185],[-99.5253,27.5104],[-99.5284,27.4986],[-99.5261,27.4966],[-99.5198,27.4968],[-99.5136,27.4994],[-99.5103,27.4991],[-99.5025,27.5004],[-99.499,27.4992],[-99.4968,27.5001],[-99.4858,27.4932],[-99.4813,27.4885],[-99.4793,27.4786],[-99.4823,27.4763],[-99.4831,27.4694],[-99.4854,27.4641],[-99.4951,27.4515],[-99.4957,27.4389],[-99.4875,27.4116],[-99.4896,27.399],[-99.4927,27.392],[-99.4921,27.3805],[-99.496,27.3752],[-99.4991,27.3731],[-99.5037,27.3646],[-99.5078,27.3542],[-99.5078,27.3486],[-99.5046,27.3387],[-99.509,27.3339],[-99.5189,27.3263],[-99.5236,27.3241],[-99.5314,27.3238],[-99.538,27.317],[-99.536,27.312],[-99.5285,27.3054],[-99.5211,27.3038],[-99.5115,27.3041],[-99.5052,27.306],[-99.501,27.306],[-99.4958,27.3044],[-99.492,27.3007],[-99.4879,27.2949],[-99.4876,27.2896],[-99.4947,27.2776],[-99.4967,27.2724],[-99.494,27.2662],[-99.4891,27.2615],[-99.486,27.2599],[-99.4812,27.2598],[-99.4658,27.268],[-99.4615,27.2682],[-99.4584,27.2662],[-99.4556,27.2662],[-99.4524,27.264],[-99.4415,27.2499],[-99.4414,27.2368],[-99.4452,27.2233],[-99.4428,27.2188],[-99.4343,27.2121],[-99.4326,27.2097],[-99.4328,27.2018],[-99.4263,27.1763],[-99.43,27.1591],[-99.438,27.1541],[-99.44,27.1511],[-99.4383,27.1448],[-99.4314,27.1376],[-99.4306,27.1266],[-99.4334,27.1192],[-99.4411,27.11],[-99.4421,27.1069],[-99.4376,27.1004],[-99.4303,27.0949],[-99.4292,27.091],[-99.4345,27.0785],[-99.4503,27.0677],[-99.4523,27.0627],[-99.4509,27.0557],[-99.4456,27.0434],[-99.444,27.0365],[-99.4441,27.0313],[-99.4461,27.023],[-99.4436,27.0188],[-99.4355,27.0122],[-99.4322,27.0107],[-99.4294,27.0108],[-99.4204,27.0166],[-99.4155,27.0172],[-99.4085,27.0095],[-99.4037,26.9974],[-99.3874,26.9824],[-99.3848,26.9811],[-99.3784,26.98],[-99.3766,26.9777],[-99.3773,26.9738],[-99.3811,26.9708],[-99.3902,26.9663],[-99.393,26.9638],[-99.3937,26.9607],[-99.3883,26.9442],[-99.3791,26.9345],[-99.3671,26.929],[-99.3611,26.9289],[-99.3517,26.9251],[-99.3471,26.925],[-99.3373,26.9228],[-99.3247,26.916],[-99.3218,26.9068],[-99.3262,26.8904],[-99.3266,26.8848],[-99.3289,26.8798],[-99.3286,26.8786],[-99.3259,26.8774],[-99.3168,26.8658],[-99.3102,26.865],[-99.2951,26.8654],[-99.2805,26.8581],[-99.2686,26.8432],[-99.2622,26.8157],[-99.2424,26.7883],[-99.24,26.7459],[-99.2089,26.7248],[-99.2099,26.6939],[-99.2005,26.6564],[-99.1781,26.6205],[-99.1674,26.56],[-99.1714,26.5492],[-99.1712,26.542],[-99.1667,26.5361],[-99.1437,26.5279],[-99.1373,26.5274],[-99.1357,26.5263],[-99.1278,26.5252],[-99.1186,26.5166],[-99.1123,26.5077],[-99.1049,26.5004],[-99.0955,26.4817],[-99.0916,26.4771],[-99.092,26.4724],[-99.0936,26.4683],[-99.0981,26.4633],[-99.1004,26.4587],[-99.1,26.4536],[-99.1024,26.448],[-99.1024,26.4427],[-99.1057,26.4387],[-99.1127,26.4355],[-99.1138,26.434],[-99.1109,26.4263],[-99.1057,26.4232],[-99.0996,26.4172],[-99.096,26.4118],[-99.0894,26.4081],[-99.0851,26.3988],[-99.082,26.3967],[-99.0621,26.3974],[-99.0546,26.4013],[-99.0476,26.4069],[-99.0455,26.4098],[-99.0371,26.4136],[-99.032,26.4128],[-99.0219,26.4079],[-99.0164,26.4008],[-99.0124,26.393],[-99.0106,26.3921],[-99.0038,26.3935],[-99.0003,26.3923],[-98.9891,26.3917],[-98.9863,26.3928],[-98.9792,26.3999],[-98.9752,26.4011],[-98.9701,26.3992],[-98.9619,26.3984],[-98.9568,26.396],[-98.9534,26.3929],[-98.9533,26.3847],[-98.9561,26.3776],[-98.9467,26.37],[-98.9392,26.3699],[-98.9362,26.3715],[-98.9346,26.3744],[-98.9343,26.3775],[-98.9356,26.385],[-98.9293,26.3934],[-98.9259,26.3944],[-98.9238,26.392],[-98.9234,26.3814],[-98.9174,26.3745],[-98.9111,26.3718],[-98.9039,26.3721],[-98.9017,26.3712],[-98.8996,26.3666],[-98.9009,26.3594],[-98.8967,26.3533],[-98.889,26.3571],[-98.8785,26.3607],[-98.8703,26.3624],[-98.8619,26.366],[-98.8534,26.365],[-98.851,26.3638],[-98.8476,26.3598],[-98.8441,26.3587],[-98.8416,26.3589],[-98.8329,26.3633],[-98.8269,26.3696],[-98.8246,26.3708],[-98.8205,26.371],[-98.814,26.3663],[-98.8073,26.3694],[-98.8039,26.3672],[-98.7982,26.3602],[-98.7963,26.3491],[-98.7931,26.3435],[-98.7883,26.3383],[-98.788,26.3361],[-98.7897,26.3321],[-98.789,26.3304],[-98.777,26.3257],[-98.7713,26.3251],[-98.7635,26.3267],[-98.755,26.3314],[-98.7511,26.3316],[-98.7495,26.33],[-98.7494,26.3248],[-98.748,26.3203],[-98.7458,26.3168],[-98.7435,26.3149],[-98.7385,26.3137],[-98.7362,26.3092],[-98.7372,26.305],[-98.7404,26.3028],[-98.7437,26.303],[-98.7504,26.3077],[-98.7542,26.3079],[-98.7561,26.3042],[-98.751,26.2963],[-98.7478,26.2949],[-98.7426,26.2942],[-98.7348,26.2984],[-98.7323,26.2991],[-98.7278,26.2988],[-98.722,26.295],[-98.719,26.2882],[-98.7162,26.2862],[-98.7148,26.2861],[-98.7094,26.2892],[-98.7025,26.287],[-98.6999,26.2815],[-98.701,26.278],[-98.705,26.2774],[-98.7119,26.279],[-98.7173,26.278],[-98.7199,26.276],[-98.7199,26.2726],[-98.7099,26.2682],[-98.6987,26.2654],[-98.6866,26.2651],[-98.6807,26.2626],[-98.6777,26.2566],[-98.6795,26.2491],[-98.6786,26.2446],[-98.6751,26.2399],[-98.6701,26.2367],[-98.6646,26.2353],[-98.6559,26.2358],[-98.652,26.2369],[-98.6455,26.241],[-98.6346,26.2423],[-98.633,26.2441],[-98.6331,26.25],[-98.6322,26.2522],[-98.6274,26.2559],[-98.6248,26.2593],[-98.623,26.2599],[-98.6215,26.2591],[-98.6187,26.2525],[-98.6182,26.2477],[-98.6166,26.2464],[-98.6144,26.2475],[-98.6119,26.2532],[-98.6068,26.2535],[-98.5994,26.2576],[-98.5864,26.2578],[-98.5831,26.2567],[-98.5798,26.2538],[-98.5792,26.2511],[-98.5812,26.2483],[-98.5846,26.2462],[-98.5851,26.2446],[-98.58,26.2352],[-98.5783,26.2337],[-98.5767,26.2338],[-98.5732,26.2395],[-98.5688,26.2418],[-98.5659,26.2415],[-98.564,26.2355],[-98.5646,26.2271],[-98.5621,26.2242],[-98.5597,26.2247],[-98.5575,26.2302],[-98.5558,26.2319],[-98.548,26.2342],[-98.5457,26.2372],[-98.5457,26.2399],[-98.5471,26.2418],[-98.5533,26.2417],[-98.5582,26.2444],[-98.5586,26.2464],[-98.5566,26.248],[-98.5438,26.2438],[-98.5368,26.2273],[-98.5349,26.2254],[-98.5293,26.2277],[-98.5257,26.234],[-98.5238,26.2356],[-98.5222,26.2356],[-98.5218,26.2319],[-98.5259,26.2289],[-98.5271,26.2267],[-98.5268,26.2243],[-98.5241,26.2209],[-98.5216,26.2205],[-98.5192,26.2246],[-98.5137,26.2272],[-98.5105,26.2268],[-98.5052,26.2233],[-98.501,26.2226],[-98.5007,26.2215],[-98.507,26.2124],[-98.507,26.2092],[-98.5048,26.2085],[-98.5022,26.2089],[-98.491,26.2131],[-98.4854,26.2127],[-98.4835,26.2117],[-98.4818,26.2087],[-98.4816,26.2052],[-98.4837,26.2022],[-98.4818,26.2008],[-98.4792,26.2013],[-98.4775,26.2035],[-98.479,26.2096],[-98.4831,26.2149],[-98.4829,26.2181],[-98.4813,26.2199],[-98.4716,26.2206],[-98.4671,26.2225],[-98.4624,26.2259],[-98.4602,26.2263],[-98.4571,26.2242],[-98.4556,26.2173],[-98.4543,26.2167],[-98.4508,26.2224],[-98.448,26.224],[-98.4446,26.2244],[-98.4427,26.2234],[-98.4405,26.2197],[-98.4387,26.213],[-98.4392,26.2099],[-98.4444,26.2041],[-98.444,26.2006],[-98.4415,26.1983],[-98.4277,26.193],[-98.4166,26.1838],[-98.4065,26.1831],[-98.4026,26.1814],[-98.4015,26.1797],[-98.4028,26.1749],[-98.4019,26.1711],[-98.4006,26.1699],[-98.3973,26.1704],[-98.3928,26.1672],[-98.3865,26.1577],[-98.382,26.1567],[-98.3656,26.1581],[-98.3642,26.162],[-98.3672,26.1671],[-98.3672,26.1686],[-98.3621,26.1719],[-98.3597,26.1725],[-98.3574,26.1682],[-98.3584,26.1589],[-98.3538,26.152],[-98.3518,26.1512],[-98.3488,26.1534],[-98.3485,26.1616],[-98.3462,26.166],[-98.343,26.1672],[-98.335,26.1654],[-98.3336,26.1633],[-98.3332,26.1594],[-98.3349,26.1559],[-98.3386,26.1524],[-98.338,26.1494],[-98.3349,26.146],[-98.3284,26.1448],[-98.3267,26.1429],[-98.3283,26.1418],[-98.3343,26.1413],[-98.3356,26.1384],[-98.322,26.119],[-98.3183,26.1165],[-98.3125,26.1157],[-98.3097,26.114],[-98.3073,26.1054],[-98.3051,26.1028],[-98.2999,26.1019],[-98.2977,26.1033],[-98.2975,26.1053],[-98.3019,26.1066],[-98.3036,26.11],[-98.3005,26.1148],[-98.2997,26.1179],[-98.2967,26.1203],[-98.2908,26.1208],[-98.2748,26.1158],[-98.2716,26.1169],[-98.2691,26.1205],[-98.2667,26.1209],[-98.2655,26.1199],[-98.2657,26.1172],[-98.2621,26.118],[-98.2611,26.1164],[-98.2597,26.1186],[-98.2554,26.1436],[-98.2496,26.1428],[-98.2489,26.1468],[-98.2399,26.1455],[-98.2379,26.1539],[-98.2308,26.1623],[-98.2301,26.169],[-98.2343,26.1777],[-98.2324,26.1894],[-98.2178,26.1876],[-98.2139,26.1885],[-98.2108,26.1909],[-98.2056,26.1903],[-98.2067,26.1835],[-98.17,26.1785],[-98.1635,26.2166],[-98.2002,26.2217],[-98.1978,26.236],[-98.2195,26.2387],[-98.2208,26.2316],[-98.23,26.2329],[-98.2283,26.2399],[-98.2476,26.2413],[-98.2464,26.2484],[-98.2544,26.2495],[-98.2556,26.2423],[-98.2642,26.2436],[-98.2599,26.265],[-98.2683,26.2661],[-98.2587,26.323],[-98.2644,26.3238],[-98.2594,26.3521],[-98.2581,26.3519],[-98.2487,26.4068],[-98.3661,26.424],[-98.3655,26.4281],[-98.4919,26.4454],[-98.4858,26.4578],[-98.4783,26.4698],[-98.4633,26.5003],[-98.3968,26.6253],[-98.3207,26.7831],[-98.4226,26.7835],[-98.4179,27.0553],[-98.4665,27.0547],[-98.4673,27.142],[-98.4929,27.1421],[-98.4929,27.235],[-98.4965,27.2369],[-98.5062,27.2387],[-98.5098,27.2438],[-98.5106,27.2491],[-98.5124,27.2512],[-98.5142,27.2515],[-98.5192,27.2502],[-98.5223,27.2541],[-98.5273,27.253],[-98.5311,27.2544],[-98.5336,27.2581],[-98.5341,27.2619],[-98.5366,27.2652],[-98.2325,27.2625],[-98.2337,27.6892],[-98.2355,28.058],[-97.8831,28.0569],[-97.8846,28.0576],[-97.8836,28.0597],[-97.8893,28.0607],[-97.8896,28.0632],[-97.8911,28.0634],[-97.8931,28.0611],[-97.8948,28.0608],[-97.8978,28.0645],[-97.8998,28.0653],[-97.9012,28.0678],[-97.9002,28.0695],[-97.902,28.0714],[-97.9011,28.0759],[-97.8997,28.0761],[-97.8974,28.0745],[-97.8954,28.0759],[-97.8995,28.0821],[-97.9017,28.0829],[-97.9039,28.0866],[-97.905,28.0874],[-97.9077,28.0868],[-97.9088,28.0919],[-97.9069,28.0954],[-97.9073,28.0976],[-97.9034,28.0993],[-97.8971,28.0998],[-97.8965,28.101],[-97.8973,28.1022],[-97.8988,28.1021],[-97.8993,28.1034],[-97.8978,28.1133],[-97.9041,28.1142],[-97.8088,28.1834],[-97.9507,28.426],[-97.9933,28.5003],[-98.0898,28.663],[-98.0053,28.6902],[-98.1253,28.8142],[-98.1684,28.8615],[-98.1844,28.8753],[-98.2524,28.9477],[-98.2702,28.9689],[-98.4073,29.1144],[-98.8048,29.2507],[-98.8048,29.0246],[-98.8008,28.6475],[-99.2146,28.6441],[-99.4123,28.6405],[-99.5015,28.6411],[-99.5268,28.6426],[-99.6553,28.6435],[-99.8753,28.6439],[-99.9131,28.6468],[-100.1143,28.6481],[-100.1143,28.6297],[-100.3136,28.6716],[-100.3695,28.6896],[-100.3844,28.6932],[-100.3831,28.6905],[-100.3885,28.6836],[-100.3884,28.6777],[-100.3906,28.6774],[-100.3934,28.6809],[-100.4021,28.6793],[-100.404,28.6706],[-100.4058,28.6695],[-100.4091,28.6713],[-100.4157,28.6679],[-100.4155,28.6689],[-100.4181,28.6694],[-100.4208,28.667],[-100.42,28.6667],[-100.4205,28.6656],[-100.4271,28.6672],[-100.4364,28.6713],[-100.4386,28.6674],[-100.4437,28.6678],[-100.448,28.664],[-100.468,28.6822],[-100.4715,28.6844],[-100.4868,28.6715],[-100.4931,28.6715],[-100.4947,28.6694],[-100.5012,28.6692],[-100.5019,28.6676]]]},"properties":{"GEOID":"4828","BASENAME":"28","NAME":"Congressional District 28","CD120":"28"}},
{"type":"Feature","geometry":{"type":"Polygon","coordinates":[[[-97.0338,32.8385],[-97.0349,32.7799],[-97.0627,32.779],[-97.0635,32.7571],[-97.0627,32.749],[-97.0758,32.748],[-97.0811,32.7499],[-97.0839,32.744],[-97.0835,32.7416],[-97.0972,32.7389],[-97.1233,32.739],[-97.136,32.735],[-97.1749,32.7313],[-97.1988,32.7283],[-97.1988,32.7277],[-97.2072,32.7277],[-97.2075,32.7249],[-97.2048,32.7254],[-97.1924,32.7162],[-97.1978,32.7127],[-97.2001,32.7142],[-97.2001,32.7127],[-97.2012,32.7132],[-97.2038,32.7117],[-97.2034,32.7079],[-97.2005,32.7028],[-97.2014,32.6972],[-97.2009,32.6966],[-97.1991,32.6974],[-97.2002,32.6897],[-97.2106,32.6896],[-97.2177,32.6857],[-97.2183,32.6797],[-97.2172,32.6694],[-97.2196,32.6692],[-97.2195,32.6682],[-97.2207,32.6681],[-97.2374,32.6678],[-97.2447,32.6627],[-97.2441,32.6585],[-97.2416,32.6549],[-97.2435,32.6535],[-97.2441,32.6507],[-97.2477,32.649],[-97.2483,32.6467],[-97.2453,32.6444],[-97.2443,32.6423],[-97.2425,32.6418],[-97.2422,32.6381],[-97.2401,32.6383],[-97.2396,32.6373],[-97.2437,32.6357],[-97.2428,32.6318],[-97.2465,32.6315],[-97.2463,32.6298],[-97.2479,32.6303],[-97.2478,32.6261],[-97.2491,32.6264],[-97.2513,32.6246],[-97.2536,32.6244],[-97.2565,32.6218],[-97.2566,32.6167],[-97.2575,32.6156],[-97.2568,32.6108],[-97.2593,32.6072],[-97.2611,32.6065],[-97.262,32.6041],[-97.2649,32.6032],[-97.2667,32.6065],[-97.2683,32.6064],[-97.269,32.6039],[-97.2841,32.604],[-97.2843,32.5976],[-97.2928,32.5973],[-97.2928,32.5797],[-97.2904,32.5799],[-97.2907,32.5744],[-97.2934,32.572],[-97.2938,32.5679],[-97.2985,32.5679],[-97.2986,32.5664],[-97.301,32.5642],[-97.3013,32.5606],[-97.2837,32.5607],[-97.2866,32.5592],[-97.2867,32.5578],[-97.2848,32.5576],[-97.2874,32.5526],[-97.3195,32.5527],[-97.3298,32.5426],[-97.3394,32.5299],[-97.3491,32.5199],[-97.375,32.4892],[-97.3843,32.4702],[-97.3842,32.4373],[-97.3825,32.4363],[-97.3825,32.4305],[-97.3812,32.4304],[-97.3814,32.4245],[-97.3798,32.4245],[-97.3769,32.4203],[-97.377,32.4077],[-97.3696,32.4071],[-97.37,32.4035],[-97.3711,32.4034],[-97.3715,32.3855],[-97.3737,32.3853],[-97.3737,32.3817],[-97.3811,32.3802],[-97.3866,32.3809],[-97.3857,32.3631],[-97.3808,32.3457],[-97.3825,32.3453],[-97.3816,32.3421],[-97.3833,32.3417],[-97.3828,32.3402],[-97.3837,32.34],[-97.384,32.3376],[-97.3837,32.3369],[-97.3805,32.3387],[-97.3803,32.3279],[-97.3692,32.3333],[-97.3735,32.3401],[-97.3678,32.343],[-97.3655,32.3402],[-97.3635,32.3408],[-97.3643,32.3419],[-97.3607,32.3435],[-97.3623,32.346],[-97.3563,32.3455],[-97.3254,32.3372],[-97.3157,32.3366],[-97.2871,32.3221],[-97.2748,32.317],[-97.2488,32.3013],[-97.2352,32.2962],[-97.2176,32.2707],[-97.2175,32.269],[-97.2122,32.2701],[-97.2012,32.277],[-97.1965,32.2701],[-97.192,32.272],[-97.1825,32.258],[-97.1822,32.2458],[-97.1619,32.2503],[-97.1334,32.2547],[-97.087,32.2653],[-97.087,32.2668],[-96.9407,32.0521],[-96.8962,32.074],[-96.8461,31.9994],[-96.7191,31.8149],[-96.4967,31.7962],[-96.3357,31.876],[-96.0548,32.0125],[-96.0554,32.015],[-96.0544,32.0158],[-96.0516,32.0156],[-96.0508,32.0168],[-96.0574,32.0204],[-96.0616,32.025],[-96.0635,32.0292],[-96.0622,32.032],[-96.0665,32.0378],[-96.0646,32.0452],[-96.0662,32.0488],[-96.064,32.0511],[-96.0668,32.0595],[-96.0626,32.0615],[-96.0623,32.0625],[-96.0643,32.0652],[-96.0689,32.0668],[-96.0668,32.0714],[-96.0698,32.0734],[-96.0702,32.0748],[-96.069,32.0769],[-96.0666,32.0773],[-96.0639,32.0765],[-96.0625,32.0778],[-96.063,32.0809],[-96.0657,32.0855],[-96.0678,32.0859],[-96.073,32.0836],[-96.0821,32.0813],[-96.0921,32.0819],[-96.0954,32.0807],[-96.099,32.0816],[-96.1006,32.0775],[-96.1068,32.0754],[-96.1092,32.0771],[-96.108,32.0836],[-96.1112,32.09],[-96.1144,32.091],[-96.1177,32.0946],[-96.1169,32.1051],[-96.1115,32.1158],[-96.1143,32.1201],[-96.1145,32.1271],[-96.1116,32.132],[-96.106,32.1352],[-96.1024,32.1423],[-96.1025,32.1493],[-96.1044,32.1527],[-96.1127,32.1568],[-96.1137,32.1609],[-96.1177,32.1599],[-96.1211,32.1565],[-96.131,32.153],[-96.1359,32.1528],[-96.1384,32.1514],[-96.1408,32.1533],[-96.1451,32.1527],[-96.1522,32.1584],[-96.1595,32.1549],[-96.1668,32.1583],[-96.1654,32.1626],[-96.1665,32.1661],[-96.1719,32.1687],[-96.1758,32.1682],[-96.1729,32.1707],[-96.1754,32.1736],[-96.1769,32.1793],[-96.1762,32.1818],[-96.1717,32.1853],[-96.1668,32.1828],[-96.1662,32.1845],[-96.1682,32.1857],[-96.1683,32.1869],[-96.1642,32.1878],[-96.1649,32.1891],[-96.164,32.1903],[-96.1608,32.1899],[-96.1579,32.1913],[-96.1561,32.1944],[-96.1573,32.1972],[-96.1556,32.2004],[-96.1603,32.2006],[-96.1607,32.204],[-96.1579,32.2058],[-96.1478,32.207],[-96.1465,32.2117],[-96.1505,32.2141],[-96.1516,32.2137],[-96.1559,32.215],[-96.1668,32.2102],[-96.1706,32.2071],[-96.175,32.2068],[-96.1757,32.204],[-96.1793,32.2036],[-96.1814,32.2046],[-96.1834,32.2018],[-96.1861,32.203],[-96.1907,32.2026],[-96.1971,32.2074],[-96.1969,32.2099],[-96.1942,32.2112],[-96.1964,32.213],[-96.1939,32.2159],[-96.1961,32.2198],[-96.1975,32.2198],[-96.1976,32.2151],[-96.2007,32.2143],[-96.2038,32.2148],[-96.2045,32.2182],[-96.2091,32.2187],[-96.2099,32.2202],[-96.2082,32.222],[-96.2111,32.2264],[-96.2139,32.2243],[-96.2161,32.2244],[-96.2156,32.2277],[-96.2173,32.2335],[-96.2212,32.233],[-96.2235,32.235],[-96.2287,32.2358],[-96.2322,32.2409],[-96.2361,32.2422],[-96.2361,32.2429],[-96.2335,32.2432],[-96.233,32.244],[-96.2345,32.2475],[-96.234,32.25],[-96.2351,32.2509],[-96.238,32.2501],[-96.2489,32.251],[-96.2544,32.2506],[-96.2553,32.2492],[-96.252,32.2486],[-96.2509,32.2473],[-96.2565,32.2451],[-96.2576,32.2454],[-96.2574,32.2474],[-96.2595,32.2494],[-96.2596,32.2512],[-96.2605,32.2513],[-96.2607,32.2499],[-96.2617,32.2495],[-96.2647,32.2522],[-96.2677,32.2592],[-96.2726,32.2556],[-96.2728,32.2525],[-96.2766,32.2558],[-96.2777,32.2606],[-96.2823,32.2581],[-96.2806,32.2541],[-96.2851,32.2546],[-96.2859,32.256],[-96.2849,32.2658],[-96.2859,32.2671],[-96.2892,32.2675],[-96.2902,32.2689],[-96.2883,32.2713],[-96.2847,32.2719],[-96.2838,32.2789],[-96.2882,32.2871],[-96.2899,32.2887],[-96.2937,32.29],[-96.2893,32.2919],[-96.2889,32.2932],[-96.2975,32.2933],[-96.3004,32.2942],[-96.2966,32.2982],[-96.2992,32.3014],[-96.301,32.3006],[-96.3016,32.2979],[-96.3034,32.2973],[-96.3047,32.2989],[-96.304,32.3011],[-96.3049,32.3022],[-96.3073,32.301],[-96.3072,32.2988],[-96.3101,32.2983],[-96.3113,32.2989],[-96.3098,32.3002],[-96.3119,32.3028],[-96.3135,32.303],[-96.3152,32.3003],[-96.3166,32.3003],[-96.3174,32.301],[-96.3159,32.3028],[-96.3194,32.3036],[-96.3234,32.3063],[-96.3244,32.3061],[-96.3233,32.3042],[-96.3244,32.3031],[-96.331,32.3035],[-96.339,32.306],[-96.3393,32.3085],[-96.3424,32.3077],[-96.3454,32.309],[-96.3437,32.3105],[-96.3461,32.3131],[-96.3488,32.3134],[-96.3531,32.3117],[-96.3573,32.3159],[-96.3601,32.3169],[-96.3644,32.3164],[-96.3672,32.3177],[-96.3747,32.3249],[-96.3813,32.3275],[-96.3857,32.3322],[-96.3908,32.3339],[-96.4004,32.3288],[-96.4056,32.3277],[-96.4081,32.3285],[-96.4116,32.3325],[-96.4157,32.333],[-96.4175,32.3355],[-96.4204,32.3348],[-96.4198,32.3329],[-96.4216,32.3323],[-96.4233,32.3332],[-96.4238,32.3353],[-96.4259,32.3362],[-96.4262,32.3344],[-96.4302,32.3322],[-96.4314,32.3372],[-96.4303,32.3389],[-96.4369,32.3414],[-96.4363,32.3454],[-96.4389,32.3457],[-96.4408,32.3438],[-96.4418,32.3443],[-96.4413,32.3463],[-96.4471,32.3458],[-96.45,32.3442],[-96.4518,32.345],[-96.452,32.3476],[-96.4539,32.3488],[-96.4546,32.3523],[-96.4531,32.3528],[-96.4493,32.351],[-96.4484,32.3545],[-96.4505,32.3548],[-96.4537,32.3572],[-96.4523,32.3594],[-96.4546,32.3615],[-96.45,32.3645],[-96.4513,32.3663],[-96.4537,32.3669],[-96.4538,32.3679],[-96.4517,32.3712],[-96.4504,32.37],[-96.4514,32.3685],[-96.4495,32.3667],[-96.4477,32.3667],[-96.4469,32.368],[-96.4484,32.3706],[-96.4452,32.3689],[-96.4438,32.3705],[-96.4473,32.3725],[-96.4488,32.3758],[-96.4453,32.3752],[-96.4444,32.3784],[-96.4374,32.3786],[-96.439,32.3833],[-96.4356,32.3867],[-96.4389,32.3891],[-96.438,32.3896],[-96.4356,32.3881],[-96.4345,32.3892],[-96.4354,32.3919],[-96.4373,32.3934],[-96.4384,32.3982],[-96.4398,32.4001],[-96.4364,32.4042],[-96.4377,32.4075],[-96.4352,32.409],[-96.4344,32.4111],[-96.4388,32.4126],[-96.4409,32.4162],[-96.4493,32.4221],[-96.4503,32.4246],[-96.4537,32.4238],[-96.4568,32.4243],[-96.4774,32.4344],[-96.4842,32.4437],[-96.4832,32.4464],[-96.4843,32.4515],[-96.4859,32.452],[-96.4879,32.4511],[-96.4931,32.4531],[-96.4982,32.4534],[-96.4973,32.4549],[-96.4935,32.4566],[-96.4949,32.4608],[-96.4928,32.4662],[-96.4963,32.4685],[-96.5012,32.47],[-96.5047,32.4779],[-96.5102,32.4819],[-96.51,32.4835],[-96.5062,32.4864],[-96.5032,32.4869],[-96.5018,32.4882],[-96.5026,32.4898],[-96.5062,32.4901],[-96.5087,32.4919],[-96.5087,32.4946],[-96.5067,32.4976],[-96.5047,32.4979],[-96.5047,32.4956],[-96.5031,32.4937],[-96.5009,32.4942],[-96.5005,32.4955],[-96.5047,32.5017],[-96.506,32.5023],[-96.5079,32.5012],[-96.5089,32.5016],[-96.5113,32.5092],[-96.5133,32.5121],[-96.5125,32.5133],[-96.5094,32.5112],[-96.5065,32.5132],[-96.504,32.5116],[-96.5019,32.5119],[-96.5015,32.5129],[-96.5034,32.5153],[-96.5071,32.5164],[-96.5076,32.5175],[-96.5051,32.518],[-96.503,32.526],[-96.5046,32.5272],[-96.5062,32.5251],[-96.5094,32.5265],[-96.5104,32.5303],[-96.5079,32.531],[-96.5072,32.5324],[-96.5122,32.5362],[-96.5145,32.536],[-96.5155,32.532],[-96.5197,32.5318],[-96.5202,32.5351],[-96.5243,32.537],[-96.5238,32.5412],[-96.5253,32.5415],[-96.5272,32.5395],[-96.529,32.5401],[-96.5294,32.5453],[-96.8944,32.5474],[-97.0779,32.5492],[-97.0801,32.5525],[-97.0792,32.5543],[-97.0825,32.559],[-97.0874,32.5621],[-97.0847,32.5649],[-97.0802,32.5803],[-97.0806,32.5831],[-97.0789,32.5859],[-97.0785,32.5902],[-97.083,32.5888],[-97.0832,32.5869],[-97.0908,32.598],[-97.0937,32.5966],[-97.1058,32.6134],[-97.1164,32.6082],[-97.1203,32.6139],[-97.1252,32.6115],[-97.1425,32.6117],[-97.1381,32.6187],[-97.1361,32.6249],[-97.1359,32.6327],[-97.1335,32.6444],[-97.1349,32.6513],[-97.134,32.667],[-97.1351,32.6789],[-97.1284,32.6916],[-97.116,32.7083],[-97.1233,32.7089],[-97.1233,32.7212],[-97.1147,32.7212],[-97.1147,32.7225],[-97.1126,32.7225],[-97.1123,32.7211],[-97.1101,32.7211],[-97.11,32.7225],[-97.1089,32.7225],[-97.1089,32.7211],[-97.0803,32.7209],[-97.0802,32.7352],[-97.0668,32.7352],[-97.0355,32.7393],[-97.0352,32.7597],[-97.0069,32.7596],[-96.9929,32.7587],[-96.9763,32.7594],[-96.9643,32.7619],[-96.9478,32.7623],[-96.9276,32.7654],[-96.9275,32.7673],[-96.9261,32.7689],[-96.9261,32.7821],[-96.9189,32.7857],[-96.9157,32.7843],[-96.9139,32.7845],[-96.9115,32.7875],[-96.9104,32.7923],[-96.9074,32.7971],[-96.9041,32.7982],[-96.8985,32.7982],[-96.9015,32.8007],[-96.9057,32.8074],[-96.9059,32.8157],[-96.89,32.8312],[-96.8899,32.8451],[-96.8889,32.8478],[-96.8921,32.8472],[-96.8937,32.8483],[-96.8945,32.8508],[-96.8986,32.8505],[-96.8979,32.8525],[-96.8991,32.8536],[-96.9019,32.8522],[-96.9034,32.8528],[-96.9037,32.8541],[-96.9065,32.8541],[-96.9081,32.8561],[-96.9112,32.8554],[-96.9128,32.8581],[-96.9155,32.856],[-96.9167,32.8563],[-96.9171,32.8586],[-96.9193,32.8574],[-96.925,32.8587],[-96.9251,32.8596],[-96.9221,32.8614],[-96.9253,32.8633],[-96.9242,32.8657],[-96.9269,32.866],[-96.9269,32.8671],[-96.925,32.8682],[-96.925,32.8709],[-96.9273,32.8693],[-96.9307,32.8704],[-96.9316,32.8717],[-96.9311,32.8737],[-96.9626,32.8905],[-96.9827,32.9014],[-96.9853,32.9024],[-96.989,32.9016],[-96.9895,32.9029],[-96.9915,32.9027],[-96.9915,32.8789],[-96.9926,32.8776],[-97.0044,32.8779],[-97.0046,32.8739],[-97.0058,32.8736],[-97.0057,32.8719],[-97.0079,32.8703],[-97.0142,32.8684],[-97.0199,32.8615],[-97.0213,32.8569],[-97.0246,32.8566],[-97.0293,32.853],[-97.0336,32.8528],[-97.0338,32.8385]]]},"properties":{"GEOID":"4806","BASENAME":"6","NAME":"Congressional District 6","CD120":"06"}},
{"type":"Feature","geometry":{"type":"Polygon","coordinates":[[[-95.5827,29.654],[-95.584,29.6601],[-95.5806,29.6602],[-95.577,29.6693],[-95.5773,29.6746],[-95.5686,29.6741],[-95.5305,29.6764],[-95.53,29.6735],[-95.5252,29.6719],[-95.5149,29.6739],[-95.5107,29.6761],[-95.4956,29.6785],[-95.4852,29.6752],[-95.4626,29.6797],[-95.46,29.6814],[-95.4557,29.6813],[-95.4422,29.6909],[-95.4384,29.6899],[-95.4347,29.6921],[-95.432,29.6911],[-95.4294,29.6915],[-95.4286,29.6938],[-95.4256,29.6967],[-95.4232,29.6968],[-95.4204,29.6956],[-95.4172,29.6977],[-95.4121,29.6973],[-95.38,29.738],[-95.3808,29.7385],[-95.38,29.7396],[-95.3791,29.739],[-95.3785,29.7398],[-95.3811,29.7413],[-95.3792,29.7438],[-95.3809,29.7448],[-95.3816,29.7471],[-95.3837,29.7484],[-95.3857,29.7482],[-95.3857,29.7617],[-95.3828,29.7639],[-95.3809,29.7619],[-95.3789,29.7623],[-95.3768,29.761],[-95.3732,29.7612],[-95.367,29.7655],[-95.365,29.7702],[-95.3667,29.7739],[-95.3553,29.7784],[-95.353,29.7783],[-95.3533,29.8],[-95.3611,29.8],[-95.361,29.7966],[-95.3678,29.797],[-95.3679,29.7993],[-95.3719,29.7981],[-95.3736,29.8087],[-95.3753,29.8132],[-95.3792,29.814],[-95.4304,29.8126],[-95.4418,29.8087],[-95.4455,29.8065],[-95.4499,29.8016],[-95.4513,29.795],[-95.4523,29.7909],[-95.4521,29.7841],[-95.454,29.7805],[-95.45,29.7788],[-95.4415,29.7787],[-95.4482,29.7686],[-95.4397,29.7653],[-95.4338,29.7651],[-95.4273,29.7635],[-95.4283,29.7605],[-95.4252,29.7566],[-95.4242,29.7583],[-95.4223,29.7573],[-95.4203,29.7593],[-95.4183,29.7575],[-95.416,29.7602],[-95.4135,29.7601],[-95.413,29.7624],[-95.4088,29.7606],[-95.4084,29.7564],[-95.4107,29.7546],[-95.4106,29.7447],[-95.4192,29.7447],[-95.4223,29.7441],[-95.4223,29.7431],[-95.425,29.7431],[-95.4249,29.7421],[-95.4482,29.7416],[-95.4473,29.7335],[-95.4451,29.7335],[-95.4451,29.7326],[-95.448,29.7325],[-95.4479,29.73],[-95.4558,29.7303],[-95.4604,29.729],[-95.4566,29.7475],[-95.4584,29.7497],[-95.4613,29.7503],[-95.486,29.7499],[-95.4843,29.7377],[-95.5009,29.7375],[-95.501,29.7228],[-95.5139,29.7217],[-95.5142,29.7374],[-95.5212,29.7373],[-95.5216,29.7419],[-95.523,29.7422],[-95.5231,29.743],[-95.5266,29.7429],[-95.5285,29.7449],[-95.5284,29.7461],[-95.5294,29.7458],[-95.5314,29.7472],[-95.5348,29.7463],[-95.5384,29.7475],[-95.5389,29.7371],[-95.5577,29.7369],[-95.6058,29.7362],[-95.6047,29.714],[-95.5964,29.7147],[-95.5963,29.7109],[-95.5917,29.7109],[-95.5916,29.7078],[-95.5905,29.7078],[-95.5906,29.7101],[-95.588,29.7102],[-95.5879,29.7071],[-95.5899,29.7071],[-95.5899,29.7037],[-95.6095,29.7034],[-95.6095,29.7013],[-95.6146,29.7013],[-95.6143,29.6885],[-95.627,29.6879],[-95.6339,29.6902],[-95.65,29.6896],[-95.6871,29.7101],[-95.691,29.7074],[-95.7755,29.7006],[-95.7746,29.6971],[-95.7685,29.6899],[-95.7659,29.6816],[-95.7535,29.6731],[-95.7444,29.6646],[-95.715,29.6651],[-95.7149,29.6609],[-95.7079,29.661],[-95.7079,29.6585],[-95.7025,29.6574],[-95.7001,29.6558],[-95.7012,29.6547],[-95.7013,29.652],[-95.7091,29.6493],[-95.7046,29.6376],[-95.7001,29.6395],[-95.6961,29.6391],[-95.6947,29.6373],[-95.6945,29.6457],[-95.6818,29.6458],[-95.6827,29.6417],[-95.6802,29.6407],[-95.6826,29.6363],[-95.6829,29.6333],[-95.6744,29.6335],[-95.6742,29.6198],[-95.6758,29.6155],[-95.677,29.6147],[-95.6784,29.6152],[-95.678,29.6178],[-95.6793,29.6195],[-95.6836,29.6191],[-95.6838,29.6165],[-95.7045,29.6262],[-95.7142,29.6263],[-95.7136,29.5986],[-95.7155,29.5984],[-95.7153,29.5892],[-95.7136,29.5874],[-95.7157,29.5839],[-95.7158,29.5812],[-95.7103,29.5786],[-95.7084,29.5739],[-95.7132,29.5714],[-95.7176,29.5716],[-95.7192,29.5682],[-95.7202,29.568],[-95.7204,29.5655],[-95.7239,29.5587],[-95.7174,29.556],[-95.7314,29.5531],[-95.7472,29.5466],[-95.7439,29.5441],[-95.7366,29.5421],[-95.7027,29.5376],[-95.6904,29.5616],[-95.6741,29.565],[-95.6683,29.5683],[-95.6647,29.5645],[-95.6556,29.5638],[-95.6455,29.5606],[-95.6437,29.5578],[-95.6442,29.5517],[-95.6377,29.5501],[-95.6387,29.573],[-95.6404,29.5783],[-95.6398,29.6069],[-95.6479,29.6121],[-95.6493,29.6138],[-95.6515,29.6332],[-95.6516,29.6444],[-95.6392,29.6445],[-95.6398,29.6713],[-95.6233,29.672],[-95.623,29.6622],[-95.5971,29.6606],[-95.5827,29.654]]]},"properties":{"GEOID":"4807","BASENAME":"7","NAME":"Congressional District 7","CD120":"07"}},
{"type":"Feature","geometry":{"type":"Polygon","coordinates":[[[-95.5487,29.8841],[-95.5488,29.8792],[-95.5503,29.8764],[-95.5609,29.8714],[-95.5635,29.8683],[-95.5637,29.8503],[-95.5488,29.8502],[-95.5488,29.8445],[-95.5462,29.8444],[-95.5462,29.8322],[-95.5093,29.8327],[-95.5092,29.8239],[-95.5071,29.824],[-95.5072,29.8229],[-95.5165,29.8211],[-95.5263,29.8219],[-95.5262,29.8158],[-95.5215,29.8158],[-95.5215,29.8174],[-95.5175,29.8174],[-95.5169,29.8148],[-95.5141,29.8148],[-95.514,29.8095],[-95.5165,29.8094],[-95.5164,29.8035],[-95.5116,29.8026],[-95.4625,29.8032],[-95.4513,29.795],[-95.4499,29.8016],[-95.4455,29.8065],[-95.4418,29.8087],[-95.4304,29.8126],[-95.3792,29.814],[-95.3753,29.8132],[-95.3736,29.8087],[-95.3719,29.7981],[-95.3679,29.7993],[-95.3678,29.797],[-95.361,29.7966],[-95.3611,29.8],[-95.3533,29.8],[-95.3504,29.8001],[-95.3505,29.8033],[-95.3479,29.8031],[-95.3521,29.8197],[-95.3355,29.8199],[-95.2986,29.9109],[-95.2874,29.9409],[-95.2787,29.9412],[-95.2725,29.9403],[-95.2558,29.9352],[-95.2357,29.9344],[-95.2118,29.9347],[-95.206,29.9323],[-95.1938,29.9449],[-95.2144,29.9561],[-95.2115,29.9566],[-95.2101,29.9608],[-95.2054,29.9632],[-95.2055,29.9644],[-95.2104,29.9644],[-95.2123,29.9739],[-95.2124,29.9994],[-95.2402,29.9993],[-95.2417,29.996],[-95.2453,29.9956],[-95.2467,29.9919],[-95.2466,29.9874],[-95.25,29.9871],[-95.2502,29.9838],[-95.2485,29.9808],[-95.248,29.962],[-95.2538,29.9617],[-95.2682,29.9545],[-95.2688,29.9571],[-95.2716,29.9591],[-95.2718,29.9651],[-95.2816,29.9648],[-95.2846,29.9657],[-95.2772,29.9824],[-95.2764,29.9821],[-95.2767,29.9838],[-95.2698,30.0013],[-95.2842,30.0015],[-95.2842,30.005],[-95.2682,30.005],[-95.257,30.0315],[-95.2533,30.0307],[-95.2499,30.0435],[-95.2641,30.0321],[-95.2725,30.0324],[-95.283,30.0306],[-95.2927,30.0278],[-95.2941,30.0298],[-95.2999,30.0322],[-95.3027,30.0322],[-95.3047,30.0296],[-95.3108,30.0329],[-95.3118,30.0323],[-95.3134,30.0331],[-95.3159,30.0314],[-95.3178,30.0345],[-95.3223,30.033],[-95.3225,30.0311],[-95.3215,30.0301],[-95.3265,30.0263],[-95.3272,30.0285],[-95.3305,30.0307],[-95.3332,30.0291],[-95.336,30.0305],[-95.3368,30.0288],[-95.339,30.028],[-95.3477,30.0281],[-95.35,30.0294],[-95.3507,30.0315],[-95.3542,30.0337],[-95.3552,30.0333],[-95.3588,30.0361],[-95.366,30.0315],[-95.3674,30.0337],[-95.3464,30.0453],[-95.3543,30.0563],[-95.3588,30.0605],[-95.3654,30.0631],[-95.3729,30.07],[-95.3773,30.0708],[-95.379,30.0701],[-95.3755,30.0643],[-95.3915,30.0552],[-95.3827,30.0412],[-95.3824,30.0404],[-95.3845,30.0382],[-95.3888,30.0365],[-95.3907,30.0369],[-95.3981,30.0355],[-95.3997,30.0362],[-95.4011,30.0346],[-95.4043,30.0332],[-95.4045,30.0315],[-95.4063,30.0309],[-95.4081,30.0319],[-95.4083,30.0338],[-95.4103,30.0363],[-95.4133,30.0375],[-95.4166,30.0374],[-95.4194,30.0355],[-95.4236,30.0344],[-95.4265,30.0359],[-95.4291,30.0357],[-95.431,30.0346],[-95.4316,30.0356],[-95.4332,30.0358],[-95.435,30.034],[-95.4377,30.0347],[-95.4412,30.0342],[-95.444,30.0368],[-95.4476,30.0356],[-95.4512,30.0377],[-95.4535,30.036],[-95.4613,30.0349],[-95.4625,30.0328],[-95.4645,30.0325],[-95.4676,30.0264],[-95.4725,30.0274],[-95.4764,30.0244],[-95.4638,30.007],[-95.5131,29.9797],[-95.5101,29.9761],[-95.5083,29.9716],[-95.5116,29.9702],[-95.5106,29.9688],[-95.5077,29.97],[-95.5075,29.9693],[-95.5042,29.9702],[-95.5038,29.9694],[-95.5072,29.9685],[-95.5065,29.9669],[-95.5109,29.9651],[-95.5104,29.9641],[-95.5141,29.9625],[-95.5094,29.9563],[-95.5204,29.9502],[-95.5197,29.9492],[-95.5299,29.9506],[-95.5093,29.9147],[-95.4957,29.9149],[-95.4957,29.9141],[-95.4945,29.9155],[-95.4938,29.92],[-95.48,29.9113],[-95.4804,29.8997],[-95.4957,29.8997],[-95.4956,29.8914],[-95.4947,29.8913],[-95.4944,29.8892],[-95.504,29.8881],[-95.5041,29.8867],[-95.5069,29.8864],[-95.507,29.8742],[-95.5106,29.8738],[-95.5132,29.8749],[-95.5141,29.8768],[-95.5232,29.8756],[-95.5247,29.8771],[-95.5247,29.8738],[-95.5373,29.8739],[-95.5373,29.8797],[-95.539,29.8818],[-95.5441,29.8822],[-95.5459,29.8839],[-95.5487,29.8841]]]},"properties":{"GEOID":"4829","BASENAME":"29","NAME":"Congressional District 29","CD120":"29"}},
{"type":"Feature","geometry":{"type":"Polygon","coordinates":[[[-95.6871,29.7101],[-95.65,29.6896],[-95.6339,29.6902],[-95.627,29.6879],[-95.6143,29.6885],[-95.6146,29.7013],[-95.6095,29.7013],[-95.6095,29.7034],[-95.5899,29.7037],[-95.5899,29.7071],[-95.5879,29.7071],[-95.588,29.7102],[-95.5906,29.7101],[-95.5905,29.7078],[-95.5916,29.7078],[-95.5917,29.7109],[-95.5963,29.7109],[-95.5964,29.7147],[-95.6047,29.714],[-95.6058,29.7362],[-95.5577,29.7369],[-95.5583,29.7622],[-95.5596,29.7607],[-95.5627,29.762],[-95.5697,29.7621],[-95.5784,29.767],[-95.5809,29.7658],[-95.5855,29.7653],[-95.5894,29.7599],[-95.5854,29.751],[-95.5886,29.7436],[-95.5929,29.745],[-95.6041,29.7445],[-95.6041,29.7463],[-95.6061,29.7462],[-95.6062,29.7619],[-95.6121,29.7606],[-95.6191,29.7647],[-95.6185,29.7694],[-95.6213,29.7714],[-95.6173,29.7805],[-95.6177,29.7875],[-95.6264,29.7877],[-95.6316,29.7923],[-95.6339,29.7972],[-95.6333,29.7978],[-95.6319,29.7972],[-95.6335,29.7995],[-95.6322,29.8],[-95.633,29.8007],[-95.6318,29.8033],[-95.6333,29.8035],[-95.6346,29.8057],[-95.6342,29.8076],[-95.6302,29.8102],[-95.63,29.812],[-95.6273,29.8146],[-95.6268,29.8163],[-95.6249,29.8172],[-95.625,29.8187],[-95.6239,29.8195],[-95.6254,29.82],[-95.6252,29.8225],[-95.6237,29.823],[-95.6237,29.8244],[-95.6222,29.8247],[-95.6237,29.8271],[-95.6227,29.8283],[-95.6242,29.8287],[-95.6259,29.8317],[-95.6247,29.8338],[-95.626,29.8343],[-95.6261,29.8368],[-95.6249,29.8372],[-95.6262,29.8402],[-95.6241,29.8416],[-95.6238,29.8438],[-95.6225,29.8443],[-95.623,29.8456],[-95.6182,29.8486],[-95.6178,29.8522],[-95.6244,29.8618],[-95.6249,29.8655],[-95.624,29.8696],[-95.6254,29.8703],[-95.6329,29.869],[-95.633,29.8793],[-95.6496,29.8792],[-95.6524,29.8884],[-95.6561,29.8877],[-95.657,29.8886],[-95.6611,29.8883],[-95.6641,29.8896],[-95.6665,29.8876],[-95.6669,29.8903],[-95.671,29.8898],[-95.6715,29.8876],[-95.6752,29.8874],[-95.6757,29.8897],[-95.6773,29.891],[-95.6834,29.8906],[-95.686,29.9085],[-95.6986,29.9076],[-95.7037,29.9094],[-95.7043,29.9032],[-95.7067,29.9047],[-95.7178,29.9044],[-95.7236,29.9077],[-95.7297,29.9094],[-95.7324,29.9121],[-95.7504,29.9124],[-95.7504,29.9115],[-95.7519,29.9117],[-95.7532,29.9105],[-95.7541,29.9115],[-95.7615,29.9117],[-95.7638,29.9356],[-95.7694,29.9469],[-95.7696,29.9611],[-95.7722,29.9623],[-95.7755,29.9614],[-95.7764,29.9598],[-95.7801,29.9576],[-95.795,29.956],[-95.8037,29.9514],[-95.8083,29.9501],[-95.8091,29.9956],[-95.8151,29.9961],[-95.8158,30.0696],[-95.8125,30.0696],[-95.8132,30.0844],[-95.8096,30.0853],[-95.8093,30.0883],[-95.801,30.0915],[-95.7993,30.0901],[-95.7889,30.092],[-95.789,30.0947],[-95.7856,30.0939],[-95.7816,30.0904],[-95.7774,30.0897],[-95.7767,30.0907],[-95.7745,30.0912],[-95.7725,30.0902],[-95.7711,30.0875],[-95.7688,30.0876],[-95.7683,30.0886],[-95.7651,30.0885],[-95.7638,30.0871],[-95.7611,30.0864],[-95.7597,30.0878],[-95.7596,30.0901],[-95.749,30.0958],[-95.7444,30.095],[-95.7425,30.0966],[-95.734,30.0935],[-95.725,30.0971],[-95.7227,30.1],[-95.7172,30.0994],[-95.7146,30.1024],[-95.7128,30.1017],[-95.707,30.1029],[-95.7049,30.1021],[-95.7013,30.0985],[-95.6964,30.0993],[-95.691,30.0988],[-95.687,30.1013],[-95.6869,30.1034],[-95.6881,30.1036],[-95.6862,30.1066],[-95.6838,30.1074],[-95.6796,30.1059],[-95.6728,30.1016],[-95.669,30.1014],[-95.6676,30.1022],[-95.6673,30.1057],[-95.6614,30.1093],[-95.6616,30.1114],[-95.6589,30.1123],[-95.6588,30.1103],[-95.654,30.1092],[-95.6545,30.111],[-95.653,30.1115],[-95.6524,30.1139],[-95.6469,30.1187],[-95.639,30.1224],[-95.6369,30.1264],[-95.6348,30.1256],[-95.6295,30.1278],[-95.6274,30.1277],[-95.6262,30.1263],[-95.6239,30.1267],[-95.624,30.1285],[-95.626,30.1289],[-95.6247,30.1302],[-95.6255,30.1313],[-95.6232,30.1358],[-95.6061,30.1345],[-95.6055,30.1336],[-95.6029,30.1337],[-95.6025,30.1328],[-95.6022,30.1337],[-95.6008,30.1327],[-95.5968,30.1345],[-95.598,30.1688],[-95.6009,30.1744],[-95.6007,30.1768],[-95.5888,30.1949],[-95.5792,30.2053],[-95.5701,30.211],[-95.5682,30.2143],[-95.5675,30.2363],[-95.5708,30.2394],[-95.5722,30.2429],[-95.5776,30.2458],[-95.5789,30.2474],[-95.579,30.2536],[-95.577,30.2536],[-95.5765,30.2555],[-95.575,30.2556],[-95.5743,30.2569],[-95.5735,30.2563],[-95.5718,30.2573],[-95.5692,30.2561],[-95.567,30.2564],[-95.5664,30.258],[-95.5628,30.2576],[-95.5621,30.2565],[-95.5605,30.257],[-95.5607,30.2557],[-95.5597,30.2565],[-95.5586,30.2557],[-95.5593,30.2551],[-95.558,30.2545],[-95.5557,30.2554],[-95.5554,30.2566],[-95.5524,30.2562],[-95.5506,30.2576],[-95.5493,30.2574],[-95.5465,30.2587],[-95.5447,30.2581],[-95.5444,30.2621],[-95.5429,30.2627],[-95.5424,30.2641],[-95.5395,30.2648],[-95.5373,30.2641],[-95.5378,30.2635],[-95.5366,30.2622],[-95.5334,30.2626],[-95.5264,30.2667],[-95.5242,30.2699],[-95.5235,30.27],[-95.5232,30.2685],[-95.5207,30.2686],[-95.5195,30.2701],[-95.5209,30.2703],[-95.5205,30.2725],[-95.5186,30.2748],[-95.5168,30.2748],[-95.5151,30.272],[-95.512,30.2707],[-95.5089,30.2727],[-95.5056,30.2728],[-95.498,30.2675],[-95.493,30.2679],[-95.4901,30.2665],[-95.4872,30.2618],[-95.4843,30.2604],[-95.4849,30.2567],[-95.4819,30.2557],[-95.4809,30.2537],[-95.4743,30.2513],[-95.4732,30.2489],[-95.4686,30.2471],[-95.4654,30.2488],[-95.461,30.2476],[-95.4568,30.2446],[-95.4543,30.2451],[-95.4537,30.2481],[-95.4517,30.2486],[-95.4483,30.2454],[-95.4482,30.2422],[-95.4442,30.2423],[-95.4427,30.2405],[-95.4394,30.24],[-95.4374,30.2378],[-95.4364,30.2379],[-95.4357,30.2396],[-95.4345,30.2394],[-95.4345,30.2354],[-95.4321,30.2334],[-95.4325,30.2313],[-95.4264,30.2316],[-95.4269,30.2299],[-95.4257,30.2243],[-95.4235,30.2239],[-95.4168,30.2253],[-95.4149,30.2249],[-95.4109,30.219],[-95.4059,30.2149],[-95.4015,30.2175],[-95.3979,30.2168],[-95.396,30.2141],[-95.3978,30.2105],[-95.3816,30.2161],[-95.3647,30.2121],[-95.3608,30.2121],[-95.3578,30.213],[-95.3609,30.2238],[-95.3645,30.2273],[-95.3612,30.2289],[-95.3288,30.229],[-95.3304,30.2367],[-95.3288,30.2428],[-95.325,30.2394],[-95.3228,30.2389],[-95.3193,30.2301],[-95.3029,30.2302],[-95.3012,30.2323],[-95.2989,30.2321],[-95.2985,30.2371],[-95.3007,30.2385],[-95.3008,30.243],[-95.3122,30.2571],[-95.3006,30.2602],[-95.294,30.2601],[-95.2648,30.2539],[-95.2588,30.2551],[-95.254,30.2574],[-95.2389,30.2597],[-95.2272,30.2854],[-95.2289,30.3123],[-95.2223,30.3127],[-95.2259,30.3181],[-95.225,30.3189],[-95.2256,30.3195],[-95.2265,30.3201],[-95.2253,30.3211],[-95.2254,30.3226],[-95.2276,30.326],[-95.222,30.3323],[-95.2223,30.3344],[-95.2205,30.3358],[-95.2206,30.3374],[-95.2182,30.3371],[-95.2124,30.3392],[-95.2112,30.3387],[-95.2092,30.3434],[-95.2073,30.3437],[-95.2072,30.346],[-95.2066,30.3454],[-95.2031,30.348],[-95.2038,30.3521],[-95.2108,30.3544],[-95.2128,30.3532],[-95.2142,30.3535],[-95.2143,30.3545],[-95.2164,30.3546],[-95.2207,30.3616],[-95.2271,30.3638],[-95.2273,30.3675],[-95.231,30.3715],[-95.2334,30.3721],[-95.2332,30.3736],[-95.2366,30.3795],[-95.2496,30.3825],[-95.2502,30.3836],[-95.2541,30.3828],[-95.2646,30.3846],[-95.2686,30.3864],[-95.2712,30.3895],[-95.2749,30.3909],[-95.2772,30.3937],[-95.2819,30.3952],[-95.2884,30.3955],[-95.2998,30.4024],[-95.3033,30.4024],[-95.3084,30.4058],[-95.3109,30.4105],[-95.3141,30.4124],[-95.3171,30.4196],[-95.3308,30.4356],[-95.3303,30.4431],[-95.337,30.4509],[-95.3414,30.4645],[-95.3456,30.4683],[-95.3482,30.4742],[-95.3507,30.4761],[-95.3502,30.4799],[-95.3516,30.4813],[-95.3534,30.4876],[-95.3531,30.4944],[-95.3592,30.5044],[-95.3465,30.6252],[-95.3386,30.7378],[-95.4038,30.7277],[-95.4146,30.7207],[-95.4272,30.7083],[-95.4307,30.7072],[-95.4471,30.7063],[-95.4526,30.7177],[-95.4554,30.717],[-95.4539,30.7215],[-95.4617,30.7261],[-95.4638,30.726],[-95.4644,30.7268],[-95.4656,30.7262],[-95.4657,30.727],[-95.4683,30.7273],[-95.4683,30.7283],[-95.47,30.729],[-95.4699,30.7305],[-95.4719,30.7322],[-95.4714,30.7343],[-95.4743,30.7365],[-95.4736,30.7383],[-95.4751,30.7397],[-95.475,30.7419],[-95.4741,30.7431],[-95.472,30.7434],[-95.4711,30.7467],[-95.4725,30.7505],[-95.4761,30.7548],[-95.4751,30.7593],[-95.478,30.7637],[-95.4797,30.7634],[-95.4813,30.7649],[-95.4811,30.7676],[-95.4782,30.7714],[-95.4802,30.7747],[-95.4825,30.7755],[-95.4796,30.7795],[-95.4789,30.784],[-95.4834,30.7842],[-95.487,30.7863],[-95.4912,30.7906],[-95.4928,30.7969],[-95.4961,30.7974],[-95.4966,30.7984],[-95.4977,30.7961],[-95.4962,30.793],[-95.4966,30.7887],[-95.5016,30.7859],[-95.5054,30.7819],[-95.5081,30.7819],[-95.5078,30.7791],[-95.5099,30.778],[-95.5111,30.7785],[-95.5132,30.7765],[-95.512,30.775],[-95.5126,30.7736],[-95.5142,30.7739],[-95.5147,30.7725],[-95.5202,30.7743],[-95.5214,30.7735],[-95.523,30.7749],[-95.5266,30.773],[-95.5265,30.7717],[-95.5274,30.7723],[-95.5276,30.7696],[-95.5315,30.768],[-95.5314,30.7656],[-95.5351,30.7663],[-95.536,30.7657],[-95.5428,30.769],[-95.5446,30.7637],[-95.5541,30.7635],[-95.5502,30.7561],[-95.5488,30.7435],[-95.5501,30.7342],[-95.551,30.7346],[-95.5523,30.7333],[-95.5529,30.7238],[-95.5561,30.7237],[-95.5562,30.7141],[-95.5511,30.7141],[-95.5512,30.71],[-95.55,30.708],[-95.5438,30.7054],[-95.5455,30.7015],[-95.5498,30.6971],[-95.5539,30.6953],[-95.5505,30.6921],[-95.5269,30.6806],[-95.5208,30.6766],[-95.5116,30.6612],[-95.5105,30.6576],[-95.5052,30.598],[-95.5088,30.5985],[-95.5122,30.5957],[-95.5254,30.5925],[-95.5288,30.593],[-95.5306,30.5945],[-95.5347,30.5946],[-95.5358,30.5961],[-95.5437,30.5948],[-95.5467,30.5907],[-95.5463,30.5888],[-95.5474,30.588],[-95.5514,30.5869],[-95.5543,30.5873],[-95.5572,30.5852],[-95.5593,30.5856],[-95.5601,30.5869],[-95.5615,30.5868],[-95.563,30.5845],[-95.5636,30.585],[-95.5654,30.584],[-95.5695,30.5852],[-95.5839,30.5843],[-95.6145,30.589],[-95.6235,30.5688],[-95.6271,30.5664],[-95.6347,30.5645],[-95.6413,30.5595],[-95.6412,30.557],[-95.6426,30.5546],[-95.657,30.5397],[-95.8302,30.6303],[-95.8173,30.4987],[-95.8046,30.3417],[-95.8043,30.2456],[-95.9233,30.2373],[-95.9538,30.237],[-96.0889,30.2287],[-96.0932,30.2252],[-96.0931,30.2204],[-96.0974,30.2145],[-96.1094,30.2199],[-96.1137,30.2272],[-96.1159,30.2279],[-96.1172,30.2273],[-96.1186,30.2234],[-96.1292,30.211],[-96.1363,30.2108],[-96.1402,30.2122],[-96.1444,30.2179],[-96.1465,30.2184],[-96.1478,30.2176],[-96.1499,30.213],[-96.159,30.2066],[-96.1592,30.2018],[-96.1583,30.1992],[-96.1591,30.1951],[-96.157,30.1891],[-96.16,30.1821],[-96.1592,30.1804],[-96.1546,30.1771],[-96.1552,30.1732],[-96.1609,30.1686],[-96.162,30.1649],[-96.16,30.1618],[-96.1534,30.1595],[-96.1501,30.1554],[-96.1511,30.1469],[-96.1535,30.142],[-96.1569,30.1414],[-96.1606,30.1431],[-96.1763,30.1548],[-96.1807,30.1557],[-96.1832,30.1524],[-96.1826,30.1494],[-96.1782,30.145],[-96.1746,30.1437],[-96.1719,30.1412],[-96.1718,30.1398],[-96.1726,30.1386],[-96.1759,30.1377],[-96.1818,30.1409],[-96.1861,30.1419],[-96.1878,30.1417],[-96.1918,30.1384],[-96.1914,30.1347],[-96.1883,30.132],[-96.1864,30.1281],[-96.1799,30.123],[-96.1787,30.1198],[-96.1793,30.1178],[-96.1808,30.1171],[-96.1898,30.1185],[-96.1912,30.1176],[-96.1917,30.1152],[-96.1887,30.1105],[-96.1861,30.1093],[-96.1835,30.1092],[-96.175,30.1124],[-96.1726,30.1108],[-96.1714,30.1081],[-96.1747,30.1027],[-96.1736,30.1],[-96.1713,30.0989],[-96.1681,30.099],[-96.1643,30.1012],[-96.1603,30.1081],[-96.1559,30.1087],[-96.154,30.108],[-96.1526,30.1025],[-96.159,30.097],[-96.1584,30.0917],[-96.1544,30.0865],[-96.1521,30.085],[-96.1453,30.0852],[-96.1423,30.0842],[-96.1409,30.0768],[-96.1354,30.0732],[-96.1338,30.071],[-96.1341,30.0681],[-96.137,30.067],[-96.1429,30.0709],[-96.1478,30.076],[-96.1512,30.0764],[-96.1519,30.0752],[-96.1505,30.0722],[-96.1455,30.0699],[-96.1443,30.0681],[-96.1441,30.0669],[-96.1463,30.0658],[-96.1464,30.0645],[-96.1389,30.0569],[-96.1147,30.0488],[-96.1096,30.0425],[-96.1071,30.0361],[-96.1087,30.032],[-96.1133,30.029],[-96.1132,30.027],[-96.1083,30.0249],[-96.1063,30.0249],[-96.103,30.0257],[-96.0999,30.0282],[-96.0966,30.0276],[-96.0947,30.0254],[-96.0905,30.014],[-96.0845,30.0051],[-96.0848,30.0019],[-96.0863,29.9999],[-96.0916,29.9982],[-96.0984,30.004],[-96.1011,30.0041],[-96.1045,29.9964],[-96.102,29.9866],[-96.0957,29.9781],[-96.1029,29.9672],[-96.0947,29.9643],[-96.093,29.9632],[-96.0928,29.9615],[-96.0949,29.9598],[-96.1035,29.9614],[-96.1052,29.9592],[-96.1077,29.9593],[-96.111,29.9617],[-96.1144,29.9625],[-96.1228,29.9685],[-96.1242,29.9681],[-96.126,29.965],[-96.1241,29.959],[-96.1195,29.955],[-96.1064,29.9555],[-96.1038,29.9524],[-96.1035,29.9466],[-96.1008,29.9435],[-96.1014,29.9414],[-96.1031,29.9404],[-96.1084,29.9406],[-96.1131,29.9431],[-96.1157,29.9465],[-96.1215,29.9492],[-96.1229,29.949],[-96.1311,29.9387],[-96.1316,29.935],[-96.1301,29.9324],[-96.1195,29.9282],[-96.1132,29.9144],[-96.1151,29.9114],[-96.1238,29.9071],[-96.1261,29.9032],[-96.1259,29.8977],[-96.1241,29.895],[-96.1173,29.8909],[-96.1093,29.8889],[-96.1043,29.8826],[-96.0947,29.8841],[-96.0925,29.8818],[-96.0929,29.8794],[-96.0958,29.8767],[-96.1019,29.8747],[-96.1103,29.8738],[-96.1122,29.8726],[-96.1121,29.8657],[-96.1102,29.8587],[-96.1017,29.854],[-96.1009,29.8525],[-96.1045,29.8505],[-96.1105,29.85],[-96.1162,29.8475],[-96.1213,29.842],[-96.1221,29.8394],[-96.1189,29.8326],[-96.1079,29.8223],[-96.1054,29.8229],[-96.0996,29.8274],[-96.0982,29.8267],[-96.0987,29.8203],[-96.1033,29.8124],[-96.1025,29.8097],[-96.0928,29.8086],[-96.0795,29.8044],[-96.0743,29.8051],[-96.0699,29.807],[-96.0646,29.8069],[-96.0608,29.8046],[-96.0583,29.7998],[-96.0563,29.7997],[-96.0536,29.8024],[-96.0491,29.8031],[-96.0422,29.7953],[-96.0414,29.7893],[-96.043,29.7791],[-96.0364,29.7721],[-96.0293,29.7526],[-96.031,29.746],[-96.04,29.7389],[-96.0371,29.7336],[-96.0344,29.7319],[-96.0327,29.7279],[-95.9709,29.7286],[-95.9713,29.7405],[-95.9509,29.7408],[-95.8262,29.7883],[-95.8569,29.8746],[-95.7738,29.8752],[-95.7737,29.8606],[-95.7571,29.8608],[-95.7569,29.8463],[-95.7687,29.8461],[-95.7637,29.8429],[-95.7627,29.8432],[-95.7629,29.8413],[-95.7589,29.8389],[-95.76,29.8374],[-95.7592,29.8362],[-95.7601,29.8341],[-95.7561,29.8339],[-95.7549,29.8329],[-95.7536,29.8337],[-95.7525,29.8318],[-95.7397,29.8318],[-95.7394,29.8174],[-95.7376,29.8174],[-95.7347,29.8154],[-95.7038,29.8151],[-95.704,29.802],[-95.7058,29.8022],[-95.7107,29.8054],[-95.7203,29.8046],[-95.719,29.8009],[-95.7189,29.7849],[-95.6603,29.7845],[-95.6603,29.7822],[-95.6495,29.7821],[-95.6469,29.7804],[-95.6464,29.7488],[-95.6477,29.7446],[-95.6576,29.73],[-95.6883,29.7109],[-95.6871,29.7101]]]},"properties":{"GEOID":"4808","BASENAME":"8","NAME":"Congressional District 8","CD120":"08"}},
{"type":"Feature","geometry":{"type":"Polygon","coordinates":[[[-95.1994,29.9246],[-95.2026,29.901],[-95.2024,29.8907],[-95.2014,29.8882],[-95.1872,29.8709],[-95.1863,29.8485],[-95.1852,29.8437],[-95.2801,29.8025],[-95.2702,29.7958],[-95.2672,29.7902],[-95.2635,29.7802],[-95.2654,29.7696],[-95.259,29.7686],[-95.2591,29.7734],[-95.2513,29.7733],[-95.2511,29.7675],[-95.2561,29.7682],[-95.2559,29.7599],[-95.2517,29.7599],[-95.2516,29.7576],[-95.2543,29.7575],[-95.2538,29.7304],[-95.2811,29.7486],[-95.2812,29.7541],[-95.2795,29.7555],[-95.2794,29.7591],[-95.2782,29.7606],[-95.2783,29.7667],[-95.2797,29.768],[-95.2838,29.7679],[-95.284,29.7819],[-95.2873,29.7817],[-95.2882,29.7808],[-95.2884,29.7882],[-95.3119,29.7874],[-95.3124,29.7865],[-95.3125,29.7653],[-95.3141,29.7642],[-95.3155,29.7647],[-95.32,29.7561],[-95.3157,29.7547],[-95.313,29.7555],[-95.3083,29.7546],[-95.3048,29.7558],[-95.3029,29.7539],[-95.314,29.7372],[-95.3325,29.7186],[-95.3333,29.7157],[-95.3217,29.6777],[-95.3074,29.681],[-95.3064,29.6776],[-95.2933,29.6805],[-95.2891,29.674],[-95.2882,29.6748],[-95.2881,29.6776],[-95.2834,29.6772],[-95.2799,29.6794],[-95.2785,29.6788],[-95.2764,29.6795],[-95.2739,29.6785],[-95.2725,29.6804],[-95.2639,29.6715],[-95.2443,29.6417],[-95.2291,29.6277],[-95.2229,29.6285],[-95.211,29.637],[-95.198,29.623],[-95.1919,29.6267],[-95.1822,29.6268],[-95.1823,29.6303],[-95.1427,29.6312],[-95.1392,29.6332],[-95.1159,29.6336],[-95.1082,29.6349],[-95.1144,29.6413],[-95.11,29.6446],[-95.1107,29.6485],[-95.1099,29.6508],[-95.0301,29.6523],[-95.0291,29.6657],[-95.0306,29.6889],[-95.0287,29.6937],[-95.0123,29.7074],[-95.0009,29.714],[-94.9835,29.7137],[-94.9615,29.7219],[-94.9586,29.7291],[-94.9549,29.7292],[-94.9569,29.7304],[-94.9561,29.7319],[-94.9572,29.7322],[-94.9558,29.7355],[-94.9544,29.7356],[-94.9538,29.7369],[-94.955,29.7373],[-94.9539,29.7399],[-94.9452,29.7506],[-94.957,29.7487],[-94.9392,29.7793],[-94.9345,29.7735],[-94.9284,29.7722],[-94.9308,29.7836],[-94.9253,29.7844],[-94.9249,29.7829],[-94.9231,29.783],[-94.9209,29.7747],[-94.9163,29.7737],[-94.9172,29.7749],[-94.9201,29.7754],[-94.9197,29.7807],[-94.9213,29.7817],[-94.9184,29.7836],[-94.9182,29.7856],[-94.917,29.7863],[-94.9186,29.7872],[-94.9178,29.7888],[-94.9194,29.7911],[-94.9214,29.7923],[-94.9193,29.7944],[-94.9232,29.7945],[-94.9242,29.7959],[-94.9221,29.7969],[-94.9233,29.7981],[-94.9221,29.8002],[-94.9227,29.8027],[-94.9169,29.8033],[-94.9172,29.805],[-94.916,29.8066],[-94.9124,29.8088],[-94.9136,29.8105],[-94.9119,29.8112],[-94.9132,29.8129],[-94.9118,29.8141],[-94.9116,29.8122],[-94.9105,29.812],[-94.9109,29.8139],[-94.9091,29.8138],[-94.9085,29.8151],[-94.9106,29.8157],[-94.9101,29.8165],[-94.9111,29.8182],[-94.9099,29.8196],[-94.909,29.8267],[-94.9129,29.8295],[-94.9267,29.8337],[-94.9346,29.8343],[-94.9452,29.8447],[-94.9474,29.8507],[-94.9526,29.855],[-94.968,29.8592],[-94.9709,29.8616],[-94.971,29.8633],[-94.973,29.8655],[-94.9771,29.8682],[-94.9759,29.873],[-94.9763,29.877],[-94.9815,29.8843],[-94.5002,29.8899],[-94.4422,29.8895],[-94.4449,30.113],[-94.5003,30.1119],[-94.5963,30.1121],[-94.7327,30.4901],[-94.7773,30.489],[-94.8494,30.4936],[-94.8426,30.4875],[-95.0066,30.414],[-95.0342,30.4033],[-95.0732,30.385],[-95.1659,30.345],[-95.0977,30.1704],[-95.0568,30.061],[-95.0634,30.0608],[-95.0634,30.0578],[-95.0957,30.0573],[-95.0934,30.0479],[-95.0981,30.0478],[-95.0981,30.046],[-95.0991,30.046],[-95.0974,30.0437],[-95.0976,30.0382],[-95.0986,30.0383],[-95.1009,30.0283],[-95.1019,30.0282],[-95.1018,30.0242],[-95.0995,30.0242],[-95.0994,30.0194],[-95.1029,30.0193],[-95.1099,29.9882],[-95.1315,29.9877],[-95.1293,29.9779],[-95.1543,29.9512],[-95.1481,29.9402],[-95.1705,29.937],[-95.1723,29.9354],[-95.1706,29.9373],[-95.1694,29.9373],[-95.1691,29.9379],[-95.1702,29.9416],[-95.1718,29.9414],[-95.1718,29.9405],[-95.1756,29.9405],[-95.1766,29.9304],[-95.1799,29.9263],[-95.1847,29.9245],[-95.1994,29.9246]]]},"properties":{"GEOID":"4809","BASENAME":"9","NAME":"Congressional District 9","CD120":"09"}},
{"type":"Feature","geometry":{"type":"Polygon","coordinates":[[[-96.6222,32.6177],[-96.6238,32.6189],[-96.6305,32.6207],[-96.628,32.6251],[-96.6289,32.6297],[-96.6506,32.6391],[-96.6546,32.6366],[-96.661,32.6396],[-96.6684,32.6407],[-96.677,32.6475],[-96.6805,32.6476],[-96.683,32.6492],[-96.678,32.6534],[-96.6712,32.6707],[-96.6726,32.6756],[-96.6775,32.6804],[-96.6784,32.695],[-96.683,32.698],[-96.6831,32.7111],[-96.6843,32.7125],[-96.6832,32.7132],[-96.711,32.7319],[-96.7246,32.7442],[-96.731,32.7458],[-96.7313,32.7475],[-96.7326,32.7474],[-96.7378,32.7518],[-96.7392,32.7542],[-96.7322,32.7586],[-96.7328,32.7604],[-96.7297,32.7638],[-96.731,32.7663],[-96.7295,32.7692],[-96.7281,32.7772],[-96.7292,32.7921],[-96.7606,32.7907],[-96.7671,32.7864],[-96.7717,32.7812],[-96.7763,32.7801],[-96.7782,32.7782],[-96.7805,32.7799],[-96.7869,32.7756],[-96.7991,32.7724],[-96.803,32.7689],[-96.8045,32.7653],[-96.8103,32.7588],[-96.8099,32.7502],[-96.8108,32.7474],[-96.8231,32.7398],[-96.8246,32.7328],[-96.8324,32.7343],[-96.8436,32.732],[-96.8593,32.7241],[-96.8781,32.7174],[-96.8889,32.712],[-96.9002,32.7079],[-96.9029,32.7058],[-96.9286,32.7062],[-96.9396,32.7055],[-96.9502,32.7059],[-96.9525,32.7071],[-96.9629,32.6969],[-96.9633,32.6876],[-96.9657,32.68],[-96.9702,32.6708],[-97.0114,32.676],[-97.0366,32.6762],[-97.0355,32.7393],[-97.0668,32.7352],[-97.0802,32.7352],[-97.0803,32.7209],[-97.1089,32.7211],[-97.1089,32.7225],[-97.11,32.7225],[-97.1101,32.7211],[-97.1123,32.7211],[-97.1126,32.7225],[-97.1147,32.7225],[-97.1147,32.7212],[-97.1233,32.7212],[-97.1233,32.7089],[-97.116,32.7083],[-97.1284,32.6916],[-97.1351,32.6789],[-97.134,32.667],[-97.1349,32.6513],[-97.1335,32.6444],[-97.1359,32.6327],[-97.1361,32.6249],[-97.1381,32.6187],[-97.1425,32.6117],[-97.1252,32.6115],[-97.1203,32.6139],[-97.1164,32.6082],[-97.1058,32.6134],[-97.0937,32.5966],[-97.0908,32.598],[-97.0832,32.5869],[-97.083,32.5888],[-97.0785,32.5902],[-97.0789,32.5859],[-97.0806,32.5831],[-97.0802,32.5803],[-97.0847,32.5649],[-97.0874,32.5621],[-97.0825,32.559],[-97.0792,32.5543],[-97.0801,32.5525],[-97.0779,32.5492],[-96.8944,32.5474],[-96.5294,32.5453],[-96.531,32.546],[-96.5415,32.5459],[-96.548,32.5512],[-96.55,32.5542],[-96.5511,32.5544],[-96.5544,32.5519],[-96.5561,32.5517],[-96.5612,32.5553],[-96.5667,32.5664],[-96.5754,32.5698],[-96.5731,32.5775],[-96.575,32.578],[-96.5779,32.5764],[-96.5821,32.5785],[-96.5806,32.5806],[-96.584,32.5825],[-96.5828,32.5848],[-96.5881,32.5967],[-96.5863,32.6005],[-96.5888,32.606],[-96.5952,32.6064],[-96.5983,32.6049],[-96.5994,32.6079],[-96.5977,32.6092],[-96.5944,32.6096],[-96.5953,32.6113],[-96.5985,32.6114],[-96.6027,32.6086],[-96.6059,32.61],[-96.6075,32.6128],[-96.6172,32.6122],[-96.6222,32.6177]]]},"properties":{"GEOID":"4830","BASENAME":"30","NAME":"Congressional District 30","CD120":"30"}},
{"type":"Feature","geometry":{"type":"Polygon","coordinates":[[[-98.6684,31.7005],[-98.7601,31.6879],[-98.78,31.6107],[-98.9409,31.5132],[-98.9635,31.5002],[-98.9777,31.4934],[-98.9916,31.4847],[-98.9874,31.4821],[-98.9869,31.4789],[-98.9912,31.4747],[-98.9935,31.4738],[-98.995,31.4667],[-98.9854,31.4618],[-98.9782,31.4563],[-98.965,31.4533],[-98.9635,31.4466],[-98.9643,31.4452],[-98.9672,31.4438],[-98.9665,31.4417],[-98.9676,31.4371],[-98.966,31.4351],[-98.9634,31.4351],[-98.9592,31.4414],[-98.953,31.4473],[-98.953,31.4488],[-98.9557,31.451],[-98.9538,31.4543],[-98.9488,31.4576],[-98.941,31.4586],[-98.9358,31.4557],[-98.9355,31.4465],[-98.9332,31.4369],[-98.9252,31.434],[-98.9218,31.4343],[-98.9179,31.436],[-98.913,31.4342],[-98.9093,31.4343],[-98.9035,31.4364],[-98.8956,31.4336],[-98.8875,31.4399],[-98.8855,31.4429],[-98.8747,31.4447],[-98.871,31.4437],[-98.8588,31.4343],[-98.8525,31.4204],[-98.8547,31.4138],[-98.8516,31.4125],[-98.8494,31.4126],[-98.8468,31.4106],[-98.8305,31.4102],[-98.819,31.4164],[-98.816,31.4171],[-98.8146,31.4158],[-98.8143,31.413],[-98.8169,31.4069],[-98.8133,31.4047],[-98.8056,31.4067],[-98.8013,31.4101],[-98.7994,31.4106],[-98.7885,31.4075],[-98.7789,31.4135],[-98.7766,31.4139],[-98.7737,31.4122],[-98.7728,31.4088],[-98.7747,31.4029],[-98.7756,31.3876],[-98.7795,31.3792],[-98.7779,31.3771],[-98.7717,31.3808],[-98.7678,31.3761],[-98.7637,31.3752],[-98.7616,31.376],[-98.757,31.3822],[-98.7534,31.3848],[-98.7514,31.3876],[-98.7554,31.3959],[-98.7557,31.4004],[-98.7519,31.4034],[-98.7454,31.4039],[-98.7425,31.405],[-98.7388,31.4114],[-98.7367,31.4173],[-98.7371,31.4206],[-98.7428,31.4281],[-98.7377,31.4304],[-98.7261,31.4283],[-98.7244,31.4274],[-98.724,31.4249],[-98.7255,31.416],[-98.7287,31.4144],[-98.7292,31.413],[-98.7253,31.4083],[-98.7184,31.404],[-98.7064,31.4076],[-98.6974,31.4076],[-98.6955,31.4056],[-98.6959,31.3943],[-98.693,31.39],[-98.6928,31.3879],[-98.6985,31.3855],[-98.7042,31.3804],[-98.7051,31.3693],[-98.7026,31.3647],[-98.7033,31.3601],[-98.7062,31.3559],[-98.7101,31.3564],[-98.7126,31.355],[-98.7128,31.3478],[-98.7114,31.3468],[-98.7066,31.3472],[-98.7027,31.3391],[-98.6966,31.3394],[-98.6905,31.3439],[-98.6828,31.3462],[-98.6771,31.3519],[-98.6709,31.3539],[-98.6699,31.3566],[-98.6703,31.3605],[-98.6677,31.3631],[-98.665,31.3644],[-98.6624,31.3642],[-98.6564,31.3692],[-98.6535,31.37],[-98.6506,31.368],[-98.6501,31.366],[-98.6548,31.3598],[-98.6546,31.3585],[-98.6517,31.3569],[-98.6487,31.3597],[-98.6461,31.3597],[-98.6444,31.359],[-98.6428,31.3566],[-98.6364,31.3529],[-98.6383,31.3467],[-98.6419,31.346],[-98.647,31.3407],[-98.6449,31.3354],[-98.6396,31.3324],[-98.6426,31.3274],[-98.6485,31.3235],[-98.6491,31.3176],[-98.6476,31.3149],[-98.6432,31.3145],[-98.6376,31.319],[-98.6322,31.3254],[-98.6299,31.326],[-98.621,31.3251],[-98.6186,31.3238],[-98.6181,31.3224],[-98.6224,31.3208],[-98.6243,31.3179],[-98.6304,31.316],[-98.6314,31.3119],[-98.6308,31.3102],[-98.6239,31.3094],[-98.6068,31.3121],[-98.6031,31.3137],[-98.5973,31.3187],[-98.5953,31.3217],[-98.5959,31.3237],[-98.5944,31.3264],[-98.5918,31.3269],[-98.5871,31.3253],[-98.586,31.3216],[-98.5867,31.3194],[-98.5905,31.3173],[-98.5907,31.3149],[-98.5947,31.3108],[-98.5963,31.3058],[-98.5984,31.2919],[-98.5982,31.287],[-98.6044,31.2841],[-98.6138,31.2816],[-98.6195,31.2846],[-98.6221,31.2851],[-98.6269,31.2812],[-98.6283,31.2741],[-98.6255,31.2697],[-98.6185,31.267],[-98.6125,31.2627],[-98.6066,31.261],[-98.5979,31.2539],[-98.5957,31.2531],[-98.5939,31.2549],[-98.5947,31.2622],[-98.5928,31.2661],[-98.5885,31.2676],[-98.5788,31.2645],[-98.5751,31.2542],[-98.5684,31.2448],[-98.565,31.2423],[-98.563,31.2358],[-98.5633,31.2223],[-98.5695,31.2044],[-98.5688,31.1984],[-98.5596,31.193],[-98.5563,31.192],[-98.5439,31.1947],[-98.5418,31.1943],[-98.5394,31.1925],[-98.538,31.1895],[-98.5356,31.1876],[-98.5355,31.186],[-98.5444,31.1795],[-98.5445,31.1771],[-98.543,31.1749],[-98.5302,31.1736],[-98.5197,31.165],[-98.514,31.1649],[-98.5059,31.1673],[-98.5042,31.1661],[-98.5044,31.1624],[-98.5113,31.1552],[-98.5173,31.1546],[-98.5253,31.156],[-98.5276,31.1553],[-98.5294,31.1524],[-98.527,31.1404],[-98.5278,31.1375],[-98.5315,31.1347],[-98.5391,31.1314],[-98.5457,31.1299],[-98.5477,31.1284],[-98.5483,31.1242],[-98.5446,31.1194],[-98.538,31.1135],[-98.5366,31.1097],[-98.531,31.1027],[-98.5295,31.0948],[-98.5271,31.0907],[-98.5235,31.0889],[-98.5183,31.0927],[-98.5122,31.1059],[-98.5053,31.1087],[-98.5008,31.1174],[-98.4989,31.1185],[-98.4936,31.1186],[-98.4903,31.115],[-98.4882,31.1142],[-98.4858,31.1153],[-98.4829,31.1188],[-98.4808,31.1192],[-98.4736,31.1095],[-98.47,31.1069],[-98.4667,31.1071],[-98.4597,31.112],[-98.457,31.112],[-98.4556,31.1109],[-98.4557,31.107],[-98.4615,31.1012],[-98.4691,31.0966],[-98.4705,31.0944],[-98.4686,31.0921],[-98.4578,31.0887],[-98.4559,31.0827],[-98.4564,31.0787],[-98.4627,31.076],[-98.4725,31.0763],[-98.4767,31.0702],[-98.482,31.0689],[-98.4839,31.0673],[-98.484,31.063],[-98.4827,31.0597],[-98.4749,31.0528],[-98.4645,31.0476],[-98.4531,31.0443],[-98.4476,31.0414],[-98.4449,31.0386],[-98.4398,31.0299],[-98.4395,31.0251],[-98.4423,31.0205],[-98.4483,31.0167],[-98.457,31.0132],[-98.4587,31.0115],[-98.4594,31.0092],[-98.4566,31.0036],[-98.4462,30.9929],[-98.4419,30.9843],[-98.4432,30.9797],[-98.4529,30.9687],[-98.4528,30.9644],[-98.4471,30.9518],[-98.442,30.9496],[-98.423,30.9479],[-98.416,30.9449],[-98.4145,30.9421],[-98.4171,30.9295],[-98.4196,30.9254],[-98.4223,30.9243],[-98.4292,30.9264],[-98.4374,30.927],[-98.4419,30.9259],[-98.4458,30.9214],[-98.4492,30.907],[-98.4486,30.8908],[-98.4552,30.8848],[-98.4569,30.8821],[-98.4574,30.8789],[-98.4552,30.8752],[-98.4508,30.8714],[-98.4459,30.8703],[-98.4378,30.8706],[-98.4324,30.8697],[-98.4248,30.8661],[-98.4215,30.8632],[-98.4193,30.8571],[-98.4222,30.8392],[-98.4216,30.835],[-98.4157,30.8347],[-98.41,30.836],[-98.4069,30.8391],[-98.405,30.8438],[-98.4014,30.844],[-98.3936,30.843],[-98.3814,30.8382],[-98.3776,30.8357],[-98.3766,30.8338],[-98.3776,30.8295],[-98.3801,30.826],[-98.3876,30.8193],[-98.391,30.8183],[-98.4009,30.8189],[-98.4033,30.8179],[-98.4082,30.809],[-98.4094,30.8],[-98.4126,30.795],[-98.4156,30.7943],[-98.4254,30.7956],[-98.4309,30.7918],[-98.4325,30.7886],[-98.4312,30.7848],[-98.4235,30.7776],[-98.4225,30.775],[-98.4239,30.7711],[-98.4279,30.7665],[-98.4302,30.761],[-98.4299,30.7561],[-98.4266,30.7515],[-98.4232,30.7504],[-98.415,30.7519],[-98.4069,30.7515],[-98.4002,30.7502],[-98.3963,30.7472],[-98.3914,30.746],[-98.3778,30.7472],[-98.3741,30.7457],[-98.3714,30.7421],[-98.3741,30.7383],[-98.3853,30.7306],[-98.3927,30.7212],[-98.4021,30.7218],[-98.4042,30.7211],[-98.4083,30.7157],[-98.4101,30.7085],[-98.4143,30.7037],[-98.414,30.7018],[-98.4081,30.6951],[-98.4055,30.6902],[-98.4022,30.6808],[-98.4033,30.6769],[-98.4073,30.675],[-98.4143,30.6759],[-98.4217,30.674],[-98.4296,30.6752],[-98.4367,30.674],[-98.4397,30.6727],[-98.4416,30.6692],[-98.4418,30.6664],[-98.4391,30.6625],[-98.4333,30.6628],[-98.4289,30.6615],[-98.4282,30.6589],[-98.4289,30.6548],[-98.4181,30.6452],[-98.417,30.6403],[-98.4184,30.633],[-98.4176,30.6273],[-98.4106,30.6138],[-98.4002,30.5984],[-98.4007,30.5946],[-98.4118,30.5882],[-98.4137,30.5859],[-98.4111,30.5746],[-98.4082,30.5697],[-98.4034,30.5643],[-98.3988,30.5637],[-98.3759,30.5739],[-98.3703,30.5744],[-98.3643,30.5716],[-98.352,30.5581],[-98.3425,30.5557],[-98.3382,30.5556],[-98.3328,30.5594],[-98.3259,30.5661],[-98.3222,30.567],[-98.3169,30.5648],[-98.3128,30.5612],[-98.3047,30.5566],[-98.3004,30.5547],[-98.2915,30.5529],[-98.2891,30.5531],[-98.286,30.5556],[-98.2802,30.5641],[-98.2773,30.5663],[-98.2675,30.5681],[-98.2643,30.5674],[-98.2608,30.5649],[-98.2584,30.559],[-98.2561,30.556],[-98.2521,30.5545],[-98.2474,30.5544],[-98.2441,30.5559],[-98.2417,30.5615],[-98.2392,30.5644],[-98.2369,30.5647],[-98.2305,30.5618],[-98.2262,30.5621],[-98.2149,30.5701],[-98.2119,30.5698],[-98.1946,30.5632],[-98.1929,30.5644],[-98.1945,30.5669],[-98.1923,30.5667],[-98.1909,30.5645],[-98.1883,30.5645],[-98.188,30.5667],[-98.1849,30.5675],[-98.1826,30.5706],[-98.1834,30.5742],[-98.1826,30.5759],[-98.1772,30.578],[-98.1797,30.58],[-98.1785,30.5832],[-98.1802,30.5848],[-98.1779,30.5856],[-98.1791,30.5887],[-98.1769,30.5901],[-98.1749,30.5887],[-98.1758,30.5905],[-98.1781,30.5912],[-98.1815,30.5876],[-98.1856,30.5869],[-98.1581,30.6283],[-98.1291,30.6144],[-98.131,30.6105],[-98.1298,30.6076],[-98.128,30.6067],[-98.1184,30.6132],[-98.1078,30.608],[-98.0992,30.5986],[-98.0994,30.5976],[-98.0912,30.6021],[-98.0867,30.6032],[-98.0851,30.6046],[-98.0827,30.6038],[-98.0782,30.6046],[-98.0766,30.6038],[-98.0768,30.6],[-98.0715,30.6011],[-98.0682,30.5974],[-98.0666,30.5931],[-98.0499,30.6242],[-98.0403,30.6182],[-98.0396,30.6186],[-98.0365,30.6117],[-98.0297,30.6147],[-98.0127,30.6168],[-98.0063,30.6275],[-98.0019,30.6214],[-97.998,30.613],[-97.9924,30.6095],[-97.991,30.6098],[-97.9779,30.6221],[-97.9663,30.6237],[-97.9567,30.6282],[-97.9519,30.6252],[-97.9348,30.6103],[-97.9171,30.6049],[-97.9219,30.591],[-97.9204,30.5868],[-97.9151,30.5806],[-97.927,30.5677],[-97.9218,30.5642],[-97.9025,30.5713],[-97.9001,30.5689],[-97.8968,30.5688],[-97.8608,30.5802],[-97.8547,30.5831],[-97.8367,30.5881],[-97.8351,30.5843],[-97.8289,30.5842],[-97.8298,30.5863],[-97.8275,30.5871],[-97.8261,30.5838],[-97.8187,30.5826],[-97.8137,30.5852],[-97.8117,30.5876],[-97.8149,30.5947],[-97.813,30.5953],[-97.8122,30.5935],[-97.8113,30.5939],[-97.8085,30.5874],[-97.8046,30.5905],[-97.8005,30.59],[-97.7971,30.5879],[-97.7903,30.5807],[-97.7872,30.5793],[-97.7849,30.5765],[-97.7808,30.577],[-97.7812,30.5737],[-97.7804,30.5719],[-97.7741,30.5645],[-97.7686,30.556],[-97.7635,30.5512],[-97.7583,30.5394],[-97.748,30.538],[-97.7339,30.5319],[-97.7241,30.5314],[-97.722,30.526],[-97.7184,30.5254],[-97.7145,30.5225],[-97.71,30.5229],[-97.706,30.5211],[-97.7008,30.5141],[-97.6929,30.5123],[-97.6866,30.513],[-97.6913,30.535],[-97.6922,30.5354],[-97.6927,30.5582],[-97.6804,30.5616],[-97.6766,30.5518],[-97.6675,30.5551],[-97.6652,30.5473],[-97.6636,30.5457],[-97.6597,30.5469],[-97.6586,30.5441],[-97.6547,30.5455],[-97.6524,30.5482],[-97.653,30.549],[-97.6474,30.5504],[-97.6506,30.542],[-97.6522,30.532],[-97.652,30.5354],[-97.6595,30.5353],[-97.6594,30.5281],[-97.6523,30.5287],[-97.6572,30.5176],[-97.6458,30.5196],[-97.6457,30.5152],[-97.6418,30.5145],[-97.6382,30.5083],[-97.6297,30.5089],[-97.6253,30.5073],[-97.6135,30.5084],[-97.6135,30.5067],[-97.6133,30.5074],[-97.6058,30.5074],[-97.6058,30.5053],[-97.6022,30.5053],[-97.6022,30.5041],[-97.5982,30.5042],[-97.5982,30.5084],[-97.5901,30.5085],[-97.5901,30.5181],[-97.5981,30.518],[-97.599,30.5195],[-97.6009,30.5194],[-97.6012,30.5293],[-97.5981,30.5301],[-97.596,30.5296],[-97.5924,30.5315],[-97.5889,30.5311],[-97.5887,30.5357],[-97.4713,30.556],[-97.4368,30.5677],[-97.429,30.5681],[-97.4287,30.5725],[-97.4266,30.5724],[-97.4259,30.5744],[-97.4263,30.5753],[-97.428,30.5748],[-97.4277,30.577],[-97.4299,30.5763],[-97.4303,30.5772],[-97.4293,30.5775],[-97.4314,30.5824],[-97.429,30.5839],[-97.4304,30.5872],[-97.4247,30.589],[-97.4256,30.5904],[-97.4222,30.5915],[-97.4216,30.59],[-97.4131,30.5926],[-97.4105,30.578],[-97.4138,30.5777],[-97.4137,30.5768],[-97.4115,30.577],[-97.4114,30.5761],[-97.4103,30.5762],[-97.41,30.5735],[-97.4055,30.5729],[-97.4061,30.5788],[-97.3797,30.5869],[-97.3794,30.5882],[-97.3809,30.5883],[-97.3811,30.5893],[-97.3741,30.5916],[-97.328,30.6063],[-97.3271,30.6042],[-97.3129,30.6086],[-97.3121,30.611],[-97.3129,30.6135],[-97.3077,30.6152],[-97.2992,30.5965],[-97.2499,30.6109],[-97.2212,30.6178],[-97.2699,30.7354],[-97.3155,30.7524],[-97.2651,30.8749],[-97.2674,30.8758],[-97.2685,30.8783],[-97.2698,30.8777],[-97.2723,30.8705],[-97.277,30.869],[-97.2759,30.8667],[-97.2773,30.864],[-97.2798,30.865],[-97.2799,30.8672],[-97.2818,30.8669],[-97.2828,30.869],[-97.285,30.8693],[-97.2843,30.8727],[-97.2873,30.8744],[-97.2892,30.8773],[-97.2911,30.8783],[-97.296,30.8776],[-97.2944,30.8803],[-97.2957,30.8823],[-97.3001,30.8813],[-97.3038,30.8818],[-97.3059,30.8805],[-97.309,30.8822],[-97.3095,30.8864],[-97.3107,30.8876],[-97.3102,30.8888],[-97.3074,30.8895],[-97.3037,30.8885],[-97.3018,30.8899],[-97.3044,30.8921],[-97.3059,30.8908],[-97.3083,30.8905],[-97.3084,30.8931],[-97.3092,30.8937],[-97.3118,30.8929],[-97.3135,30.8944],[-97.3157,30.893],[-97.3169,30.8954],[-97.3206,30.8967],[-97.3201,30.8987],[-97.3222,30.9016],[-97.3207,30.9036],[-97.323,30.9064],[-97.3202,30.9086],[-97.3228,30.9094],[-97.3238,30.9114],[-97.3257,30.9122],[-97.324,30.9145],[-97.3204,30.9137],[-97.318,30.9183],[-97.3157,30.9183],[-97.3134,30.92],[-97.322,30.9223],[-97.3186,30.9237],[-97.3203,30.9263],[-97.325,30.9247],[-97.327,30.9275],[-97.3247,30.9293],[-97.3226,30.9278],[-97.3202,30.9299],[-97.3281,30.9326],[-97.3271,30.9342],[-97.3222,30.9368],[-97.3261,30.9402],[-97.3282,30.9388],[-97.3308,30.9398],[-97.3275,30.9424],[-97.3206,30.9428],[-97.3165,30.9462],[-97.3124,30.9475],[-97.3141,30.9536],[-97.317,30.9572],[-97.3181,30.9622],[-97.3164,30.9687],[-97.3203,30.9693],[-97.3223,30.9735],[-97.3151,30.9909],[-97.3263,30.994],[-97.3243,31.0131],[-97.333,31.0154],[-97.3319,31.0184],[-97.3358,31.0195],[-97.3344,31.0288],[-97.3482,31.0328],[-97.3399,31.0538],[-97.3262,31.0501],[-97.3328,31.0572],[-97.3487,31.0695],[-97.3506,31.0728],[-97.3529,31.0733],[-97.3503,31.0802],[-97.3639,31.0839],[-97.3623,31.0886],[-97.3557,31.0867],[-97.3532,31.0934],[-97.3542,31.0936],[-97.3539,31.0945],[-97.3586,31.0948],[-97.3647,31.0975],[-97.3595,31.1027],[-97.3794,31.1154],[-97.372,31.1349],[-97.3644,31.1328],[-97.3544,31.1595],[-97.3613,31.1616],[-97.3651,31.1597],[-97.369,31.1608],[-97.368,31.1653],[-97.4127,31.1777],[-97.3912,31.234],[-97.373,31.274],[-97.4186,31.3202],[-97.6183,31.6064],[-97.6898,31.711],[-97.7664,31.6725],[-98.0055,32.0179],[-98.2084,31.9175],[-98.1566,31.8417],[-98.4637,31.684],[-98.4928,31.7236],[-98.5958,31.7109],[-98.6684,31.7005]]]},"properties":{"GEOID":"4831","BASENAME":"31","NAME":"Congressional District 31","CD120":"31"}},
{"type":"Feature","geometry":{"type":"Polygon","coordinates":[[[-95.2732,31.5929],[-95.4932,31.5649],[-95.6518,31.5418],[-95.6472,31.527],[-95.7393,31.5041],[-95.7339,31.5084],[-95.737,31.5185],[-95.7411,31.5225],[-95.7469,31.5242],[-95.7479,31.5285],[-95.7565,31.5311],[-95.7586,31.5341],[-95.7567,31.5366],[-95.7509,31.5407],[-95.7511,31.5423],[-95.7541,31.546],[-95.7525,31.5507],[-95.7511,31.552],[-95.7426,31.5542],[-95.7352,31.5513],[-95.7304,31.5512],[-95.7239,31.5558],[-95.7185,31.5537],[-95.7157,31.554],[-95.7173,31.5593],[-95.717,31.5678],[-95.7222,31.5697],[-95.7184,31.5713],[-95.7182,31.5732],[-95.7213,31.5778],[-95.7295,31.5835],[-95.7219,31.5863],[-95.7199,31.5928],[-95.7159,31.5941],[-95.7163,31.5984],[-95.7112,31.6039],[-95.7123,31.6083],[-95.7101,31.6156],[-95.7174,31.6272],[-95.7185,31.6324],[-95.7236,31.638],[-95.7277,31.6444],[-95.7328,31.6488],[-95.7353,31.6534],[-95.7367,31.6541],[-95.7528,31.6493],[-95.7568,31.6456],[-95.7572,31.6432],[-95.7542,31.6394],[-95.7529,31.6353],[-95.7532,31.6292],[-95.7489,31.6208],[-95.7487,31.6177],[-95.7533,31.6137],[-95.7526,31.61],[-95.7533,31.6069],[-95.7608,31.604],[-95.7614,31.5996],[-95.7635,31.5998],[-95.7684,31.5974],[-95.7776,31.6023],[-95.7847,31.6107],[-95.7873,31.6184],[-96.0001,31.522],[-96.3229,31.3741],[-96.3225,31.3712],[-96.3191,31.3679],[-96.3191,31.3658],[-96.3186,31.3644],[-96.3179,31.3647],[-96.3171,31.362],[-96.3191,31.3578],[-96.3199,31.3505],[-96.3184,31.3467],[-96.3162,31.3469],[-96.3169,31.3443],[-96.3162,31.3428],[-96.3147,31.3424],[-96.3162,31.3397],[-96.3158,31.3385],[-96.3194,31.3361],[-96.3185,31.3334],[-96.3203,31.3309],[-96.3182,31.3282],[-96.3201,31.3259],[-96.3172,31.3255],[-96.3172,31.3233],[-96.319,31.3203],[-96.3221,31.3181],[-96.3222,31.3169],[-96.3207,31.3162],[-96.3231,31.3145],[-96.323,31.3129],[-96.3248,31.3123],[-96.3254,31.3132],[-96.326,31.312],[-96.3227,31.3062],[-96.321,31.3045],[-96.3191,31.3041],[-96.3173,31.3016],[-96.3185,31.3017],[-96.3198,31.2997],[-96.3208,31.2997],[-96.321,31.2978],[-96.3217,31.2993],[-96.3231,31.2992],[-96.3254,31.3008],[-96.3286,31.2986],[-96.3283,31.2956],[-96.3272,31.2957],[-96.3264,31.2931],[-96.3281,31.2912],[-96.327,31.2897],[-96.328,31.2865],[-96.3276,31.2848],[-96.3263,31.2849],[-96.325,31.2825],[-96.323,31.282],[-96.3221,31.2829],[-96.3162,31.2773],[-96.3178,31.2729],[-96.3138,31.271],[-96.3148,31.2706],[-96.3144,31.2675],[-96.3158,31.2668],[-96.3147,31.2658],[-96.3173,31.2649],[-96.3168,31.2633],[-96.3188,31.2604],[-96.3205,31.2599],[-96.3205,31.2582],[-96.3221,31.2569],[-96.3238,31.2579],[-96.3255,31.2597],[-96.3238,31.2605],[-96.3249,31.262],[-96.3263,31.2596],[-96.3293,31.2574],[-96.3311,31.2522],[-96.3297,31.2523],[-96.329,31.2504],[-96.3299,31.2491],[-96.3281,31.2484],[-96.3288,31.2463],[-96.322,31.2425],[-96.3208,31.2426],[-96.3193,31.2379],[-96.3199,31.2367],[-96.318,31.2359],[-96.3159,31.2329],[-96.3174,31.2321],[-96.314,31.2289],[-96.3171,31.2261],[-96.318,31.2243],[-96.3174,31.2234],[-96.3195,31.2224],[-96.3177,31.2218],[-96.3183,31.2197],[-96.3172,31.2202],[-96.3161,31.2186],[-96.3145,31.2182],[-96.3146,31.2194],[-96.3135,31.2196],[-96.3104,31.2172],[-96.3109,31.2148],[-96.3098,31.2138],[-96.3111,31.2134],[-96.3105,31.211],[-96.3119,31.2087],[-96.3106,31.2078],[-96.3113,31.2049],[-96.3093,31.2049],[-96.3091,31.2042],[-96.3103,31.2027],[-96.3099,31.2008],[-96.3113,31.2009],[-96.3105,31.2],[-96.3117,31.1996],[-96.3117,31.1981],[-96.3097,31.1971],[-96.3078,31.1975],[-96.3078,31.1962],[-96.3055,31.1955],[-96.3045,31.193],[-96.3052,31.1922],[-96.3031,31.1906],[-96.3024,31.1861],[-96.2994,31.1842],[-96.2971,31.1814],[-96.3015,31.179],[-96.299,31.1771],[-96.2987,31.1757],[-96.2995,31.1753],[-96.2968,31.1751],[-96.299,31.172],[-96.2988,31.1678],[-96.3001,31.1674],[-96.2989,31.1661],[-96.2994,31.1641],[-96.301,31.1646],[-96.3018,31.1638],[-96.3003,31.1628],[-96.3007,31.1608],[-96.2995,31.1591],[-96.3006,31.1587],[-96.299,31.1561],[-96.2975,31.156],[-96.299,31.1533],[-96.2982,31.1525],[-96.2992,31.148],[-96.2959,31.1399],[-96.2947,31.1411],[-96.2933,31.1404],[-96.2944,31.1388],[-96.2917,31.1357],[-96.2931,31.135],[-96.2928,31.1331],[-96.2912,31.133],[-96.2912,31.1314],[-96.2895,31.1317],[-96.2857,31.1274],[-96.2854,31.1252],[-96.2837,31.1253],[-96.2828,31.1194],[-96.2769,31.1162],[-96.2769,31.1147],[-96.2786,31.1137],[-96.2768,31.112],[-96.2771,31.11],[-96.2781,31.1101],[-96.2792,31.1084],[-96.2782,31.1082],[-96.2788,31.106],[-96.2779,31.1057],[-96.2795,31.1033],[-96.2782,31.1032],[-96.2797,31.101],[-96.2793,31.098],[-96.2808,31.0961],[-96.2801,31.0941],[-96.2774,31.092],[-96.2775,31.0877],[-96.2723,31.0845],[-96.2713,31.0822],[-96.2722,31.0811],[-96.2689,31.0777],[-96.2656,31.0787],[-96.2633,31.0766],[-96.262,31.0776],[-96.2607,31.0746],[-96.2606,31.0771],[-96.258,31.076],[-96.2565,31.0742],[-96.2529,31.073],[-96.2527,31.0718],[-96.2547,31.0722],[-96.2571,31.0693],[-96.2554,31.0676],[-96.2555,31.0655],[-96.2531,31.0664],[-96.2531,31.0641],[-96.2515,31.0651],[-96.2508,31.0632],[-96.2493,31.0633],[-96.248,31.0606],[-96.2461,31.0611],[-96.2469,31.0625],[-96.2434,31.0617],[-96.2442,31.0594],[-96.2416,31.0571],[-96.2444,31.0565],[-96.2432,31.0547],[-96.2454,31.054],[-96.2452,31.0528],[-96.2466,31.0516],[-96.2401,31.0484],[-96.24,31.0476],[-96.2416,31.0477],[-96.2417,31.0447],[-96.2434,31.044],[-96.2438,31.045],[-96.2474,31.0433],[-96.2472,31.0412],[-96.2486,31.0412],[-96.249,31.0395],[-96.2482,31.0388],[-96.2498,31.0377],[-96.2474,31.0369],[-96.2488,31.0352],[-96.2488,31.0335],[-96.2498,31.0324],[-96.2514,31.0328],[-96.253,31.031],[-96.2526,31.0296],[-96.254,31.0277],[-96.2555,31.0282],[-96.2559,31.0241],[-96.2584,31.023],[-96.2569,31.0212],[-96.2581,31.0199],[-96.2581,31.0157],[-96.2602,31.0151],[-96.2605,31.0065],[-96.2597,31.006],[-96.2585,31.0074],[-96.2515,31.0052],[-96.2486,31.0054],[-96.2479,31.0046],[-96.2472,31.0062],[-96.2458,31.0052],[-96.247,31.0026],[-96.246,31.0009],[-96.2464,30.9981],[-96.2443,30.9997],[-96.2425,30.998],[-96.2383,30.9977],[-96.2351,30.9952],[-96.2366,30.9938],[-96.2374,30.9946],[-96.2384,30.9941],[-96.238,30.9897],[-96.2395,30.9898],[-96.2396,30.9882],[-96.2376,30.9855],[-96.2401,30.9848],[-96.2396,30.9831],[-96.241,30.9828],[-96.2402,30.9817],[-96.2416,30.9789],[-96.2403,30.9789],[-96.2401,30.9772],[-96.2426,30.9775],[-96.241,30.9737],[-96.2622,30.9647],[-96.2815,30.9526],[-96.3046,30.941],[-96.3363,30.9217],[-96.3495,30.9113],[-96.3528,30.9064],[-96.3622,30.8963],[-96.3656,30.8845],[-96.3825,30.8705],[-96.3874,30.864],[-96.391,30.8545],[-96.3985,30.8405],[-96.4101,30.8258],[-96.4191,30.8055],[-96.4229,30.7935],[-96.4388,30.774],[-96.4576,30.7445],[-96.567,30.6957],[-96.5679,30.6997],[-96.5704,30.7029],[-96.5962,30.7153],[-96.597,30.7175],[-96.5942,30.7226],[-96.597,30.7274],[-96.604,30.7293],[-96.6182,30.7286],[-96.6213,30.7308],[-97.007,30.535],[-97.1552,30.4573],[-97.3345,30.4028],[-97.3695,30.4196],[-97.3735,30.4177],[-97.3768,30.4192],[-97.3777,30.4224],[-97.3794,30.4239],[-97.3834,30.4241],[-97.3833,30.426],[-97.3848,30.429],[-97.3869,30.4299],[-97.3876,30.4334],[-97.3925,30.4344],[-97.3915,30.4369],[-97.393,30.4388],[-97.3955,30.4378],[-97.4028,30.4401],[-97.4062,30.4423],[-97.4088,30.4382],[-97.4153,30.4383],[-97.4219,30.4443],[-97.4243,30.4477],[-97.4253,30.4478],[-97.4251,30.4491],[-97.4271,30.4522],[-97.4333,30.4529],[-97.4341,30.4597],[-97.4373,30.4608],[-97.4395,30.4603],[-97.4418,30.4553],[-97.4449,30.4561],[-97.4456,30.4614],[-97.4534,30.4613],[-97.4598,30.4583],[-97.4639,30.4606],[-97.4669,30.4652],[-97.469,30.4575],[-97.4907,30.4601],[-97.5031,30.4408],[-97.5054,30.4415],[-97.5073,30.4392],[-97.5176,30.4438],[-97.52,30.4402],[-97.523,30.4409],[-97.5413,30.4122],[-97.54,30.4097],[-97.5454,30.401],[-97.5609,30.4079],[-97.5609,30.4097],[-97.5762,30.4171],[-97.5898,30.3955],[-97.5938,30.3969],[-97.5965,30.3959],[-97.5973,30.3963],[-97.5965,30.3977],[-97.5988,30.3978],[-97.598,30.4],[-97.6007,30.4008],[-97.5988,30.4032],[-97.601,30.4038],[-97.6012,30.4056],[-97.5993,30.4053],[-97.5982,30.4064],[-97.5984,30.4076],[-97.6022,30.4092],[-97.6019,30.4099],[-97.6002,30.4099],[-97.5999,30.4129],[-97.6019,30.413],[-97.602,30.4163],[-97.6045,30.4162],[-97.6043,30.418],[-97.6061,30.4189],[-97.6092,30.414],[-97.6277,30.4225],[-97.6273,30.4238],[-97.6375,30.4285],[-97.6369,30.4294],[-97.6489,30.429],[-97.6517,30.4307],[-97.6552,30.436],[-97.6644,30.4412],[-97.6706,30.4399],[-97.6762,30.4354],[-97.6814,30.4352],[-97.6886,30.4416],[-97.6881,30.4466],[-97.6955,30.4498],[-97.6954,30.4521],[-97.7003,30.4525],[-97.7018,30.4502],[-97.704,30.4495],[-97.7078,30.4436],[-97.7124,30.4454],[-97.7161,30.4484],[-97.724,30.4495],[-97.7408,30.4445],[-97.7545,30.4393],[-97.7536,30.4333],[-97.7603,30.4327],[-97.7616,30.4308],[-97.759,30.4295],[-97.7604,30.427],[-97.7663,30.4314],[-97.7678,30.4297],[-97.7705,30.4288],[-97.7688,30.4248],[-97.7747,30.4194],[-97.7758,30.4167],[-97.7793,30.4158],[-97.7794,30.4148],[-97.7818,30.415],[-97.781,30.4185],[-97.7817,30.4192],[-97.7833,30.4199],[-97.7878,30.4185],[-97.7904,30.4198],[-97.7909,30.4211],[-97.7934,30.4203],[-97.793,30.4192],[-97.7953,30.42],[-97.8023,30.4177],[-97.8077,30.4191],[-97.8128,30.419],[-97.8245,30.4261],[-97.8374,30.4272],[-97.8379,30.4308],[-97.8353,30.4397],[-97.8359,30.44],[-97.8401,30.4355],[-97.8434,30.4265],[-97.8475,30.4283],[-97.847,30.4295],[-97.8496,30.4318],[-97.8499,30.4401],[-97.8562,30.4473],[-97.8548,30.4487],[-97.8552,30.4498],[-97.858,30.4483],[-97.8588,30.4492],[-97.8585,30.4511],[-97.8613,30.4559],[-97.8607,30.4566],[-97.865,30.4638],[-97.874,30.4696],[-97.8732,30.4705],[-97.8878,30.4761],[-97.8871,30.4786],[-97.8938,30.4801],[-97.8941,30.4818],[-97.8967,30.4812],[-97.9009,30.4819],[-97.9004,30.481],[-97.9017,30.4788],[-97.906,30.4787],[-97.9044,30.4868],[-97.9025,30.4902],[-97.8974,30.4911],[-97.8916,30.4944],[-97.8884,30.5002],[-97.8886,30.5034],[-97.8856,30.5115],[-97.8895,30.5174],[-97.8969,30.5197],[-97.8954,30.5242],[-97.8962,30.5271],[-97.8956,30.5292],[-97.8969,30.5305],[-97.8968,30.5319],[-97.8984,30.532],[-97.8971,30.5362],[-97.9001,30.5368],[-97.9026,30.5401],[-97.9041,30.5402],[-97.9081,30.5443],[-97.9097,30.5439],[-97.9105,30.5451],[-97.9122,30.5451],[-97.9144,30.5442],[-97.9173,30.5477],[-97.9218,30.5482],[-97.9208,30.5502],[-97.9237,30.5538],[-97.9241,30.553],[-97.9255,30.5536],[-97.9275,30.5495],[-97.9379,30.5515],[-97.9366,30.5464],[-97.9431,30.5468],[-97.9478,30.5452],[-97.9475,30.5482],[-97.9569,30.5431],[-97.9655,30.5489],[-97.9647,30.542],[-97.9661,30.5422],[-97.9667,30.5403],[-97.9653,30.5381],[-97.9691,30.5361],[-97.9721,30.5359],[-97.9726,30.5349],[-97.9744,30.535],[-97.9751,30.5338],[-97.9781,30.5339],[-97.9798,30.5326],[-97.978,30.5274],[-97.9787,30.527],[-97.9767,30.5238],[-97.9787,30.5231],[-97.9794,30.5198],[-97.9736,30.5163],[-97.9755,30.5132],[-97.9797,30.5112],[-97.9792,30.5043],[-97.9905,30.5097],[-97.9931,30.5057],[-97.9978,30.5072],[-98,30.5044],[-98.0015,30.504],[-98.0065,30.5058],[-98.0123,30.5022],[-98.0165,30.5018],[-98.0195,30.5043],[-98.031,30.5062],[-98.0361,30.5099],[-98.04,30.5114],[-98.043,30.5176],[-98.048,30.5214],[-98.0551,30.5231],[-98.0605,30.5205],[-98.0732,30.5193],[-98.0853,30.5242],[-98.0992,30.5273],[-98.1013,30.5285],[-98.1234,30.4865],[-98.1231,30.4847],[-98.1137,30.4856],[-98.1075,30.4943],[-98.1032,30.4967],[-98.0978,30.4981],[-98.0977,30.4676],[-98.1256,30.4262],[-98.173,30.3563],[-97.9693,30.2107],[-97.9607,30.2189],[-97.955,30.2226],[-97.9448,30.2269],[-97.9358,30.2303],[-97.9098,30.235],[-97.9051,30.2423],[-97.8988,30.2465],[-97.8982,30.2479],[-97.896,30.2477],[-97.8943,30.2499],[-97.8886,30.2471],[-97.8867,30.25],[-97.8811,30.2454],[-97.8764,30.2399],[-97.8713,30.2378],[-97.871,30.2349],[-97.8655,30.2343],[-97.8619,30.2358],[-97.86,30.2354],[-97.8584,30.242],[-97.853,30.2496],[-97.8333,30.2402],[-97.8304,30.2383],[-97.8312,30.237],[-97.8243,30.2362],[-97.8074,30.2441],[-97.8035,30.2483],[-97.7991,30.257],[-97.7797,30.2666],[-97.7743,30.2704],[-97.7715,30.2738],[-97.7661,30.2699],[-97.7546,30.2648],[-97.7571,30.2606],[-97.7501,30.2584],[-97.7461,30.2591],[-97.745,30.2621],[-97.7425,30.2585],[-97.7418,30.2551],[-97.7359,30.2503],[-97.7372,30.2591],[-97.73,30.2785],[-97.7394,30.281],[-97.7412,30.2763],[-97.7423,30.2767],[-97.7442,30.2748],[-97.7452,30.2751],[-97.7463,30.2721],[-97.7557,30.275],[-97.7548,30.2764],[-97.7562,30.277],[-97.7553,30.2784],[-97.7569,30.2792],[-97.7577,30.2778],[-97.7617,30.28],[-97.7612,30.2808],[-97.763,30.2816],[-97.7625,30.2825],[-97.7651,30.2838],[-97.76,30.2921],[-97.7582,30.3002],[-97.7643,30.303],[-97.7649,30.3056],[-97.7627,30.3105],[-97.769,30.3145],[-97.7738,30.3126],[-97.7759,30.3136],[-97.7765,30.3238],[-97.7813,30.3339],[-97.787,30.3432],[-97.7968,30.35],[-97.7911,30.3599],[-97.789,30.3688],[-97.7752,30.3807],[-97.7714,30.3828],[-97.7716,30.3858],[-97.7749,30.3904],[-97.7738,30.3908],[-97.7735,30.3934],[-97.7697,30.3959],[-97.7698,30.398],[-97.7716,30.3994],[-97.7717,30.4008],[-97.7602,30.4007],[-97.7588,30.4036],[-97.7557,30.4053],[-97.7541,30.4075],[-97.7513,30.4067],[-97.7492,30.4077],[-97.7447,30.4079],[-97.7464,30.4191],[-97.7292,30.4121],[-97.7302,30.4253],[-97.7289,30.4324],[-97.7153,30.4254],[-97.7146,30.4262],[-97.7157,30.4266],[-97.7139,30.4294],[-97.7115,30.4295],[-97.7109,30.4308],[-97.7076,30.4293],[-97.7086,30.4277],[-97.7076,30.4276],[-97.7068,30.4289],[-97.7064,30.4277],[-97.7028,30.4261],[-97.6988,30.4405],[-97.6864,30.4348],[-97.6843,30.4306],[-97.659,30.4186],[-97.6544,30.4142],[-97.6507,30.4122],[-97.6487,30.4095],[-97.6393,30.4041],[-97.6379,30.4047],[-97.6487,30.3869],[-97.6383,30.3793],[-97.6218,30.3706],[-97.6178,30.3758],[-97.6144,30.3743],[-97.6136,30.377],[-97.6109,30.3758],[-97.6092,30.3785],[-97.5972,30.3759],[-97.5895,30.3712],[-97.5841,30.3698],[-97.5826,30.3696],[-97.5807,30.377],[-97.5688,30.3712],[-97.5642,30.3714],[-97.5534,30.3874],[-97.5291,30.3758],[-97.5166,30.395],[-97.5168,30.3962],[-97.5199,30.3979],[-97.513,30.4089],[-97.5019,30.4035],[-97.4999,30.4054],[-97.4893,30.4004],[-97.491,30.3971],[-97.4888,30.3955],[-97.4644,30.3848],[-97.4662,30.3808],[-97.4604,30.3817],[-97.4485,30.3763],[-97.4429,30.3771],[-97.4344,30.3908],[-97.3981,30.374],[-97.4015,30.3686],[-97.3838,30.3603],[-97.3797,30.3662],[-97.3756,30.3654],[-97.374,30.3684],[-97.3728,30.3679],[-97.3743,30.3626],[-97.3713,30.3613],[-97.37,30.3634],[-97.3689,30.3629],[-97.3701,30.3609],[-97.3691,30.3609],[-97.3681,30.3625],[-97.3657,30.3614],[-97.3664,30.3602],[-97.3652,30.3595],[-97.3664,30.3574],[-97.358,30.3534],[-97.3466,30.3592],[-97.3207,30.3631],[-97.3061,30.3695],[-97.3014,30.3683],[-97.2982,30.3696],[-97.2893,30.3658],[-97.2837,30.3652],[-97.2792,30.3657],[-97.274,30.3646],[-97.2742,30.3636],[-97.2624,30.358],[-97.2517,30.3628],[-97.1989,30.3374],[-97.0818,30.2594],[-97.0192,30.032],[-96.8459,30.116],[-96.7946,30.1605],[-96.7416,30.1973],[-96.7418,30.1998],[-96.7399,30.2031],[-96.7407,30.206],[-96.7398,30.2068],[-96.7411,30.2077],[-96.7417,30.2106],[-96.7406,30.2122],[-96.742,30.2121],[-96.7421,30.2134],[-96.7431,30.2132],[-96.7426,30.2144],[-96.744,30.2173],[-96.739,30.2223],[-96.7402,30.224],[-96.7414,30.2234],[-96.7414,30.2264],[-96.7425,30.227],[-96.7385,30.231],[-96.7386,30.2325],[-96.737,30.2319],[-96.7361,30.2354],[-96.737,30.2362],[-96.7361,30.237],[-96.7352,30.2365],[-96.734,30.239],[-96.7353,30.2398],[-96.7342,30.24],[-96.7345,30.2415],[-96.732,30.2437],[-96.7265,30.2438],[-96.7253,30.2469],[-96.7231,30.2459],[-96.7218,30.2485],[-96.721,30.2482],[-96.7183,30.2505],[-96.7151,30.2496],[-96.7148,30.251],[-96.7138,30.2485],[-96.7144,30.2473],[-96.7123,30.2476],[-96.7109,30.2455],[-96.7066,30.2446],[-96.7058,30.2459],[-96.7016,30.2473],[-96.7006,30.2495],[-96.6971,30.249],[-96.6966,30.2501],[-96.6953,30.2493],[-96.6944,30.2504],[-96.691,30.2482],[-96.6873,30.248],[-96.6855,30.249],[-96.6841,30.2504],[-96.6852,30.2511],[-96.6846,30.2522],[-96.6858,30.2525],[-96.6846,30.253],[-96.6853,30.256],[-96.6842,30.2579],[-96.6828,30.2589],[-96.6799,30.259],[-96.6789,30.2632],[-96.6777,30.2639],[-96.6766,30.2667],[-96.674,30.2661],[-96.6731,30.2675],[-96.6719,30.2674],[-96.6714,30.2685],[-96.6724,30.2691],[-96.6708,30.2694],[-96.6688,30.2757],[-96.6654,30.2778],[-96.6615,30.2787],[-96.6618,30.28],[-96.6605,30.2811],[-96.6616,30.2813],[-96.6598,30.2819],[-96.6606,30.2827],[-96.6595,30.2826],[-96.6604,30.2849],[-96.6579,30.2878],[-96.6542,30.2875],[-96.6532,30.2898],[-96.6504,30.2908],[-96.6501,30.292],[-96.6457,30.2914],[-96.6442,30.2933],[-96.6422,30.2936],[-96.642,30.2955],[-96.6397,30.2974],[-96.637,30.2971],[-96.6367,30.2983],[-96.6353,30.2988],[-96.6347,30.298],[-96.633,30.3003],[-96.6323,30.2994],[-96.63,30.2997],[-96.6304,30.3006],[-96.6295,30.3012],[-96.6286,30.2996],[-96.6262,30.2993],[-96.6253,30.2981],[-96.6228,30.2983],[-96.623,30.2988],[-96.6211,30.2988],[-96.6164,30.3011],[-96.6065,30.3019],[-96.6034,30.3072],[-96.6,30.3088],[-96.5957,30.3075],[-96.5933,30.3078],[-96.5924,30.3063],[-96.5882,30.3091],[-96.5852,30.3081],[-96.5828,30.3086],[-96.5829,30.3096],[-96.5777,30.3123],[-96.5768,30.311],[-96.5753,30.3118],[-96.5735,30.3107],[-96.5679,30.3132],[-96.5694,30.3143],[-96.5679,30.3146],[-96.5694,30.3159],[-96.5679,30.3173],[-96.561,30.3194],[-96.5624,30.3225],[-96.5593,30.3238],[-96.5571,30.3237],[-96.5563,30.3219],[-96.553,30.3224],[-96.5536,30.3213],[-96.5523,30.3218],[-96.5517,30.3206],[-96.5495,30.3204],[-96.5486,30.3214],[-96.5467,30.3206],[-96.546,30.3191],[-96.5417,30.3178],[-96.5409,30.318],[-96.5421,30.3196],[-96.5404,30.3198],[-96.5396,30.3211],[-96.5374,30.3211],[-96.5359,30.3198],[-96.5318,30.3209],[-96.5299,30.3202],[-96.5273,30.3217],[-96.5257,30.3212],[-96.5257,30.3223],[-96.524,30.3235],[-96.5223,30.3222],[-96.5199,30.3233],[-96.5193,30.3246],[-96.515,30.3261],[-96.5125,30.3259],[-96.5107,30.3217],[-96.5074,30.3218],[-96.5015,30.3239],[-96.496,30.3244],[-96.4916,30.3314],[-96.4903,30.3359],[-96.487,30.3379],[-96.4844,30.3377],[-96.4849,30.3361],[-96.4831,30.3333],[-96.4783,30.3332],[-96.4754,30.3336],[-96.4745,30.3353],[-96.4691,30.338],[-96.4653,30.3362],[-96.4623,30.3363],[-96.4588,30.3393],[-96.4565,30.3386],[-96.4566,30.3406],[-96.4586,30.3431],[-96.4551,30.3445],[-96.4526,30.344],[-96.4488,30.3409],[-96.4459,30.3412],[-96.4455,30.3425],[-96.4405,30.3414],[-96.4381,30.3429],[-96.4316,30.3428],[-96.4281,30.3441],[-96.4227,30.3434],[-96.4186,30.347],[-96.42,30.3511],[-96.4163,30.3543],[-96.4125,30.3545],[-96.4136,30.3556],[-96.4119,30.3582],[-96.4089,30.358],[-96.4089,30.3559],[-96.4061,30.3511],[-96.4049,30.3514],[-96.4043,30.3529],[-96.4024,30.3524],[-96.4003,30.3542],[-96.3981,30.3536],[-96.3957,30.3553],[-96.3851,30.3571],[-96.3841,30.3582],[-96.3819,30.3576],[-96.3811,30.356],[-96.3795,30.3569],[-96.378,30.3556],[-96.3776,30.3583],[-96.375,30.3583],[-96.3753,30.3633],[-96.3686,30.3625],[-96.37,30.3645],[-96.3654,30.3672],[-96.3605,30.3678],[-96.3591,30.3703],[-96.3594,30.372],[-96.358,30.3731],[-96.3544,30.3735],[-96.3526,30.3705],[-96.3502,30.3707],[-96.3489,30.3692],[-96.3448,30.368],[-96.3425,30.3686],[-96.3407,30.3678],[-96.3385,30.3697],[-96.3377,30.372],[-96.3347,30.3738],[-96.3298,30.373],[-96.3278,30.3742],[-96.3271,30.377],[-96.3255,30.3785],[-96.3176,30.3794],[-96.3128,30.3843],[-96.3078,30.3817],[-96.3057,30.3817],[-96.3046,30.3833],[-96.3015,30.3818],[-96.2991,30.3793],[-96.2998,30.3783],[-96.2991,30.3772],[-96.2944,30.3762],[-96.2906,30.3734],[-96.2868,30.3654],[-96.2846,30.3644],[-96.2794,30.3645],[-96.2757,30.3597],[-96.2697,30.3585],[-96.2624,30.3638],[-96.2635,30.3682],[-96.2629,30.37],[-96.2603,30.3694],[-96.2572,30.3664],[-96.2518,30.3654],[-96.2432,30.3697],[-96.2387,30.369],[-96.2351,30.3697],[-96.2209,30.3764],[-96.2162,30.3765],[-96.2122,30.3737],[-96.2098,30.374],[-96.2065,30.379],[-96.2012,30.3811],[-96.1995,30.3829],[-96.1982,30.3951],[-96.1955,30.3997],[-96.1908,30.3987],[-96.1838,30.3943],[-96.1805,30.3951],[-96.178,30.3943],[-96.1745,30.3909],[-96.1732,30.3877],[-96.1765,30.3783],[-96.1762,30.3755],[-96.1715,30.3738],[-96.1672,30.3752],[-96.163,30.3781],[-96.159,30.3786],[-96.1559,30.3744],[-96.151,30.3712],[-96.1499,30.3688],[-96.1509,30.3661],[-96.1555,30.3627],[-96.1527,30.355],[-96.1526,30.3503],[-96.1594,30.3428],[-96.1605,30.3401],[-96.1602,30.3385],[-96.1528,30.328],[-96.1475,30.3242],[-96.1379,30.3219],[-96.1365,30.3148],[-96.1316,30.3124],[-96.1253,30.3116],[-96.1195,30.3048],[-96.1174,30.3042],[-96.1151,30.306],[-96.0986,30.311],[-96.0965,30.3109],[-96.0944,30.3094],[-96.0936,30.3052],[-96.0993,30.2985],[-96.1003,30.2918],[-96.0969,30.289],[-96.0869,30.2894],[-96.0844,30.2877],[-96.084,30.2851],[-96.0851,30.2826],[-96.0906,30.2791],[-96.0933,30.2755],[-96.0955,30.2656],[-96.0989,30.2597],[-96.0991,30.2552],[-96.0949,30.2524],[-96.086,30.2525],[-96.0839,30.2504],[-96.0808,30.2443],[-96.0833,30.2383],[-96.0877,30.2378],[-96.0904,30.2389],[-96.0944,30.2424],[-96.0969,30.243],[-96.1013,30.2409],[-96.1031,30.2387],[-96.1051,30.2324],[-96.1044,30.2315],[-96.0982,30.2304],[-96.0956,30.2288],[-96.0932,30.2252],[-96.0889,30.2287],[-95.9538,30.237],[-95.9233,30.2373],[-95.8043,30.2456],[-95.8046,30.3417],[-95.8173,30.4987],[-95.8302,30.6303],[-95.657,30.5397],[-95.6426,30.5546],[-95.6412,30.557],[-95.6413,30.5595],[-95.6347,30.5645],[-95.6271,30.5664],[-95.6235,30.5688],[-95.6145,30.589],[-95.5839,30.5843],[-95.5695,30.5852],[-95.5654,30.584],[-95.5636,30.585],[-95.563,30.5845],[-95.5615,30.5868],[-95.5601,30.5869],[-95.5593,30.5856],[-95.5572,30.5852],[-95.5543,30.5873],[-95.5514,30.5869],[-95.5474,30.588],[-95.5463,30.5888],[-95.5467,30.5907],[-95.5437,30.5948],[-95.5358,30.5961],[-95.5347,30.5946],[-95.5306,30.5945],[-95.5288,30.593],[-95.5254,30.5925],[-95.5122,30.5957],[-95.5088,30.5985],[-95.5052,30.598],[-95.5105,30.6576],[-95.5116,30.6612],[-95.5208,30.6766],[-95.5269,30.6806],[-95.5505,30.6921],[-95.5539,30.6953],[-95.5498,30.6971],[-95.5455,30.7015],[-95.5438,30.7054],[-95.55,30.708],[-95.5512,30.71],[-95.5511,30.7141],[-95.5562,30.7141],[-95.5561,30.7237],[-95.5529,30.7238],[-95.5523,30.7333],[-95.551,30.7346],[-95.5501,30.7342],[-95.5488,30.7435],[-95.5502,30.7561],[-95.5541,30.7635],[-95.5446,30.7637],[-95.5428,30.769],[-95.536,30.7657],[-95.5351,30.7663],[-95.5314,30.7656],[-95.5315,30.768],[-95.5276,30.7696],[-95.5274,30.7723],[-95.5265,30.7717],[-95.5266,30.773],[-95.523,30.7749],[-95.5214,30.7735],[-95.5202,30.7743],[-95.5147,30.7725],[-95.5142,30.7739],[-95.5126,30.7736],[-95.512,30.775],[-95.5132,30.7765],[-95.5111,30.7785],[-95.5099,30.778],[-95.5078,30.7791],[-95.5081,30.7819],[-95.5054,30.7819],[-95.5016,30.7859],[-95.4966,30.7887],[-95.4962,30.793],[-95.4977,30.7961],[-95.4966,30.7984],[-95.4961,30.7974],[-95.4928,30.7969],[-95.4912,30.7906],[-95.487,30.7863],[-95.4834,30.7842],[-95.4789,30.784],[-95.4796,30.7795],[-95.4825,30.7755],[-95.4802,30.7747],[-95.4782,30.7714],[-95.4811,30.7676],[-95.4813,30.7649],[-95.4797,30.7634],[-95.478,30.7637],[-95.4751,30.7593],[-95.4761,30.7548],[-95.4725,30.7505],[-95.4711,30.7467],[-95.472,30.7434],[-95.4741,30.7431],[-95.475,30.7419],[-95.4751,30.7397],[-95.4736,30.7383],[-95.4743,30.7365],[-95.4714,30.7343],[-95.4719,30.7322],[-95.4699,30.7305],[-95.47,30.729],[-95.4683,30.7283],[-95.4683,30.7273],[-95.4657,30.727],[-95.4656,30.7262],[-95.4644,30.7268],[-95.4638,30.726],[-95.4617,30.7261],[-95.4539,30.7215],[-95.4554,30.717],[-95.4526,30.7177],[-95.4471,30.7063],[-95.4307,30.7072],[-95.4272,30.7083],[-95.4146,30.7207],[-95.4038,30.7277],[-95.3386,30.7378],[-95.3465,30.6252],[-95.3592,30.5044],[-95.3531,30.4944],[-95.3534,30.4876],[-95.3516,30.4813],[-95.3502,30.4799],[-95.3507,30.4761],[-95.3482,30.4742],[-95.3456,30.4683],[-95.3414,30.4645],[-95.337,30.4509],[-95.3303,30.4431],[-95.3308,30.4356],[-95.3171,30.4196],[-95.3141,30.4124],[-95.3109,30.4105],[-95.3084,30.4058],[-95.3033,30.4024],[-95.2998,30.4024],[-95.2884,30.3955],[-95.2819,30.3952],[-95.2772,30.3937],[-95.2749,30.3909],[-95.2712,30.3895],[-95.2686,30.3864],[-95.2646,30.3846],[-95.2541,30.3828],[-95.2502,30.3836],[-95.2496,30.3825],[-95.2366,30.3795],[-95.2332,30.3736],[-95.2334,30.3721],[-95.231,30.3715],[-95.2273,30.3675],[-95.2271,30.3638],[-95.2207,30.3616],[-95.2164,30.3546],[-95.2143,30.3545],[-95.2142,30.3535],[-95.2128,30.3532],[-95.2108,30.3544],[-95.2038,30.3521],[-95.2031,30.348],[-95.2066,30.3454],[-95.2072,30.346],[-95.2073,30.3437],[-95.2092,30.3434],[-95.2112,30.3387],[-95.2124,30.3392],[-95.2182,30.3371],[-95.2206,30.3374],[-95.2205,30.3358],[-95.2223,30.3344],[-95.222,30.3323],[-95.2276,30.326],[-95.2254,30.3226],[-95.2253,30.3211],[-95.2265,30.3201],[-95.2256,30.3195],[-95.1659,30.345],[-95.0732,30.385],[-95.0342,30.4033],[-95.0066,30.414],[-94.8426,30.4875],[-94.8494,30.4936],[-94.7773,30.489],[-94.7327,30.4901],[-94.5379,30.4911],[-94.5979,30.7502],[-94.658,31.012],[-94.5621,31.0589],[-94.5608,31.0607],[-94.5611,31.0623],[-94.5625,31.0637],[-94.5627,31.0621],[-94.5645,31.0623],[-94.566,31.0644],[-94.5677,31.0642],[-94.5686,31.0616],[-94.5695,31.063],[-94.569,31.0643],[-94.57,31.0646],[-94.5714,31.0632],[-94.5718,31.0646],[-94.5743,31.0664],[-94.5731,31.0676],[-94.5743,31.0686],[-94.5749,31.0673],[-94.5791,31.0688],[-94.5822,31.068],[-94.5824,31.0647],[-94.5856,31.0665],[-94.5895,31.0661],[-94.5922,31.0683],[-94.591,31.071],[-94.5944,31.0728],[-94.5956,31.0725],[-94.5953,31.0706],[-94.5991,31.0686],[-94.6027,31.0715],[-94.602,31.074],[-94.6047,31.0777],[-94.6058,31.0768],[-94.6047,31.0749],[-94.6059,31.0746],[-94.6072,31.0778],[-94.6124,31.078],[-94.6095,31.0819],[-94.6111,31.0826],[-94.6123,31.0809],[-94.6145,31.081],[-94.6129,31.082],[-94.6145,31.0829],[-94.6144,31.0852],[-94.6176,31.0838],[-94.6187,31.0859],[-94.6198,31.0863],[-94.6216,31.0853],[-94.6229,31.0875],[-94.6235,31.0853],[-94.6254,31.0867],[-94.628,31.0839],[-94.6297,31.0835],[-94.6328,31.0857],[-94.6322,31.0873],[-94.6345,31.0881],[-94.6336,31.0891],[-94.635,31.09],[-94.6354,31.089],[-94.6399,31.0869],[-94.6428,31.0878],[-94.6465,31.0922],[-94.6484,31.099],[-94.6503,31.0985],[-94.655,31.0938],[-94.654,31.0918],[-94.6544,31.0903],[-94.6555,31.0906],[-94.6548,31.0886],[-94.6583,31.0848],[-94.6599,31.0862],[-94.6618,31.0857],[-94.6636,31.0865],[-94.6634,31.0884],[-94.6679,31.0893],[-94.6685,31.088],[-94.6693,31.0888],[-94.6709,31.0885],[-94.6725,31.0904],[-94.6715,31.0908],[-94.6727,31.0925],[-94.6702,31.0931],[-94.6709,31.0956],[-94.6732,31.0958],[-94.6784,31.0931],[-94.6793,31.096],[-94.6866,31.0962],[-94.6891,31.0978],[-94.6905,31.0979],[-94.6898,31.0967],[-94.6922,31.0957],[-94.694,31.0965],[-94.6936,31.0976],[-94.6954,31.0969],[-94.6967,31.0987],[-94.698,31.098],[-94.6969,31.0964],[-94.698,31.0961],[-94.6998,31.0978],[-94.6992,31.0994],[-94.7004,31.0993],[-94.7027,31.1019],[-94.7038,31.1015],[-94.7041,31.0988],[-94.7064,31.0997],[-94.7058,31.1027],[-94.7091,31.1012],[-94.7098,31.1039],[-94.7078,31.1046],[-94.71,31.1055],[-94.7118,31.1055],[-94.7128,31.1035],[-94.714,31.1047],[-94.7156,31.1037],[-94.7161,31.1055],[-94.719,31.1071],[-94.7217,31.1062],[-94.7236,31.1085],[-94.7259,31.106],[-94.7341,31.1043],[-94.736,31.1048],[-94.7378,31.1035],[-94.7422,31.1045],[-94.7456,31.1067],[-94.7467,31.1062],[-94.7475,31.1069],[-94.7482,31.1055],[-94.7514,31.1054],[-94.7545,31.1091],[-94.7607,31.1111],[-94.7654,31.1149],[-94.7681,31.1147],[-94.7696,31.1173],[-94.7722,31.1176],[-94.7729,31.1167],[-94.7765,31.1186],[-94.777,31.1199],[-94.7806,31.1219],[-94.7809,31.1236],[-94.7829,31.1222],[-94.7852,31.1234],[-94.7868,31.1229],[-94.7888,31.1246],[-94.7902,31.1241],[-94.7954,31.1276],[-94.7935,31.1283],[-94.797,31.1312],[-94.8001,31.1309],[-94.8027,31.1322],[-94.8029,31.1301],[-94.8121,31.1335],[-94.813,31.1306],[-94.8139,31.1305],[-94.8185,31.1322],[-94.8199,31.1359],[-94.8227,31.1384],[-94.8218,31.1394],[-94.8228,31.1402],[-94.8253,31.1381],[-94.8275,31.1398],[-94.8296,31.1387],[-94.8316,31.1416],[-94.8363,31.1416],[-94.837,31.1433],[-94.8417,31.1432],[-94.8439,31.1492],[-94.8453,31.1492],[-94.8457,31.1478],[-94.8484,31.1494],[-94.8516,31.1478],[-94.8532,31.1501],[-94.8566,31.1501],[-94.8553,31.1544],[-94.853,31.154],[-94.85,31.1549],[-94.8505,31.1562],[-94.8517,31.1563],[-94.8498,31.1595],[-94.8508,31.163],[-94.8527,31.164],[-94.8539,31.1666],[-94.8535,31.1693],[-94.8552,31.1724],[-94.8532,31.1739],[-94.8532,31.172],[-94.85,31.1712],[-94.8513,31.1725],[-94.8523,31.1776],[-94.8501,31.1784],[-94.8519,31.1833],[-94.8544,31.1845],[-94.8541,31.1854],[-94.8529,31.1849],[-94.8537,31.1891],[-94.8577,31.1903],[-94.8607,31.1951],[-94.8603,31.196],[-94.8585,31.1953],[-94.859,31.1979],[-94.8629,31.201],[-94.8617,31.2032],[-94.8633,31.203],[-94.8648,31.2075],[-94.8664,31.2087],[-94.8652,31.2106],[-94.8627,31.2109],[-94.8657,31.2123],[-94.8614,31.2128],[-94.864,31.2153],[-94.8635,31.2166],[-94.8594,31.2161],[-94.859,31.2189],[-94.8613,31.2182],[-94.8629,31.2203],[-94.8584,31.2206],[-94.8599,31.2221],[-94.863,31.2228],[-94.8625,31.2246],[-94.8647,31.2257],[-94.863,31.227],[-94.8645,31.2321],[-94.8613,31.2326],[-94.8605,31.235],[-94.8634,31.2351],[-94.867,31.2388],[-94.8685,31.2444],[-94.87,31.2449],[-94.871,31.2437],[-94.8734,31.2463],[-94.8751,31.2503],[-94.8758,31.2503],[-94.876,31.2487],[-94.879,31.2488],[-94.8806,31.2475],[-94.8831,31.2493],[-94.8822,31.2502],[-94.8845,31.2557],[-94.886,31.2548],[-94.8893,31.2555],[-94.8911,31.2538],[-94.8945,31.2559],[-94.8944,31.2568],[-94.8977,31.258],[-94.8973,31.2603],[-94.8982,31.2616],[-94.8962,31.2626],[-94.8974,31.2647],[-94.8914,31.269],[-94.8877,31.2768],[-94.8837,31.2777],[-94.88,31.2814],[-94.877,31.2826],[-94.8779,31.2877],[-94.8805,31.2895],[-94.8836,31.2873],[-94.8863,31.2957],[-94.8883,31.294],[-94.888,31.2921],[-94.8895,31.2928],[-94.8895,31.295],[-94.8908,31.2961],[-94.8914,31.2925],[-94.8947,31.2917],[-94.8947,31.2944],[-94.8965,31.2962],[-94.8952,31.2965],[-94.8946,31.2994],[-94.8976,31.3024],[-94.8983,31.3045],[-94.8975,31.3065],[-94.9005,31.3102],[-94.9004,31.3128],[-94.9016,31.3131],[-94.8966,31.3191],[-94.8985,31.3205],[-94.897,31.3235],[-94.8986,31.3241],[-94.899,31.327],[-94.9038,31.3293],[-94.9018,31.3317],[-94.9034,31.3312],[-94.9049,31.3329],[-94.9073,31.3321],[-94.9094,31.337],[-94.9109,31.336],[-94.9119,31.3373],[-94.9154,31.3376],[-94.9176,31.3395],[-94.9163,31.3364],[-94.9176,31.3359],[-94.9189,31.3376],[-94.9217,31.3374],[-94.9295,31.3408],[-94.9293,31.3383],[-94.9319,31.3383],[-94.9322,31.3399],[-94.9344,31.3412],[-94.94,31.343],[-94.9403,31.3405],[-94.9426,31.3418],[-94.9449,31.3382],[-94.9454,31.3409],[-94.9471,31.3407],[-94.9476,31.3386],[-94.9545,31.3422],[-94.9542,31.3441],[-94.9578,31.3428],[-94.9578,31.3446],[-94.9549,31.3458],[-94.9564,31.3479],[-94.9553,31.3498],[-94.9564,31.3504],[-94.9589,31.3489],[-94.9611,31.3488],[-94.9613,31.3528],[-94.9598,31.3538],[-94.959,31.3528],[-94.9572,31.3529],[-94.9586,31.3553],[-94.9578,31.3569],[-94.9569,31.3565],[-94.9579,31.3556],[-94.9557,31.3549],[-94.9555,31.3564],[-94.9527,31.3582],[-94.951,31.3578],[-94.9498,31.3598],[-94.9506,31.3606],[-94.9527,31.3591],[-94.9535,31.3613],[-94.956,31.3614],[-94.9546,31.3629],[-94.9554,31.3641],[-94.9571,31.3628],[-94.9586,31.3636],[-94.959,31.3657],[-94.9567,31.367],[-94.9576,31.3689],[-94.9553,31.3735],[-94.9573,31.375],[-94.9575,31.3787],[-94.9562,31.3789],[-94.9549,31.3809],[-94.9521,31.3797],[-94.9497,31.3804],[-94.9497,31.3815],[-94.9505,31.3824],[-94.9523,31.3824],[-94.9536,31.3847],[-94.9575,31.3855],[-94.957,31.3867],[-94.9595,31.3873],[-94.9585,31.3884],[-94.9663,31.3912],[-94.966,31.3939],[-94.9645,31.3952],[-94.9658,31.3966],[-94.9676,31.3974],[-94.9696,31.397],[-94.9736,31.3998],[-94.9767,31.399],[-94.978,31.3996],[-94.9781,31.4008],[-94.976,31.4021],[-94.9759,31.4041],[-94.9763,31.4053],[-94.9787,31.405],[-94.9795,31.4057],[-94.976,31.4074],[-94.9769,31.4093],[-94.9783,31.4087],[-94.9811,31.4101],[-94.983,31.4113],[-94.9829,31.4127],[-94.9854,31.414],[-94.9879,31.4145],[-94.9902,31.4133],[-94.9935,31.414],[-94.9942,31.415],[-94.9936,31.4178],[-94.9974,31.4168],[-94.9993,31.4207],[-95.0002,31.4205],[-95.0001,31.4176],[-95.0054,31.4209],[-95.0049,31.424],[-95.0033,31.4257],[-95.004,31.4286],[-95.0065,31.4295],[-95.0077,31.4312],[-95.0071,31.4332],[-95.0108,31.4342],[-95.0121,31.4356],[-95.0113,31.4378],[-95.0052,31.4399],[-95.005,31.442],[-95.0062,31.4417],[-95.0063,31.4428],[-95.0076,31.4429],[-95.0073,31.4446],[-95.0124,31.444],[-95.0165,31.4457],[-95.0166,31.4449],[-95.0237,31.4426],[-95.0319,31.4456],[-95.0324,31.4448],[-95.031,31.4434],[-95.0353,31.4435],[-95.0345,31.4448],[-95.0392,31.4467],[-95.0452,31.4451],[-95.0447,31.4463],[-95.0489,31.4495],[-95.0485,31.451],[-95.0517,31.4531],[-95.0511,31.4564],[-95.0522,31.459],[-95.0558,31.4602],[-95.055,31.462],[-95.0586,31.4637],[-95.057,31.4648],[-95.0605,31.468],[-95.0623,31.4675],[-95.0622,31.4693],[-95.0647,31.4713],[-95.0691,31.4704],[-95.0685,31.4693],[-95.0675,31.4703],[-95.0664,31.4701],[-95.0673,31.4663],[-95.0723,31.4635],[-95.0737,31.4639],[-95.0742,31.4669],[-95.0785,31.4674],[-95.0806,31.4699],[-95.0814,31.4682],[-95.0883,31.466],[-95.0913,31.467],[-95.0924,31.4694],[-95.0953,31.4679],[-95.1007,31.4683],[-95.1001,31.4691],[-95.1014,31.4699],[-95.1011,31.4714],[-95.0974,31.4745],[-95.0978,31.4764],[-95.0988,31.4767],[-95.0984,31.4748],[-95.1017,31.4739],[-95.1035,31.4744],[-95.1026,31.4752],[-95.1031,31.4787],[-95.1068,31.4806],[-95.1062,31.4829],[-95.1111,31.4838],[-95.1089,31.4859],[-95.1097,31.4891],[-95.1049,31.4921],[-95.1056,31.4947],[-95.1038,31.4952],[-95.1025,31.4937],[-95.101,31.496],[-95.0983,31.4934],[-95.0978,31.4984],[-95.0958,31.4978],[-95.0944,31.4987],[-95.0959,31.4993],[-95.0941,31.5039],[-95.0983,31.5044],[-95.0974,31.5059],[-95.1007,31.5088],[-95.1002,31.5108],[-95.0977,31.5089],[-95.0966,31.5095],[-95.097,31.5111],[-95.0999,31.5118],[-95.0989,31.5141],[-95.1,31.5189],[-95.103,31.5216],[-95.1033,31.5234],[-95.1043,31.5228],[-95.1058,31.5242],[-95.108,31.5229],[-95.1101,31.5243],[-95.1081,31.5261],[-95.1101,31.528],[-95.1204,31.5327],[-95.1205,31.5347],[-95.1232,31.5342],[-95.1229,31.5314],[-95.1237,31.5311],[-95.1262,31.5343],[-95.1253,31.5372],[-95.1264,31.5383],[-95.1284,31.5377],[-95.135,31.5404],[-95.1434,31.5396],[-95.1461,31.5429],[-95.1442,31.5419],[-95.1432,31.544],[-95.147,31.5503],[-95.1473,31.5538],[-95.1461,31.5556],[-95.1418,31.5579],[-95.1394,31.5614],[-95.1396,31.5628],[-95.1431,31.5647],[-95.1437,31.5628],[-95.1465,31.564],[-95.1474,31.5632],[-95.151,31.5659],[-95.1492,31.5688],[-95.1497,31.5696],[-95.155,31.5712],[-95.157,31.5709],[-95.1566,31.5724],[-95.1582,31.5716],[-95.1616,31.5732],[-95.1622,31.5777],[-95.171,31.5811],[-95.1685,31.5837],[-95.1706,31.5831],[-95.1719,31.5849],[-95.1764,31.5848],[-95.1794,31.5804],[-95.1806,31.5806],[-95.1849,31.5782],[-95.1859,31.5789],[-95.1917,31.5771],[-95.193,31.5752],[-95.1926,31.5733],[-95.1947,31.5747],[-95.1983,31.5741],[-95.1988,31.5735],[-95.1972,31.573],[-95.1979,31.5715],[-95.2027,31.5734],[-95.2085,31.5702],[-95.2095,31.5708],[-95.2083,31.5719],[-95.2088,31.5731],[-95.211,31.5719],[-95.2114,31.5733],[-95.2139,31.5727],[-95.2184,31.5734],[-95.2195,31.5745],[-95.2206,31.5743],[-95.2213,31.5757],[-95.226,31.5774],[-95.2277,31.5763],[-95.2316,31.577],[-95.2308,31.5759],[-95.2283,31.5754],[-95.2302,31.5735],[-95.2398,31.5767],[-95.2408,31.5764],[-95.241,31.5747],[-95.2504,31.5754],[-95.2518,31.5764],[-95.2552,31.5748],[-95.257,31.5765],[-95.2603,31.5771],[-95.262,31.581],[-95.2638,31.5817],[-95.2648,31.5839],[-95.2669,31.5841],[-95.2692,31.5872],[-95.2701,31.5916],[-95.273,31.5905],[-95.274,31.5914],[-95.2732,31.5929]]]},"properties":{"GEOID":"4810","BASENAME":"10","NAME":"Congressional District 10","CD120":"10"}},
{"type":"Feature","geometry":{"type":"Polygon","coordinates":[[[-94.7059,32.8792],[-94.7081,32.8838],[-94.7058,32.8853],[-94.7049,32.8897],[-94.7052,32.8921],[-94.707,32.8937],[-94.7067,32.8948],[-94.7094,32.8946],[-94.7083,32.8961],[-94.7114,32.8969],[-94.7117,32.8985],[-94.7157,32.898],[-94.7157,32.9002],[-94.7173,32.8996],[-94.7183,32.8999],[-94.7182,32.9012],[-94.7217,32.9009],[-94.7208,32.9017],[-94.7223,32.9017],[-94.7231,32.9031],[-94.72,32.9049],[-94.7221,32.9065],[-94.7236,32.9062],[-94.7247,32.9101],[-94.7271,32.9113],[-94.7267,32.9131],[-94.7339,32.9136],[-94.7366,32.9124],[-94.7356,32.914],[-94.7368,32.915],[-94.7356,32.916],[-94.7378,32.9159],[-94.7376,32.9177],[-94.7388,32.9183],[-94.7401,32.9179],[-94.7416,32.9193],[-94.744,32.9185],[-94.7459,32.9195],[-94.7476,32.9187],[-94.7481,32.9209],[-94.7493,32.9214],[-94.7505,32.9201],[-94.7524,32.9198],[-94.7505,32.9192],[-94.7516,32.9179],[-94.7558,32.9184],[-94.7564,32.92],[-94.7578,32.9199],[-94.7586,32.9213],[-94.7621,32.922],[-94.7673,32.9262],[-94.769,32.9259],[-94.7713,32.9283],[-94.7719,32.9346],[-94.7744,32.9339],[-94.7756,32.9346],[-94.7765,32.9383],[-94.7738,32.9392],[-94.7757,32.9409],[-94.775,32.9414],[-94.7732,32.9405],[-94.7739,32.9438],[-94.7763,32.9442],[-94.7765,32.9464],[-94.7798,32.9463],[-94.7792,32.9473],[-94.7815,32.9478],[-94.7826,32.9513],[-94.7866,32.9528],[-94.7855,32.954],[-94.7879,32.9568],[-94.7868,32.9573],[-94.7859,32.9562],[-94.7845,32.9571],[-94.7858,32.9582],[-94.7875,32.958],[-94.7865,32.9594],[-94.7895,32.9599],[-94.7903,32.9622],[-94.7922,32.9625],[-94.7927,32.9613],[-94.7942,32.9631],[-94.7939,32.9616],[-94.7954,32.9625],[-94.7964,32.9621],[-94.7986,32.9649],[-94.8009,32.9662],[-94.8025,32.9655],[-94.8048,32.9696],[-94.8043,32.9716],[-94.8065,32.9712],[-94.8085,32.9724],[-94.8094,32.9716],[-94.8106,32.9734],[-94.8123,32.974],[-94.8126,32.9764],[-94.8133,32.9755],[-94.8155,32.9761],[-94.8148,32.9771],[-94.8154,32.9779],[-94.8185,32.9778],[-94.8178,32.98],[-94.8157,32.981],[-94.8194,32.9829],[-94.8214,32.9825],[-94.8257,32.9857],[-94.8268,32.9838],[-94.8284,32.9833],[-94.8291,32.9847],[-94.8278,32.9855],[-94.8299,32.9867],[-94.8302,32.9892],[-94.8312,32.9888],[-94.8311,32.9877],[-94.8329,32.9873],[-94.8334,32.9891],[-94.835,32.9891],[-94.8346,32.9908],[-94.8407,32.9939],[-94.8427,32.9968],[-94.8459,32.9955],[-94.8483,32.9968],[-94.8494,32.9993],[-94.853,33.0013],[-94.8541,33.0036],[-94.856,33.0034],[-94.857,33.0017],[-94.8581,33.002],[-94.8567,33.004],[-94.8592,33.0034],[-94.8599,33.0058],[-94.8627,33.0061],[-94.862,33.0072],[-94.8605,33.0066],[-94.859,33.0082],[-94.8597,33.0115],[-94.8578,33.0121],[-94.8593,33.0136],[-94.8638,33.0135],[-94.8652,33.0154],[-94.8656,33.0143],[-94.8699,33.0138],[-94.8704,33.0147],[-94.8725,33.014],[-94.8728,33.015],[-94.876,33.0158],[-94.877,33.0196],[-94.8798,33.0191],[-94.8801,33.0203],[-94.8814,33.02],[-94.883,33.0217],[-94.8881,33.0231],[-94.8908,33.0261],[-94.889,33.0268],[-94.8886,33.0291],[-94.8894,33.0296],[-94.8887,33.0305],[-94.8936,33.0306],[-94.8936,33.0333],[-94.895,33.0326],[-94.8962,33.0342],[-94.8956,33.036],[-94.8975,33.0357],[-94.8978,33.0367],[-94.9009,33.0376],[-94.9,33.038],[-94.9004,33.0402],[-94.9014,33.0398],[-94.902,33.0418],[-94.9056,33.0426],[-94.9055,33.0443],[-94.9063,33.0435],[-94.9074,33.0448],[-94.908,33.044],[-94.9087,33.0454],[-94.9108,33.0459],[-94.9124,33.0445],[-94.9169,33.0453],[-94.918,33.0466],[-94.9165,33.0482],[-94.9189,33.048],[-94.92,33.0506],[-94.9216,33.0509],[-94.9211,33.0528],[-94.922,33.054],[-94.9207,33.0554],[-94.9225,33.0553],[-94.9225,33.0563],[-94.9244,33.0568],[-94.9222,33.0575],[-94.9245,33.0586],[-94.9235,33.0596],[-94.9247,33.0601],[-94.9228,33.0623],[-94.926,33.0622],[-94.9264,33.0639],[-94.9239,33.0675],[-94.9257,33.0666],[-94.9269,33.0673],[-94.926,33.0676],[-94.9274,33.0696],[-94.927,33.0707],[-94.9304,33.0697],[-94.9306,33.071],[-94.9336,33.0712],[-94.9333,33.0727],[-94.9347,33.0727],[-94.9358,33.0739],[-94.9376,33.0734],[-94.9376,33.0743],[-94.9382,33.0736],[-94.9408,33.0745],[-94.9413,33.0729],[-94.9451,33.075],[-94.9461,33.0746],[-94.9458,33.0734],[-94.9479,33.0749],[-94.948,33.074],[-94.9493,33.0744],[-94.9498,33.0735],[-94.9518,33.0747],[-94.9546,33.0739],[-94.9548,33.073],[-94.9576,33.0737],[-94.9595,33.0723],[-94.9624,33.0733],[-94.9639,33.0726],[-94.9689,33.0732],[-94.97,33.0724],[-94.9702,33.0734],[-94.9725,33.0719],[-94.9728,33.0728],[-94.9772,33.0741],[-94.9772,33.0752],[-94.9783,33.0756],[-94.9778,33.0771],[-94.979,33.0764],[-94.9796,33.0774],[-94.9815,33.0766],[-94.9828,33.0773],[-94.9828,33.0757],[-94.9843,33.0771],[-94.9847,33.076],[-94.9876,33.0748],[-94.9874,33.0734],[-94.9888,33.0735],[-94.9893,33.0728],[-94.9913,33.0739],[-94.9948,33.073],[-94.9943,33.0739],[-94.9956,33.0744],[-94.9956,33.0754],[-94.9975,33.0745],[-94.999,33.0748],[-94.9985,33.0765],[-95.001,33.076],[-95.0038,33.0735],[-95.0032,33.0724],[-95.0058,33.0711],[-95.0072,33.0711],[-95.0065,33.0728],[-95.0102,33.0732],[-95.0094,33.0739],[-95.01,33.075],[-95.0107,33.0744],[-95.0114,33.0758],[-95.0142,33.076],[-95.014,33.0749],[-95.0183,33.0757],[-95.0251,33.0745],[-95.0257,33.0732],[-95.0289,33.0723],[-95.0285,33.0733],[-95.0307,33.0736],[-95.0305,33.0714],[-95.0312,33.073],[-95.0324,33.0715],[-95.0333,33.0729],[-95.0334,33.0717],[-95.0348,33.071],[-95.0372,33.0723],[-95.0369,33.0708],[-95.0383,33.0719],[-95.0381,33.0708],[-95.0393,33.0703],[-95.0403,33.0723],[-95.0399,33.07],[-95.0446,33.0703],[-95.0433,33.0694],[-95.0439,33.068],[-95.0479,33.0663],[-95.0462,33.0649],[-95.0478,33.0647],[-95.0464,33.0631],[-95.0478,33.0619],[-95.0486,33.0629],[-95.05,33.0629],[-95.0514,33.0615],[-95.0544,33.0616],[-95.0554,33.0601],[-95.0542,33.058],[-95.0556,33.0578],[-95.0558,33.0566],[-95.0564,33.0579],[-95.057,33.0572],[-95.058,33.0577],[-95.0577,33.0552],[-95.0594,33.0561],[-95.0607,33.0546],[-95.0627,33.0543],[-95.0656,33.0554],[-95.0675,33.0537],[-95.0698,33.0547],[-95.0784,33.0521],[-95.0803,33.0467],[-95.084,33.0459],[-95.0864,33.0433],[-95.0903,33.0428],[-95.0916,33.0414],[-95.0908,33.0411],[-95.0913,33.04],[-95.0946,33.0376],[-95.0967,33.0384],[-95.0966,33.037],[-95.0989,33.0371],[-95.0988,33.0348],[-95.0991,33.0363],[-95.0994,33.0352],[-95.1003,33.0359],[-95.1004,33.0345],[-95.1015,33.0345],[-95.1019,33.0358],[-95.1024,33.0344],[-95.1032,33.0348],[-95.103,33.033],[-95.105,33.0336],[-95.105,33.0325],[-95.1063,33.0323],[-95.1073,33.0333],[-95.1079,33.0315],[-95.1093,33.0329],[-95.1096,33.0311],[-95.1126,33.0316],[-95.1136,33.0305],[-95.1152,33.0317],[-95.1133,33.0318],[-95.1131,33.0326],[-95.115,33.0341],[-95.1209,33.0342],[-95.1222,33.0358],[-95.1289,33.0338],[-95.1304,33.0323],[-95.1292,33.0314],[-95.1311,33.0301],[-95.1339,33.0313],[-95.1372,33.0309],[-95.1387,33.0262],[-95.1411,33.0258],[-95.1411,33.0243],[-95.1475,33.0209],[-95.1478,33.0169],[-95.1536,33.0124],[-95.1544,33.0079],[-95.1532,33.0083],[-95.1511,33.0063],[-95.1521,33.0027],[-95.1541,33.0029],[-95.1563,33.0014],[-95.1563,32.9994],[-95.1587,32.9972],[-95.1575,32.997],[-95.1576,32.9947],[-95.1592,32.9956],[-95.1591,32.9945],[-95.1623,32.9942],[-95.1627,32.9927],[-95.1613,32.9894],[-95.1639,32.9887],[-95.1623,32.988],[-95.1619,32.9858],[-95.164,32.9848],[-95.162,32.983],[-95.1622,32.9809],[-95.1644,32.9785],[-95.1639,32.9771],[-95.1649,32.9769],[-95.165,32.9753],[-95.1674,32.9748],[-95.1695,32.9726],[-95.1717,32.9725],[-95.1726,32.9694],[-95.1741,32.969],[-95.1736,32.9672],[-95.175,32.9668],[-95.1759,32.9648],[-95.1726,32.9633],[-95.1729,32.9618],[-95.3057,32.9626],[-95.6654,32.9604],[-95.6677,32.9796],[-95.9236,32.9798],[-95.9327,32.989],[-95.9323,32.9988],[-95.9313,32.9988],[-95.9319,33.0036],[-95.9357,33.004],[-95.9357,33.0069],[-95.9445,33.0065],[-95.9468,33.008],[-95.9616,33.0115],[-95.9679,33.0161],[-95.9732,33.0218],[-95.976,33.023],[-95.9995,33.0156],[-96.0189,33.011],[-96.0181,33.0122],[-96.0203,33.0142],[-96.0203,33.0158],[-96.0232,33.0166],[-96.024,33.018],[-96.0305,33.0219],[-96.0305,33.0228],[-96.0288,33.0234],[-96.0302,33.0233],[-96.0316,33.0247],[-96.031,33.0257],[-96.0321,33.0256],[-96.033,33.0268],[-96.0335,33.0292],[-96.0352,33.0292],[-96.0377,33.0324],[-96.0399,33.032],[-96.0392,33.0306],[-96.0401,33.0294],[-96.0445,33.03],[-96.047,33.032],[-96.0481,33.0318],[-96.0478,33.0331],[-96.0492,33.0334],[-96.0478,33.0354],[-96.0486,33.037],[-96.0506,33.0365],[-96.0522,33.0372],[-96.0527,33.0364],[-96.0549,33.038],[-96.059,33.0371],[-96.0613,33.0342],[-96.0676,33.032],[-96.0677,33.0367],[-96.0936,33.0372],[-96.0941,33.0392],[-96.1078,33.0394],[-96.1085,33.0415],[-96.1227,33.0423],[-96.1795,33.0434],[-96.1876,33.0337],[-96.2034,33.0198],[-96.2594,32.9872],[-96.2779,32.981],[-96.2972,32.981],[-96.2972,32.9818],[-96.438,32.9821],[-96.6134,32.9843],[-96.6131,33.0035],[-96.6148,33.0035],[-96.6147,33.0049],[-96.6224,33.005],[-96.6225,33.0041],[-96.6382,33.005],[-96.6592,33.0043],[-96.6592,33.0034],[-96.6648,33.0041],[-96.665,32.9973],[-96.6707,32.9973],[-96.6754,33.0007],[-96.6809,33.0026],[-96.708,33.0042],[-96.7444,33.0039],[-96.7508,33.0027],[-96.7569,33.0004],[-96.7565,32.9975],[-96.7551,32.9969],[-96.7564,32.9952],[-96.7565,32.9863],[-96.8441,32.9874],[-96.9395,32.9886],[-96.9339,32.9853],[-96.9231,32.9742],[-96.9142,32.9587],[-96.9046,32.9445],[-96.9027,32.9392],[-96.8906,32.9391],[-96.8904,32.9464],[-96.8719,32.9463],[-96.8707,32.9534],[-96.8556,32.9531],[-96.8558,32.9335],[-96.8476,32.9334],[-96.8475,32.9399],[-96.839,32.9399],[-96.839,32.9543],[-96.8223,32.954],[-96.8236,32.9512],[-96.8236,32.9461],[-96.8223,32.9425],[-96.8222,32.9329],[-96.8208,32.9261],[-96.781,32.9243],[-96.7799,32.9225],[-96.7773,32.9214],[-96.7771,32.9189],[-96.7757,32.917],[-96.776,32.9123],[-96.7737,32.9097],[-96.7814,32.9097],[-96.7864,32.9074],[-96.7875,32.9049],[-96.7862,32.9047],[-96.7863,32.9038],[-96.7847,32.904],[-96.7845,32.9031],[-96.787,32.9028],[-96.7868,32.9009],[-96.7803,32.9016],[-96.7796,32.895],[-96.7708,32.8987],[-96.7634,32.8986],[-96.7527,32.8934],[-96.7457,32.894],[-96.7407,32.8931],[-96.7391,32.8969],[-96.7354,32.8968],[-96.7352,32.8957],[-96.7343,32.896],[-96.7318,32.899],[-96.7329,32.8998],[-96.7327,32.9018],[-96.7266,32.9012],[-96.7247,32.8999],[-96.7201,32.8995],[-96.7187,32.8982],[-96.7166,32.902],[-96.7086,32.9078],[-96.7041,32.909],[-96.6447,32.909],[-96.6447,32.9081],[-96.6415,32.908],[-96.6415,32.909],[-96.6236,32.9088],[-96.6194,32.908],[-96.6147,32.9105],[-96.612,32.9107],[-96.6019,32.9104],[-96.5756,32.9075],[-96.5376,32.9078],[-96.5179,32.9172],[-96.519,32.8136],[-96.2974,32.8142],[-96.2973,32.8417],[-96.0765,32.8385],[-95.9344,32.8372],[-95.9256,32.8293],[-95.9255,32.8272],[-95.9276,32.8271],[-95.9277,32.8261],[-95.9265,32.8254],[-95.9275,32.8224],[-95.9257,32.8228],[-95.9246,32.821],[-95.9222,32.821],[-95.9224,32.8197],[-95.924,32.8195],[-95.9246,32.8184],[-95.9241,32.8177],[-95.9215,32.818],[-95.9224,32.8156],[-95.9188,32.8149],[-95.9177,32.8134],[-95.9167,32.8135],[-95.9157,32.811],[-95.9125,32.8116],[-95.905,32.8097],[-95.9043,32.8085],[-95.9067,32.8069],[-95.9013,32.8046],[-95.9012,32.8034],[-95.8993,32.8022],[-95.8977,32.803],[-95.8959,32.8022],[-95.8954,32.8037],[-95.8946,32.8036],[-95.8935,32.8025],[-95.8949,32.801],[-95.8947,32.7991],[-95.8926,32.8006],[-95.8932,32.7984],[-95.8911,32.799],[-95.8895,32.7951],[-95.8844,32.7928],[-95.8798,32.7894],[-95.8787,32.7896],[-95.879,32.7917],[-95.8777,32.7912],[-95.8771,32.7891],[-95.8785,32.7878],[-95.8773,32.7875],[-95.8754,32.7895],[-95.8753,32.7871],[-95.8726,32.7884],[-95.8726,32.7858],[-95.8706,32.785],[-95.8701,32.7835],[-95.8653,32.7824],[-95.8637,32.7769],[-95.8589,32.777],[-95.8578,32.7785],[-95.8548,32.7786],[-95.8566,32.7764],[-95.8548,32.7746],[-95.8521,32.7742],[-95.8527,32.772],[-95.8508,32.7708],[-95.8486,32.7715],[-95.8471,32.7696],[-95.8454,32.7693],[-95.8447,32.7704],[-95.8438,32.7691],[-95.8428,32.7703],[-95.8382,32.7704],[-95.838,32.7713],[-95.8353,32.7719],[-95.8342,32.7707],[-95.8312,32.7703],[-95.8297,32.7688],[-95.8297,32.7671],[-95.8279,32.7668],[-95.8258,32.768],[-95.8233,32.7678],[-95.8226,32.7687],[-95.8203,32.7673],[-95.8193,32.7679],[-95.819,32.77],[-95.8174,32.7682],[-95.8148,32.771],[-95.8137,32.7697],[-95.8146,32.7683],[-95.8131,32.7671],[-95.8167,32.7668],[-95.8157,32.7655],[-95.8077,32.768],[-95.8081,32.7693],[-95.8068,32.7698],[-95.8076,32.7739],[-95.8063,32.7724],[-95.8047,32.7726],[-95.8044,32.7714],[-95.8019,32.7741],[-95.7989,32.7738],[-95.7973,32.7725],[-95.7952,32.773],[-95.796,32.7753],[-95.7947,32.7759],[-95.7923,32.7745],[-95.7897,32.7746],[-95.7898,32.7734],[-95.7915,32.7733],[-95.7913,32.7724],[-95.7867,32.7733],[-95.7847,32.7701],[-95.7829,32.7704],[-95.7824,32.7722],[-95.7789,32.7708],[-95.78,32.7731],[-95.7789,32.7737],[-95.7765,32.7723],[-95.7758,32.7708],[-95.7729,32.7707],[-95.7726,32.7727],[-95.7713,32.772],[-95.7701,32.7727],[-95.7687,32.7714],[-95.7655,32.7716],[-95.7642,32.7697],[-95.7619,32.7705],[-95.761,32.769],[-95.7629,32.7685],[-95.7631,32.7663],[-95.765,32.764],[-95.7612,32.762],[-95.7614,32.7613],[-95.7631,32.7614],[-95.763,32.7601],[-95.7644,32.7594],[-95.7623,32.7554],[-95.7606,32.7583],[-95.7593,32.7559],[-95.7558,32.7541],[-95.755,32.7549],[-95.7561,32.7566],[-95.7541,32.7578],[-95.7528,32.7579],[-95.7508,32.7561],[-95.7494,32.7564],[-95.7485,32.7542],[-95.7468,32.7538],[-95.7447,32.7556],[-95.7404,32.7546],[-95.7404,32.7564],[-95.7392,32.7568],[-95.7367,32.7539],[-95.733,32.7522],[-95.7333,32.7512],[-95.736,32.7514],[-95.7335,32.7462],[-95.7315,32.7471],[-95.7318,32.7494],[-95.7303,32.7483],[-95.7271,32.7482],[-95.7257,32.7468],[-95.7254,32.7482],[-95.7235,32.7482],[-95.7159,32.744],[-95.7132,32.7439],[-95.7101,32.7456],[-95.7083,32.7431],[-95.7071,32.7438],[-95.7064,32.7425],[-95.7049,32.7428],[-95.7036,32.7418],[-95.7023,32.7424],[-95.7023,32.7403],[-95.7012,32.7395],[-95.7021,32.7389],[-95.7018,32.7376],[-95.6963,32.7377],[-95.695,32.7366],[-95.6912,32.7373],[-95.6893,32.7345],[-95.6894,32.7306],[-95.687,32.7309],[-95.6891,32.7295],[-95.6882,32.7283],[-95.6856,32.7288],[-95.6849,32.7273],[-95.6811,32.7285],[-95.6797,32.7273],[-95.6777,32.728],[-95.6768,32.7232],[-95.6742,32.7217],[-95.6728,32.7233],[-95.6716,32.7224],[-95.6715,32.7207],[-95.6737,32.7189],[-95.6705,32.7163],[-95.6679,32.7164],[-95.668,32.7133],[-95.6658,32.7156],[-95.6639,32.7156],[-95.6616,32.7138],[-95.6624,32.7117],[-95.659,32.7116],[-95.657,32.7141],[-95.6554,32.7141],[-95.6547,32.7131],[-95.6526,32.7138],[-95.6515,32.7149],[-95.6522,32.7162],[-95.6506,32.7166],[-95.6485,32.7193],[-95.6466,32.7179],[-95.6424,32.719],[-95.6412,32.718],[-95.6393,32.7217],[-95.64,32.7241],[-95.6371,32.7247],[-95.6345,32.7167],[-95.6319,32.7158],[-95.6316,32.7172],[-95.6298,32.717],[-95.6268,32.7141],[-95.6275,32.7104],[-95.6263,32.7087],[-95.6209,32.7081],[-95.6211,32.7102],[-95.6181,32.7075],[-95.6158,32.7081],[-95.6157,32.7063],[-95.6141,32.7055],[-95.6099,32.7045],[-95.6082,32.705],[-95.6073,32.7037],[-95.6048,32.7047],[-95.6055,32.7021],[-95.6046,32.6993],[-95.6027,32.6992],[-95.604,32.6963],[-95.6006,32.6968],[-95.5996,32.6943],[-95.5969,32.6952],[-95.5962,32.6946],[-95.5973,32.6933],[-95.5953,32.6924],[-95.5948,32.6942],[-95.5933,32.6934],[-95.5952,32.6904],[-95.5926,32.688],[-95.5948,32.6878],[-95.5945,32.687],[-95.593,32.6865],[-95.5942,32.6846],[-95.5926,32.6839],[-95.5922,32.6825],[-95.5892,32.6836],[-95.5878,32.6819],[-95.5865,32.6831],[-95.5843,32.6819],[-95.5839,32.6803],[-95.5849,32.6793],[-95.583,32.6776],[-95.5842,32.6764],[-95.583,32.6742],[-95.5807,32.6736],[-95.5781,32.674],[-95.5754,32.6759],[-95.5735,32.6746],[-95.5729,32.6757],[-95.5709,32.6759],[-95.5719,32.6731],[-95.569,32.6725],[-95.5683,32.6738],[-95.5674,32.6736],[-95.5667,32.6726],[-95.5675,32.6708],[-95.566,32.6703],[-95.5654,32.6684],[-95.5636,32.6681],[-95.5631,32.6659],[-95.5646,32.6662],[-95.5649,32.6648],[-95.5617,32.6654],[-95.5604,32.6621],[-95.5555,32.6609],[-95.5544,32.6587],[-95.5535,32.6608],[-95.5422,32.655],[-95.5406,32.6515],[-95.5409,32.6508],[-95.5437,32.6513],[-95.5437,32.6491],[-95.542,32.6484],[-95.5421,32.6469],[-95.5387,32.6464],[-95.536,32.6472],[-95.5333,32.646],[-95.533,32.6472],[-95.5313,32.6468],[-95.5305,32.6476],[-95.528,32.6441],[-95.526,32.6446],[-95.5243,32.6437],[-95.5197,32.6399],[-95.5208,32.6385],[-95.5194,32.6371],[-95.5184,32.6373],[-95.5173,32.6353],[-95.5176,32.6337],[-95.5117,32.6328],[-95.5122,32.6316],[-95.5139,32.6312],[-95.5129,32.6282],[-95.5115,32.6282],[-95.5107,32.6269],[-95.5136,32.6268],[-95.5158,32.6256],[-95.5162,32.6245],[-95.5148,32.6229],[-95.5129,32.6233],[-95.5109,32.6203],[-95.5079,32.6209],[-95.506,32.6191],[-95.5038,32.6189],[-95.5019,32.6203],[-95.4975,32.6184],[-95.494,32.6187],[-95.4908,32.6175],[-95.4918,32.6161],[-95.4901,32.6142],[-95.4859,32.6129],[-95.4842,32.6144],[-95.483,32.6135],[-95.4845,32.6122],[-95.4826,32.6116],[-95.481,32.6129],[-95.4795,32.6126],[-95.4775,32.61],[-95.4765,32.61],[-95.4758,32.6113],[-95.4746,32.6096],[-95.4761,32.6081],[-95.4747,32.6061],[-95.4727,32.6064],[-95.4729,32.6073],[-95.4713,32.6077],[-95.4704,32.6094],[-95.4672,32.6087],[-95.4702,32.6074],[-95.4691,32.6056],[-95.4668,32.6073],[-95.4655,32.6064],[-95.4653,32.6088],[-95.4621,32.6075],[-95.4618,32.6085],[-95.4628,32.6091],[-95.461,32.6097],[-95.4594,32.6088],[-95.4605,32.6074],[-95.4593,32.6057],[-95.457,32.6075],[-95.455,32.606],[-95.4502,32.6063],[-95.4504,32.6077],[-95.4473,32.6061],[-95.4465,32.6073],[-95.4428,32.6077],[-95.4459,32.6087],[-95.4452,32.6111],[-95.4467,32.6137],[-95.4453,32.6126],[-95.4434,32.6125],[-95.4438,32.6115],[-95.4379,32.6102],[-95.4376,32.6121],[-95.4353,32.6122],[-95.437,32.6089],[-95.4353,32.6068],[-95.4331,32.6081],[-95.4331,32.6065],[-95.432,32.6059],[-95.4289,32.6068],[-95.4297,32.6085],[-95.4284,32.6103],[-95.4251,32.6072],[-95.4228,32.609],[-95.4189,32.6089],[-95.4198,32.606],[-95.4189,32.6053],[-95.4131,32.6071],[-95.4107,32.6046],[-95.4087,32.6046],[-95.4041,32.6067],[-95.4055,32.6038],[-95.4036,32.6043],[-95.4018,32.6034],[-95.4022,32.6062],[-95.4003,32.6045],[-95.4004,32.606],[-95.3994,32.6064],[-95.3984,32.6051],[-95.3958,32.6046],[-95.3968,32.602],[-95.3955,32.6013],[-95.3913,32.6013],[-95.3896,32.5989],[-95.3875,32.6005],[-95.385,32.6005],[-95.3837,32.6022],[-95.3818,32.6017],[-95.3825,32.6009],[-95.3819,32.5985],[-95.3784,32.5993],[-95.3752,32.5974],[-95.3741,32.6],[-95.3747,32.603],[-95.372,32.6029],[-95.3702,32.6048],[-95.3638,32.6033],[-95.3618,32.6067],[-95.3594,32.6067],[-95.358,32.6081],[-95.3535,32.6053],[-95.3512,32.6053],[-95.3517,32.607],[-95.3506,32.6075],[-95.3473,32.6051],[-95.3477,32.6074],[-95.3459,32.6093],[-95.3446,32.6075],[-95.346,32.606],[-95.3439,32.6054],[-95.3442,32.6038],[-95.3411,32.604],[-95.3409,32.606],[-95.3393,32.6054],[-95.3394,32.6033],[-95.3384,32.603],[-95.3369,32.6038],[-95.3378,32.6054],[-95.3353,32.6038],[-95.3322,32.6043],[-95.3312,32.6057],[-95.3269,32.5998],[-95.3222,32.5994],[-95.319,32.5956],[-95.315,32.5963],[-95.3132,32.5934],[-95.3104,32.5932],[-95.3104,32.5951],[-95.307,32.5967],[-95.3053,32.5948],[-95.3061,32.5923],[-95.3032,32.5924],[-95.3021,32.5903],[-95.2977,32.5916],[-95.2972,32.5904],[-95.2996,32.5894],[-95.2968,32.5885],[-95.2968,32.5868],[-95.294,32.5865],[-95.2952,32.585],[-95.2925,32.586],[-95.2899,32.5854],[-95.2894,32.5834],[-95.2905,32.583],[-95.2905,32.581],[-95.2875,32.5802],[-95.2838,32.5812],[-95.2813,32.58],[-95.2806,32.5768],[-95.279,32.5763],[-95.2799,32.5754],[-95.2781,32.5716],[-95.2772,32.5731],[-95.2744,32.5728],[-95.2739,32.5739],[-95.2719,32.5739],[-95.2705,32.5723],[-95.2658,32.5725],[-95.2639,32.5752],[-95.2543,32.5754],[-95.2541,32.5769],[-95.2561,32.5775],[-95.2553,32.5781],[-95.2503,32.5777],[-95.2499,32.576],[-95.2472,32.5752],[-95.248,32.5737],[-95.2449,32.5719],[-95.2464,32.5714],[-95.2462,32.5694],[-95.2426,32.5688],[-95.2446,32.5673],[-95.2382,32.5606],[-95.228,32.5603],[-95.2236,32.5636],[-95.2232,32.566],[-95.219,32.5631],[-95.2151,32.5655],[-95.2147,32.569],[-95.2085,32.5686],[-95.2065,32.5719],[-95.205,32.5724],[-95.2031,32.5681],[-95.2054,32.567],[-95.2031,32.5667],[-95.202,32.5644],[-95.2066,32.5601],[-95.2063,32.5581],[-95.2031,32.5566],[-95.2011,32.5538],[-95.1891,32.5466],[-95.1898,32.5421],[-95.1868,32.5423],[-95.1835,32.541],[-95.181,32.5422],[-95.1822,32.5466],[-95.1784,32.5497],[-95.1758,32.5554],[-95.1733,32.5536],[-95.1723,32.5493],[-95.1694,32.5478],[-95.1682,32.5444],[-95.1669,32.5438],[-95.165,32.5446],[-95.1596,32.5505],[-95.1602,32.5529],[-95.1625,32.5543],[-95.1583,32.5663],[-95.1565,32.5686],[-95.1501,32.5723],[-95.1508,32.5702],[-95.1492,32.5689],[-95.1457,32.5696],[-95.144,32.5663],[-95.1443,32.5638],[-95.1407,32.5597],[-95.1415,32.5546],[-95.1401,32.5502],[-95.1354,32.548],[-95.1219,32.5498],[-95.1218,32.5462],[-95.1193,32.5426],[-95.1177,32.5427],[-95.117,32.5446],[-95.1147,32.5453],[-95.113,32.548],[-95.1141,32.5491],[-95.111,32.5517],[-95.1037,32.551],[-95.099,32.5524],[-95.0989,32.55],[-95.0976,32.5497],[-95.0963,32.5511],[-95.0988,32.5557],[-95.0956,32.5552],[-95.0948,32.5571],[-95.0933,32.5577],[-95.0871,32.5561],[-95.0846,32.5577],[-95.086,32.5546],[-95.085,32.5529],[-95.0828,32.5538],[-95.0815,32.5559],[-95.0791,32.5561],[-95.079,32.5531],[-95.0836,32.5464],[-95.0839,32.5425],[-95.0769,32.5398],[-95.0753,32.5371],[-95.0722,32.5387],[-95.0723,32.5407],[-95.0714,32.5411],[-95.0664,32.5377],[-95.0595,32.5383],[-95.0558,32.5406],[-95.0538,32.5384],[-95.0507,32.5382],[-95.0478,32.5392],[-95.0475,32.5404],[-95.0445,32.5422],[-95.0435,32.5411],[-95.0463,32.5389],[-95.0437,32.5367],[-95.0433,32.5325],[-95.0413,32.5322],[-95.0248,32.537],[-95.0242,32.5383],[-95.0281,32.5407],[-95.0266,32.5458],[-95.0242,32.5474],[-95.021,32.5467],[-95.019,32.5431],[-95.0151,32.5429],[-95.0172,32.5387],[-95.0153,32.5328],[-95.0177,32.5265],[-95.0225,32.5219],[-95.0175,32.5184],[-95.01,32.5165],[-95.0048,32.5209],[-94.9985,32.5219],[-94.9922,32.5291],[-94.988,32.5369],[-94.9819,32.5376],[-94.9748,32.5359],[-94.973,32.5378],[-94.9722,32.5374],[-94.8202,32.5906],[-94.7585,32.6598],[-94.753,32.6607],[-94.7519,32.6626],[-94.7498,32.6608],[-94.7478,32.6611],[-94.747,32.6603],[-94.7471,32.6662],[-94.7461,32.6675],[-94.7449,32.6674],[-94.7432,32.6652],[-94.737,32.6636],[-94.7355,32.6603],[-94.7344,32.6615],[-94.7322,32.6581],[-94.7293,32.6585],[-94.7277,32.6552],[-94.7241,32.6545],[-94.7217,32.6558],[-94.7192,32.6544],[-94.7181,32.6561],[-94.717,32.6555],[-94.7172,32.6563],[-94.7141,32.6566],[-94.7144,32.6576],[-94.7125,32.658],[-94.7111,32.6568],[-94.7104,32.6581],[-94.7085,32.657],[-94.7088,32.6557],[-94.7069,32.6557],[-94.7039,32.6581],[-94.7026,32.6564],[-94.7031,32.654],[-94.7018,32.6522],[-94.7021,32.8205],[-94.6724,32.8348],[-94.6739,32.8359],[-94.6727,32.8371],[-94.675,32.8384],[-94.6749,32.837],[-94.6765,32.8368],[-94.6784,32.838],[-94.68,32.8363],[-94.6807,32.8381],[-94.6817,32.8368],[-94.6828,32.8384],[-94.6817,32.8402],[-94.6832,32.8411],[-94.6863,32.8402],[-94.6861,32.838],[-94.6887,32.8391],[-94.6871,32.8428],[-94.6977,32.8431],[-94.699,32.8451],[-94.6981,32.8481],[-94.6997,32.8489],[-94.7002,32.8514],[-94.6997,32.8561],[-94.6983,32.8567],[-94.6983,32.8602],[-94.7018,32.8627],[-94.7034,32.8617],[-94.703,32.8607],[-94.7063,32.8614],[-94.7074,32.8708],[-94.7093,32.8699],[-94.7097,32.8705],[-94.708,32.8726],[-94.7078,32.8761],[-94.7059,32.8792]]]},"properties":{"GEOID":"4832","BASENAME":"32","NAME":"Congressional District 32","CD120":"32"}},
{"type":"Feature","geometry":{"type":"Polygon","coordinates":[[[-97.5028,27.8462],[-97.5052,27.8435],[-97.5069,27.843],[-97.5147,27.8467],[-97.5353,27.8477],[-97.5387,27.8504],[-97.541,27.8567],[-97.5426,27.8583],[-97.5551,27.8607],[-97.5657,27.8596],[-97.5753,27.861],[-97.5851,27.8564],[-97.5895,27.8561],[-97.5919,27.857],[-97.5984,27.8663],[-97.6023,27.8687],[-97.6071,27.8699],[-97.609,27.8717],[-97.6104,27.876],[-97.6092,27.8844],[-97.6096,27.8904],[-97.6118,27.8926],[-97.6211,27.8922],[-97.6239,27.893],[-97.627,27.8954],[-97.6304,27.8954],[-97.6321,27.8934],[-97.6278,27.8872],[-97.626,27.8814],[-97.6271,27.8757],[-97.6308,27.8702],[-97.6382,27.8656],[-97.6395,27.8689],[-97.6424,27.8718],[-97.6452,27.8727],[-97.6524,27.8723],[-97.6568,27.873],[-97.6647,27.8763],[-97.6753,27.8825],[-97.676,27.8845],[-97.6736,27.8858],[-97.673,27.8878],[-97.6743,27.8901],[-97.6715,27.8913],[-97.6713,27.8927],[-97.6749,27.8948],[-97.678,27.8952],[-97.678,27.898],[-97.6808,27.898],[-97.6801,27.8994],[-97.6822,27.9019],[-97.6837,27.8997],[-97.6867,27.9009],[-97.6898,27.9003],[-97.6865,27.9028],[-97.6918,27.9043],[-97.6881,27.9081],[-97.6875,27.9102],[-97.6908,27.9172],[-97.6929,27.9169],[-97.6964,27.9181],[-97.6987,27.92],[-97.6994,27.9191],[-97.6986,27.9175],[-97.6999,27.9174],[-97.703,27.9211],[-97.7082,27.9226],[-97.7164,27.9181],[-97.715,27.9133],[-97.7159,27.9115],[-97.7175,27.9118],[-97.7203,27.9148],[-97.7252,27.9165],[-97.7297,27.9144],[-97.7313,27.9163],[-97.7338,27.9158],[-97.7343,27.915],[-97.7329,27.9126],[-97.736,27.9119],[-97.7367,27.9161],[-97.733,27.9181],[-97.7336,27.9198],[-97.7304,27.9199],[-97.7292,27.9222],[-97.73,27.9233],[-97.7331,27.9253],[-97.7387,27.9256],[-97.744,27.9276],[-97.746,27.927],[-97.7476,27.9319],[-97.749,27.9329],[-97.7518,27.9301],[-97.7561,27.9291],[-97.7546,27.9271],[-97.7579,27.9235],[-97.7609,27.9226],[-97.763,27.9235],[-97.7635,27.9245],[-97.7617,27.9256],[-97.762,27.9269],[-97.7636,27.9272],[-97.7651,27.9259],[-97.7669,27.9277],[-97.762,27.9328],[-97.7643,27.9381],[-97.7662,27.9385],[-97.7663,27.9367],[-97.7678,27.9357],[-97.7725,27.9378],[-97.7759,27.9379],[-97.777,27.9399],[-97.7768,27.9423],[-97.7799,27.9446],[-97.7782,27.9469],[-97.7786,27.9475],[-97.7825,27.9473],[-97.7859,27.9448],[-97.7929,27.9437],[-97.7955,27.9422],[-97.7965,27.9401],[-97.7954,27.9379],[-97.7968,27.9369],[-97.7967,27.9341],[-97.7976,27.934],[-97.7987,27.9359],[-97.8021,27.9338],[-97.804,27.9358],[-97.8065,27.9344],[-97.8068,27.9353],[-97.8056,27.9364],[-97.8071,27.937],[-97.8073,27.9391],[-97.8096,27.9414],[-97.8061,27.9411],[-97.8055,27.9444],[-97.8066,27.9452],[-97.8089,27.944],[-97.8096,27.9445],[-97.8087,27.9459],[-97.8088,27.9483],[-97.8102,27.9512],[-97.8105,27.9605],[-97.8128,27.9627],[-97.8122,27.9648],[-97.8173,27.9691],[-97.8176,27.9705],[-97.8163,27.9733],[-97.8116,27.9749],[-97.8095,27.9722],[-97.8071,27.9731],[-97.8059,27.979],[-97.8026,27.9795],[-97.801,27.9858],[-97.7986,27.9894],[-97.8002,27.9926],[-97.7985,27.9957],[-97.9343,27.8852],[-97.9336,27.7769],[-97.9421,27.6359],[-98.0598,27.6359],[-98.0581,27.261],[-97.9861,27.2605],[-97.9856,26.9478],[-97.9853,26.6158],[-97.9574,26.6118],[-97.9644,26.5688],[-97.9681,26.5689],[-97.9688,26.554],[-97.9701,26.5523],[-97.9688,26.5514],[-97.9639,26.5335],[-97.9844,26.5366],[-97.9923,26.4913],[-97.9965,26.4919],[-98.0042,26.4488],[-97.9085,26.435],[-97.9085,26.4332],[-97.8619,26.4336],[-97.8618,26.0701],[-97.8601,26.0692],[-97.8593,26.0663],[-97.8623,26.0605],[-97.8607,26.0528],[-97.8572,26.0535],[-97.85,26.052],[-97.8431,26.0537],[-97.8391,26.0532],[-97.8365,26.0516],[-97.8356,26.0467],[-97.8338,26.0457],[-97.8291,26.0501],[-97.8259,26.056],[-97.8183,26.0566],[-97.8157,26.0551],[-97.8147,26.0531],[-97.8166,26.0459],[-97.8153,26.0443],[-97.8134,26.044],[-97.811,26.0455],[-97.8125,26.0494],[-97.8112,26.0554],[-97.8084,26.058],[-97.8011,26.0602],[-97.7988,26.0528],[-97.7962,26.0524],[-97.793,26.0534],[-97.7888,26.0496],[-97.7896,26.0474],[-97.7953,26.0473],[-97.7978,26.0426],[-97.7974,26.0395],[-97.7921,26.034],[-97.7886,26.0332],[-97.7823,26.0341],[-97.779,26.0299],[-97.7768,26.0293],[-97.7749,26.0333],[-97.7699,26.0352],[-97.7692,26.0362],[-97.7763,26.0403],[-97.7767,26.0445],[-97.7679,26.0475],[-97.7641,26.0441],[-97.7625,26.041],[-97.7642,26.0288],[-97.7632,26.0267],[-97.7614,26.0257],[-97.7593,26.0261],[-97.7521,26.0316],[-97.7489,26.0304],[-97.7494,26.0271],[-97.7482,26.0263],[-97.7429,26.0299],[-97.7383,26.0291],[-97.7361,26.0279],[-97.7382,26.0229],[-97.7371,26.0215],[-97.7317,26.0233],[-97.7265,26.0227],[-97.7253,26.0249],[-97.7256,26.0266],[-97.7277,26.028],[-97.7326,26.0273],[-97.7351,26.0284],[-97.7355,26.0312],[-97.7348,26.0321],[-97.7269,26.0309],[-97.7194,26.0309],[-97.7182,26.0287],[-97.7212,26.0248],[-97.7212,26.0233],[-97.7147,26.0255],[-97.7096,26.0261],[-97.7094,26.0342],[-97.7072,26.0378],[-97.7044,26.0358],[-97.7023,26.0309],[-97.6973,26.0311],[-97.6977,26.024],[-97.693,26.0193],[-97.6912,26.0189],[-97.69,26.0223],[-97.6935,26.0265],[-97.6941,26.0303],[-97.6932,26.0325],[-97.6874,26.0273],[-97.6755,26.0259],[-97.6733,26.0279],[-97.6762,26.03],[-97.6747,26.033],[-97.671,26.034],[-97.6689,26.0292],[-97.6675,26.0288],[-97.6646,26.0311],[-97.664,26.0373],[-97.6626,26.0381],[-97.6604,26.0338],[-97.6605,26.0315],[-97.6621,26.0286],[-97.6671,26.0248],[-97.6679,26.0193],[-97.6586,26.0202],[-97.6551,26.0189],[-97.6515,26.0159],[-97.65,26.0181],[-97.651,26.021],[-97.6504,26.0236],[-97.6466,26.0272],[-97.6448,26.0278],[-97.6404,26.0244],[-97.6372,26.02],[-97.6373,26.0145],[-97.64,26.012],[-97.6483,26.0127],[-97.6494,26.0108],[-97.647,26.0078],[-97.6403,26.0046],[-97.635,26],[-97.632,26.0013],[-97.6317,26.0038],[-97.6297,26.0058],[-97.6268,26.006],[-97.6263,26.0027],[-97.6284,25.9976],[-97.6274,25.9966],[-97.6232,25.9973],[-97.6199,26.0028],[-97.6186,26.0027],[-97.6176,25.9998],[-97.6186,25.9947],[-97.62,25.9926],[-97.6232,25.9916],[-97.6255,25.995],[-97.6311,25.9965],[-97.6332,25.9947],[-97.6346,25.9904],[-97.6314,25.988],[-97.6238,25.9896],[-97.6216,25.9892],[-97.6198,25.9877],[-97.6202,25.985],[-97.6174,25.9799],[-97.6152,25.9784],[-97.6078,25.9767],[-97.6079,25.9711],[-97.6106,25.9662],[-97.6045,25.9613],[-97.6019,25.9572],[-97.5981,25.9569],[-97.5938,25.9617],[-97.5874,25.9614],[-97.5821,25.9624],[-97.5816,25.9606],[-97.5831,25.9549],[-97.5806,25.9493],[-97.5796,25.9436],[-97.578,25.9421],[-97.5749,25.9433],[-97.5728,25.9465],[-97.5745,25.954],[-97.5679,25.9524],[-97.5659,25.9482],[-97.5663,25.9449],[-97.5732,25.9431],[-97.5821,25.9386],[-97.5841,25.935],[-97.5829,25.933],[-97.58,25.9328],[-97.5746,25.9351],[-97.5671,25.9338],[-97.5658,25.9317],[-97.568,25.9276],[-97.5644,25.9258],[-97.5615,25.9257],[-97.5593,25.9268],[-97.5592,25.932],[-97.5572,25.9359],[-97.5556,25.9373],[-97.5522,25.9371],[-97.546,25.9338],[-97.5453,25.9246],[-97.5437,25.9234],[-97.5421,25.9243],[-97.5384,25.9304],[-97.5372,25.9308],[-97.5371,25.9274],[-97.5428,25.9218],[-97.543,25.92],[-97.5415,25.9192],[-97.5323,25.9206],[-97.5301,25.92],[-97.53,25.9168],[-97.5338,25.9119],[-97.5333,25.9082],[-97.5287,25.9069],[-97.527,25.9023],[-97.5237,25.899],[-97.5228,25.8953],[-97.5234,25.8896],[-97.521,25.8862],[-97.5104,25.8877],[-97.5054,25.8911],[-97.4981,25.8991],[-97.4964,25.8961],[-97.4977,25.8872],[-97.4976,25.8806],[-97.4968,25.8797],[-97.4921,25.8813],[-97.4878,25.8854],[-97.4862,25.8835],[-97.4878,25.8791],[-97.4855,25.8784],[-97.4813,25.8801],[-97.4707,25.8886],[-97.4688,25.8888],[-97.4679,25.8868],[-97.4687,25.8834],[-97.4748,25.8795],[-97.4743,25.8766],[-97.4702,25.8753],[-97.464,25.882],[-97.4585,25.8841],[-97.4556,25.8842],[-97.4547,25.8802],[-97.457,25.8704],[-97.4566,25.8684],[-97.4555,25.8673],[-97.4535,25.8674],[-97.4505,25.8717],[-97.4488,25.8723],[-97.4472,25.8717],[-97.4446,25.8675],[-97.4456,25.8649],[-97.4478,25.8632],[-97.4482,25.8594],[-97.4521,25.8587],[-97.4537,25.8565],[-97.454,25.8541],[-97.4522,25.8538],[-97.4476,25.8563],[-97.4452,25.8564],[-97.444,25.8545],[-97.4459,25.8512],[-97.4441,25.8485],[-97.4412,25.8481],[-97.436,25.8499],[-97.4262,25.8409],[-97.4227,25.8401],[-97.4166,25.8412],[-97.4127,25.841],[-97.4121,25.8425],[-97.4138,25.844],[-97.4147,25.8479],[-97.4137,25.853],[-97.4141,25.8566],[-97.4114,25.8614],[-97.4086,25.8621],[-97.4078,25.8607],[-97.4094,25.8576],[-97.408,25.8548],[-97.4106,25.8498],[-97.4083,25.8455],[-97.4068,25.8446],[-97.4056,25.8453],[-97.4046,25.8495],[-97.4023,25.852],[-97.4007,25.8524],[-97.3987,25.8503],[-97.4008,25.8464],[-97.4004,25.8418],[-97.4022,25.8403],[-97.4069,25.8401],[-97.4067,25.8383],[-97.4056,25.8376],[-97.3993,25.8391],[-97.3939,25.8371],[-97.3891,25.8394],[-97.3869,25.8439],[-97.382,25.8396],[-97.3764,25.8404],[-97.3731,25.8398],[-97.3716,25.8423],[-97.3722,25.8473],[-97.3713,25.8493],[-97.3682,25.8508],[-97.364,25.8499],[-97.365,25.8526],[-97.3676,25.854],[-97.3754,25.854],[-97.3767,25.8546],[-97.3752,25.8567],[-97.3689,25.8584],[-97.3663,25.8637],[-97.3615,25.8694],[-97.3589,25.8691],[-97.3588,25.8656],[-97.3566,25.8673],[-97.3593,25.8723],[-97.3585,25.878],[-97.3593,25.8798],[-97.3608,25.8799],[-97.3638,25.8777],[-97.3743,25.8789],[-97.3733,25.8813],[-97.3681,25.8845],[-97.3643,25.8858],[-97.3587,25.8861],[-97.3564,25.8878],[-97.3582,25.8897],[-97.3641,25.8896],[-97.3664,25.8906],[-97.3674,25.8943],[-97.3661,25.9027],[-97.3734,25.9053],[-97.3752,25.9068],[-97.3734,25.9095],[-97.3701,25.9089],[-97.3682,25.9098],[-97.3694,25.9129],[-97.3689,25.9153],[-97.3617,25.9157],[-97.3543,25.92],[-97.3505,25.9246],[-97.3489,25.9306],[-97.3479,25.9313],[-97.3426,25.9288],[-97.3368,25.9297],[-97.3363,25.9284],[-97.3383,25.922],[-97.3379,25.9204],[-97.3344,25.92],[-97.3343,25.9249],[-97.3329,25.9261],[-97.3312,25.9184],[-97.3303,25.9177],[-97.3261,25.9176],[-97.3245,25.9186],[-97.3252,25.9225],[-97.3245,25.9252],[-97.318,25.9313],[-97.3136,25.931],[-97.31,25.9264],[-97.3053,25.9277],[-97.3041,25.9296],[-97.3044,25.9356],[-97.3029,25.9373],[-97.299,25.9368],[-97.2982,25.9342],[-97.296,25.9332],[-97.2915,25.9365],[-97.277,25.9351],[-97.2763,25.9361],[-97.2774,25.9402],[-97.281,25.9443],[-97.2783,25.9475],[-97.285,25.9496],[-97.2896,25.9544],[-97.2896,25.9555],[-97.2845,25.9593],[-97.2825,25.9593],[-97.2797,25.9546],[-97.2764,25.9521],[-97.2611,25.951],[-97.2533,25.9483],[-97.2472,25.9482],[-97.2449,25.9492],[-97.2446,25.9516],[-97.2432,25.9532],[-97.2397,25.9553],[-97.2262,25.9594],[-97.2207,25.9571],[-97.2159,25.959],[-97.2087,25.964],[-97.2066,25.9635],[-97.2051,25.9581],[-97.1969,25.9579],[-97.193,25.9551],[-97.1884,25.9539],[-97.187,25.9547],[-97.1869,25.9586],[-97.1782,25.9616],[-97.1767,25.9654],[-97.1754,25.966],[-97.1687,25.9608],[-97.1652,25.9603],[-97.16,25.9621],[-97.1582,25.9617],[-97.1604,25.9508],[-97.1598,25.9494],[-97.1581,25.9488],[-97.149,25.9528],[-97.1463,25.9566],[-97.1391,25.9565],[-97.0897,25.9608],[-97.0979,26.0386],[-97.0941,26.043],[-97.0913,26.0516],[-97.0893,26.0661],[-97.09,26.0753],[-97.0942,26.0884],[-97.0974,26.0935],[-97.1003,26.0977],[-97.1083,26.1045],[-97.1107,26.1454],[-97.1173,26.198],[-97.1252,26.2483],[-97.1565,26.3753],[-97.1846,26.4759],[-97.2125,26.5617],[-97.2141,26.5768],[-97.2244,26.5977],[-97.2517,26.6619],[-97.2827,26.7634],[-97.3004,26.8346],[-97.3139,26.9131],[-97.3207,26.9845],[-97.3211,27.0003],[-97.3232,27.0103],[-97.3232,27.0511],[-97.3219,27.0793],[-97.3198,27.11],[-97.3136,27.1697],[-97.3095,27.1908],[-97.3094,27.1961],[-97.2966,27.2503],[-97.2567,27.3753],[-97.2503,27.3923],[-97.1998,27.5003],[-97.1651,27.5683],[-97.2227,27.5765],[-97.1996,27.6214],[-97.2082,27.6252],[-97.2119,27.6206],[-97.2148,27.6189],[-97.2164,27.6271],[-97.2209,27.6329],[-97.2232,27.6332],[-97.2252,27.6307],[-97.2289,27.6312],[-97.2386,27.6352],[-97.2406,27.6352],[-97.228,27.6752],[-97.2252,27.6881],[-97.237,27.6868],[-97.2438,27.6892],[-97.2451,27.6932],[-97.2536,27.6983],[-97.2539,27.6967],[-97.2805,27.7044],[-97.2803,27.7058],[-97.281,27.704],[-97.2852,27.7052],[-97.29,27.7052],[-97.3088,27.71],[-97.3325,27.7188],[-97.3433,27.7239],[-97.3492,27.7285],[-97.3542,27.7298],[-97.3661,27.7389],[-97.3744,27.7482],[-97.3775,27.7607],[-97.3884,27.7709],[-97.3883,27.7732],[-97.3918,27.7767],[-97.3942,27.7838],[-97.3949,27.7808],[-97.4017,27.7803],[-97.4016,27.7788],[-97.4069,27.7784],[-97.4042,27.7744],[-97.4084,27.7721],[-97.4065,27.7694],[-97.4118,27.7608],[-97.4082,27.759],[-97.4146,27.7495],[-97.4053,27.741],[-97.4099,27.7335],[-97.4108,27.7339],[-97.4118,27.7323],[-97.4109,27.7319],[-97.413,27.7285],[-97.4499,27.7468],[-97.4601,27.756],[-97.4512,27.7618],[-97.4468,27.7606],[-97.4363,27.7607],[-97.4318,27.7585],[-97.4289,27.7632],[-97.4336,27.7652],[-97.4338,27.7747],[-97.438,27.7738],[-97.4374,27.7747],[-97.438,27.7837],[-97.4371,27.7862],[-97.4448,27.786],[-97.4433,27.7901],[-97.4463,27.792],[-97.4429,27.7983],[-97.4413,27.7983],[-97.4402,27.7998],[-97.4414,27.8008],[-97.4408,27.8014],[-97.4436,27.8033],[-97.4426,27.8032],[-97.4412,27.8051],[-97.4374,27.8032],[-97.4335,27.8089],[-97.4311,27.8076],[-97.4322,27.8061],[-97.4248,27.8018],[-97.4236,27.802],[-97.4207,27.8065],[-97.421,27.8163],[-97.4155,27.8164],[-97.4367,27.8258],[-97.4476,27.8258],[-97.453,27.8239],[-97.4637,27.823],[-97.4764,27.8249],[-97.4837,27.8292],[-97.4885,27.8338],[-97.4914,27.8414],[-97.4923,27.8412],[-97.4934,27.8434],[-97.4985,27.8448],[-97.5007,27.8465],[-97.5028,27.8462]]]},"properties":{"GEOID":"4834","BASENAME":"34","NAME":"Congressional District 34","CD120":"34"}},
{"type":"Feature","geometry":{"type":"Polygon","coordinates":[[[-97.2993,32.9913],[-97.3985,32.9917],[-97.3985,32.9908],[-97.4202,32.9922],[-97.6796,32.9964],[-97.9216,33.0013],[-98.0561,33.0033],[-98.0615,32.7357],[-98.0644,32.6372],[-98.0386,32.6492],[-98.0331,32.66],[-98.0321,32.6659],[-97.9981,32.6881],[-97.9137,32.7176],[-97.9021,32.7196],[-97.887,32.726],[-97.8655,32.7281],[-97.8499,32.7282],[-97.85,32.7229],[-97.8456,32.7227],[-97.8453,32.7168],[-97.8348,32.7165],[-97.8306,32.7212],[-97.8275,32.7206],[-97.8275,32.7143],[-97.8129,32.7148],[-97.8129,32.7139],[-97.8049,32.7138],[-97.8049,32.7117],[-97.7941,32.715],[-97.7921,32.7122],[-97.7895,32.7134],[-97.7884,32.7119],[-97.7811,32.7154],[-97.7815,32.7164],[-97.7741,32.7051],[-97.7636,32.6962],[-97.7551,32.6954],[-97.7489,32.6965],[-97.7434,32.6954],[-97.7382,32.6938],[-97.7351,32.6917],[-97.7103,32.6815],[-97.7087,32.6816],[-97.7056,32.6789],[-97.7055,32.6755],[-97.7012,32.6739],[-97.7018,32.664],[-97.6932,32.6636],[-97.6925,32.6647],[-97.691,32.6647],[-97.6892,32.6631],[-97.6903,32.6622],[-97.687,32.6589],[-97.6874,32.6577],[-97.6829,32.6547],[-97.6809,32.6545],[-97.6801,32.6529],[-97.6717,32.6535],[-97.6692,32.6511],[-97.6677,32.6517],[-97.6615,32.6497],[-97.6595,32.6472],[-97.6565,32.6461],[-97.6573,32.6448],[-97.6556,32.6422],[-97.6527,32.6418],[-97.6514,32.6399],[-97.6478,32.641],[-97.6455,32.6387],[-97.638,32.6364],[-97.6357,32.637],[-97.6311,32.6349],[-97.628,32.6353],[-97.6152,32.6308],[-97.6131,32.6296],[-97.6092,32.624],[-97.6053,32.623],[-97.6008,32.6199],[-97.6005,32.6179],[-97.5955,32.615],[-97.587,32.6143],[-97.5832,32.6112],[-97.5784,32.6104],[-97.5785,32.636],[-97.5831,32.6363],[-97.5834,32.6407],[-97.5881,32.6419],[-97.5879,32.6482],[-97.586,32.655],[-97.5859,32.6723],[-97.5885,32.6738],[-97.5922,32.6803],[-97.5929,32.6844],[-97.5951,32.6861],[-97.5928,32.6862],[-97.5937,32.6933],[-97.5924,32.6933],[-97.5923,32.7006],[-97.6029,32.7008],[-97.6027,32.7115],[-97.6089,32.7117],[-97.609,32.7098],[-97.6162,32.7099],[-97.6163,32.7041],[-97.6079,32.7042],[-97.6077,32.7],[-97.6106,32.7015],[-97.6155,32.7018],[-97.6163,32.6917],[-97.6256,32.6916],[-97.632,32.6929],[-97.6375,32.6912],[-97.6509,32.6922],[-97.6541,32.6945],[-97.655,32.699],[-97.6576,32.702],[-97.6657,32.7036],[-97.6691,32.7054],[-97.6754,32.7055],[-97.6762,32.7194],[-97.668,32.7249],[-97.6687,32.7323],[-97.672,32.7387],[-97.6745,32.7502],[-97.673,32.7619],[-97.6705,32.7623],[-97.673,32.7664],[-97.669,32.7664],[-97.6693,32.7687],[-97.6682,32.7685],[-97.6668,32.7701],[-97.6686,32.7741],[-97.6679,32.7769],[-97.6704,32.7794],[-97.6706,32.7808],[-97.672,32.7811],[-97.6759,32.7791],[-97.6769,32.7834],[-97.6807,32.7857],[-97.6762,32.7856],[-97.674,32.7864],[-97.6568,32.7861],[-97.6533,32.788],[-97.6472,32.788],[-97.6459,32.7868],[-97.6439,32.7865],[-97.6381,32.789],[-97.6287,32.7889],[-97.6223,32.786],[-97.6179,32.7855],[-97.5979,32.7854],[-97.5979,32.7879],[-97.5804,32.7879],[-97.5801,32.7827],[-97.56,32.7823],[-97.5482,32.7761],[-97.5504,32.5803],[-97.5467,32.5815],[-97.546,32.583],[-97.5443,32.583],[-97.5423,32.5851],[-97.5406,32.5852],[-97.5398,32.5869],[-97.5354,32.5888],[-97.5312,32.5899],[-97.53,32.5894],[-97.5264,32.5914],[-97.5241,32.5902],[-97.5199,32.5918],[-97.5181,32.5912],[-97.5163,32.5932],[-97.5135,32.5939],[-97.4912,32.5772],[-97.4744,32.57],[-97.4621,32.5695],[-97.449,32.5882],[-97.4325,32.5887],[-97.4325,32.5997],[-97.4269,32.5999],[-97.4269,32.6078],[-97.4294,32.6078],[-97.4294,32.6107],[-97.4247,32.6105],[-97.4203,32.6076],[-97.4169,32.6117],[-97.4165,32.6154],[-97.4127,32.6154],[-97.4128,32.6275],[-97.4165,32.6391],[-97.4164,32.6454],[-97.4136,32.6448],[-97.4112,32.6502],[-97.3812,32.6751],[-97.3744,32.6723],[-97.3367,32.664],[-97.3061,32.6696],[-97.3116,32.6745],[-97.3093,32.6757],[-97.3099,32.6793],[-97.3111,32.6803],[-97.3082,32.6823],[-97.3046,32.683],[-97.308,32.6921],[-97.3057,32.6949],[-97.3057,32.698],[-97.3073,32.7015],[-97.3051,32.7032],[-97.3027,32.7028],[-97.3031,32.7044],[-97.2993,32.7098],[-97.2996,32.7117],[-97.2975,32.7122],[-97.2982,32.713],[-97.2963,32.7177],[-97.293,32.7199],[-97.2945,32.7241],[-97.2936,32.7263],[-97.2945,32.7275],[-97.2966,32.7278],[-97.2974,32.7305],[-97.2963,32.7338],[-97.2942,32.734],[-97.2933,32.7358],[-97.2946,32.7388],[-97.2974,32.7416],[-97.2946,32.7471],[-97.2946,32.7516],[-97.2896,32.752],[-97.286,32.7534],[-97.2832,32.7511],[-97.2776,32.7518],[-97.2759,32.7527],[-97.2743,32.7553],[-97.2723,32.7558],[-97.2708,32.7607],[-97.2714,32.7636],[-97.2728,32.7649],[-97.2702,32.765],[-97.2719,32.7683],[-97.2712,32.7713],[-97.2734,32.772],[-97.2732,32.7804],[-97.2567,32.7804],[-97.2567,32.7837],[-97.2507,32.7837],[-97.2505,32.7876],[-97.2432,32.787],[-97.2432,32.7911],[-97.2363,32.7941],[-97.242,32.8007],[-97.2487,32.8041],[-97.2493,32.8072],[-97.2481,32.8078],[-97.2467,32.804],[-97.2443,32.804],[-97.2444,32.8091],[-97.2568,32.8093],[-97.2568,32.8131],[-97.2625,32.8132],[-97.2625,32.8154],[-97.2645,32.816],[-97.2642,32.8441],[-97.262,32.8441],[-97.2619,32.8485],[-97.2591,32.8488],[-97.2593,32.8496],[-97.2619,32.8492],[-97.2619,32.8517],[-97.2577,32.8522],[-97.2577,32.8531],[-97.264,32.853],[-97.264,32.8605],[-97.3142,32.8609],[-97.3171,32.8765],[-97.3169,32.9278],[-97.3107,32.948],[-97.3102,32.9656],[-97.3077,32.9774],[-97.3062,32.9812],[-97.2993,32.9913]]]},"properties":{"GEOID":"4812","BASENAME":"12","NAME":"Congressional District 12","CD120":"12"}},
{"type":"Feature","geometry":{"type":"Polygon","coordinates":[[[-97.9191,33.3074],[-97.8932,33.3197],[-97.8846,33.3215],[-97.8595,33.3126],[-97.8421,33.3079],[-97.8209,33.3002],[-97.8105,33.2975],[-97.8105,33.2981],[-97.8046,33.2981],[-97.8093,33.3154],[-97.8045,33.3154],[-97.8065,33.32],[-97.7906,33.3199],[-97.7906,33.3191],[-97.785,33.3191],[-97.785,33.3171],[-97.7905,33.3172],[-97.7911,33.3146],[-97.7859,33.3145],[-97.7861,33.312],[-97.7915,33.312],[-97.7916,33.3022],[-97.7874,33.3022],[-97.7875,33.296],[-97.7892,33.296],[-97.7891,33.293],[-97.7744,33.2913],[-97.7588,33.2911],[-97.7511,33.2926],[-97.7354,33.2928],[-97.728,33.2915],[-97.7155,33.2838],[-97.698,33.2794],[-97.6916,33.2764],[-97.6665,33.2731],[-97.663,33.2708],[-97.6456,33.2547],[-97.642,33.2535],[-97.6295,33.2521],[-97.6154,33.2447],[-97.6081,33.2442],[-97.6081,33.2451],[-97.6076,33.2442],[-97.6047,33.2442],[-97.6055,33.2488],[-97.5864,33.2489],[-97.587,33.2563],[-97.585,33.2568],[-97.585,33.2577],[-97.5829,33.2573],[-97.5834,33.2594],[-97.5824,33.2596],[-97.5821,33.2616],[-97.5857,33.2617],[-97.5842,33.2646],[-97.5849,33.2652],[-97.576,33.2651],[-97.5764,33.2587],[-97.5714,33.2631],[-97.5715,33.2569],[-97.5765,33.257],[-97.5791,33.2536],[-97.5785,33.2488],[-97.5698,33.2488],[-97.5699,33.2404],[-97.5679,33.2401],[-97.5256,33.2415],[-97.5057,33.2444],[-97.4508,33.2456],[-97.4381,33.2485],[-97.4115,33.2508],[-97.4039,33.2489],[-97.4082,33.2453],[-97.4083,33.2428],[-97.4069,33.2411],[-97.4003,33.2394],[-97.3909,33.242],[-97.3916,33.2189],[-97.3871,33.2185],[-97.3834,33.2198],[-97.3742,33.2191],[-97.3734,33.2173],[-97.3609,33.2168],[-97.3602,33.2233],[-97.3551,33.2234],[-97.3539,33.2244],[-97.3182,33.2229],[-97.3174,33.2207],[-97.2601,33.2203],[-97.2571,33.2243],[-97.2453,33.2217],[-97.2302,33.2216],[-97.2297,33.2206],[-97.2296,33.2216],[-97.2183,33.2214],[-97.2187,33.2168],[-97.2168,33.2171],[-97.2155,33.2161],[-97.217,33.2136],[-97.2166,33.2113],[-97.2151,33.2098],[-97.2153,33.2062],[-97.2133,33.2037],[-97.2115,33.2042],[-97.2115,33.2018],[-97.2138,33.1999],[-97.2112,33.1961],[-97.2111,33.1929],[-97.2071,33.1934],[-97.2065,33.1921],[-97.1987,33.1905],[-97.1974,33.1864],[-97.1957,33.1864],[-97.1914,33.1831],[-97.1867,33.1822],[-97.1858,33.1806],[-97.1837,33.181],[-97.1816,33.18],[-97.1812,33.1792],[-97.1824,33.1793],[-97.1818,33.1784],[-97.1763,33.175],[-97.1728,33.1754],[-97.1678,33.1791],[-97.1659,33.1778],[-97.1591,33.1793],[-97.1592,33.1754],[-97.1547,33.1745],[-97.153,33.1686],[-97.1505,33.1648],[-97.1505,33.1545],[-97.1462,33.1545],[-97.1463,33.1472],[-97.144,33.1472],[-97.1423,33.1482],[-97.1416,33.1515],[-97.1395,33.1492],[-97.1357,33.1479],[-97.1351,33.1452],[-97.1315,33.1413],[-97.1317,33.1397],[-97.1233,33.1383],[-97.1232,33.1368],[-97.1216,33.1369],[-97.1147,33.1325],[-97.0964,33.1321],[-97.096,33.1432],[-97.091,33.1443],[-97.0933,33.1454],[-97.0926,33.147],[-97.091,33.1469],[-97.0903,33.1521],[-97.0907,33.154],[-97.092,33.1541],[-97.092,33.1582],[-97.0895,33.1582],[-97.0885,33.1591],[-97.0899,33.1623],[-97.0889,33.163],[-97.0836,33.1639],[-97.0648,33.1631],[-97.0655,33.1685],[-97.0647,33.1687],[-97.0643,33.1709],[-97.0621,33.1712],[-97.0611,33.1731],[-97.0521,33.178],[-97.0492,33.1774],[-97.0445,33.1803],[-97.0426,33.1797],[-97.0415,33.1803],[-97.0421,33.1811],[-97.0198,33.1774],[-97.0203,33.1995],[-97.0237,33.203],[-97.0256,33.2084],[-97.029,33.2123],[-97.0307,33.2166],[-97.0312,33.222],[-97.0361,33.2372],[-97.0372,33.2581],[-97.0449,33.2686],[-97.0491,33.2686],[-97.0488,33.2639],[-97.0501,33.2631],[-97.0542,33.2646],[-97.0533,33.2625],[-97.0539,33.2621],[-97.0575,33.2657],[-97.057,33.2675],[-97.055,33.2676],[-97.0551,33.271],[-97.0583,33.2775],[-97.061,33.2771],[-97.0607,33.2782],[-97.0648,33.2804],[-97.0687,33.279],[-97.0694,33.2824],[-97.0709,33.2823],[-97.0711,33.2808],[-97.0724,33.2805],[-97.0757,33.2817],[-97.0777,33.2812],[-97.0799,33.2825],[-97.0771,33.283],[-97.0825,33.2852],[-97.0843,33.2838],[-97.0867,33.2835],[-97.088,33.2842],[-97.0875,33.2824],[-97.0924,33.2818],[-97.0963,33.2778],[-97.0994,33.2787],[-97.1024,33.282],[-97.1088,33.2847],[-97.1129,33.2893],[-97.1106,33.2917],[-97.1128,33.2922],[-97.1135,33.2934],[-97.1172,33.2931],[-97.1149,33.294],[-97.117,33.2946],[-97.1197,33.2974],[-97.1182,33.2999],[-97.1225,33.2989],[-97.1238,33.2996],[-97.1237,33.3013],[-97.1206,33.3038],[-97.123,33.3054],[-97.1299,33.306],[-97.1342,33.3102],[-97.1331,33.3117],[-97.1339,33.3131],[-97.1343,33.3118],[-97.1356,33.3118],[-97.1361,33.3195],[-97.1352,33.3218],[-97.1367,33.3227],[-97.1356,33.3238],[-97.1373,33.3243],[-97.1378,33.327],[-97.14,33.3259],[-97.1399,33.3246],[-97.1418,33.3253],[-97.1413,33.3272],[-97.1427,33.3296],[-97.1414,33.3317],[-97.1479,33.3313],[-97.1521,33.3295],[-97.1553,33.3295],[-97.156,33.3284],[-97.1544,33.3284],[-97.1542,33.3272],[-97.1559,33.3261],[-97.1585,33.3272],[-97.159,33.3289],[-97.1612,33.3298],[-97.1619,33.3271],[-97.1631,33.3274],[-97.1644,33.3265],[-97.1672,33.3276],[-97.1678,33.323],[-97.18,33.3238],[-97.1802,33.3246],[-97.1813,33.3246],[-97.1811,33.3238],[-97.2012,33.3219],[-97.2039,33.3209],[-97.2043,33.318],[-97.2139,33.3182],[-97.2145,33.3255],[-97.2215,33.3258],[-97.2206,33.3461],[-97.217,33.3496],[-97.2171,33.3751],[-97.219,33.3757],[-97.2188,33.3909],[-97.2167,33.3923],[-97.2166,33.3956],[-97.2176,33.3959],[-97.2176,33.403],[-97.2194,33.4034],[-97.2193,33.4247],[-97.3574,33.4296],[-97.3572,33.4302],[-97.3831,33.4304],[-97.383,33.4329],[-97.4871,33.4337],[-97.4851,33.6798],[-97.4842,33.9155],[-97.49,33.9182],[-97.5009,33.9195],[-97.5253,33.9118],[-97.5342,33.9057],[-97.5515,33.8979],[-97.5583,33.8971],[-97.5599,33.8976],[-97.5605,33.8993],[-97.5628,33.9009],[-97.567,33.9016],[-97.5723,33.8993],[-97.5811,33.8997],[-97.5893,33.9039],[-97.5899,33.908],[-97.5913,33.9099],[-97.5938,33.9103],[-97.597,33.9163],[-97.597,33.9202],[-97.5912,33.9296],[-97.5914,33.932],[-97.595,33.9374],[-97.5954,33.9414],[-97.5888,33.9519],[-97.5896,33.9536],[-97.598,33.9552],[-97.6004,33.9579],[-97.601,33.9608],[-97.6043,33.9628],[-97.6045,33.964],[-97.6091,33.9681],[-97.6161,33.9697],[-97.6338,33.9813],[-97.6573,33.9888],[-97.6557,33.9889],[-97.6562,33.9895],[-97.6615,33.9908],[-97.668,33.9904],[-97.6677,33.9911],[-97.6713,33.9916],[-97.686,33.9879],[-97.6931,33.9837],[-97.6992,33.9757],[-97.7042,33.9633],[-97.7122,33.9516],[-97.7206,33.944],[-97.7212,33.9445],[-97.7323,33.9365],[-97.7355,33.9362],[-97.7413,33.9374],[-97.7492,33.9362],[-97.7529,33.9371],[-97.7628,33.9344],[-97.7627,33.9308],[-97.7598,33.9252],[-97.7594,33.9188],[-97.7638,33.9142],[-97.7678,33.9135],[-97.7727,33.9144],[-97.7783,33.9196],[-97.7805,33.9197],[-97.7835,33.9183],[-97.7861,33.9134],[-97.7803,33.9048],[-97.7797,33.8992],[-97.7808,33.8944],[-97.7847,33.8906],[-97.788,33.8919],[-97.7881,33.8938],[-97.7924,33.8991],[-97.7948,33.9],[-97.7981,33.8991],[-97.8016,33.8959],[-97.8016,33.8851],[-97.8054,33.8772],[-97.8067,33.8762],[-97.8089,33.8767],[-97.8139,33.8819],[-97.8176,33.881],[-97.8192,33.8791],[-97.8189,33.874],[-97.8207,33.8689],[-97.8259,33.8645],[-97.8311,33.8617],[-97.8335,33.8581],[-97.8416,33.8563],[-97.8438,33.8568],[-97.8522,33.8531],[-97.8642,33.8497],[-97.8715,33.8491],[-97.8774,33.8502],[-97.881,33.8532],[-97.8894,33.8563],[-97.8887,33.8567],[-97.8967,33.858],[-97.9099,33.8672],[-97.9286,33.8742],[-97.9342,33.8781],[-97.9389,33.8795],[-97.9512,33.8784],[-97.9571,33.8788],[-97.9678,33.8822],[-97.9765,33.8885],[-97.9844,33.898],[-97.9836,33.904],[-97.9788,33.9125],[-97.977,33.9125],[-97.9731,33.908],[-97.9687,33.906],[-97.9654,33.9069],[-97.9616,33.9094],[-97.9572,33.9145],[-97.9527,33.9295],[-97.9534,33.9364],[-97.9555,33.9382],[-97.9634,33.9362],[-97.9712,33.9371],[-97.9741,33.9403],[-97.9742,33.9428],[-97.9727,33.9445],[-97.9657,33.9474],[-97.9604,33.9519],[-97.9569,33.9585],[-97.946,33.9884],[-97.9465,33.9907],[-97.9558,33.9901],[-97.9583,33.9908],[-97.963,33.9942],[-97.9717,34.0054],[-97.9742,34.0067],[-97.9795,34.0047],[-97.9835,34.0016],[-97.9909,33.9989],[-98.0151,33.9941],[-98.0251,33.9941],[-98.0277,33.9934],[-98.0411,33.9935],[-98.0552,33.9958],[-98.0733,34.001],[-98.0828,34.0024],[-98.0882,34.0055],[-98.0881,34.0079],[-98.0846,34.0084],[-98.0824,34.0098],[-98.084,34.0144],[-98.0896,34.0193],[-98.0984,34.0239],[-98.1036,34.0292],[-98.1062,34.0349],[-98.105,34.0375],[-98.1017,34.0391],[-98.0966,34.0381],[-98.0918,34.0337],[-98.089,34.0338],[-98.0838,34.0367],[-98.0825,34.0394],[-98.0838,34.0417],[-98.0875,34.0441],[-98.1019,34.051],[-98.1109,34.0599],[-98.1146,34.0623],[-98.1202,34.0721],[-98.121,34.0813],[-98.1194,34.0845],[-98.1043,34.0982],[-98.0993,34.1043],[-98.0924,34.1169],[-98.0898,34.1282],[-98.0902,34.1302],[-98.0924,34.1322],[-98.1005,34.1314],[-98.1029,34.1326],[-98.1032,34.1352],[-98.1006,34.1435],[-98.1032,34.1483],[-98.1095,34.1541],[-98.1234,34.1545],[-98.1282,34.1511],[-98.1308,34.1505],[-98.1351,34.1455],[-98.137,34.1448],[-98.1428,34.1364],[-98.146,34.1339],[-98.1474,34.1307],[-98.1544,34.1227],[-98.1688,34.1143],[-98.1708,34.1142],[-98.2017,34.1171],[-98.2092,34.121],[-98.2165,34.1218],[-98.2236,34.1251],[-98.2256,34.1293],[-98.2325,34.1346],[-98.2391,34.1345],[-98.248,34.1307],[-98.2565,34.1295],[-98.2647,34.1319],[-98.273,34.1322],[-98.2803,34.1307],[-98.2939,34.133],[-98.3002,34.1346],[-98.3254,34.151],[-98.3656,34.157],[-98.3679,34.1558],[-98.3709,34.1519],[-98.3812,34.1495],[-98.3844,34.1463],[-98.3849,34.1438],[-98.3871,34.1409],[-98.3869,34.1389],[-98.385,34.1367],[-98.3804,34.1343],[-98.3801,34.1308],[-98.383,34.1295],[-98.3858,34.1322],[-98.3894,34.1332],[-98.394,34.1319],[-98.3984,34.1285],[-98.401,34.1222],[-98.3982,34.1214],[-98.3984,34.1046],[-98.3998,34.1],[-98.4022,34.0987],[-98.4077,34.1014],[-98.4114,34.1003],[-98.4097,34.0925],[-98.4111,34.0886],[-98.4144,34.0851],[-98.4204,34.0823],[-98.4235,34.0828],[-98.4252,34.0848],[-98.4285,34.0855],[-98.4401,34.0843],[-98.4437,34.0822],[-98.4456,34.0793],[-98.4464,34.0754],[-98.449,34.0735],[-98.4547,34.0726],[-98.4651,34.0737],[-98.4715,34.0657],[-98.4791,34.0629],[-98.4836,34.0623],[-98.487,34.0629],[-98.4888,34.0661],[-98.4946,34.0701],[-98.5041,34.0723],[-98.5169,34.086],[-98.5282,34.095],[-98.5363,34.1073],[-98.5509,34.1193],[-98.5557,34.1201],[-98.558,34.1229],[-98.561,34.1239],[-98.5601,34.1269],[-98.5586,34.1283],[-98.5543,34.1266],[-98.5518,34.1271],[-98.5504,34.1292],[-98.5509,34.1326],[-98.5537,34.1337],[-98.5602,34.1332],[-98.5666,34.1374],[-98.5677,34.14],[-98.5771,34.149],[-98.5839,34.1513],[-98.593,34.1573],[-98.5998,34.1606],[-98.604,34.1602],[-98.6118,34.1566],[-98.6167,34.1564],[-98.6217,34.1572],[-98.6432,34.1645],[-98.6481,34.1644],[-98.6557,34.1583],[-98.6658,34.1516],[-98.6709,34.1494],[-98.6766,34.1429],[-98.6841,34.1388],[-98.6858,34.136],[-98.6901,34.1332],[-98.6965,34.1335],[-98.7002,34.136],[-98.703,34.1359],[-98.7061,34.135],[-98.71,34.1315],[-98.7125,34.1312],[-98.7141,34.1321],[-98.7149,34.1348],[-98.7175,34.1364],[-98.7236,34.1352],[-98.7343,34.1358],[-98.7368,34.1334],[-98.7395,34.1274],[-98.742,34.1255],[-98.7463,34.1255],[-98.7493,34.1242],[-98.757,34.1246],[-98.7597,34.1269],[-98.7606,34.1324],[-98.7656,34.1364],[-98.7781,34.1395],[-98.7884,34.1467],[-98.792,34.1437],[-98.7962,34.1428],[-98.8044,34.1539],[-98.8068,34.1559],[-98.813,34.1584],[-98.8153,34.1581],[-98.8311,34.1622],[-98.8341,34.1583],[-98.8371,34.1565],[-98.8556,34.1616],[-98.8573,34.1611],[-98.8579,34.1596],[-98.8584,34.1527],[-98.8601,34.1499],[-98.8625,34.1491],[-98.8681,34.1496],[-98.8749,34.1557],[-98.875,34.157],[-98.8712,34.163],[-98.8729,34.1666],[-98.8761,34.1677],[-98.8804,34.1673],[-98.8871,34.1683],[-98.8966,34.1745],[-98.9093,34.1775],[-98.9183,34.1818],[-98.9231,34.186],[-98.9281,34.1927],[-98.9333,34.1973],[-98.9352,34.1979],[-98.9402,34.2037],[-98.9497,34.21],[-98.9513,34.2122],[-98.9584,34.2137],[-98.96,34.2133],[-98.9622,34.2112],[-98.962,34.2063],[-98.9629,34.2038],[-98.9666,34.2011],[-98.9726,34.2026],[-98.9765,34.2062],[-98.9809,34.2171],[-98.9882,34.2213],[-98.9917,34.2214],[-99.0006,34.2177],[-99.0015,34.2156],[-99.0047,34.2141],[-99.0042,34.212],[-99.0017,34.2104],[-99.0022,34.2094],[-99.0057,34.2066],[-99.013,34.2032],[-99.015,34.2039],[-99.0173,34.2063],[-99.0245,34.204],[-99.0361,34.2069],[-99.0389,34.2047],[-99.042,34.1994],[-99.0445,34.1981],[-99.0487,34.1982],[-99.058,34.2006],[-99.0595,34.2039],[-99.0631,34.2069],[-99.0758,34.2112],[-99.0794,34.2115],[-99.0889,34.2085],[-99.0921,34.2094],[-99.0942,34.2117],[-99.0962,34.2117],[-99.0994,34.2099],[-99.1022,34.2055],[-99.1082,34.2035],[-99.111,34.2046],[-99.1084,34.2053],[-99.1118,34.206],[-99.1151,34.2049],[-99.1193,34.2018],[-99.1266,34.2031],[-99.1299,34.2045],[-99.132,34.2074],[-99.13,34.2123],[-99.1265,34.2154],[-99.1274,34.2181],[-99.1304,34.2195],[-99.1381,34.2192],[-99.1395,34.2174],[-99.1439,34.2148],[-99.1487,34.2088],[-99.1537,34.2073],[-99.1568,34.2072],[-99.1592,34.2089],[-99.1641,34.209],[-99.1738,34.2118],[-99.1868,34.2136],[-99.1904,34.2147],[-99.1928,34.2179],[-99.19,34.2298],[-99.1969,34.2444],[-99.1962,34.2494],[-99.192,34.2556],[-99.1916,34.2585],[-99.1951,34.2607],[-99.1993,34.2608],[-99.1967,34.2662],[-99.1967,34.2693],[-99.1945,34.2719],[-99.1954,34.2808],[-99.1961,34.2815],[-99.2,34.2812],[-99.2074,34.2835],[-99.2095,34.2864],[-99.2114,34.2922],[-99.2097,34.2989],[-99.2133,34.3107],[-99.2114,34.314],[-99.2066,34.317],[-99.2056,34.3192],[-99.2096,34.3249],[-99.2108,34.3368],[-99.2095,34.338],[-99.2069,34.3383],[-99.2172,34.3415],[-99.2196,34.3414],[-99.2271,34.3378],[-99.2305,34.3378],[-99.2326,34.3389],[-99.2343,34.3405],[-99.234,34.3422],[-99.2321,34.3456],[-99.228,34.3495],[-99.2288,34.351],[-99.2341,34.3535],[-99.2371,34.3611],[-99.2365,34.3658],[-99.2376,34.3667],[-99.2445,34.3637],[-99.2464,34.3644],[-99.2479,34.3685],[-99.2435,34.3707],[-99.2429,34.3727],[-99.2489,34.376],[-99.2546,34.3724],[-99.2586,34.3726],[-99.2598,34.3776],[-99.2698,34.3808],[-99.2744,34.3843],[-99.2753,34.3866],[-99.2739,34.3876],[-99.2644,34.3881],[-99.2589,34.3913],[-99.2618,34.395],[-99.2613,34.4035],[-99.2663,34.4055],[-99.2677,34.405],[-99.2696,34.4019],[-99.2723,34.4008],[-99.2769,34.4001],[-99.28,34.4007],[-99.2832,34.4029],[-99.2828,34.4075],[-99.2856,34.4124],[-99.2899,34.4147],[-99.2946,34.4154],[-99.3093,34.4097],[-99.3164,34.4082],[-99.3196,34.4089],[-99.3225,34.4137],[-99.3242,34.4145],[-99.3287,34.4224],[-99.3341,34.4275],[-99.3401,34.4301],[-99.3569,34.4421],[-99.357,34.4465],[-99.3548,34.4518],[-99.359,34.4558],[-99.3661,34.4567],[-99.3698,34.4586],[-99.3783,34.4582],[-99.3812,34.4569],[-99.3892,34.4469],[-99.3952,34.442],[-99.3961,34.435],[-99.3951,34.433],[-99.393,34.4319],[-99.3933,34.4276],[-99.3973,34.4239],[-99.3972,34.4186],[-99.3951,34.4159],[-99.3895,34.4134],[-99.3872,34.4108],[-99.3918,34.4055],[-99.3957,34.3977],[-99.3967,34.3927],[-99.3962,34.3825],[-99.3974,34.3779],[-99.4003,34.3746],[-99.4053,34.3729],[-99.4102,34.3734],[-99.4142,34.3778],[-99.4207,34.3804],[-99.4219,34.3842],[-99.4249,34.3858],[-99.4275,34.3851],[-99.43,34.381],[-99.4293,34.3758],[-99.4311,34.374],[-99.431,34.3711],[-99.4335,34.3702],[-99.4365,34.3705],[-99.4407,34.3728],[-99.4453,34.3798],[-99.453,34.3882],[-99.4546,34.3886],[-99.4555,34.3861],[-99.4551,34.3813],[-99.4576,34.3801],[-99.4607,34.3805],[-99.4621,34.3835],[-99.4625,34.3911],[-99.4664,34.3959],[-99.4703,34.3967],[-99.4738,34.3953],[-99.4872,34.398],[-99.4904,34.3997],[-99.4941,34.4048],[-99.4999,34.4096],[-99.5069,34.4095],[-99.5111,34.4127],[-99.5176,34.4145],[-99.5237,34.4122],[-99.5298,34.4115],[-99.5415,34.4132],[-99.5492,34.4127],[-99.5622,34.4173],[-99.5697,34.4184],[-99.5744,34.4183],[-99.5801,34.4167],[-99.5845,34.4077],[-99.5835,34.4037],[-99.5853,34.3981],[-99.5845,34.3912],[-99.5854,34.3889],[-99.5876,34.3859],[-99.5951,34.3803],[-99.5963,34.3771],[-99.6,34.3747],[-99.6073,34.3769],[-99.6242,34.3736],[-99.6309,34.376],[-99.6339,34.3788],[-99.6465,34.3825],[-99.6481,34.3823],[-99.6497,34.3799],[-99.6542,34.3765],[-99.6627,34.3737],[-99.666,34.3742],[-99.6694,34.3757],[-99.6714,34.3777],[-99.6783,34.3798],[-99.6945,34.3782],[-99.7004,34.3847],[-99.7067,34.386],[-99.71,34.3897],[-99.7127,34.3909],[-99.7148,34.3945],[-99.7142,34.3978],[-99.7151,34.4008],[-99.7203,34.4063],[-99.7243,34.4079],[-99.727,34.4106],[-99.7409,34.4148],[-99.7431,34.4173],[-99.7467,34.4174],[-99.7488,34.4198],[-99.7534,34.4209],[-99.7596,34.4267],[-99.7672,34.4305],[-99.7676,34.4319],[-99.7653,34.4344],[-99.765,34.437],[-99.7727,34.4413],[-99.7757,34.4442],[-99.783,34.4444],[-99.7861,34.4511],[-99.7898,34.4517],[-99.7937,34.4539],[-99.8011,34.4623],[-99.8029,34.4657],[-99.8143,34.4762],[-99.8158,34.4807],[-99.8187,34.485],[-99.8168,34.4902],[-99.8218,34.4978],[-99.8253,34.4976],[-99.8329,34.5001],[-99.8531,34.5116],[-99.869,34.5276],[-99.877,34.5401],[-99.8809,34.5422],[-99.8848,34.547],[-99.8938,34.5542],[-99.9035,34.5584],[-99.9218,34.5703],[-99.9232,34.5746],[-99.9293,34.5767],[-99.9343,34.5768],[-99.9447,34.5791],[-99.9538,34.5785],[-99.9567,34.5765],[-99.9575,34.5727],[-99.9589,34.5713],[-99.9656,34.5658],[-99.9697,34.5645],[-99.9716,34.5622],[-99.9859,34.5601],[-99.9907,34.5602],[-99.9924,34.5594],[-99.9961,34.5607],[-100.0003,34.5604],[-100.0004,35.0388],[-100.0004,35.3381],[-99.9996,35.5004],[-100.0004,35.6925],[-100.0004,35.9952],[-100.0004,36.4997],[-100.3345,36.4994],[-100.707,36.4995],[-100.977,36.4999],[-101.099,36.4991],[-101.4672,36.4994],[-101.8265,36.4995],[-102.2763,36.5004],[-102.6255,36.5004],[-103.0417,36.5004],[-103.041,36.0908],[-103.0417,35.6233],[-103.0425,35.1919],[-103.043,34.7474],[-102.7505,34.7475],[-102.3709,34.746],[-102.2276,34.7472],[-102.1688,34.7466],[-102.1688,34.7474],[-101.9562,34.7483],[-101.7368,34.7475],[-101.4716,34.7475],[-101.4716,34.3123],[-101.0415,34.3124],[-101.0414,33.8751],[-101.0388,33.3972],[-100.6254,33.3991],[-100.4706,33.3976],[-100.2957,33.397],[-100.2443,33.3981],[-100.0007,33.3973],[-99.4853,33.3991],[-98.9539,33.3975],[-98.7503,33.3957],[-98.4207,33.3962],[-98.4214,33.4668],[-98.1287,33.4662],[-97.9789,33.4671],[-97.979,33.4337],[-97.9182,33.4339],[-97.9191,33.3074]]]},"properties":{"GEOID":"4813","BASENAME":"13","NAME":"Congressional District 13","CD120":"13"}},
{"type":"Feature","geometry":{"type":"Polygon","coordinates":[[[-98.8048,29.2507],[-98.4073,29.1144],[-98.2702,28.9689],[-98.2524,28.9477],[-98.1844,28.8753],[-98.1684,28.8615],[-98.1253,28.8142],[-98.0053,28.6902],[-97.9181,28.7192],[-97.9167,28.7184],[-97.9151,28.7196],[-97.9071,28.7133],[-97.902,28.7129],[-97.9004,28.7113],[-97.9009,28.7106],[-97.8994,28.7103],[-97.8983,28.7086],[-97.8978,28.7057],[-97.8951,28.704],[-97.8933,28.705],[-97.8931,28.7034],[-97.8919,28.7033],[-97.8934,28.7006],[-97.8922,28.6992],[-97.8891,28.6999],[-97.886,28.698],[-97.8847,28.6985],[-97.8843,28.6957],[-97.8814,28.6965],[-97.8807,28.6946],[-97.8794,28.6959],[-97.8794,28.6937],[-97.8767,28.6935],[-97.8758,28.6914],[-97.8736,28.6912],[-97.8707,28.6895],[-97.8668,28.6894],[-97.8582,28.6843],[-97.8529,28.6851],[-97.8506,28.6837],[-97.8424,28.6816],[-97.8411,28.6805],[-97.8393,28.6813],[-97.8381,28.6793],[-97.8374,28.6806],[-97.8357,28.6804],[-97.834,28.6756],[-97.8315,28.6759],[-97.8309,28.6776],[-97.8297,28.678],[-97.8261,28.6746],[-97.8256,28.6735],[-97.8264,28.6726],[-97.8253,28.6703],[-97.7952,28.6734],[-97.7919,28.677],[-97.7899,28.6756],[-97.7874,28.6756],[-97.7871,28.6741],[-97.785,28.6728],[-97.7845,28.6707],[-97.7812,28.6702],[-97.7785,28.668],[-97.5746,28.8133],[-97.7551,29.0071],[-97.6302,29.0984],[-97.625,29.1008],[-97.6131,29.1098],[-97.7577,29.2502],[-97.8588,29.3529],[-97.7539,29.4886],[-97.7466,29.5003],[-97.7329,29.5187],[-97.6332,29.6499],[-97.633,29.6511],[-97.6313,29.6508],[-97.631,29.6535],[-97.6353,29.6537],[-97.6359,29.6554],[-97.6405,29.6519],[-97.6419,29.6523],[-97.6429,29.6546],[-97.6482,29.6542],[-97.65,29.6553],[-97.6518,29.654],[-97.6543,29.658],[-97.6533,29.6586],[-97.6534,29.6604],[-97.6521,29.6619],[-97.6502,29.6614],[-97.6492,29.6596],[-97.6496,29.6574],[-97.6485,29.657],[-97.6476,29.6611],[-97.6529,29.6679],[-97.6568,29.6647],[-97.6568,29.6626],[-97.6588,29.6634],[-97.6594,29.6665],[-97.6614,29.6687],[-97.6632,29.667],[-97.665,29.6688],[-97.6659,29.6669],[-97.6709,29.6671],[-97.6712,29.6641],[-97.6732,29.6632],[-97.6752,29.6657],[-97.6741,29.6686],[-97.6778,29.6688],[-97.6766,29.667],[-97.6784,29.6668],[-97.6786,29.6643],[-97.6805,29.6636],[-97.6838,29.6643],[-97.6822,29.6664],[-97.6835,29.6673],[-97.6839,29.6661],[-97.687,29.6662],[-97.6865,29.6673],[-97.6851,29.6666],[-97.6861,29.6695],[-97.6885,29.6727],[-97.6911,29.6718],[-97.6909,29.6733],[-97.6936,29.6731],[-97.6983,29.6692],[-97.6976,29.6666],[-97.7022,29.6686],[-97.7022,29.6701],[-97.7034,29.6705],[-97.7034,29.6734],[-97.7038,29.6742],[-97.706,29.6743],[-97.7052,29.6756],[-97.7066,29.6773],[-97.7053,29.6775],[-97.7048,29.6791],[-97.7058,29.6799],[-97.7039,29.6813],[-97.7043,29.6824],[-97.7087,29.6837],[-97.7117,29.6815],[-97.7172,29.6818],[-97.7172,29.6841],[-97.7227,29.6822],[-97.7214,29.6844],[-97.7221,29.6855],[-97.7256,29.6857],[-97.7276,29.6879],[-97.736,29.6913],[-97.7354,29.6936],[-97.7385,29.6965],[-97.7433,29.697],[-97.7433,29.6988],[-97.7368,29.7022],[-97.7359,29.7056],[-97.7366,29.7107],[-97.7384,29.713],[-97.7439,29.7119],[-97.7449,29.7127],[-97.7461,29.7113],[-97.749,29.7111],[-97.7497,29.7119],[-97.7466,29.7126],[-97.7471,29.714],[-97.7565,29.7178],[-97.759,29.7146],[-97.7634,29.713],[-97.7685,29.7201],[-97.7665,29.7218],[-97.7635,29.7218],[-97.7592,29.7238],[-97.7587,29.7255],[-97.761,29.7255],[-97.7613,29.7283],[-97.7653,29.7285],[-97.771,29.7323],[-97.7723,29.7338],[-97.7713,29.7328],[-97.7705,29.7335],[-97.7707,29.7378],[-97.7686,29.7416],[-97.7729,29.7422],[-97.7741,29.7416],[-97.774,29.7439],[-97.7771,29.7467],[-97.7822,29.7479],[-97.7815,29.7487],[-97.7803,29.7477],[-97.7795,29.7482],[-97.7812,29.7527],[-97.7801,29.7563],[-97.7817,29.758],[-97.7805,29.7582],[-97.7808,29.7591],[-97.787,29.7609],[-97.7928,29.7593],[-97.7929,29.7542],[-97.7942,29.7528],[-97.7994,29.7523],[-97.8014,29.7542],[-97.8036,29.7537],[-97.803,29.7567],[-97.8038,29.7574],[-97.8028,29.7587],[-97.8009,29.7592],[-97.8002,29.7609],[-97.8003,29.7662],[-97.8012,29.767],[-97.8054,29.7674],[-97.8104,29.7729],[-97.8112,29.7745],[-97.808,29.7746],[-97.8055,29.7732],[-97.8065,29.7753],[-97.8056,29.7771],[-97.8085,29.7798],[-97.8114,29.7803],[-97.8118,29.7797],[-97.8109,29.7792],[-97.8125,29.7781],[-97.8148,29.7802],[-97.8119,29.7839],[-97.8143,29.7847],[-97.8171,29.7904],[-97.8196,29.7894],[-97.8218,29.7827],[-97.824,29.7835],[-97.8227,29.7846],[-97.8233,29.7855],[-97.8261,29.7846],[-97.8263,29.7834],[-97.8242,29.7814],[-97.8282,29.7815],[-97.829,29.7808],[-97.8277,29.7792],[-97.8293,29.7796],[-97.8324,29.7845],[-97.83,29.79],[-97.8295,29.7935],[-97.8303,29.7955],[-97.8341,29.7947],[-97.8369,29.7952],[-97.8385,29.7976],[-97.8424,29.7992],[-97.8432,29.8008],[-97.8423,29.8023],[-97.8419,29.8075],[-97.8424,29.8083],[-97.8448,29.8085],[-97.8457,29.8074],[-97.8464,29.8086],[-97.8406,29.8162],[-97.8397,29.8204],[-97.8421,29.8215],[-97.8427,29.824],[-97.8415,29.8249],[-97.8369,29.825],[-97.837,29.8277],[-97.8403,29.8294],[-97.8413,29.8319],[-97.8439,29.8328],[-97.8448,29.8391],[-97.8473,29.8424],[-97.849,29.8435],[-97.8537,29.8431],[-97.8555,29.8439],[-97.8562,29.8489],[-97.8614,29.855],[-97.8646,29.8561],[-97.8672,29.8545],[-97.8673,29.8519],[-97.8689,29.8514],[-97.8722,29.8525],[-97.873,29.8559],[-97.8753,29.8582],[-97.9436,29.8069],[-97.9992,29.7525],[-98.0899,29.6835],[-98.2019,29.6363],[-98.2425,29.6214],[-98.3109,29.5945],[-98.3108,29.5983],[-98.3122,29.6018],[-98.3146,29.6027],[-98.32,29.6021],[-98.3254,29.6033],[-98.3278,29.6058],[-98.3287,29.6082],[-98.3513,29.6034],[-98.3574,29.5998],[-98.3598,29.6022],[-98.3629,29.603],[-98.3987,29.6023],[-98.4311,29.6001],[-98.4505,29.6044],[-98.4528,29.5977],[-98.4515,29.5969],[-98.4463,29.5971],[-98.4474,29.5946],[-98.4514,29.5949],[-98.4524,29.5932],[-98.4494,29.5915],[-98.4484,29.5892],[-98.4605,29.5769],[-98.4585,29.5735],[-98.4532,29.5715],[-98.4513,29.569],[-98.4679,29.5526],[-98.4595,29.547],[-98.4423,29.5472],[-98.4377,29.545],[-98.4332,29.5469],[-98.4284,29.5451],[-98.433,29.5404],[-98.4305,29.5385],[-98.4285,29.5345],[-98.4307,29.5306],[-98.4326,29.5289],[-98.4428,29.5248],[-98.4478,29.5204],[-98.4467,29.5197],[-98.446,29.5164],[-98.4393,29.516],[-98.4354,29.5125],[-98.4346,29.5099],[-98.4346,29.4964],[-98.4336,29.4938],[-98.4212,29.5004],[-98.4155,29.5061],[-98.416,29.5085],[-98.4152,29.5099],[-98.4163,29.5103],[-98.4177,29.5161],[-98.403,29.5164],[-98.3947,29.5217],[-98.3941,29.5234],[-98.3915,29.5234],[-98.3903,29.5243],[-98.3952,29.5176],[-98.3971,29.5103],[-98.3722,29.5103],[-98.3658,29.5121],[-98.3701,29.5085],[-98.3658,29.5034],[-98.3593,29.5018],[-98.357,29.5109],[-98.347,29.5097],[-98.3461,29.5129],[-98.341,29.5117],[-98.3423,29.5085],[-98.3395,29.5062],[-98.335,29.5104],[-98.3228,29.5148],[-98.3215,29.5129],[-98.3183,29.5125],[-98.3168,29.5107],[-98.3133,29.5095],[-98.313,29.5059],[-98.3105,29.5059],[-98.3102,29.5035],[-98.3193,29.4989],[-98.3175,29.4985],[-98.3129,29.4949],[-98.3102,29.4899],[-98.3107,29.4881],[-98.3079,29.4874],[-98.3095,29.4822],[-98.3121,29.4829],[-98.3193,29.4613],[-98.3202,29.4616],[-98.3207,29.4602],[-98.3302,29.457],[-98.3289,29.4553],[-98.3607,29.4452],[-98.3607,29.4212],[-98.3638,29.4223],[-98.3715,29.4223],[-98.3727,29.4192],[-98.3755,29.4173],[-98.3779,29.4172],[-98.3775,29.4224],[-98.3894,29.4234],[-98.3894,29.3983],[-98.4101,29.3983],[-98.4173,29.3994],[-98.43,29.3981],[-98.4484,29.3981],[-98.4483,29.3898],[-98.4523,29.3898],[-98.4532,29.3909],[-98.4601,29.391],[-98.4601,29.3841],[-98.4783,29.3841],[-98.4787,29.3852],[-98.4835,29.3832],[-98.4829,29.3818],[-98.4856,29.3793],[-98.4879,29.3804],[-98.4909,29.38],[-98.4961,29.3832],[-98.5042,29.3836],[-98.5071,29.3831],[-98.5071,29.3824],[-98.5275,29.3823],[-98.5285,29.3811],[-98.5419,29.3823],[-98.5437,29.3836],[-98.5521,29.3837],[-98.5654,29.368],[-98.5646,29.3678],[-98.575,29.3549],[-98.5767,29.356],[-98.5757,29.3578],[-98.5764,29.3592],[-98.5795,29.3596],[-98.5794,29.3612],[-98.5839,29.3619],[-98.5858,29.3657],[-98.5953,29.3664],[-98.6135,29.377],[-98.6173,29.3751],[-98.6209,29.3664],[-98.6292,29.3671],[-98.6368,29.3711],[-98.6327,29.3608],[-98.6465,29.3606],[-98.6464,29.3472],[-98.6616,29.3475],[-98.6668,29.3462],[-98.6711,29.3463],[-98.6708,29.3281],[-98.6737,29.328],[-98.6737,29.3258],[-98.6761,29.324],[-98.6761,29.3279],[-98.6869,29.3278],[-98.6914,29.3403],[-98.6912,29.3362],[-98.6994,29.3389],[-98.698,29.3414],[-98.6996,29.3423],[-98.7015,29.3414],[-98.7035,29.3418],[-98.7039,29.3443],[-98.7064,29.3457],[-98.7049,29.3491],[-98.71,29.352],[-98.7139,29.3477],[-98.7139,29.3443],[-98.7127,29.3432],[-98.7137,29.341],[-98.7157,29.3408],[-98.7173,29.3432],[-98.7201,29.3435],[-98.7221,29.3433],[-98.724,29.3407],[-98.7251,29.3411],[-98.7283,29.3394],[-98.7316,29.3407],[-98.736,29.3394],[-98.7366,29.3389],[-98.7354,29.3365],[-98.7353,29.3329],[-98.7375,29.3319],[-98.7417,29.3328],[-98.7425,29.3364],[-98.746,29.336],[-98.7458,29.3351],[-98.7473,29.3347],[-98.7469,29.3367],[-98.749,29.3368],[-98.7509,29.3306],[-98.7525,29.3308],[-98.753,29.3276],[-98.7543,29.3267],[-98.7601,29.3307],[-98.7666,29.3324],[-98.7684,29.3309],[-98.7691,29.3279],[-98.7709,29.33],[-98.7724,29.3299],[-98.7745,29.3274],[-98.7742,29.3243],[-98.7783,29.3253],[-98.7818,29.3286],[-98.7832,29.3285],[-98.7837,29.3268],[-98.7852,29.3262],[-98.7903,29.3296],[-98.7927,29.327],[-98.795,29.3261],[-98.7996,29.3271],[-98.8016,29.324],[-98.8046,29.3233],[-98.8048,29.2507]]]},"properties":{"GEOID":"4835","BASENAME":"35","NAME":"Congressional District 35","CD120":"35"}},
{"type":"Feature","geometry":{"type":"Polygon","coordinates":[[[-99.7541,30.2907],[-99.3017,30.2867],[-99.304,30.4998],[-99.2367,30.4988],[-99.0003,30.4981],[-98.856,30.4993],[-98.6232,30.4993],[-98.4115,30.5021],[-98.1256,30.4262],[-98.0977,30.4676],[-98.0978,30.4981],[-98.1032,30.4967],[-98.1075,30.4943],[-98.1137,30.4856],[-98.1231,30.4847],[-98.1234,30.4865],[-98.1013,30.5285],[-98.0992,30.5273],[-98.0853,30.5242],[-98.0732,30.5193],[-98.0605,30.5205],[-98.0551,30.5231],[-98.048,30.5214],[-98.043,30.5176],[-98.04,30.5114],[-98.0361,30.5099],[-98.031,30.5062],[-98.0195,30.5043],[-98.0165,30.5018],[-98.0123,30.5022],[-98.0065,30.5058],[-98.0015,30.504],[-98,30.5044],[-97.9978,30.5072],[-97.9931,30.5057],[-97.9905,30.5097],[-97.9792,30.5043],[-97.9797,30.5112],[-97.9755,30.5132],[-97.9736,30.5163],[-97.9794,30.5198],[-97.9787,30.5231],[-97.9767,30.5238],[-97.9787,30.527],[-97.978,30.5274],[-97.9798,30.5326],[-97.9781,30.5339],[-97.9751,30.5338],[-97.9744,30.535],[-97.9726,30.5349],[-97.9721,30.5359],[-97.9691,30.5361],[-97.9653,30.5381],[-97.9667,30.5403],[-97.9661,30.5422],[-97.9647,30.542],[-97.9655,30.5489],[-97.9569,30.5431],[-97.9475,30.5482],[-97.9478,30.5452],[-97.9431,30.5468],[-97.9366,30.5464],[-97.9379,30.5515],[-97.9275,30.5495],[-97.9255,30.5536],[-97.9241,30.553],[-97.9237,30.5538],[-97.9208,30.5502],[-97.9218,30.5482],[-97.9173,30.5477],[-97.9144,30.5442],[-97.9122,30.5451],[-97.9105,30.5451],[-97.9097,30.5439],[-97.9081,30.5443],[-97.9041,30.5402],[-97.9026,30.5401],[-97.9001,30.5368],[-97.8971,30.5362],[-97.8984,30.532],[-97.8968,30.5319],[-97.8969,30.5305],[-97.8956,30.5292],[-97.8962,30.5271],[-97.8954,30.5242],[-97.8969,30.5197],[-97.8895,30.5174],[-97.8856,30.5115],[-97.8886,30.5034],[-97.8884,30.5002],[-97.8916,30.4944],[-97.8974,30.4911],[-97.9025,30.4902],[-97.9044,30.4868],[-97.906,30.4787],[-97.9017,30.4788],[-97.9004,30.481],[-97.9009,30.4819],[-97.8967,30.4812],[-97.8941,30.4818],[-97.8938,30.4801],[-97.8871,30.4786],[-97.8878,30.4761],[-97.8732,30.4705],[-97.874,30.4696],[-97.865,30.4638],[-97.8607,30.4566],[-97.8613,30.4559],[-97.8585,30.4511],[-97.8588,30.4492],[-97.858,30.4483],[-97.8552,30.4498],[-97.8548,30.4487],[-97.8562,30.4473],[-97.8499,30.4401],[-97.8496,30.4318],[-97.847,30.4295],[-97.8475,30.4283],[-97.8434,30.4265],[-97.8401,30.4355],[-97.8359,30.44],[-97.8353,30.4397],[-97.8379,30.4308],[-97.8374,30.4272],[-97.8245,30.4261],[-97.8128,30.419],[-97.8077,30.4191],[-97.8023,30.4177],[-97.7953,30.42],[-97.793,30.4192],[-97.7934,30.4203],[-97.7909,30.4211],[-97.7904,30.4198],[-97.7878,30.4185],[-97.7833,30.4199],[-97.7817,30.4192],[-97.781,30.4185],[-97.7818,30.415],[-97.7794,30.4148],[-97.7793,30.4158],[-97.7758,30.4167],[-97.7747,30.4194],[-97.7688,30.4248],[-97.7705,30.4288],[-97.7678,30.4297],[-97.7663,30.4314],[-97.7604,30.427],[-97.759,30.4295],[-97.7616,30.4308],[-97.7603,30.4327],[-97.7536,30.4333],[-97.7545,30.4393],[-97.7408,30.4445],[-97.724,30.4495],[-97.7161,30.4484],[-97.7124,30.4454],[-97.7078,30.4436],[-97.704,30.4495],[-97.7018,30.4502],[-97.7003,30.4525],[-97.6954,30.4521],[-97.6955,30.4498],[-97.6881,30.4466],[-97.6886,30.4416],[-97.6814,30.4352],[-97.6762,30.4354],[-97.6706,30.4399],[-97.6644,30.4412],[-97.6552,30.436],[-97.6517,30.4307],[-97.6489,30.429],[-97.6369,30.4294],[-97.6375,30.4285],[-97.6273,30.4238],[-97.6277,30.4225],[-97.6092,30.414],[-97.6061,30.4189],[-97.6043,30.418],[-97.6045,30.4162],[-97.602,30.4163],[-97.6019,30.413],[-97.5999,30.4129],[-97.6002,30.4099],[-97.6019,30.4099],[-97.6022,30.4092],[-97.5984,30.4076],[-97.5982,30.4064],[-97.5993,30.4053],[-97.6012,30.4056],[-97.601,30.4038],[-97.5988,30.4032],[-97.6007,30.4008],[-97.598,30.4],[-97.5988,30.3978],[-97.5965,30.3977],[-97.5973,30.3963],[-97.5965,30.3959],[-97.5938,30.3969],[-97.5898,30.3955],[-97.5762,30.4171],[-97.5609,30.4097],[-97.5609,30.4079],[-97.5454,30.401],[-97.54,30.4097],[-97.5413,30.4122],[-97.523,30.4409],[-97.52,30.4402],[-97.5176,30.4438],[-97.5073,30.4392],[-97.5054,30.4415],[-97.5031,30.4408],[-97.4907,30.4601],[-97.469,30.4575],[-97.4669,30.4652],[-97.4713,30.467],[-97.4755,30.4671],[-97.4765,30.4691],[-97.4801,30.4704],[-97.4864,30.4695],[-97.4887,30.4731],[-97.5013,30.4773],[-97.5026,30.4806],[-97.5048,30.4811],[-97.5109,30.4853],[-97.5224,30.4764],[-97.524,30.4722],[-97.5282,30.4754],[-97.5441,30.4796],[-97.5431,30.4792],[-97.5461,30.4754],[-97.5501,30.4765],[-97.5493,30.4811],[-97.553,30.4903],[-97.5635,30.4918],[-97.5638,30.4956],[-97.5689,30.4962],[-97.5683,30.4997],[-97.5809,30.5009],[-97.5906,30.4972],[-97.5913,30.5009],[-97.5933,30.5004],[-97.5962,30.5015],[-97.6035,30.4972],[-97.6645,30.4963],[-97.6722,30.4945],[-97.671,30.4918],[-97.6733,30.4909],[-97.6737,30.4941],[-97.6775,30.493],[-97.6826,30.5028],[-97.6985,30.4878],[-97.7053,30.4775],[-97.7148,30.4801],[-97.7275,30.4778],[-97.7333,30.479],[-97.7379,30.4775],[-97.7389,30.4733],[-97.7423,30.4742],[-97.7443,30.4727],[-97.7449,30.4706],[-97.7476,30.4692],[-97.7504,30.4692],[-97.7561,30.4724],[-97.7586,30.4684],[-97.7588,30.4647],[-97.7553,30.4618],[-97.7527,30.456],[-97.756,30.4548],[-97.7567,30.4555],[-97.7576,30.4529],[-97.759,30.4541],[-97.7624,30.4523],[-97.7622,30.4516],[-97.7671,30.4501],[-97.7695,30.4475],[-97.7702,30.4432],[-97.7734,30.4414],[-97.7794,30.4394],[-97.7883,30.4452],[-97.7907,30.4487],[-97.7973,30.4469],[-97.8119,30.447],[-97.8231,30.4534],[-97.8263,30.456],[-97.8266,30.4575],[-97.8466,30.4734],[-97.8459,30.4756],[-97.8622,30.4973],[-97.8561,30.5028],[-97.8558,30.5074],[-97.8597,30.5123],[-97.8672,30.5173],[-97.8714,30.5227],[-97.8679,30.5465],[-97.8823,30.5538],[-97.8834,30.553],[-97.8877,30.5566],[-97.8887,30.5652],[-97.8915,30.5665],[-97.8928,30.5652],[-97.8962,30.5649],[-97.9001,30.5689],[-97.9025,30.5713],[-97.9218,30.5642],[-97.927,30.5677],[-97.9151,30.5806],[-97.9204,30.5868],[-97.9219,30.591],[-97.9171,30.6049],[-97.9348,30.6103],[-97.9519,30.6252],[-97.9567,30.6282],[-97.9663,30.6237],[-97.9779,30.6221],[-97.991,30.6098],[-97.9924,30.6095],[-97.998,30.613],[-98.0019,30.6214],[-98.0063,30.6275],[-98.0127,30.6168],[-98.0297,30.6147],[-98.0365,30.6117],[-98.0396,30.6186],[-98.0403,30.6182],[-98.0499,30.6242],[-98.0666,30.5931],[-98.0682,30.5974],[-98.0715,30.6011],[-98.0768,30.6],[-98.0766,30.6038],[-98.0782,30.6046],[-98.0827,30.6038],[-98.0851,30.6046],[-98.0867,30.6032],[-98.0912,30.6021],[-98.0994,30.5976],[-98.0992,30.5986],[-98.1078,30.608],[-98.1184,30.6132],[-98.128,30.6067],[-98.1298,30.6076],[-98.131,30.6105],[-98.1291,30.6144],[-98.1581,30.6283],[-98.1856,30.5869],[-98.1815,30.5876],[-98.1781,30.5912],[-98.1758,30.5905],[-98.1749,30.5887],[-98.1769,30.5901],[-98.1791,30.5887],[-98.1779,30.5856],[-98.1802,30.5848],[-98.1785,30.5832],[-98.1797,30.58],[-98.1772,30.578],[-98.1826,30.5759],[-98.1834,30.5742],[-98.1826,30.5706],[-98.1849,30.5675],[-98.188,30.5667],[-98.1883,30.5645],[-98.1909,30.5645],[-98.1923,30.5667],[-98.1945,30.5669],[-98.1929,30.5644],[-98.1946,30.5632],[-98.2119,30.5698],[-98.2149,30.5701],[-98.2262,30.5621],[-98.2305,30.5618],[-98.2369,30.5647],[-98.2392,30.5644],[-98.2417,30.5615],[-98.2441,30.5559],[-98.2474,30.5544],[-98.2521,30.5545],[-98.2561,30.556],[-98.2584,30.559],[-98.2608,30.5649],[-98.2643,30.5674],[-98.2675,30.5681],[-98.2773,30.5663],[-98.2802,30.5641],[-98.286,30.5556],[-98.2891,30.5531],[-98.2915,30.5529],[-98.3004,30.5547],[-98.3047,30.5566],[-98.3128,30.5612],[-98.3169,30.5648],[-98.3222,30.567],[-98.3259,30.5661],[-98.3328,30.5594],[-98.3382,30.5556],[-98.3425,30.5557],[-98.352,30.5581],[-98.3643,30.5716],[-98.3703,30.5744],[-98.3759,30.5739],[-98.3988,30.5637],[-98.4034,30.5643],[-98.4082,30.5697],[-98.4111,30.5746],[-98.4137,30.5859],[-98.4118,30.5882],[-98.4007,30.5946],[-98.4002,30.5984],[-98.4106,30.6138],[-98.4176,30.6273],[-98.4184,30.633],[-98.417,30.6403],[-98.4181,30.6452],[-98.4289,30.6548],[-98.4282,30.6589],[-98.4289,30.6615],[-98.4333,30.6628],[-98.4391,30.6625],[-98.4418,30.6664],[-98.4416,30.6692],[-98.4397,30.6727],[-98.4367,30.674],[-98.4296,30.6752],[-98.4217,30.674],[-98.4143,30.6759],[-98.4073,30.675],[-98.4033,30.6769],[-98.4022,30.6808],[-98.4055,30.6902],[-98.4081,30.6951],[-98.414,30.7018],[-98.4143,30.7037],[-98.4101,30.7085],[-98.4083,30.7157],[-98.4042,30.7211],[-98.4021,30.7218],[-98.3927,30.7212],[-98.3853,30.7306],[-98.3741,30.7383],[-98.3714,30.7421],[-98.3741,30.7457],[-98.3778,30.7472],[-98.3914,30.746],[-98.3963,30.7472],[-98.4002,30.7502],[-98.4069,30.7515],[-98.415,30.7519],[-98.4232,30.7504],[-98.4266,30.7515],[-98.4299,30.7561],[-98.4302,30.761],[-98.4279,30.7665],[-98.4239,30.7711],[-98.4225,30.775],[-98.4235,30.7776],[-98.4312,30.7848],[-98.4325,30.7886],[-98.4309,30.7918],[-98.4254,30.7956],[-98.4156,30.7943],[-98.4126,30.795],[-98.4094,30.8],[-98.4082,30.809],[-98.4033,30.8179],[-98.4009,30.8189],[-98.391,30.8183],[-98.3876,30.8193],[-98.3801,30.826],[-98.3776,30.8295],[-98.3766,30.8338],[-98.3776,30.8357],[-98.3814,30.8382],[-98.3936,30.843],[-98.4014,30.844],[-98.405,30.8438],[-98.4069,30.8391],[-98.41,30.836],[-98.4157,30.8347],[-98.4216,30.835],[-98.4222,30.8392],[-98.4193,30.8571],[-98.4215,30.8632],[-98.4248,30.8661],[-98.4324,30.8697],[-98.4378,30.8706],[-98.4459,30.8703],[-98.4508,30.8714],[-98.4552,30.8752],[-98.4574,30.8789],[-98.4569,30.8821],[-98.4552,30.8848],[-98.4486,30.8908],[-98.4492,30.907],[-98.4458,30.9214],[-98.4419,30.9259],[-98.4374,30.927],[-98.4292,30.9264],[-98.4223,30.9243],[-98.4196,30.9254],[-98.4171,30.9295],[-98.4145,30.9421],[-98.416,30.9449],[-98.423,30.9479],[-98.442,30.9496],[-98.4471,30.9518],[-98.4528,30.9644],[-98.4529,30.9687],[-98.4432,30.9797],[-98.4419,30.9843],[-98.4462,30.9929],[-98.4566,31.0036],[-98.4594,31.0092],[-98.4587,31.0115],[-98.457,31.0132],[-98.4483,31.0167],[-98.4423,31.0205],[-98.4395,31.0251],[-98.4398,31.0299],[-98.4449,31.0386],[-98.4476,31.0414],[-98.4531,31.0443],[-98.4645,31.0476],[-98.4749,31.0528],[-98.4827,31.0597],[-98.484,31.063],[-98.4839,31.0673],[-98.482,31.0689],[-98.4767,31.0702],[-98.4725,31.0763],[-98.4627,31.076],[-98.4564,31.0787],[-98.4559,31.0827],[-98.4578,31.0887],[-98.4686,31.0921],[-98.4705,31.0944],[-98.4691,31.0966],[-98.4615,31.1012],[-98.4557,31.107],[-98.4556,31.1109],[-98.457,31.112],[-98.4597,31.112],[-98.4667,31.1071],[-98.47,31.1069],[-98.4736,31.1095],[-98.4808,31.1192],[-98.4829,31.1188],[-98.4858,31.1153],[-98.4882,31.1142],[-98.4903,31.115],[-98.4936,31.1186],[-98.4989,31.1185],[-98.5008,31.1174],[-98.5053,31.1087],[-98.5122,31.1059],[-98.5183,31.0927],[-98.5235,31.0889],[-98.5271,31.0907],[-98.5295,31.0948],[-98.531,31.1027],[-98.5366,31.1097],[-98.538,31.1135],[-98.5446,31.1194],[-98.5483,31.1242],[-98.5477,31.1284],[-98.5457,31.1299],[-98.5391,31.1314],[-98.5315,31.1347],[-98.5278,31.1375],[-98.527,31.1404],[-98.5294,31.1524],[-98.5276,31.1553],[-98.5253,31.156],[-98.5173,31.1546],[-98.5113,31.1552],[-98.5044,31.1624],[-98.5042,31.1661],[-98.5059,31.1673],[-98.514,31.1649],[-98.5197,31.165],[-98.5302,31.1736],[-98.543,31.1749],[-98.5445,31.1771],[-98.5444,31.1795],[-98.5355,31.186],[-98.5356,31.1876],[-98.538,31.1895],[-98.5394,31.1925],[-98.5418,31.1943],[-98.5439,31.1947],[-98.5563,31.192],[-98.5596,31.193],[-98.5688,31.1984],[-98.5695,31.2044],[-98.5633,31.2223],[-98.563,31.2358],[-98.565,31.2423],[-98.5684,31.2448],[-98.5751,31.2542],[-98.5788,31.2645],[-98.5885,31.2676],[-98.5928,31.2661],[-98.5947,31.2622],[-98.5939,31.2549],[-98.5957,31.2531],[-98.5979,31.2539],[-98.6066,31.261],[-98.6125,31.2627],[-98.6185,31.267],[-98.6255,31.2697],[-98.6283,31.2741],[-98.6269,31.2812],[-98.6221,31.2851],[-98.6195,31.2846],[-98.6138,31.2816],[-98.6044,31.2841],[-98.5982,31.287],[-98.5984,31.2919],[-98.5963,31.3058],[-98.5947,31.3108],[-98.5907,31.3149],[-98.5905,31.3173],[-98.5867,31.3194],[-98.586,31.3216],[-98.5871,31.3253],[-98.5918,31.3269],[-98.5944,31.3264],[-98.5959,31.3237],[-98.5953,31.3217],[-98.5973,31.3187],[-98.6031,31.3137],[-98.6068,31.3121],[-98.6239,31.3094],[-98.6308,31.3102],[-98.6314,31.3119],[-98.6304,31.316],[-98.6243,31.3179],[-98.6224,31.3208],[-98.6181,31.3224],[-98.6186,31.3238],[-98.621,31.3251],[-98.6299,31.326],[-98.6322,31.3254],[-98.6376,31.319],[-98.6432,31.3145],[-98.6476,31.3149],[-98.6491,31.3176],[-98.6485,31.3235],[-98.6426,31.3274],[-98.6396,31.3324],[-98.6449,31.3354],[-98.647,31.3407],[-98.6419,31.346],[-98.6383,31.3467],[-98.6364,31.3529],[-98.6428,31.3566],[-98.6444,31.359],[-98.6461,31.3597],[-98.6487,31.3597],[-98.6517,31.3569],[-98.6546,31.3585],[-98.6548,31.3598],[-98.6501,31.366],[-98.6506,31.368],[-98.6535,31.37],[-98.6564,31.3692],[-98.6624,31.3642],[-98.665,31.3644],[-98.6677,31.3631],[-98.6703,31.3605],[-98.6699,31.3566],[-98.6709,31.3539],[-98.6771,31.3519],[-98.6828,31.3462],[-98.6905,31.3439],[-98.6966,31.3394],[-98.7027,31.3391],[-98.7066,31.3472],[-98.7114,31.3468],[-98.7128,31.3478],[-98.7126,31.355],[-98.7101,31.3564],[-98.7062,31.3559],[-98.7033,31.3601],[-98.7026,31.3647],[-98.7051,31.3693],[-98.7042,31.3804],[-98.6985,31.3855],[-98.6928,31.3879],[-98.693,31.39],[-98.6959,31.3943],[-98.6955,31.4056],[-98.6974,31.4076],[-98.7064,31.4076],[-98.7184,31.404],[-98.7253,31.4083],[-98.7292,31.413],[-98.7287,31.4144],[-98.7255,31.416],[-98.724,31.4249],[-98.7244,31.4274],[-98.7261,31.4283],[-98.7377,31.4304],[-98.7428,31.4281],[-98.7371,31.4206],[-98.7367,31.4173],[-98.7388,31.4114],[-98.7425,31.405],[-98.7454,31.4039],[-98.7519,31.4034],[-98.7557,31.4004],[-98.7554,31.3959],[-98.7514,31.3876],[-98.7534,31.3848],[-98.757,31.3822],[-98.7616,31.376],[-98.7637,31.3752],[-98.7678,31.3761],[-98.7717,31.3808],[-98.7779,31.3771],[-98.7795,31.3792],[-98.7756,31.3876],[-98.7747,31.4029],[-98.7728,31.4088],[-98.7737,31.4122],[-98.7766,31.4139],[-98.7789,31.4135],[-98.7885,31.4075],[-98.7994,31.4106],[-98.8013,31.4101],[-98.8056,31.4067],[-98.8133,31.4047],[-98.8169,31.4069],[-98.8143,31.413],[-98.8146,31.4158],[-98.816,31.4171],[-98.819,31.4164],[-98.8305,31.4102],[-98.8468,31.4106],[-98.8494,31.4126],[-98.8516,31.4125],[-98.8547,31.4138],[-98.8525,31.4204],[-98.8588,31.4343],[-98.871,31.4437],[-98.8747,31.4447],[-98.8855,31.4429],[-98.8875,31.4399],[-98.8956,31.4336],[-98.9035,31.4364],[-98.9093,31.4343],[-98.913,31.4342],[-98.9179,31.436],[-98.9218,31.4343],[-98.9252,31.434],[-98.9332,31.4369],[-98.9355,31.4465],[-98.9358,31.4557],[-98.941,31.4586],[-98.9488,31.4576],[-98.9538,31.4543],[-98.9557,31.451],[-98.953,31.4488],[-98.953,31.4473],[-98.9592,31.4414],[-98.9634,31.4351],[-98.966,31.4351],[-98.9676,31.4371],[-98.9665,31.4417],[-98.9672,31.4438],[-98.9643,31.4452],[-98.9635,31.4466],[-98.965,31.4533],[-98.9782,31.4563],[-98.9854,31.4618],[-98.995,31.4667],[-98.9935,31.4738],[-98.9912,31.4747],[-98.9869,31.4789],[-98.9874,31.4821],[-98.9916,31.4847],[-98.9777,31.4934],[-98.9635,31.5002],[-98.9409,31.5132],[-98.78,31.6107],[-98.7601,31.6879],[-98.6684,31.7005],[-98.9244,32.078],[-98.9967,32.0793],[-99.0004,32.0787],[-99.1201,32.0796],[-99.2106,32.0791],[-99.2468,32.0794],[-99.2503,32.0801],[-99.5003,32.0799],[-99.6314,32.0813],[-99.7142,32.0821],[-99.8074,32.0812],[-100.1253,32.0827],[-100.3251,32.0814],[-100.5004,32.0831],[-100.6254,32.0854],[-100.7231,32.0854],[-100.8099,32.0867],[-101.2627,32.0871],[-101.5766,32.0871],[-101.9859,32.0868],[-102.3438,32.0872],[-102.7182,32.0869],[-102.7991,32.0858],[-102.7976,31.7727],[-102.7989,31.6518],[-102.4302,31.6512],[-102.0614,31.6516],[-101.7378,31.6512],[-101.2671,31.6509],[-101.2688,31.4483],[-101.2719,31.2938],[-101.2748,31.0794],[-101.0004,31.0819],[-100.688,31.0866],[-100.2484,31.0887],[-100.1152,31.088],[-100.1167,30.8099],[-100.1162,30.6252],[-100.1165,30.2903],[-99.9584,30.29],[-99.7541,30.2907]]]},"properties":{"GEOID":"4811","BASENAME":"11","NAME":"Congressional District 11","CD120":"11"}},
{"type":"Feature","geometry":{"type":"Polygon","coordinates":[[[-96.9626,32.8905],[-96.9311,32.8737],[-96.9316,32.8717],[-96.9307,32.8704],[-96.9273,32.8693],[-96.925,32.8709],[-96.925,32.8682],[-96.9269,32.8671],[-96.9269,32.866],[-96.9242,32.8657],[-96.9253,32.8633],[-96.9221,32.8614],[-96.9251,32.8596],[-96.925,32.8587],[-96.9193,32.8574],[-96.9171,32.8586],[-96.9167,32.8563],[-96.9155,32.856],[-96.9128,32.8581],[-96.9112,32.8554],[-96.9081,32.8561],[-96.9065,32.8541],[-96.9037,32.8541],[-96.9034,32.8528],[-96.9019,32.8522],[-96.8991,32.8536],[-96.8979,32.8525],[-96.8986,32.8505],[-96.8945,32.8508],[-96.8937,32.8483],[-96.8921,32.8472],[-96.8889,32.8478],[-96.8899,32.8451],[-96.89,32.8312],[-96.9059,32.8157],[-96.9057,32.8074],[-96.9015,32.8007],[-96.8985,32.7982],[-96.9041,32.7982],[-96.9074,32.7971],[-96.9104,32.7923],[-96.9115,32.7875],[-96.9139,32.7845],[-96.9157,32.7843],[-96.9189,32.7857],[-96.9261,32.7821],[-96.9261,32.7689],[-96.9275,32.7673],[-96.9276,32.7654],[-96.9478,32.7623],[-96.9643,32.7619],[-96.9763,32.7594],[-96.9929,32.7587],[-97.0069,32.7596],[-97.0352,32.7597],[-97.0355,32.7393],[-97.0366,32.6762],[-97.0114,32.676],[-96.9702,32.6708],[-96.9657,32.68],[-96.9633,32.6876],[-96.9629,32.6969],[-96.9525,32.7071],[-96.9502,32.7059],[-96.9396,32.7055],[-96.9286,32.7062],[-96.9029,32.7058],[-96.9002,32.7079],[-96.8889,32.712],[-96.8781,32.7174],[-96.8593,32.7241],[-96.8436,32.732],[-96.8324,32.7343],[-96.8246,32.7328],[-96.8231,32.7398],[-96.8108,32.7474],[-96.8099,32.7502],[-96.8103,32.7588],[-96.8045,32.7653],[-96.803,32.7689],[-96.7991,32.7724],[-96.7869,32.7756],[-96.7805,32.7799],[-96.7782,32.7782],[-96.7763,32.7801],[-96.7717,32.7812],[-96.7671,32.7864],[-96.7606,32.7907],[-96.7292,32.7921],[-96.7281,32.7772],[-96.7295,32.7692],[-96.731,32.7663],[-96.7297,32.7638],[-96.7328,32.7604],[-96.7322,32.7586],[-96.7392,32.7542],[-96.7378,32.7518],[-96.7326,32.7474],[-96.7313,32.7475],[-96.731,32.7458],[-96.7246,32.7442],[-96.711,32.7319],[-96.6832,32.7132],[-96.6843,32.7125],[-96.6831,32.7111],[-96.683,32.698],[-96.6784,32.695],[-96.6775,32.6804],[-96.6726,32.6756],[-96.6712,32.6707],[-96.678,32.6534],[-96.683,32.6492],[-96.6805,32.6476],[-96.677,32.6475],[-96.6684,32.6407],[-96.661,32.6396],[-96.6546,32.6366],[-96.6506,32.6391],[-96.6289,32.6297],[-96.628,32.6251],[-96.6305,32.6207],[-96.6238,32.6189],[-96.6222,32.6177],[-96.614,32.6252],[-96.6134,32.6272],[-96.6084,32.6274],[-96.5964,32.6372],[-96.5957,32.6395],[-96.5854,32.6478],[-96.5821,32.6524],[-96.5902,32.6595],[-96.5946,32.661],[-96.5917,32.6633],[-96.5938,32.6652],[-96.5912,32.6674],[-96.598,32.6709],[-96.5954,32.6731],[-96.5884,32.6698],[-96.5807,32.676],[-96.579,32.6752],[-96.5746,32.6787],[-96.5759,32.6799],[-96.5747,32.6809],[-96.5735,32.6802],[-96.5629,32.6811],[-96.5566,32.6875],[-96.5585,32.6891],[-96.5553,32.6921],[-96.5616,32.6976],[-96.563,32.7012],[-96.5657,32.7012],[-96.5668,32.7022],[-96.5673,32.7014],[-96.5736,32.7019],[-96.5747,32.7027],[-96.5793,32.7071],[-96.576,32.7098],[-96.5751,32.709],[-96.5744,32.7096],[-96.5768,32.7118],[-96.5753,32.714],[-96.5883,32.724],[-96.594,32.7256],[-96.5992,32.7297],[-96.5993,32.7353],[-96.6015,32.7353],[-96.6023,32.7401],[-96.5988,32.744],[-96.5997,32.7458],[-96.6064,32.7468],[-96.612,32.746],[-96.6116,32.7431],[-96.6126,32.7422],[-96.6131,32.735],[-96.6207,32.7347],[-96.6207,32.7401],[-96.6218,32.7402],[-96.6218,32.7426],[-96.6226,32.7426],[-96.6226,32.7449],[-96.6218,32.745],[-96.6226,32.7452],[-96.6226,32.7486],[-96.6391,32.7486],[-96.639,32.7555],[-96.6432,32.7591],[-96.6444,32.7634],[-96.668,32.7833],[-96.6706,32.7833],[-96.6712,32.7848],[-96.6704,32.7848],[-96.673,32.7871],[-96.6734,32.7915],[-96.6842,32.7924],[-96.6812,32.7976],[-96.6743,32.7985],[-96.6736,32.8069],[-96.6654,32.8072],[-96.6654,32.8155],[-96.6623,32.8155],[-96.6617,32.8214],[-96.6581,32.8214],[-96.6582,32.8309],[-96.6605,32.8308],[-96.6605,32.8348],[-96.659,32.8344],[-96.6553,32.8376],[-96.6526,32.8353],[-96.6484,32.8388],[-96.6472,32.8377],[-96.6423,32.8396],[-96.6397,32.8397],[-96.6349,32.8439],[-96.6463,32.8537],[-96.6679,32.8673],[-96.6692,32.8665],[-96.671,32.8693],[-96.6804,32.8721],[-96.6896,32.8788],[-96.7004,32.879],[-96.7006,32.8642],[-96.7128,32.864],[-96.7248,32.8582],[-96.7214,32.8555],[-96.7242,32.8514],[-96.7243,32.8469],[-96.7199,32.8381],[-96.7224,32.8156],[-96.7295,32.8111],[-96.7353,32.8144],[-96.7434,32.8162],[-96.744,32.8118],[-96.7516,32.8127],[-96.7529,32.8162],[-96.7529,32.8256],[-96.758,32.8256],[-96.7581,32.8266],[-96.7616,32.8279],[-96.7616,32.8289],[-96.7601,32.8289],[-96.7601,32.8296],[-96.7616,32.8299],[-96.7615,32.8325],[-96.7642,32.8325],[-96.7646,32.8315],[-96.7702,32.8314],[-96.7702,32.828],[-96.7679,32.8279],[-96.7679,32.827],[-96.7702,32.827],[-96.7702,32.8229],[-96.768,32.8229],[-96.768,32.8198],[-96.7702,32.8198],[-96.7702,32.8174],[-96.7729,32.8173],[-96.7729,32.8182],[-96.7747,32.8182],[-96.7745,32.8114],[-96.7764,32.8098],[-96.778,32.8111],[-96.7801,32.8094],[-96.7821,32.8112],[-96.7811,32.8122],[-96.7833,32.814],[-96.7858,32.8111],[-96.7887,32.8128],[-96.7871,32.8151],[-96.791,32.816],[-96.7922,32.814],[-96.7948,32.815],[-96.7941,32.8165],[-96.7954,32.8162],[-96.7948,32.8174],[-96.7958,32.818],[-96.798,32.8151],[-96.7988,32.815],[-96.7989,32.8162],[-96.8023,32.8162],[-96.8024,32.8207],[-96.8045,32.8207],[-96.8045,32.8232],[-96.812,32.8232],[-96.8147,32.8198],[-96.8185,32.8231],[-96.8176,32.8247],[-96.8184,32.8254],[-96.8172,32.8265],[-96.8191,32.8282],[-96.8192,32.8304],[-96.8207,32.8301],[-96.8234,32.8335],[-96.8218,32.8379],[-96.8213,32.8512],[-96.8412,32.8507],[-96.8502,32.8586],[-96.8541,32.8601],[-96.8548,32.8611],[-96.8502,32.8624],[-96.8508,32.8639],[-96.8501,32.8654],[-96.8489,32.8654],[-96.8488,32.8709],[-96.8463,32.8753],[-96.8463,32.8803],[-96.8561,32.8804],[-96.8562,32.8837],[-96.8608,32.8838],[-96.8605,32.8814],[-96.8619,32.8808],[-96.8621,32.8852],[-96.8637,32.8838],[-96.8657,32.8838],[-96.8665,32.8857],[-96.8702,32.8868],[-96.8703,32.8953],[-96.8623,32.8952],[-96.8623,32.9001],[-96.864,32.9028],[-96.864,32.9097],[-96.8434,32.9096],[-96.8433,32.916],[-96.8466,32.9163],[-96.8466,32.9189],[-96.8481,32.9215],[-96.859,32.9169],[-96.871,32.9137],[-96.8981,32.9082],[-96.8982,32.8961],[-96.9284,32.8957],[-96.9271,32.8976],[-96.9229,32.8977],[-96.9223,32.8994],[-96.9249,32.8989],[-96.9268,32.8997],[-96.9275,32.9013],[-96.9267,32.9036],[-96.9281,32.9055],[-96.9317,32.9071],[-96.9311,32.9094],[-96.932,32.9112],[-96.9374,32.9128],[-96.9385,32.914],[-96.9377,32.9159],[-96.9387,32.9185],[-96.9384,32.9226],[-96.9359,32.9249],[-96.9374,32.9278],[-96.9351,32.9273],[-96.933,32.9287],[-96.9337,32.9297],[-96.9394,32.9315],[-96.9403,32.9329],[-96.9386,32.9354],[-96.9353,32.9348],[-96.9352,32.937],[-96.9362,32.9367],[-96.9376,32.9381],[-96.9383,32.9372],[-96.9413,32.9386],[-96.9425,32.9462],[-96.9439,32.9475],[-96.9493,32.9481],[-96.9556,32.9505],[-96.9597,32.9504],[-96.9618,32.9491],[-96.9663,32.9527],[-96.9682,32.9527],[-96.97,32.9522],[-96.9701,32.9492],[-96.969,32.9475],[-96.9676,32.9475],[-96.9677,32.9253],[-96.9785,32.9256],[-96.9787,32.9236],[-96.9741,32.9226],[-96.9751,32.9195],[-96.9587,32.9157],[-96.959,32.8952],[-96.9626,32.8905]]]},"properties":{"GEOID":"4833","BASENAME":"33","NAME":"Congressional District 33","CD120":"33"}},
{"type":"Feature","geometry":{"type":"Polygon","coordinates":[[[-95.0033,31.4257],[-95.0049,31.424],[-95.0054,31.4209],[-95.0001,31.4176],[-95.0002,31.4205],[-94.9993,31.4207],[-94.9974,31.4168],[-94.9936,31.4178],[-94.9942,31.415],[-94.9935,31.414],[-94.9902,31.4133],[-94.9879,31.4145],[-94.9854,31.414],[-94.9829,31.4127],[-94.983,31.4113],[-94.9811,31.4101],[-94.9783,31.4087],[-94.9769,31.4093],[-94.976,31.4074],[-94.9795,31.4057],[-94.9787,31.405],[-94.9763,31.4053],[-94.9759,31.4041],[-94.976,31.4021],[-94.9781,31.4008],[-94.978,31.3996],[-94.9767,31.399],[-94.9736,31.3998],[-94.9696,31.397],[-94.9676,31.3974],[-94.9658,31.3966],[-94.9645,31.3952],[-94.966,31.3939],[-94.9663,31.3912],[-94.9585,31.3884],[-94.9595,31.3873],[-94.957,31.3867],[-94.9575,31.3855],[-94.9536,31.3847],[-94.9523,31.3824],[-94.9505,31.3824],[-94.9497,31.3815],[-94.9497,31.3804],[-94.9521,31.3797],[-94.9549,31.3809],[-94.9562,31.3789],[-94.9575,31.3787],[-94.9573,31.375],[-94.9553,31.3735],[-94.9576,31.3689],[-94.9567,31.367],[-94.959,31.3657],[-94.9586,31.3636],[-94.9571,31.3628],[-94.9554,31.3641],[-94.9546,31.3629],[-94.956,31.3614],[-94.9535,31.3613],[-94.9527,31.3591],[-94.9506,31.3606],[-94.9498,31.3598],[-94.951,31.3578],[-94.9527,31.3582],[-94.9555,31.3564],[-94.9557,31.3549],[-94.9579,31.3556],[-94.9569,31.3565],[-94.9578,31.3569],[-94.9586,31.3553],[-94.9572,31.3529],[-94.959,31.3528],[-94.9598,31.3538],[-94.9613,31.3528],[-94.9611,31.3488],[-94.9589,31.3489],[-94.9564,31.3504],[-94.9553,31.3498],[-94.9564,31.3479],[-94.9549,31.3458],[-94.9578,31.3446],[-94.9578,31.3428],[-94.9542,31.3441],[-94.9545,31.3422],[-94.9476,31.3386],[-94.9471,31.3407],[-94.9454,31.3409],[-94.9449,31.3382],[-94.9426,31.3418],[-94.9403,31.3405],[-94.94,31.343],[-94.9344,31.3412],[-94.9322,31.3399],[-94.9319,31.3383],[-94.9293,31.3383],[-94.9295,31.3408],[-94.9217,31.3374],[-94.9189,31.3376],[-94.9176,31.3359],[-94.9163,31.3364],[-94.9176,31.3395],[-94.9154,31.3376],[-94.9119,31.3373],[-94.9109,31.336],[-94.9094,31.337],[-94.9073,31.3321],[-94.9049,31.3329],[-94.9034,31.3312],[-94.9018,31.3317],[-94.9038,31.3293],[-94.899,31.327],[-94.8986,31.3241],[-94.897,31.3235],[-94.8985,31.3205],[-94.8966,31.3191],[-94.9016,31.3131],[-94.9004,31.3128],[-94.9005,31.3102],[-94.8975,31.3065],[-94.8983,31.3045],[-94.8976,31.3024],[-94.8946,31.2994],[-94.8952,31.2965],[-94.8965,31.2962],[-94.8947,31.2944],[-94.8947,31.2917],[-94.8914,31.2925],[-94.8908,31.2961],[-94.8895,31.295],[-94.8895,31.2928],[-94.888,31.2921],[-94.8883,31.294],[-94.8863,31.2957],[-94.8836,31.2873],[-94.8805,31.2895],[-94.8779,31.2877],[-94.877,31.2826],[-94.88,31.2814],[-94.8837,31.2777],[-94.8877,31.2768],[-94.8914,31.269],[-94.8974,31.2647],[-94.8962,31.2626],[-94.8982,31.2616],[-94.8973,31.2603],[-94.8977,31.258],[-94.8944,31.2568],[-94.8945,31.2559],[-94.8911,31.2538],[-94.8893,31.2555],[-94.886,31.2548],[-94.8845,31.2557],[-94.8822,31.2502],[-94.8831,31.2493],[-94.8806,31.2475],[-94.879,31.2488],[-94.876,31.2487],[-94.8758,31.2503],[-94.8751,31.2503],[-94.8734,31.2463],[-94.871,31.2437],[-94.87,31.2449],[-94.8685,31.2444],[-94.867,31.2388],[-94.8634,31.2351],[-94.8605,31.235],[-94.8613,31.2326],[-94.8645,31.2321],[-94.863,31.227],[-94.8647,31.2257],[-94.8625,31.2246],[-94.863,31.2228],[-94.8599,31.2221],[-94.8584,31.2206],[-94.8629,31.2203],[-94.8613,31.2182],[-94.859,31.2189],[-94.8594,31.2161],[-94.8635,31.2166],[-94.864,31.2153],[-94.8614,31.2128],[-94.8657,31.2123],[-94.8627,31.2109],[-94.8652,31.2106],[-94.8664,31.2087],[-94.8648,31.2075],[-94.8633,31.203],[-94.8617,31.2032],[-94.8629,31.201],[-94.859,31.1979],[-94.8585,31.1953],[-94.8603,31.196],[-94.8607,31.1951],[-94.8577,31.1903],[-94.8537,31.1891],[-94.8529,31.1849],[-94.8541,31.1854],[-94.8544,31.1845],[-94.8519,31.1833],[-94.8501,31.1784],[-94.8523,31.1776],[-94.8513,31.1725],[-94.85,31.1712],[-94.8532,31.172],[-94.8532,31.1739],[-94.8552,31.1724],[-94.8535,31.1693],[-94.8539,31.1666],[-94.8527,31.164],[-94.8508,31.163],[-94.8498,31.1595],[-94.8517,31.1563],[-94.8505,31.1562],[-94.85,31.1549],[-94.853,31.154],[-94.8553,31.1544],[-94.8566,31.1501],[-94.8532,31.1501],[-94.8516,31.1478],[-94.8484,31.1494],[-94.8457,31.1478],[-94.8453,31.1492],[-94.8439,31.1492],[-94.8417,31.1432],[-94.837,31.1433],[-94.8363,31.1416],[-94.8316,31.1416],[-94.8296,31.1387],[-94.8275,31.1398],[-94.8253,31.1381],[-94.8228,31.1402],[-94.8218,31.1394],[-94.8227,31.1384],[-94.8199,31.1359],[-94.8185,31.1322],[-94.8139,31.1305],[-94.813,31.1306],[-94.8121,31.1335],[-94.8029,31.1301],[-94.8027,31.1322],[-94.8001,31.1309],[-94.797,31.1312],[-94.7935,31.1283],[-94.7954,31.1276],[-94.7902,31.1241],[-94.7888,31.1246],[-94.7868,31.1229],[-94.7852,31.1234],[-94.7829,31.1222],[-94.7809,31.1236],[-94.7806,31.1219],[-94.777,31.1199],[-94.7765,31.1186],[-94.7729,31.1167],[-94.7722,31.1176],[-94.7696,31.1173],[-94.7681,31.1147],[-94.7654,31.1149],[-94.7607,31.1111],[-94.7545,31.1091],[-94.7514,31.1054],[-94.7482,31.1055],[-94.7475,31.1069],[-94.7467,31.1062],[-94.7456,31.1067],[-94.7422,31.1045],[-94.7378,31.1035],[-94.736,31.1048],[-94.7341,31.1043],[-94.7259,31.106],[-94.7236,31.1085],[-94.7217,31.1062],[-94.719,31.1071],[-94.7161,31.1055],[-94.7156,31.1037],[-94.714,31.1047],[-94.7128,31.1035],[-94.7118,31.1055],[-94.71,31.1055],[-94.7078,31.1046],[-94.7098,31.1039],[-94.7091,31.1012],[-94.7058,31.1027],[-94.7064,31.0997],[-94.7041,31.0988],[-94.7038,31.1015],[-94.7027,31.1019],[-94.7004,31.0993],[-94.6992,31.0994],[-94.6998,31.0978],[-94.698,31.0961],[-94.6969,31.0964],[-94.698,31.098],[-94.6967,31.0987],[-94.6954,31.0969],[-94.6936,31.0976],[-94.694,31.0965],[-94.6922,31.0957],[-94.6898,31.0967],[-94.6905,31.0979],[-94.6891,31.0978],[-94.6866,31.0962],[-94.6793,31.096],[-94.6784,31.0931],[-94.6732,31.0958],[-94.6709,31.0956],[-94.6702,31.0931],[-94.6727,31.0925],[-94.6715,31.0908],[-94.6725,31.0904],[-94.6709,31.0885],[-94.6693,31.0888],[-94.6685,31.088],[-94.6679,31.0893],[-94.6634,31.0884],[-94.6636,31.0865],[-94.6618,31.0857],[-94.6599,31.0862],[-94.6583,31.0848],[-94.6548,31.0886],[-94.6555,31.0906],[-94.6544,31.0903],[-94.654,31.0918],[-94.655,31.0938],[-94.6503,31.0985],[-94.6484,31.099],[-94.6465,31.0922],[-94.6428,31.0878],[-94.6399,31.0869],[-94.6354,31.089],[-94.635,31.09],[-94.6336,31.0891],[-94.6345,31.0881],[-94.6322,31.0873],[-94.6328,31.0857],[-94.6297,31.0835],[-94.628,31.0839],[-94.6254,31.0867],[-94.6235,31.0853],[-94.6229,31.0875],[-94.6216,31.0853],[-94.6198,31.0863],[-94.6187,31.0859],[-94.6176,31.0838],[-94.6144,31.0852],[-94.6145,31.0829],[-94.6129,31.082],[-94.6145,31.081],[-94.6123,31.0809],[-94.6111,31.0826],[-94.6095,31.0819],[-94.6124,31.078],[-94.6072,31.0778],[-94.6059,31.0746],[-94.6047,31.0749],[-94.6058,31.0768],[-94.6047,31.0777],[-94.602,31.074],[-94.6027,31.0715],[-94.5991,31.0686],[-94.5953,31.0706],[-94.5956,31.0725],[-94.5944,31.0728],[-94.591,31.071],[-94.5922,31.0683],[-94.5895,31.0661],[-94.5856,31.0665],[-94.5824,31.0647],[-94.5822,31.068],[-94.5791,31.0688],[-94.5749,31.0673],[-94.5743,31.0686],[-94.5731,31.0676],[-94.5743,31.0664],[-94.5718,31.0646],[-94.5714,31.0632],[-94.57,31.0646],[-94.569,31.0643],[-94.5695,31.063],[-94.5686,31.0616],[-94.5677,31.0642],[-94.566,31.0644],[-94.5645,31.0623],[-94.5627,31.0621],[-94.5625,31.0637],[-94.5611,31.0623],[-94.5608,31.0607],[-94.5621,31.0589],[-94.658,31.012],[-94.5979,30.7502],[-94.5379,30.4911],[-94.7327,30.4901],[-94.5963,30.1121],[-94.5003,30.1119],[-94.4449,30.113],[-94.4422,29.8895],[-94.5002,29.8899],[-94.9815,29.8843],[-94.9763,29.877],[-94.9759,29.873],[-94.9771,29.8682],[-94.973,29.8655],[-94.971,29.8633],[-94.9709,29.8616],[-94.968,29.8592],[-94.9526,29.855],[-94.9474,29.8507],[-94.9452,29.8447],[-94.9346,29.8343],[-94.9267,29.8337],[-94.9129,29.8295],[-94.909,29.8267],[-94.9099,29.8196],[-94.9111,29.8182],[-94.9101,29.8165],[-94.9106,29.8157],[-94.9085,29.8151],[-94.9091,29.8138],[-94.9109,29.8139],[-94.9105,29.812],[-94.9116,29.8122],[-94.9118,29.8141],[-94.9132,29.8129],[-94.9119,29.8112],[-94.9136,29.8105],[-94.9124,29.8088],[-94.916,29.8066],[-94.9172,29.805],[-94.9169,29.8033],[-94.9227,29.8027],[-94.9221,29.8002],[-94.9233,29.7981],[-94.9221,29.7969],[-94.9242,29.7959],[-94.9232,29.7945],[-94.9193,29.7944],[-94.9214,29.7923],[-94.9194,29.7911],[-94.9178,29.7888],[-94.9186,29.7872],[-94.917,29.7863],[-94.9182,29.7856],[-94.9184,29.7836],[-94.9213,29.7817],[-94.9197,29.7807],[-94.9201,29.7754],[-94.9172,29.7749],[-94.9163,29.7737],[-94.9209,29.7747],[-94.9231,29.783],[-94.9249,29.7829],[-94.9253,29.7844],[-94.9308,29.7836],[-94.9284,29.7722],[-94.9345,29.7735],[-94.9392,29.7793],[-94.957,29.7487],[-94.9452,29.7506],[-94.9539,29.7399],[-94.955,29.7373],[-94.9538,29.7369],[-94.9544,29.7356],[-94.9558,29.7355],[-94.9572,29.7322],[-94.9561,29.7319],[-94.9569,29.7304],[-94.9549,29.7292],[-94.9586,29.7291],[-94.9615,29.7219],[-94.9835,29.7137],[-95.0009,29.714],[-95.0123,29.7074],[-95.0287,29.6937],[-95.0306,29.6889],[-95.0291,29.6657],[-95.0301,29.6523],[-95.1099,29.6508],[-95.1107,29.6485],[-95.11,29.6446],[-95.1144,29.6413],[-95.1082,29.6349],[-95.1159,29.6336],[-95.1392,29.6332],[-95.1427,29.6312],[-95.1823,29.6303],[-95.1822,29.6268],[-95.1919,29.6267],[-95.198,29.623],[-95.211,29.637],[-95.2229,29.6285],[-95.2291,29.6277],[-95.2443,29.6417],[-95.2639,29.6715],[-95.2725,29.6804],[-95.2739,29.6785],[-95.2764,29.6795],[-95.2785,29.6788],[-95.2799,29.6794],[-95.2834,29.6772],[-95.2881,29.6776],[-95.2882,29.6748],[-95.2891,29.674],[-95.2912,29.6713],[-95.2929,29.673],[-95.2969,29.6718],[-95.298,29.667],[-95.3043,29.6636],[-95.3072,29.661],[-95.3088,29.6579],[-95.3113,29.6572],[-95.3126,29.6553],[-95.3149,29.655],[-95.3047,29.6209],[-95.3177,29.6209],[-95.3179,29.5979],[-95.3196,29.5983],[-95.3223,29.5967],[-95.3254,29.598],[-95.3321,29.599],[-95.3373,29.5951],[-95.3374,29.5939],[-95.3406,29.5934],[-95.3444,29.5891],[-95.3443,29.5873],[-95.3464,29.5856],[-95.3491,29.5865],[-95.3526,29.5854],[-95.3562,29.587],[-95.3603,29.5849],[-95.3644,29.5859],[-95.3682,29.5847],[-95.3759,29.5884],[-95.384,29.5869],[-95.3857,29.5856],[-95.3884,29.5856],[-95.3929,29.5816],[-95.3961,29.5827],[-95.4039,29.5818],[-95.4171,29.5833],[-95.4242,29.5807],[-95.4353,29.5399],[-95.3748,29.5417],[-95.3701,29.5396],[-95.364,29.5388],[-95.3566,29.5409],[-95.355,29.5394],[-95.3562,29.5392],[-95.3572,29.5374],[-95.3515,29.5346],[-95.3516,29.5409],[-95.3307,29.5412],[-95.3308,29.5435],[-95.3267,29.5447],[-95.3047,29.5466],[-95.3008,29.5491],[-95.2978,29.5494],[-95.2977,29.5453],[-95.2928,29.5453],[-95.2927,29.5428],[-95.2893,29.5428],[-95.2902,29.5456],[-95.29,29.5599],[-95.2858,29.56],[-95.2861,29.5637],[-95.2824,29.5638],[-95.274,29.5602],[-95.2587,29.5733],[-95.2585,29.5711],[-95.2554,29.5672],[-95.255,29.5639],[-95.2524,29.5606],[-95.2526,29.5577],[-95.2552,29.5568],[-95.2537,29.5537],[-95.2511,29.5555],[-95.2482,29.5557],[-95.2474,29.5531],[-95.2454,29.5547],[-95.2428,29.5551],[-95.2416,29.5597],[-95.238,29.5614],[-95.2337,29.5571],[-95.2309,29.5578],[-95.2286,29.56],[-95.2233,29.559],[-95.2212,29.5569],[-95.2179,29.5594],[-95.2146,29.5571],[-95.2163,29.5567],[-95.2158,29.555],[-95.2128,29.5562],[-95.213,29.5572],[-95.2137,29.557],[-95.2127,29.558],[-95.2131,29.5589],[-95.2114,29.5592],[-95.2103,29.5584],[-95.2085,29.5599],[-95.2067,29.5589],[-95.2077,29.5578],[-95.2057,29.5577],[-95.2057,29.5593],[-95.2041,29.5582],[-95.2028,29.5613],[-95.2012,29.5615],[-95.2011,29.5632],[-95.2,29.5626],[-95.2006,29.5616],[-95.1991,29.5612],[-95.2001,29.5605],[-95.1992,29.5587],[-95.196,29.5586],[-95.1969,29.5602],[-95.1934,29.5599],[-95.1936,29.5576],[-95.1949,29.5572],[-95.1945,29.556],[-95.1956,29.5576],[-95.1968,29.5569],[-95.1976,29.5574],[-95.2,29.5526],[-95.1973,29.549],[-95.1995,29.5445],[-95.1977,29.5421],[-95.1957,29.5424],[-95.1954,29.5438],[-95.1941,29.5431],[-95.1946,29.5412],[-95.1926,29.5413],[-95.193,29.5394],[-95.1921,29.5387],[-95.1945,29.5383],[-95.1942,29.5367],[-95.1883,29.5355],[-95.1885,29.5342],[-95.1875,29.5337],[-95.1906,29.5305],[-95.1875,29.5281],[-95.1899,29.5273],[-95.1869,29.5274],[-95.1867,29.5255],[-95.1878,29.5243],[-95.1846,29.5231],[-95.1852,29.5216],[-95.1842,29.5204],[-95.1828,29.5203],[-95.1831,29.5191],[-95.1801,29.5184],[-95.1795,29.5199],[-95.1787,29.5175],[-95.1766,29.5168],[-95.1747,29.5182],[-95.1736,29.5168],[-95.1741,29.5149],[-95.1721,29.5142],[-95.17,29.515],[-95.1675,29.5125],[-95.1681,29.511],[-95.1711,29.51],[-95.1709,29.5075],[-95.1673,29.5058],[-95.1671,29.5024],[-95.1633,29.5019],[-95.1629,29.5007],[-95.1642,29.4984],[-95.1616,29.4973],[-95.1567,29.4982],[-95.1522,29.5004],[-95.1502,29.4985],[-95.1489,29.4987],[-95.1473,29.5019],[-95.1449,29.5026],[-95.1417,29.5064],[-95.1339,29.5064],[-95.1296,29.5051],[-95.1283,29.5088],[-95.1251,29.5103],[-95.1214,29.5102],[-95.1187,29.5069],[-95.1131,29.5108],[-95.1083,29.5096],[-95.1043,29.5107],[-95.104,29.5126],[-95.1062,29.5166],[-95.1031,29.5183],[-95.1032,29.5209],[-95.1013,29.5213],[-95.0993,29.5186],[-95.0981,29.5183],[-95.0974,29.5204],[-95.094,29.524],[-95.0939,29.5267],[-95.0969,29.5335],[-95.0964,29.5351],[-95.0932,29.535],[-95.09,29.5311],[-95.0876,29.5324],[-95.0859,29.5348],[-95.0834,29.534],[-95.0796,29.5344],[-95.0787,29.5378],[-95.0804,29.541],[-95.079,29.5422],[-95.0794,29.5436],[-95.0771,29.5463],[-95.0721,29.5493],[-95.0683,29.5575],[-95.0632,29.559],[-95.0538,29.559],[-95.0482,29.558],[-95.0419,29.5546],[-95.0329,29.5522],[-95.0296,29.5522],[-95.0285,29.5474],[-95.0232,29.5495],[-95.0176,29.5482],[-95.0174,29.5497],[-95.0209,29.5524],[-95.0182,29.5546],[-95.0166,29.5524],[-95.0167,29.546],[-95.0146,29.5389],[-95.0093,29.5345],[-95.0031,29.5261],[-94.9925,29.5183],[-94.9827,29.5135],[-94.9674,29.5085],[-94.9214,29.4978],[-94.9115,29.4962],[-94.9098,29.4964],[-94.8921,29.5082],[-94.8752,29.5147],[-94.8579,29.5168],[-94.8334,29.5169],[-94.8252,29.5191],[-94.8187,29.5237],[-94.815,29.5278],[-94.8042,29.5449],[-94.7932,29.5511],[-94.7916,29.5504],[-94.7866,29.543],[-94.7867,29.5412],[-94.7845,29.5395],[-94.7841,29.5361],[-94.7795,29.5303],[-94.7713,29.5264],[-94.7624,29.5241],[-94.7558,29.5245],[-94.7549,29.5256],[-94.7525,29.5253],[-94.7468,29.5277],[-94.7409,29.5267],[-94.7201,29.5343],[-94.7167,29.5342],[-94.7122,29.5372],[-94.7021,29.5388],[-94.7001,29.5378],[-94.6863,29.5383],[-94.6787,29.5412],[-94.6668,29.5438],[-94.6618,29.5466],[-94.6585,29.5466],[-94.6527,29.5486],[-94.6516,29.5481],[-94.6379,29.5502],[-94.6275,29.5534],[-94.6175,29.5548],[-94.6015,29.5594],[-94.5976,29.5621],[-94.5931,29.5623],[-94.5841,29.5655],[-94.5707,29.5718],[-94.5702,29.5732],[-94.567,29.5731],[-94.5627,29.5743],[-94.5527,29.5743],[-94.5453,29.5721],[-94.5416,29.5686],[-94.5398,29.5641],[-94.5368,29.5608],[-94.5292,29.5566],[-94.5251,29.5516],[-94.5248,29.5526],[-94.5235,29.5517],[-94.5222,29.5473],[-94.5236,29.5412],[-94.5215,29.5408],[-94.4988,29.5445],[-94.4955,29.55],[-94.4866,29.5538],[-94.4813,29.5545],[-94.4746,29.5583],[-94.4701,29.557],[-94.4631,29.5607],[-94.4581,29.561],[-94.4487,29.564],[-94.4431,29.5623],[-94.4393,29.5654],[-94.4362,29.5643],[-94.4342,29.5653],[-94.4287,29.565],[-94.427,29.5669],[-94.4226,29.5663],[-94.4217,29.5697],[-94.4178,29.5693],[-94.4157,29.5728],[-94.4137,29.5724],[-94.4124,29.5734],[-94.4142,29.5776],[-94.416,29.5773],[-94.4173,29.5781],[-94.4127,29.5809],[-94.4158,29.5816],[-94.4142,29.5825],[-94.4169,29.5846],[-94.4138,29.5854],[-94.4138,29.5869],[-94.4146,29.5876],[-94.4156,29.5861],[-94.4193,29.5864],[-94.4176,29.5924],[-94.4138,29.59],[-94.4132,29.5924],[-94.4097,29.5946],[-94.4094,29.5972],[-94.4081,29.5965],[-94.4065,29.5983],[-94.4038,29.5962],[-94.4009,29.5959],[-94.3997,29.5946],[-94.3985,29.5946],[-94.3991,29.5961],[-94.3981,29.5968],[-94.3943,29.5963],[-94.3936,29.595],[-94.3923,29.5956],[-94.3897,29.5948],[-94.3893,29.5959],[-94.3885,29.5957],[-94.3795,29.617],[-94.3656,29.6174],[-94.3656,29.6048],[-94.3539,29.6115],[-94.3575,29.8583],[-94.3378,29.8754],[-94.2464,29.9496],[-94.1412,30.0538],[-94.1404,30.0543],[-94.1417,30.0514],[-94.141,30.0484],[-94.1353,30.0439],[-94.1158,30.0391],[-94.1158,30.042],[-94.0928,30.0423],[-94.0928,30.0473],[-94.0893,30.0481],[-94.0893,30.0506],[-94.0905,30.0505],[-94.0905,30.0515],[-94.0894,30.0515],[-94.0894,30.0545],[-94.0882,30.0545],[-94.0882,30.0562],[-94.087,30.0563],[-94.088,30.0605],[-94.1084,30.0811],[-94.1043,30.0822],[-94.1042,30.0861],[-94.102,30.0862],[-94.102,30.0881],[-94.0972,30.0876],[-94.0969,30.0868],[-94.094,30.0863],[-94.0879,30.0874],[-94.0864,30.089],[-94.0873,30.0912],[-94.0893,30.0916],[-94.0926,30.09],[-94.0942,30.091],[-94.091,30.0947],[-94.0873,30.1028],[-94.0873,30.1049],[-94.0812,30.1043],[-94.0787,30.1061],[-94.0737,30.1141],[-94.0743,30.1165],[-94.0784,30.1222],[-94.0796,30.1271],[-94.0872,30.1308],[-94.0927,30.1314],[-94.0986,30.1362],[-94.1013,30.1365],[-94.1056,30.1349],[-94.1081,30.1354],[-94.1091,30.1367],[-94.1084,30.1379],[-94.1027,30.1391],[-94.1011,30.1407],[-94.1009,30.143],[-94.1035,30.1451],[-94.1098,30.1458],[-94.1135,30.1483],[-94.1136,30.1551],[-94.1159,30.1603],[-94.1137,30.164],[-94.1109,30.1648],[-94.1103,30.1657],[-94.1104,30.1679],[-94.1149,30.1732],[-94.112,30.1765],[-94.111,30.1867],[-94.1095,30.1887],[-94.1053,30.1875],[-94.105,30.1896],[-94.1075,30.192],[-94.1065,30.1932],[-94.105,30.1931],[-94.1015,30.1905],[-94.1,30.1883],[-94.0979,30.1884],[-94.0969,30.1895],[-94.0994,30.1928],[-94.0978,30.1956],[-94.0982,30.1985],[-94.0972,30.1993],[-94.0959,30.199],[-94.0951,30.197],[-94.0918,30.1973],[-94.0912,30.1989],[-94.0942,30.2004],[-94.0912,30.2046],[-94.0927,30.2062],[-94.0934,30.2033],[-94.0952,30.2033],[-94.1019,30.21],[-94.1036,30.2138],[-94.1045,30.2132],[-94.1029,30.2116],[-94.105,30.2108],[-94.1108,30.2137],[-94.1136,30.2163],[-94.1178,30.2159],[-94.1155,30.2215],[-94.1175,30.2252],[-94.1163,30.2284],[-94.1178,30.2346],[-94.1163,30.2385],[-94.1176,30.2417],[-93.9015,30.2427],[-93.7164,30.2443],[-93.707,30.2437],[-93.7095,30.2446],[-93.7091,30.246],[-93.7055,30.2465],[-93.709,30.248],[-93.7089,30.249],[-93.7073,30.2497],[-93.7089,30.2517],[-93.7063,30.253],[-93.7054,30.2572],[-93.703,30.2605],[-93.7073,30.2615],[-93.708,30.2637],[-93.7064,30.2643],[-93.7062,30.2655],[-93.7069,30.2659],[-93.7081,30.2648],[-93.7088,30.2659],[-93.7055,30.2678],[-93.7087,30.2674],[-93.7078,30.2716],[-93.7097,30.2719],[-93.7104,30.2732],[-93.7065,30.2735],[-93.7056,30.2774],[-93.7041,30.2794],[-93.7049,30.2808],[-93.7084,30.281],[-93.7094,30.2819],[-93.7091,30.2839],[-93.7053,30.2862],[-93.7051,30.2909],[-93.7078,30.2926],[-93.709,30.2924],[-93.7099,30.2883],[-93.7129,30.2879],[-93.7137,30.29],[-93.7123,30.2923],[-93.7155,30.2956],[-93.7148,30.2938],[-93.7154,30.2928],[-93.719,30.2962],[-93.7242,30.2951],[-93.7255,30.2982],[-93.729,30.2967],[-93.7299,30.2979],[-93.7329,30.299],[-93.7376,30.2994],[-93.7379,30.3002],[-93.7345,30.3017],[-93.7371,30.3021],[-93.7385,30.3037],[-93.7424,30.3011],[-93.7444,30.3055],[-93.7414,30.3063],[-93.7409,30.3072],[-93.7456,30.3117],[-93.7486,30.3119],[-93.7469,30.3154],[-93.7502,30.3162],[-93.7502,30.317],[-93.7478,30.3188],[-93.751,30.3199],[-93.7507,30.3218],[-93.7562,30.326],[-93.756,30.3268],[-93.7524,30.3276],[-93.7517,30.3293],[-93.7552,30.3284],[-93.7556,30.3315],[-93.7573,30.3324],[-93.7595,30.3302],[-93.763,30.3294],[-93.7658,30.3327],[-93.7587,30.339],[-93.7631,30.3395],[-93.7657,30.3434],[-93.7644,30.3444],[-93.7607,30.3418],[-93.7595,30.3423],[-93.7611,30.345],[-93.7637,30.346],[-93.7577,30.35],[-93.7625,30.353],[-93.7581,30.3547],[-93.7609,30.3571],[-93.7608,30.3599],[-93.7589,30.361],[-93.7585,30.3576],[-93.7568,30.3562],[-93.7554,30.3596],[-93.751,30.3599],[-93.7549,30.3635],[-93.7577,30.3646],[-93.7592,30.368],[-93.7581,30.3697],[-93.7565,30.3663],[-93.7549,30.3661],[-93.7552,30.3788],[-93.7585,30.384],[-93.7553,30.385],[-93.7548,30.3863],[-93.7558,30.3873],[-93.7586,30.3862],[-93.7577,30.3904],[-93.7526,30.3927],[-93.751,30.3965],[-93.7457,30.3966],[-93.7455,30.3987],[-93.742,30.4005],[-93.7417,30.403],[-93.7383,30.404],[-93.7368,30.4055],[-93.7349,30.4083],[-93.735,30.4123],[-93.7339,30.4149],[-93.7306,30.4133],[-93.7287,30.4135],[-93.7275,30.4187],[-93.7227,30.4196],[-93.7227,30.4214],[-93.7268,30.4236],[-93.7272,30.4277],[-93.7261,30.4307],[-93.7228,30.432],[-93.7219,30.429],[-93.7193,30.4255],[-93.7196,30.4235],[-93.7181,30.4226],[-93.7164,30.4248],[-93.7169,30.4277],[-93.714,30.4297],[-93.7127,30.4332],[-93.7113,30.4331],[-93.7083,30.4303],[-93.7023,30.4298],[-93.7042,30.4344],[-93.702,30.4363],[-93.6989,30.4372],[-93.6976,30.4422],[-93.6983,30.4449],[-93.7008,30.4449],[-93.7046,30.4431],[-93.7075,30.445],[-93.7068,30.4465],[-93.7038,30.4478],[-93.7021,30.4498],[-93.7069,30.4553],[-93.7063,30.4581],[-93.7004,30.4575],[-93.699,30.4588],[-93.7064,30.4669],[-93.7119,30.4694],[-93.7105,30.4755],[-93.7129,30.479],[-93.7168,30.4815],[-93.7174,30.4838],[-93.7148,30.4852],[-93.7117,30.4823],[-93.7098,30.4826],[-93.7102,30.4863],[-93.7171,30.4944],[-93.7154,30.4973],[-93.7104,30.4974],[-93.7087,30.4991],[-93.7085,30.5004],[-93.7141,30.5],[-93.7151,30.5013],[-93.7106,30.5062],[-93.7068,30.5071],[-93.7064,30.5097],[-93.7077,30.5111],[-93.7118,30.5109],[-93.7099,30.5139],[-93.711,30.5173],[-93.7077,30.52],[-93.7077,30.5213],[-93.7092,30.5218],[-93.7129,30.5186],[-93.7165,30.5192],[-93.7187,30.5209],[-93.7205,30.5243],[-93.7277,30.5257],[-93.7328,30.53],[-93.7338,30.5317],[-93.7324,30.5364],[-93.7381,30.5373],[-93.7403,30.5396],[-93.7395,30.5406],[-93.7348,30.5417],[-93.7288,30.5453],[-93.7314,30.5529],[-93.7254,30.5571],[-93.7239,30.5592],[-93.7243,30.562],[-93.7278,30.5659],[-93.7262,30.5695],[-93.7281,30.5724],[-93.7278,30.5741],[-93.7215,30.5806],[-93.7179,30.5778],[-93.7151,30.579],[-93.714,30.5803],[-93.7138,30.5876],[-93.7113,30.5889],[-93.7039,30.5884],[-93.7009,30.5916],[-93.6929,30.5944],[-93.6887,30.5921],[-93.6878,30.5901],[-93.6918,30.588],[-93.6922,30.5857],[-93.6866,30.5857],[-93.6849,30.5871],[-93.6851,30.5921],[-93.6836,30.5935],[-93.6789,30.5936],[-93.6788,30.5986],[-93.6821,30.6033],[-93.6834,30.6082],[-93.6883,30.6102],[-93.6891,30.6114],[-93.6857,30.6164],[-93.682,30.6186],[-93.6821,30.6209],[-93.6851,30.6252],[-93.6839,30.6286],[-93.6842,30.6319],[-93.6808,30.6338],[-93.6804,30.6349],[-93.683,30.6413],[-93.6748,30.6477],[-93.6738,30.6513],[-93.6705,30.6526],[-93.6704,30.658],[-93.6658,30.6616],[-93.6613,30.6612],[-93.6597,30.6621],[-93.655,30.6702],[-93.6515,30.6699],[-93.6486,30.6676],[-93.6468,30.6687],[-93.6453,30.6735],[-93.6396,30.6725],[-93.6382,30.6731],[-93.6361,30.6763],[-93.6313,30.6779],[-93.6299,30.6799],[-93.6277,30.6837],[-93.6266,30.6884],[-93.6204,30.6941],[-93.621,30.696],[-93.6233,30.6974],[-93.6247,30.6999],[-93.6245,30.7011],[-93.6208,30.7041],[-93.6197,30.7089],[-93.6164,30.7124],[-93.6172,30.7186],[-93.6144,30.7199],[-93.6126,30.7165],[-93.61,30.7183],[-93.6087,30.7152],[-93.6054,30.7172],[-93.6136,30.7221],[-93.6133,30.7228],[-93.6106,30.7223],[-93.6095,30.7231],[-93.6098,30.7273],[-93.6149,30.7268],[-93.6177,30.7289],[-93.6153,30.7298],[-93.611,30.7279],[-93.6091,30.73],[-93.6106,30.7343],[-93.6128,30.7367],[-93.6177,30.7385],[-93.619,30.7403],[-93.6191,30.742],[-93.6178,30.7433],[-93.6137,30.7446],[-93.6099,30.7446],[-93.6084,30.7467],[-93.6084,30.7481],[-93.6148,30.7561],[-93.6143,30.7602],[-93.6124,30.7606],[-93.6092,30.7573],[-93.6065,30.7588],[-93.6059,30.7646],[-93.6049,30.7611],[-93.6037,30.7601],[-93.6005,30.762],[-93.5921,30.7637],[-93.5916,30.7673],[-93.5935,30.7723],[-93.5927,30.7751],[-93.59,30.7777],[-93.5838,30.7771],[-93.5832,30.7786],[-93.5894,30.7867],[-93.5889,30.7875],[-93.5837,30.7878],[-93.5819,30.789],[-93.5814,30.7916],[-93.5841,30.7967],[-93.5838,30.8018],[-93.5815,30.8031],[-93.5747,30.8014],[-93.563,30.806],[-93.5607,30.8096],[-93.5638,30.8136],[-93.5642,30.8175],[-93.5544,30.8235],[-93.5541,30.8249],[-93.5573,30.8284],[-93.5533,30.8325],[-93.5536,30.8351],[-93.558,30.8401],[-93.5658,30.8421],[-93.5687,30.8442],[-93.5682,30.8455],[-93.5641,30.8467],[-93.5573,30.8521],[-93.5579,30.8543],[-93.5621,30.8593],[-93.5586,30.8694],[-93.5598,30.8698],[-93.563,30.8681],[-93.5645,30.8686],[-93.5647,30.8701],[-93.563,30.8726],[-93.5632,30.8749],[-93.5648,30.8757],[-93.5681,30.8746],[-93.5706,30.8752],[-93.5741,30.8845],[-93.573,30.8876],[-93.5663,30.8948],[-93.5578,30.8967],[-93.5492,30.8974],[-93.5486,30.8999],[-93.5531,30.9011],[-93.554,30.9028],[-93.553,30.9081],[-93.5581,30.9108],[-93.5586,30.9132],[-93.5521,30.9181],[-93.5493,30.9244],[-93.5457,30.9271],[-93.5421,30.9258],[-93.5441,30.9212],[-93.5434,30.9202],[-93.5418,30.9202],[-93.5358,30.9237],[-93.532,30.9238],[-93.5307,30.9268],[-93.5275,30.928],[-93.5265,30.9295],[-93.5278,30.9331],[-93.526,30.9375],[-93.5264,30.9394],[-93.5298,30.9422],[-93.5324,30.949],[-93.5322,30.9518],[-93.5305,30.9546],[-93.5318,30.9582],[-93.5393,30.9565],[-93.5431,30.9567],[-93.5463,30.9578],[-93.5473,30.9648],[-93.5498,30.9671],[-93.5535,30.9674],[-93.5605,30.9713],[-93.5677,30.969],[-93.5735,30.9712],[-93.5743,30.9737],[-93.5693,30.9762],[-93.5669,30.9794],[-93.5643,30.9897],[-93.5654,30.9906],[-93.5734,30.9918],[-93.5782,31],[-93.5734,31.0039],[-93.5715,31.0096],[-93.5666,31.0131],[-93.5656,31.0132],[-93.5627,31.0089],[-93.5559,31.0037],[-93.5543,31.0045],[-93.5515,31.0092],[-93.5494,31.0101],[-93.5458,31.01],[-93.5431,31.0083],[-93.5392,31.0082],[-93.5346,31.0173],[-93.5325,31.0197],[-93.5223,31.0201],[-93.5081,31.0302],[-93.509,31.0329],[-93.5216,31.0363],[-93.5247,31.039],[-93.524,31.0415],[-93.5199,31.0419],[-93.5189,31.0437],[-93.52,31.0452],[-93.5277,31.0483],[-93.5316,31.0536],[-93.5322,31.0552],[-93.5301,31.0568],[-93.5211,31.0573],[-93.5189,31.0619],[-93.5201,31.0658],[-93.5251,31.0666],[-93.5287,31.0692],[-93.5272,31.0732],[-93.5276,31.0745],[-93.5326,31.0746],[-93.5401,31.0779],[-93.5522,31.0789],[-93.5525,31.0825],[-93.5514,31.0857],[-93.5487,31.0886],[-93.5493,31.0904],[-93.5507,31.091],[-93.5523,31.0883],[-93.5558,31.087],[-93.5586,31.0915],[-93.5637,31.0945],[-93.5632,31.097],[-93.5603,31.0977],[-93.5594,31.0977],[-93.5579,31.0959],[-93.5537,31.0939],[-93.5546,31.0952],[-93.5583,31.0965],[-93.5582,31.098],[-93.5491,31.1002],[-93.5487,31.106],[-93.5459,31.1112],[-93.5407,31.1136],[-93.5394,31.1152],[-93.5379,31.1266],[-93.5447,31.1361],[-93.5461,31.1434],[-93.5485,31.1482],[-93.5487,31.1558],[-93.5464,31.1566],[-93.5402,31.1561],[-93.5365,31.1585],[-93.538,31.1634],[-93.5421,31.1679],[-93.5431,31.1707],[-93.5423,31.1716],[-93.536,31.1724],[-93.5328,31.1743],[-93.5313,31.1798],[-93.5325,31.1833],[-93.5351,31.1856],[-93.5393,31.1835],[-93.5444,31.1835],[-93.5486,31.1865],[-93.5506,31.1864],[-93.5609,31.1825],[-93.5696,31.1776],[-93.5782,31.1679],[-93.588,31.1655],[-93.6003,31.1762],[-93.9112,31.1581],[-94.039,31.1343],[-94.0398,31.1335],[-94.0385,31.1333],[-94.0397,31.1331],[-94.0388,31.1325],[-94.04,31.1301],[-94.0384,31.1305],[-94.0378,31.1294],[-94.0387,31.127],[-94.0413,31.1255],[-94.0401,31.1247],[-94.0402,31.1235],[-94.0418,31.1225],[-94.0423,31.1194],[-94.0455,31.1183],[-94.0457,31.1166],[-94.0473,31.1177],[-94.0489,31.1167],[-94.0483,31.1156],[-94.0496,31.1155],[-94.05,31.1163],[-94.051,31.1145],[-94.0516,31.1152],[-94.0548,31.1145],[-94.0552,31.1135],[-94.0571,31.1143],[-94.0578,31.1133],[-94.0556,31.1125],[-94.0566,31.1117],[-94.0571,31.1127],[-94.0583,31.1118],[-94.0589,31.1132],[-94.0608,31.1126],[-94.0608,31.114],[-94.0623,31.1124],[-94.0629,31.1149],[-94.0641,31.1123],[-94.1296,31.0993],[-94.1321,31.1014],[-94.1303,31.1051],[-94.1332,31.1075],[-94.1356,31.1073],[-94.1377,31.1052],[-94.1405,31.1048],[-94.1392,31.1071],[-94.1397,31.1079],[-94.1423,31.1069],[-94.1412,31.1102],[-94.1448,31.1122],[-94.1442,31.1152],[-94.1517,31.1147],[-94.1548,31.1161],[-94.1576,31.1146],[-94.1574,31.1188],[-94.1592,31.1193],[-94.1615,31.1224],[-94.1664,31.1241],[-94.1692,31.1223],[-94.1722,31.1242],[-94.1732,31.1263],[-94.1781,31.1237],[-94.1817,31.1298],[-94.1863,31.1316],[-94.1899,31.1344],[-94.1885,31.1375],[-94.1898,31.1373],[-94.1916,31.135],[-94.1927,31.1355],[-94.1894,31.1394],[-94.1922,31.1405],[-94.1946,31.1396],[-94.1984,31.1416],[-94.2012,31.1442],[-94.1988,31.1444],[-94.1992,31.1456],[-94.2071,31.1505],[-94.2075,31.152],[-94.2067,31.1523],[-94.2036,31.1508],[-94.2029,31.154],[-94.2069,31.1564],[-94.2118,31.1572],[-94.2124,31.1582],[-94.2112,31.1601],[-94.2159,31.16],[-94.2161,31.1627],[-94.2196,31.1644],[-94.2197,31.1701],[-94.2207,31.1714],[-94.2188,31.1722],[-94.219,31.1733],[-94.2233,31.1737],[-94.2248,31.1761],[-94.2264,31.175],[-94.2288,31.1763],[-94.2333,31.1751],[-94.2325,31.1774],[-94.2378,31.1779],[-94.2388,31.1803],[-94.2449,31.1767],[-94.2489,31.1772],[-94.249,31.1787],[-94.2459,31.1801],[-94.2472,31.1845],[-94.2517,31.1841],[-94.2498,31.1869],[-94.2506,31.1883],[-94.2554,31.1852],[-94.2558,31.1823],[-94.2608,31.1831],[-94.2604,31.1804],[-94.2622,31.1803],[-94.2655,31.1845],[-94.2663,31.1878],[-94.2644,31.1908],[-94.2699,31.1962],[-94.2743,31.1993],[-94.278,31.1985],[-94.2784,31.1996],[-94.2765,31.2002],[-94.2774,31.2011],[-94.2804,31.2004],[-94.2822,31.2022],[-94.2886,31.2016],[-94.2913,31.206],[-94.2904,31.2076],[-94.2926,31.2077],[-94.2938,31.2088],[-94.2944,31.2126],[-94.2966,31.212],[-94.2991,31.2126],[-94.3028,31.2114],[-94.3031,31.2124],[-94.3064,31.2133],[-94.3035,31.2138],[-94.3034,31.215],[-94.3074,31.2147],[-94.3092,31.2178],[-94.3124,31.2179],[-94.3125,31.2187],[-94.3108,31.2196],[-94.3131,31.2213],[-94.3116,31.2226],[-94.3126,31.2237],[-94.318,31.2234],[-94.3208,31.2217],[-94.3214,31.2245],[-94.3248,31.2238],[-94.3276,31.2255],[-94.33,31.2244],[-94.328,31.2232],[-94.335,31.2232],[-94.3356,31.2251],[-94.3338,31.2267],[-94.3363,31.2279],[-94.3354,31.2296],[-94.3386,31.2311],[-94.3385,31.2293],[-94.3416,31.2318],[-94.3416,31.2339],[-94.3433,31.2347],[-94.3437,31.2366],[-94.3467,31.2364],[-94.3487,31.2383],[-94.3495,31.2409],[-94.347,31.2429],[-94.3483,31.2443],[-94.3502,31.2438],[-94.3526,31.2458],[-94.3525,31.2467],[-94.3505,31.2475],[-94.3535,31.2486],[-94.3572,31.2469],[-94.3543,31.2512],[-94.3564,31.2513],[-94.3557,31.2525],[-94.3565,31.2545],[-94.3594,31.2543],[-94.3592,31.2576],[-94.3576,31.2596],[-94.3667,31.261],[-94.3702,31.2649],[-94.3716,31.2636],[-94.3727,31.2639],[-94.3763,31.274],[-94.3769,31.2744],[-94.378,31.2729],[-94.3808,31.2756],[-94.383,31.2741],[-94.3826,31.2811],[-94.3836,31.282],[-94.3866,31.2813],[-94.3874,31.2831],[-94.3854,31.29],[-94.3871,31.2902],[-94.3864,31.2919],[-94.3896,31.2936],[-94.3933,31.2978],[-94.3929,31.299],[-94.3957,31.3001],[-94.3952,31.3019],[-94.396,31.3024],[-94.4008,31.3006],[-94.4015,31.301],[-94.4007,31.302],[-94.4028,31.304],[-94.4059,31.304],[-94.4052,31.3059],[-94.4073,31.3063],[-94.4062,31.3077],[-94.4096,31.3073],[-94.4101,31.3065],[-94.4112,31.3094],[-94.4157,31.3088],[-94.4185,31.3098],[-94.4214,31.3076],[-94.4225,31.3085],[-94.4216,31.3102],[-94.4248,31.3109],[-94.4282,31.3135],[-94.4293,31.3121],[-94.4302,31.3124],[-94.4323,31.3149],[-94.433,31.3119],[-94.434,31.3134],[-94.4381,31.3126],[-94.4408,31.3189],[-94.4417,31.3187],[-94.4413,31.3167],[-94.4452,31.3199],[-94.4467,31.3176],[-94.4477,31.3178],[-94.4479,31.3196],[-94.4494,31.3213],[-94.4492,31.325],[-94.4511,31.3278],[-94.4495,31.3284],[-94.4497,31.3295],[-94.451,31.3304],[-94.4525,31.3299],[-94.4522,31.3315],[-94.4553,31.3364],[-94.4546,31.3377],[-94.4521,31.3381],[-94.4523,31.3404],[-94.4536,31.3408],[-94.4557,31.3392],[-94.4582,31.3412],[-94.4586,31.3438],[-94.4569,31.3453],[-94.4576,31.35],[-94.456,31.3519],[-94.4595,31.3526],[-94.462,31.3549],[-94.4615,31.3604],[-94.4641,31.3605],[-94.4661,31.3645],[-94.4682,31.3661],[-94.4685,31.3691],[-94.4695,31.3692],[-94.4688,31.3722],[-94.4708,31.3723],[-94.4715,31.3737],[-94.4702,31.375],[-94.4683,31.3745],[-94.4664,31.3755],[-94.47,31.3773],[-94.4695,31.3786],[-94.4661,31.3783],[-94.468,31.3803],[-94.4694,31.3801],[-94.4685,31.3817],[-94.4695,31.3838],[-94.4716,31.3833],[-94.472,31.3816],[-94.4735,31.3814],[-94.4743,31.3832],[-94.4715,31.3851],[-94.4744,31.3875],[-94.4742,31.3856],[-94.4763,31.3869],[-94.4761,31.3847],[-94.477,31.3841],[-94.478,31.3864],[-94.4807,31.3879],[-94.4837,31.3883],[-94.4846,31.3905],[-94.4868,31.3898],[-94.4864,31.3948],[-94.4881,31.3951],[-94.4892,31.3937],[-94.4909,31.395],[-94.4925,31.3947],[-94.4932,31.3971],[-94.4903,31.3974],[-94.4897,31.399],[-94.4938,31.399],[-94.4917,31.4003],[-94.4924,31.4025],[-94.4943,31.4024],[-94.4966,31.4061],[-94.4981,31.4047],[-94.5028,31.4108],[-94.5052,31.4101],[-94.5035,31.4076],[-94.5045,31.4063],[-94.5072,31.4084],[-94.5074,31.4109],[-94.5103,31.4116],[-94.5116,31.4116],[-94.5111,31.4099],[-94.5166,31.4089],[-94.5157,31.407],[-94.5185,31.4064],[-94.52,31.4048],[-94.5165,31.4046],[-94.5169,31.4021],[-94.5192,31.401],[-94.5207,31.4009],[-94.5213,31.4025],[-94.5245,31.4006],[-94.5269,31.4007],[-94.529,31.3985],[-94.5307,31.3996],[-94.5314,31.3985],[-94.5333,31.4001],[-94.5376,31.3986],[-94.5381,31.4001],[-94.5408,31.4009],[-94.5424,31.405],[-94.5404,31.4105],[-94.5417,31.4103],[-94.5413,31.4132],[-94.5436,31.4167],[-94.5423,31.4187],[-94.5463,31.4211],[-94.5464,31.4226],[-94.5447,31.4248],[-94.5459,31.4254],[-94.5454,31.4264],[-94.547,31.4269],[-94.5469,31.429],[-94.5451,31.4319],[-94.5487,31.4301],[-94.5514,31.431],[-94.5506,31.4333],[-94.5523,31.4331],[-94.5554,31.4352],[-94.5561,31.4335],[-94.5606,31.4352],[-94.566,31.433],[-94.5721,31.4325],[-94.5815,31.4332],[-94.5847,31.4351],[-94.5834,31.4359],[-94.5836,31.4378],[-94.582,31.4389],[-94.5834,31.4394],[-94.5821,31.4401],[-94.5836,31.4409],[-94.5829,31.4437],[-94.5843,31.4442],[-94.5856,31.4426],[-94.5873,31.4427],[-94.5875,31.4438],[-94.5862,31.4445],[-94.5883,31.4452],[-94.5868,31.4469],[-94.5882,31.4466],[-94.5884,31.4476],[-94.5892,31.4476],[-94.5897,31.4438],[-94.5953,31.4445],[-94.5937,31.4474],[-94.592,31.4468],[-94.591,31.4475],[-94.5943,31.4494],[-94.5963,31.4471],[-94.5987,31.4476],[-94.6022,31.4454],[-94.6023,31.4419],[-94.6035,31.4434],[-94.6054,31.4434],[-94.6038,31.4421],[-94.6042,31.4405],[-94.6073,31.4401],[-94.6069,31.4427],[-94.6077,31.4406],[-94.6095,31.4402],[-94.6117,31.4423],[-94.6137,31.4416],[-94.6145,31.4403],[-94.6154,31.4409],[-94.6164,31.4402],[-94.6174,31.4415],[-94.6188,31.4413],[-94.6188,31.4391],[-94.6213,31.4403],[-94.6219,31.4422],[-94.6228,31.4394],[-94.6255,31.4403],[-94.6279,31.4389],[-94.629,31.4405],[-94.627,31.4413],[-94.6267,31.4424],[-94.6303,31.4441],[-94.6324,31.4447],[-94.633,31.4413],[-94.6358,31.4409],[-94.6348,31.444],[-94.6412,31.4438],[-94.6492,31.4482],[-94.6603,31.4524],[-94.659,31.454],[-94.6608,31.4544],[-94.6628,31.4588],[-94.6644,31.4596],[-94.6666,31.4574],[-94.6709,31.4568],[-94.6715,31.4548],[-94.6737,31.4563],[-94.6741,31.4525],[-94.6744,31.4537],[-94.6766,31.455],[-94.6763,31.4537],[-94.6776,31.4539],[-94.6788,31.4521],[-94.683,31.4523],[-94.6863,31.4508],[-94.6888,31.452],[-94.6921,31.452],[-94.6936,31.4534],[-94.6953,31.4517],[-94.6957,31.4524],[-94.6981,31.4524],[-94.7015,31.4536],[-94.7025,31.4556],[-94.7045,31.456],[-94.7041,31.4567],[-94.709,31.4576],[-94.7151,31.4574],[-94.7171,31.4564],[-94.7167,31.4578],[-94.7209,31.4593],[-94.7218,31.4585],[-94.7207,31.4573],[-94.721,31.4559],[-94.7218,31.4571],[-94.7286,31.4572],[-94.7293,31.4598],[-94.7285,31.4608],[-94.7338,31.4653],[-94.7355,31.4645],[-94.7348,31.4628],[-94.7359,31.4625],[-94.7366,31.4639],[-94.7391,31.4631],[-94.7385,31.4643],[-94.7407,31.4643],[-94.7393,31.465],[-94.7408,31.4668],[-94.7412,31.4649],[-94.7421,31.466],[-94.7438,31.4656],[-94.7463,31.4679],[-94.7486,31.4673],[-94.7504,31.4692],[-94.7554,31.4705],[-94.7556,31.4717],[-94.7564,31.4705],[-94.7588,31.4711],[-94.7598,31.4699],[-94.7615,31.4715],[-94.7627,31.4694],[-94.7645,31.4692],[-94.7654,31.4699],[-94.765,31.4721],[-94.7669,31.4715],[-94.7692,31.4748],[-94.7707,31.4735],[-94.7722,31.4741],[-94.7695,31.4758],[-94.7697,31.4766],[-94.772,31.4759],[-94.7707,31.4774],[-94.7737,31.4775],[-94.7773,31.4805],[-94.7792,31.4801],[-94.7813,31.4814],[-94.7846,31.48],[-94.7858,31.4808],[-94.7875,31.4794],[-94.7888,31.4795],[-94.7888,31.4804],[-94.791,31.4805],[-94.7925,31.4793],[-94.7933,31.4806],[-94.7926,31.4818],[-94.7977,31.486],[-94.7998,31.4851],[-94.8003,31.4865],[-94.8038,31.4873],[-94.8015,31.489],[-94.803,31.4889],[-94.8039,31.4905],[-94.8053,31.4883],[-94.8085,31.4897],[-94.8082,31.4888],[-94.8116,31.4877],[-94.812,31.4866],[-94.81,31.4847],[-94.8125,31.484],[-94.8153,31.4856],[-94.8159,31.487],[-94.8192,31.4872],[-94.8203,31.4864],[-94.8203,31.4835],[-94.8228,31.4839],[-94.8238,31.485],[-94.8237,31.4871],[-94.8261,31.4885],[-94.825,31.4903],[-94.826,31.4901],[-94.8264,31.4916],[-94.8283,31.4907],[-94.8302,31.4937],[-94.8328,31.4929],[-94.8326,31.4944],[-94.834,31.4941],[-94.8364,31.496],[-94.8337,31.4975],[-94.8344,31.5023],[-94.8385,31.5014],[-94.8388,31.5024],[-94.8408,31.5021],[-94.8392,31.5042],[-94.8405,31.5054],[-94.84,31.5077],[-94.8419,31.5077],[-94.844,31.5061],[-94.8495,31.5078],[-94.8511,31.5052],[-94.8525,31.5062],[-94.8517,31.5086],[-94.8532,31.5087],[-94.8517,31.5112],[-94.8539,31.5116],[-94.8554,31.5101],[-94.8574,31.5118],[-94.8564,31.5136],[-94.8584,31.5129],[-94.861,31.5146],[-94.8608,31.5161],[-94.8629,31.5172],[-94.8601,31.5195],[-94.8625,31.5213],[-94.8649,31.5204],[-94.8639,31.5256],[-94.8659,31.5269],[-95.0033,31.4257]]]},"properties":{"GEOID":"4836","BASENAME":"36","NAME":"Congressional District 36","CD120":"36"}},
{"type":"Feature","geometry":{"type":"Polygon","coordinates":[[[-95.0916,29.0627],[-95.0884,29.0652],[-95.0864,29.0682],[-95.0002,29.1045],[-94.9637,29.1252],[-94.9122,29.1593],[-94.8402,29.1983],[-94.7727,29.2317],[-94.7507,29.2469],[-94.7412,29.2596],[-94.7133,29.2825],[-94.6923,29.2771],[-94.6803,29.2776],[-94.6662,29.281],[-94.6596,29.2851],[-94.6504,29.2919],[-94.6424,29.3001],[-94.629,29.3216],[-94.6242,29.3352],[-94.6239,29.3431],[-94.6252,29.3495],[-94.6286,29.3583],[-94.636,29.3706],[-94.6436,29.3785],[-94.6503,29.3828],[-94.6252,29.3977],[-94.4995,29.4523],[-94.3752,29.5001],[-94.3704,29.5002],[-94.1252,29.5956],[-94.0336,29.625],[-93.906,29.625],[-93.875,29.6214],[-93.8665,29.6118],[-93.858,29.6051],[-93.8486,29.6003],[-93.8365,29.5968],[-93.8258,29.5958],[-93.8144,29.5966],[-93.8287,29.6595],[-93.8342,29.6811],[-93.8374,29.6899],[-93.8632,29.7241],[-93.87,29.7355],[-93.8739,29.7378],[-93.8888,29.7422],[-93.8914,29.7443],[-93.8938,29.753],[-93.8908,29.7609],[-93.8922,29.7652],[-93.8985,29.7716],[-93.9224,29.785],[-93.9265,29.7896],[-93.9288,29.7971],[-93.9292,29.803],[-93.928,29.8096],[-93.9257,29.8147],[-93.9164,29.825],[-93.8956,29.8402],[-93.8862,29.8457],[-93.8724,29.8516],[-93.8636,29.8572],[-93.8551,29.8641],[-93.8384,29.8829],[-93.8304,29.8944],[-93.8173,29.9184],[-93.8137,29.9351],[-93.8078,29.9545],[-93.8036,29.9623],[-93.7944,29.9748],[-93.7886,29.9888],[-93.7852,29.992],[-93.7808,29.9943],[-93.7706,29.9965],[-93.7672,30.0034],[-93.7566,30.0142],[-93.744,30.0195],[-93.7411,30.0216],[-93.7397,30.024],[-93.7392,30.0326],[-93.7374,30.0373],[-93.7208,30.053],[-93.7197,30.056],[-93.7195,30.0638],[-93.7179,30.0656],[-93.7155,30.0666],[-93.7138,30.0657],[-93.7111,30.0544],[-93.7043,30.0542],[-93.6999,30.0576],[-93.6994,30.0603],[-93.7006,30.0637],[-93.7031,30.0663],[-93.717,30.0696],[-93.7259,30.0785],[-93.7325,30.0826],[-93.7341,30.0861],[-93.7331,30.0884],[-93.7311,30.0895],[-93.7269,30.0823],[-93.724,30.0826],[-93.7229,30.0861],[-93.7238,30.0941],[-93.7155,30.1005],[-93.7123,30.109],[-93.7043,30.1107],[-93.7024,30.1127],[-93.7034,30.1172],[-93.708,30.12],[-93.7069,30.1216],[-93.7026,30.1218],[-93.7009,30.1231],[-93.702,30.13],[-93.7012,30.1375],[-93.6999,30.1386],[-93.6983,30.1386],[-93.695,30.1352],[-93.6928,30.1352],[-93.6882,30.1414],[-93.6919,30.1411],[-93.6933,30.1419],[-93.6963,30.1516],[-93.6977,30.1529],[-93.7015,30.152],[-93.7038,30.1492],[-93.7095,30.1467],[-93.7062,30.1506],[-93.707,30.1575],[-93.7031,30.1612],[-93.7022,30.1651],[-93.7008,30.1662],[-93.7027,30.1678],[-93.703,30.1717],[-93.7,30.1755],[-93.7012,30.1758],[-93.7042,30.1742],[-93.7065,30.177],[-93.7056,30.1806],[-93.708,30.1793],[-93.7107,30.1799],[-93.7088,30.1864],[-93.7095,30.1869],[-93.7114,30.1862],[-93.7124,30.1872],[-93.7126,30.1925],[-93.709,30.191],[-93.7057,30.1918],[-93.7055,30.1929],[-93.706,30.194],[-93.7079,30.1945],[-93.7091,30.1972],[-93.7132,30.1932],[-93.7175,30.1931],[-93.7176,30.1949],[-93.7148,30.1974],[-93.7179,30.2007],[-93.7164,30.2026],[-93.7146,30.2024],[-93.7142,30.2087],[-93.7155,30.2089],[-93.7174,30.2062],[-93.7212,30.2092],[-93.721,30.2104],[-93.7177,30.211],[-93.7171,30.212],[-93.7196,30.2148],[-93.717,30.2161],[-93.7202,30.2154],[-93.7199,30.2148],[-93.7207,30.2155],[-93.719,30.2194],[-93.7161,30.2209],[-93.7131,30.2186],[-93.7112,30.2221],[-93.7112,30.223],[-93.7136,30.2247],[-93.712,30.227],[-93.7095,30.2278],[-93.7119,30.2291],[-93.7135,30.2289],[-93.7114,30.2316],[-93.7111,30.2352],[-93.7097,30.2355],[-93.7095,30.2335],[-93.7045,30.2338],[-93.706,30.2362],[-93.7082,30.236],[-93.7096,30.2378],[-93.7078,30.2396],[-93.7042,30.238],[-93.7031,30.2385],[-93.7042,30.2414],[-93.707,30.2437],[-93.7164,30.2443],[-93.9015,30.2427],[-94.1176,30.2417],[-94.1163,30.2385],[-94.1178,30.2346],[-94.1163,30.2284],[-94.1175,30.2252],[-94.1155,30.2215],[-94.1178,30.2159],[-94.1136,30.2163],[-94.1108,30.2137],[-94.105,30.2108],[-94.1029,30.2116],[-94.1045,30.2132],[-94.1036,30.2138],[-94.1019,30.21],[-94.0952,30.2033],[-94.0934,30.2033],[-94.0927,30.2062],[-94.0912,30.2046],[-94.0942,30.2004],[-94.0912,30.1989],[-94.0918,30.1973],[-94.0951,30.197],[-94.0959,30.199],[-94.0972,30.1993],[-94.0982,30.1985],[-94.0978,30.1956],[-94.0994,30.1928],[-94.0969,30.1895],[-94.0979,30.1884],[-94.1,30.1883],[-94.1015,30.1905],[-94.105,30.1931],[-94.1065,30.1932],[-94.1075,30.192],[-94.105,30.1896],[-94.1053,30.1875],[-94.1095,30.1887],[-94.111,30.1867],[-94.112,30.1765],[-94.1149,30.1732],[-94.1104,30.1679],[-94.1103,30.1657],[-94.1109,30.1648],[-94.1137,30.164],[-94.1159,30.1603],[-94.1136,30.1551],[-94.1135,30.1483],[-94.1098,30.1458],[-94.1035,30.1451],[-94.1009,30.143],[-94.1011,30.1407],[-94.1027,30.1391],[-94.1084,30.1379],[-94.1091,30.1367],[-94.1081,30.1354],[-94.1056,30.1349],[-94.1013,30.1365],[-94.0986,30.1362],[-94.0927,30.1314],[-94.0872,30.1308],[-94.0796,30.1271],[-94.0784,30.1222],[-94.0743,30.1165],[-94.0737,30.1141],[-94.0787,30.1061],[-94.0812,30.1043],[-94.0873,30.1049],[-94.0873,30.1028],[-94.091,30.0947],[-94.0942,30.091],[-94.0926,30.09],[-94.0893,30.0916],[-94.0873,30.0912],[-94.0864,30.089],[-94.0879,30.0874],[-94.094,30.0863],[-94.0969,30.0868],[-94.0972,30.0876],[-94.102,30.0881],[-94.102,30.0862],[-94.1042,30.0861],[-94.1043,30.0822],[-94.1084,30.0811],[-94.088,30.0605],[-94.087,30.0563],[-94.0882,30.0562],[-94.0882,30.0545],[-94.0894,30.0545],[-94.0894,30.0515],[-94.0905,30.0515],[-94.0905,30.0505],[-94.0893,30.0506],[-94.0893,30.0481],[-94.0928,30.0473],[-94.0928,30.0423],[-94.1158,30.042],[-94.1158,30.0391],[-94.1353,30.0439],[-94.141,30.0484],[-94.1417,30.0514],[-94.1404,30.0543],[-94.1412,30.0538],[-94.2464,29.9496],[-94.3378,29.8754],[-94.3575,29.8583],[-94.3539,29.6115],[-94.3656,29.6048],[-94.3656,29.6174],[-94.3795,29.617],[-94.3885,29.5957],[-94.3893,29.5959],[-94.3897,29.5948],[-94.3923,29.5956],[-94.3936,29.595],[-94.3943,29.5963],[-94.3981,29.5968],[-94.3991,29.5961],[-94.3985,29.5946],[-94.3997,29.5946],[-94.4009,29.5959],[-94.4038,29.5962],[-94.4065,29.5983],[-94.4081,29.5965],[-94.4094,29.5972],[-94.4097,29.5946],[-94.4132,29.5924],[-94.4138,29.59],[-94.4176,29.5924],[-94.4193,29.5864],[-94.4156,29.5861],[-94.4146,29.5876],[-94.4138,29.5869],[-94.4138,29.5854],[-94.4169,29.5846],[-94.4142,29.5825],[-94.4158,29.5816],[-94.4127,29.5809],[-94.4173,29.5781],[-94.416,29.5773],[-94.4142,29.5776],[-94.4124,29.5734],[-94.4137,29.5724],[-94.4157,29.5728],[-94.4178,29.5693],[-94.4217,29.5697],[-94.4226,29.5663],[-94.427,29.5669],[-94.4287,29.565],[-94.4342,29.5653],[-94.4362,29.5643],[-94.4393,29.5654],[-94.4431,29.5623],[-94.4487,29.564],[-94.4581,29.561],[-94.4631,29.5607],[-94.4701,29.557],[-94.4746,29.5583],[-94.4813,29.5545],[-94.4866,29.5538],[-94.4955,29.55],[-94.4988,29.5445],[-94.5215,29.5408],[-94.5236,29.5412],[-94.5222,29.5473],[-94.5235,29.5517],[-94.5248,29.5526],[-94.5251,29.5516],[-94.5292,29.5566],[-94.5368,29.5608],[-94.5398,29.5641],[-94.5416,29.5686],[-94.5453,29.5721],[-94.5527,29.5743],[-94.5627,29.5743],[-94.567,29.5731],[-94.5702,29.5732],[-94.5707,29.5718],[-94.5841,29.5655],[-94.5931,29.5623],[-94.5976,29.5621],[-94.6015,29.5594],[-94.6175,29.5548],[-94.6275,29.5534],[-94.6379,29.5502],[-94.6516,29.5481],[-94.6527,29.5486],[-94.6585,29.5466],[-94.6618,29.5466],[-94.6668,29.5438],[-94.6787,29.5412],[-94.6863,29.5383],[-94.7001,29.5378],[-94.7021,29.5388],[-94.7122,29.5372],[-94.7167,29.5342],[-94.7201,29.5343],[-94.7409,29.5267],[-94.7468,29.5277],[-94.7525,29.5253],[-94.7549,29.5256],[-94.7558,29.5245],[-94.7624,29.5241],[-94.7713,29.5264],[-94.7795,29.5303],[-94.7841,29.5361],[-94.7845,29.5395],[-94.7867,29.5412],[-94.7866,29.543],[-94.7916,29.5504],[-94.7932,29.5511],[-94.8042,29.5449],[-94.815,29.5278],[-94.8187,29.5237],[-94.8252,29.5191],[-94.8334,29.5169],[-94.8579,29.5168],[-94.8752,29.5147],[-94.8921,29.5082],[-94.9098,29.4964],[-94.9115,29.4962],[-94.9214,29.4978],[-94.9674,29.5085],[-94.9827,29.5135],[-94.9925,29.5183],[-95.0031,29.5261],[-95.0093,29.5345],[-95.0146,29.5389],[-95.0167,29.546],[-95.0166,29.5524],[-95.0182,29.5546],[-95.0209,29.5524],[-95.0174,29.5497],[-95.0176,29.5482],[-95.0232,29.5495],[-95.0285,29.5474],[-95.0296,29.5522],[-95.0329,29.5522],[-95.0419,29.5546],[-95.0482,29.558],[-95.0538,29.559],[-95.0632,29.559],[-95.0683,29.5575],[-95.0721,29.5493],[-95.0771,29.5463],[-95.0794,29.5436],[-95.079,29.5422],[-95.0804,29.541],[-95.0787,29.5378],[-95.0796,29.5344],[-95.0834,29.534],[-95.0859,29.5348],[-95.0876,29.5324],[-95.09,29.5311],[-95.0932,29.535],[-95.0964,29.5351],[-95.0969,29.5335],[-95.0939,29.5267],[-95.094,29.524],[-95.0974,29.5204],[-95.0981,29.5183],[-95.0993,29.5186],[-95.1013,29.5213],[-95.1032,29.5209],[-95.1031,29.5183],[-95.1062,29.5166],[-95.104,29.5126],[-95.1043,29.5107],[-95.1083,29.5096],[-95.1131,29.5108],[-95.1187,29.5069],[-95.1214,29.5102],[-95.1251,29.5103],[-95.1283,29.5088],[-95.1296,29.5051],[-95.1339,29.5064],[-95.1417,29.5064],[-95.1449,29.5026],[-95.1473,29.5019],[-95.1489,29.4987],[-95.1502,29.4985],[-95.1522,29.5004],[-95.1567,29.4982],[-95.1616,29.4973],[-95.1642,29.4984],[-95.1629,29.5007],[-95.1633,29.5019],[-95.1671,29.5024],[-95.1673,29.5058],[-95.1709,29.5075],[-95.1711,29.51],[-95.1681,29.511],[-95.1675,29.5125],[-95.17,29.515],[-95.1721,29.5142],[-95.1741,29.5149],[-95.1736,29.5168],[-95.1747,29.5182],[-95.1766,29.5168],[-95.1787,29.5175],[-95.1795,29.5199],[-95.1801,29.5184],[-95.1831,29.5191],[-95.1828,29.5203],[-95.1842,29.5204],[-95.1852,29.5216],[-95.1846,29.5231],[-95.1878,29.5243],[-95.1867,29.5255],[-95.1869,29.5274],[-95.1899,29.5273],[-95.1875,29.5281],[-95.1906,29.5305],[-95.1875,29.5337],[-95.1885,29.5342],[-95.1883,29.5355],[-95.1942,29.5367],[-95.1945,29.5383],[-95.1921,29.5387],[-95.193,29.5394],[-95.1926,29.5413],[-95.1946,29.5412],[-95.1941,29.5431],[-95.1954,29.5438],[-95.1957,29.5424],[-95.1977,29.5421],[-95.1995,29.5445],[-95.1973,29.549],[-95.2,29.5526],[-95.1976,29.5574],[-95.1968,29.5569],[-95.1956,29.5576],[-95.1945,29.556],[-95.1949,29.5572],[-95.1936,29.5576],[-95.1934,29.5599],[-95.1969,29.5602],[-95.196,29.5586],[-95.1992,29.5587],[-95.2001,29.5605],[-95.1991,29.5612],[-95.2006,29.5616],[-95.2,29.5626],[-95.2011,29.5632],[-95.2012,29.5615],[-95.2028,29.5613],[-95.2041,29.5582],[-95.2057,29.5593],[-95.2057,29.5577],[-95.2077,29.5578],[-95.2067,29.5589],[-95.2085,29.5599],[-95.2103,29.5584],[-95.2114,29.5592],[-95.2131,29.5589],[-95.2127,29.558],[-95.2137,29.557],[-95.213,29.5572],[-95.2128,29.5562],[-95.2158,29.555],[-95.2163,29.5567],[-95.2146,29.5571],[-95.2179,29.5594],[-95.2212,29.5569],[-95.2233,29.559],[-95.2286,29.56],[-95.2309,29.5578],[-95.2337,29.5571],[-95.238,29.5614],[-95.2416,29.5597],[-95.2428,29.5551],[-95.2454,29.5547],[-95.2474,29.5531],[-95.2482,29.5557],[-95.2511,29.5555],[-95.2537,29.5537],[-95.2552,29.5568],[-95.2526,29.5577],[-95.2524,29.5606],[-95.255,29.5639],[-95.2554,29.5672],[-95.2585,29.5711],[-95.2587,29.5733],[-95.274,29.5602],[-95.2824,29.5638],[-95.2861,29.5637],[-95.2858,29.56],[-95.29,29.5599],[-95.2902,29.5456],[-95.2893,29.5428],[-95.2927,29.5428],[-95.2928,29.5453],[-95.2977,29.5453],[-95.2978,29.5494],[-95.3008,29.5491],[-95.3047,29.5466],[-95.3267,29.5447],[-95.3308,29.5435],[-95.3307,29.5412],[-95.3516,29.5409],[-95.3515,29.5346],[-95.3572,29.5374],[-95.3562,29.5392],[-95.355,29.5394],[-95.3566,29.5409],[-95.364,29.5388],[-95.3701,29.5396],[-95.3748,29.5417],[-95.4353,29.5399],[-95.4463,29.4996],[-95.4539,29.5035],[-95.4539,29.5062],[-95.4554,29.5061],[-95.4554,29.5071],[-95.4596,29.507],[-95.4597,29.508],[-95.4611,29.5073],[-95.506,29.5306],[-95.5364,29.5398],[-95.5449,29.5408],[-95.5551,29.555],[-95.5504,29.5585],[-95.5502,29.5604],[-95.5511,29.5612],[-95.5504,29.5618],[-95.5394,29.5616],[-95.5385,29.5648],[-95.539,29.5666],[-95.5414,29.5686],[-95.5403,29.5688],[-95.5401,29.5708],[-95.5431,29.5733],[-95.5472,29.5735],[-95.5493,29.5772],[-95.5522,29.5762],[-95.5588,29.5766],[-95.5592,29.5759],[-95.564,29.5759],[-95.5638,29.5676],[-95.5646,29.5659],[-95.5696,29.5715],[-95.5828,29.5806],[-95.5847,29.5772],[-95.5819,29.5753],[-95.5811,29.5688],[-95.5851,29.5657],[-95.5892,29.5671],[-95.5891,29.5642],[-95.5885,29.5517],[-95.5831,29.5524],[-95.5829,29.5449],[-95.5842,29.5436],[-95.5816,29.5403],[-95.5823,29.5391],[-95.5815,29.5345],[-95.5978,29.5285],[-95.596,29.5248],[-95.5943,29.5237],[-95.5918,29.5244],[-95.5892,29.5296],[-95.5871,29.531],[-95.5831,29.53],[-95.5819,29.5265],[-95.5843,29.5191],[-95.5867,29.5184],[-95.5918,29.5193],[-95.5942,29.517],[-95.5945,29.5144],[-95.5919,29.5122],[-95.5855,29.5134],[-95.5828,29.5121],[-95.5834,29.5094],[-95.5886,29.5053],[-95.5885,29.5039],[-95.587,29.5028],[-95.5837,29.5031],[-95.5805,29.5049],[-95.5792,29.5067],[-95.578,29.5127],[-95.5769,29.5138],[-95.5746,29.514],[-95.5714,29.5083],[-95.5645,29.5072],[-95.5592,29.5044],[-95.5535,29.5033],[-95.553,29.5008],[-95.5562,29.498],[-95.5558,29.4931],[-95.5518,29.4901],[-95.5449,29.4889],[-95.5442,29.4842],[-95.547,29.4815],[-95.5479,29.479],[-95.5438,29.4669],[-95.5406,29.4644],[-95.5367,29.4631],[-95.533,29.4578],[-95.5347,29.4406],[-95.5388,29.4385],[-95.5411,29.4397],[-95.5416,29.4427],[-95.543,29.444],[-95.545,29.4442],[-95.5489,29.4426],[-95.5506,29.4398],[-95.5499,29.4365],[-95.5519,29.4286],[-95.5564,29.4246],[-95.556,29.4228],[-95.5519,29.4196],[-95.546,29.4086],[-95.5461,29.4062],[-95.5499,29.4026],[-95.5473,29.3971],[-95.5476,29.3952],[-95.5589,29.3905],[-95.5656,29.3908],[-95.5723,29.3838],[-95.5757,29.3759],[-95.5759,29.3718],[-95.5779,29.3651],[-95.5808,29.3621],[-95.5805,29.3609],[-95.574,29.3564],[-95.5741,29.3547],[-95.5756,29.3531],[-95.5821,29.3515],[-95.5826,29.3486],[-95.5788,29.3421],[-95.58,29.3396],[-95.5836,29.3382],[-95.4189,29.3413],[-95.4199,29.3457],[-95.4222,29.3483],[-95.4227,29.3518],[-95.3624,29.3526],[-95.3233,29.371],[-95.3243,29.3727],[-95.3262,29.3719],[-95.3275,29.3736],[-95.3287,29.3719],[-95.3295,29.3734],[-95.332,29.3729],[-95.3319,29.3749],[-95.3328,29.3744],[-95.3348,29.3755],[-95.3342,29.3814],[-95.3151,29.3905],[-95.3171,29.3934],[-95.2997,29.4017],[-95.2917,29.3958],[-95.2773,29.4105],[-95.2653,29.4108],[-95.2653,29.4068],[-95.2611,29.4088],[-95.247,29.4091],[-95.2462,29.4098],[-95.2453,29.4092],[-95.2331,29.4092],[-95.229,29.4166],[-95.2274,29.4232],[-95.2206,29.4202],[-95.2207,29.4216],[-95.2168,29.4217],[-95.2168,29.4202],[-95.2147,29.4198],[-95.2083,29.4199],[-95.2083,29.4178],[-95.2062,29.417],[-95.2061,29.4138],[-95.1959,29.4095],[-95.1922,29.4044],[-95.0561,29.1993],[-95.1299,29.0856],[-95.124,29.0803],[-95.0916,29.0627]]]},"properties":{"GEOID":"4814","BASENAME":"14","NAME":"Congressional District 14","CD120":"14"}},
{"type":"Feature","geometry":{"type":"Polygon","coordinates":[[[-97.6332,29.6499],[-97.7329,29.5187],[-97.7466,29.5003],[-97.7539,29.4886],[-97.8588,29.3529],[-97.7577,29.2502],[-97.6131,29.1098],[-97.625,29.1008],[-97.6302,29.0984],[-97.7551,29.0071],[-97.5746,28.8133],[-97.7785,28.668],[-97.7812,28.6702],[-97.7845,28.6707],[-97.785,28.6728],[-97.7871,28.6741],[-97.7874,28.6756],[-97.7899,28.6756],[-97.7919,28.677],[-97.7952,28.6734],[-97.8253,28.6703],[-97.8264,28.6726],[-97.8256,28.6735],[-97.8261,28.6746],[-97.8297,28.678],[-97.8309,28.6776],[-97.8315,28.6759],[-97.834,28.6756],[-97.8357,28.6804],[-97.8374,28.6806],[-97.8381,28.6793],[-97.8393,28.6813],[-97.8411,28.6805],[-97.8424,28.6816],[-97.8506,28.6837],[-97.8529,28.6851],[-97.8582,28.6843],[-97.8668,28.6894],[-97.8707,28.6895],[-97.8736,28.6912],[-97.8758,28.6914],[-97.8767,28.6935],[-97.8794,28.6937],[-97.8794,28.6959],[-97.8807,28.6946],[-97.8814,28.6965],[-97.8843,28.6957],[-97.8847,28.6985],[-97.886,28.698],[-97.8891,28.6999],[-97.8922,28.6992],[-97.8934,28.7006],[-97.8919,28.7033],[-97.8931,28.7034],[-97.8933,28.705],[-97.8951,28.704],[-97.8978,28.7057],[-97.8983,28.7086],[-97.8994,28.7103],[-97.9009,28.7106],[-97.9004,28.7113],[-97.902,28.7129],[-97.9071,28.7133],[-97.9151,28.7196],[-97.9167,28.7184],[-97.9181,28.7192],[-98.0053,28.6902],[-98.0898,28.663],[-97.9933,28.5003],[-97.9507,28.426],[-97.8088,28.1834],[-97.9041,28.1142],[-97.8978,28.1133],[-97.8993,28.1034],[-97.8988,28.1021],[-97.8973,28.1022],[-97.8965,28.101],[-97.8971,28.0998],[-97.9034,28.0993],[-97.9073,28.0976],[-97.9069,28.0954],[-97.9088,28.0919],[-97.9077,28.0868],[-97.905,28.0874],[-97.9039,28.0866],[-97.9017,28.0829],[-97.8995,28.0821],[-97.8954,28.0759],[-97.8974,28.0745],[-97.8997,28.0761],[-97.9011,28.0759],[-97.902,28.0714],[-97.9002,28.0695],[-97.9012,28.0678],[-97.8998,28.0653],[-97.8978,28.0645],[-97.8948,28.0608],[-97.8931,28.0611],[-97.8911,28.0634],[-97.8896,28.0632],[-97.8893,28.0607],[-97.8836,28.0597],[-97.8846,28.0576],[-97.8831,28.0569],[-98.2355,28.058],[-98.2337,27.6892],[-98.2325,27.2625],[-98.5366,27.2652],[-98.5341,27.2619],[-98.5336,27.2581],[-98.5311,27.2544],[-98.5273,27.253],[-98.5223,27.2541],[-98.5192,27.2502],[-98.5142,27.2515],[-98.5124,27.2512],[-98.5106,27.2491],[-98.5098,27.2438],[-98.5062,27.2387],[-98.4965,27.2369],[-98.4929,27.235],[-98.4929,27.1421],[-98.4673,27.142],[-98.4665,27.0547],[-98.4179,27.0553],[-98.4226,26.7835],[-98.3207,26.7831],[-98.3968,26.6253],[-98.4633,26.5003],[-98.4783,26.4698],[-98.4858,26.4578],[-98.4919,26.4454],[-98.3655,26.4281],[-98.3661,26.424],[-98.2487,26.4068],[-98.2581,26.3519],[-98.2594,26.3521],[-98.2644,26.3238],[-98.2587,26.323],[-98.2683,26.2661],[-98.2599,26.265],[-98.2642,26.2436],[-98.2556,26.2423],[-98.2544,26.2495],[-98.2464,26.2484],[-98.2476,26.2413],[-98.2283,26.2399],[-98.23,26.2329],[-98.2208,26.2316],[-98.2195,26.2387],[-98.1978,26.236],[-98.2002,26.2217],[-98.1635,26.2166],[-98.17,26.1785],[-98.2067,26.1835],[-98.2056,26.1903],[-98.2108,26.1909],[-98.2139,26.1885],[-98.2178,26.1876],[-98.2324,26.1894],[-98.2343,26.1777],[-98.2301,26.169],[-98.2308,26.1623],[-98.2379,26.1539],[-98.2399,26.1455],[-98.2489,26.1468],[-98.2496,26.1428],[-98.2554,26.1436],[-98.2597,26.1186],[-98.2611,26.1164],[-98.2621,26.118],[-98.2657,26.1172],[-98.2703,26.1154],[-98.2718,26.1138],[-98.2717,26.1101],[-98.2701,26.1073],[-98.2706,26.1064],[-98.2821,26.1078],[-98.287,26.1067],[-98.2886,26.1051],[-98.2842,26.1009],[-98.2771,26.099],[-98.2674,26.0923],[-98.2643,26.0851],[-98.2515,26.0786],[-98.2512,26.0742],[-98.2491,26.072],[-98.2464,26.072],[-98.2417,26.0747],[-98.2306,26.0771],[-98.2208,26.0764],[-98.2167,26.0742],[-98.2129,26.069],[-98.2047,26.0663],[-98.1988,26.0556],[-98.1931,26.053],[-98.1901,26.0573],[-98.1892,26.0626],[-98.1873,26.0643],[-98.1834,26.0638],[-98.179,26.0599],[-98.177,26.0607],[-98.1769,26.0632],[-98.1799,26.0648],[-98.1806,26.0663],[-98.1798,26.0733],[-98.1786,26.0747],[-98.1762,26.0752],[-98.1722,26.0714],[-98.1679,26.063],[-98.1657,26.0627],[-98.1607,26.0645],[-98.158,26.0634],[-98.1579,26.0608],[-98.1622,26.0564],[-98.1618,26.0539],[-98.1589,26.0534],[-98.1536,26.0579],[-98.1513,26.0582],[-98.1494,26.0559],[-98.1494,26.0512],[-98.1465,26.049],[-98.1431,26.051],[-98.1377,26.0605],[-98.1366,26.064],[-98.1366,26.0707],[-98.1321,26.0742],[-98.1294,26.0742],[-98.1282,26.0726],[-98.1312,26.0663],[-98.13,26.0631],[-98.1254,26.0618],[-98.1219,26.0638],[-98.1052,26.0677],[-98.1011,26.0645],[-98.098,26.0603],[-98.0935,26.0586],[-98.0884,26.0602],[-98.0816,26.0641],[-98.0813,26.0664],[-98.0851,26.0681],[-98.0859,26.0694],[-98.084,26.0712],[-98.0804,26.0711],[-98.0784,26.0702],[-98.0764,26.0676],[-98.0749,26.0592],[-98.0714,26.0552],[-98.07,26.0505],[-98.0707,26.0464],[-98.0726,26.0437],[-98.0801,26.0417],[-98.0768,26.0363],[-98.0709,26.037],[-98.0655,26.0446],[-98.0611,26.0464],[-98.0546,26.0446],[-98.0461,26.0444],[-98.0388,26.0413],[-98.0345,26.0507],[-98.0344,26.0562],[-98.0329,26.0623],[-98.0309,26.0651],[-98.028,26.067],[-98.025,26.0657],[-98.0227,26.0602],[-98.0209,26.0586],[-98.0159,26.0616],[-98.0144,26.0661],[-98.0121,26.0661],[-98.0107,26.0628],[-98.0129,26.0573],[-98.012,26.0561],[-98.0099,26.0579],[-98.0079,26.0621],[-98.0033,26.0647],[-98,26.0654],[-97.9973,26.0648],[-97.9919,26.0582],[-97.989,26.0604],[-97.9879,26.0658],[-97.9804,26.0674],[-97.9794,26.0664],[-97.9796,26.0612],[-97.9785,26.0586],[-97.9739,26.0578],[-97.9695,26.053],[-97.9655,26.0517],[-97.9623,26.0531],[-97.9611,26.0558],[-97.9557,26.0611],[-97.9517,26.0622],[-97.9486,26.0619],[-97.9444,26.0599],[-97.937,26.0529],[-97.9333,26.053],[-97.9314,26.055],[-97.9312,26.0571],[-97.9373,26.0623],[-97.9352,26.0649],[-97.9334,26.0656],[-97.9307,26.0646],[-97.9288,26.0576],[-97.927,26.0549],[-97.919,26.0582],[-97.9134,26.0564],[-97.9108,26.0565],[-97.9013,26.0612],[-97.891,26.0604],[-97.8882,26.0623],[-97.8883,26.0658],[-97.8872,26.0667],[-97.8766,26.0645],[-97.8732,26.0616],[-97.8706,26.0576],[-97.869,26.0568],[-97.864,26.0684],[-97.8618,26.0701],[-97.8619,26.4336],[-97.9085,26.4332],[-97.9085,26.435],[-98.0042,26.4488],[-97.9965,26.4919],[-97.9923,26.4913],[-97.9844,26.5366],[-97.9639,26.5335],[-97.9688,26.5514],[-97.9701,26.5523],[-97.9688,26.554],[-97.9681,26.5689],[-97.9644,26.5688],[-97.9574,26.6118],[-97.9853,26.6158],[-97.9856,26.9478],[-97.9861,27.2605],[-98.0581,27.261],[-98.0598,27.6359],[-97.9421,27.6359],[-97.9336,27.7769],[-97.9343,27.8852],[-97.7985,27.9957],[-97.8002,27.9926],[-97.7986,27.9894],[-97.801,27.9858],[-97.8026,27.9795],[-97.8059,27.979],[-97.8071,27.9731],[-97.8095,27.9722],[-97.8116,27.9749],[-97.8163,27.9733],[-97.8176,27.9705],[-97.8173,27.9691],[-97.8122,27.9648],[-97.8128,27.9627],[-97.8105,27.9605],[-97.8102,27.9512],[-97.8088,27.9483],[-97.8087,27.9459],[-97.8096,27.9445],[-97.8089,27.944],[-97.8066,27.9452],[-97.8055,27.9444],[-97.8061,27.9411],[-97.8096,27.9414],[-97.8073,27.9391],[-97.8071,27.937],[-97.8056,27.9364],[-97.8068,27.9353],[-97.8065,27.9344],[-97.804,27.9358],[-97.8021,27.9338],[-97.7987,27.9359],[-97.7976,27.934],[-97.7967,27.9341],[-97.7968,27.9369],[-97.7954,27.9379],[-97.7965,27.9401],[-97.7955,27.9422],[-97.7929,27.9437],[-97.7859,27.9448],[-97.7825,27.9473],[-97.7786,27.9475],[-97.7782,27.9469],[-97.7799,27.9446],[-97.7768,27.9423],[-97.777,27.9399],[-97.7759,27.9379],[-97.7725,27.9378],[-97.7678,27.9357],[-97.7663,27.9367],[-97.7662,27.9385],[-97.7643,27.9381],[-97.762,27.9328],[-97.7669,27.9277],[-97.7651,27.9259],[-97.7636,27.9272],[-97.762,27.9269],[-97.7617,27.9256],[-97.7635,27.9245],[-97.763,27.9235],[-97.7609,27.9226],[-97.7579,27.9235],[-97.7546,27.9271],[-97.7561,27.9291],[-97.7518,27.9301],[-97.749,27.9329],[-97.7476,27.9319],[-97.746,27.927],[-97.744,27.9276],[-97.7387,27.9256],[-97.7331,27.9253],[-97.73,27.9233],[-97.7292,27.9222],[-97.7304,27.9199],[-97.7336,27.9198],[-97.733,27.9181],[-97.7367,27.9161],[-97.736,27.9119],[-97.7329,27.9126],[-97.7343,27.915],[-97.7338,27.9158],[-97.7313,27.9163],[-97.7297,27.9144],[-97.7252,27.9165],[-97.7203,27.9148],[-97.7175,27.9118],[-97.7159,27.9115],[-97.715,27.9133],[-97.7164,27.9181],[-97.7082,27.9226],[-97.703,27.9211],[-97.6999,27.9174],[-97.6986,27.9175],[-97.6994,27.9191],[-97.6987,27.92],[-97.6964,27.9181],[-97.6929,27.9169],[-97.6908,27.9172],[-97.6875,27.9102],[-97.6881,27.9081],[-97.6918,27.9043],[-97.6865,27.9028],[-97.6898,27.9003],[-97.6867,27.9009],[-97.6837,27.8997],[-97.6822,27.9019],[-97.6801,27.8994],[-97.6808,27.898],[-97.678,27.898],[-97.678,27.8952],[-97.6749,27.8948],[-97.6713,27.8927],[-97.6715,27.8913],[-97.6743,27.8901],[-97.673,27.8878],[-97.6736,27.8858],[-97.676,27.8845],[-97.6753,27.8825],[-97.6647,27.8763],[-97.6568,27.873],[-97.6524,27.8723],[-97.6452,27.8727],[-97.6424,27.8718],[-97.6395,27.8689],[-97.6382,27.8656],[-97.6308,27.8702],[-97.6271,27.8757],[-97.626,27.8814],[-97.6278,27.8872],[-97.6321,27.8934],[-97.6304,27.8954],[-97.627,27.8954],[-97.6239,27.893],[-97.6211,27.8922],[-97.6118,27.8926],[-97.6096,27.8904],[-97.6092,27.8844],[-97.6104,27.876],[-97.609,27.8717],[-97.6071,27.8699],[-97.6023,27.8687],[-97.5984,27.8663],[-97.5919,27.857],[-97.5895,27.8561],[-97.5851,27.8564],[-97.5753,27.861],[-97.5657,27.8596],[-97.5551,27.8607],[-97.5426,27.8583],[-97.541,27.8567],[-97.5387,27.8504],[-97.5353,27.8477],[-97.5147,27.8467],[-97.5069,27.843],[-97.5052,27.8435],[-97.5028,27.8462],[-97.501,27.8467],[-97.493,27.8442],[-97.4898,27.8391],[-97.4882,27.8394],[-97.4874,27.8434],[-97.4953,27.8499],[-97.5093,27.8532],[-97.5096,27.852],[-97.5151,27.8519],[-97.5143,27.8524],[-97.5143,27.8562],[-97.516,27.8569],[-97.5198,27.8613],[-97.5186,27.8623],[-97.5189,27.8637],[-97.5176,27.8644],[-97.5179,27.8659],[-97.5148,27.8695],[-97.515,27.8706],[-97.5173,27.8713],[-97.5126,27.8716],[-97.5072,27.8759],[-97.5079,27.8779],[-97.5042,27.8779],[-97.4984,27.8796],[-97.495,27.8823],[-97.4918,27.8817],[-97.4875,27.8749],[-97.4844,27.8731],[-97.4829,27.8701],[-97.483,27.8675],[-97.4855,27.8628],[-97.4841,27.8612],[-97.4803,27.8598],[-97.4704,27.8639],[-97.4698,27.8662],[-97.4709,27.868],[-97.4675,27.8696],[-97.4686,27.8708],[-97.4676,27.8702],[-97.4624,27.8614],[-97.4603,27.862],[-97.4599,27.8651],[-97.4578,27.8655],[-97.4568,27.8667],[-97.4612,27.8752],[-97.4593,27.8783],[-97.4554,27.8777],[-97.4517,27.8687],[-97.4459,27.8654],[-97.4437,27.8665],[-97.4441,27.8692],[-97.4363,27.869],[-97.4306,27.87],[-97.4242,27.8685],[-97.4193,27.8687],[-97.4153,27.8697],[-97.4071,27.8738],[-97.4046,27.8735],[-97.4042,27.8745],[-97.3995,27.8755],[-97.3789,27.8747],[-97.3678,27.8778],[-97.3662,27.8765],[-97.363,27.8791],[-97.3565,27.8811],[-97.3546,27.8803],[-97.3473,27.8832],[-97.3459,27.8834],[-97.3464,27.8828],[-97.3444,27.882],[-97.3363,27.8844],[-97.3332,27.8816],[-97.3273,27.8829],[-97.3273,27.88],[-97.3262,27.8796],[-97.3247,27.8796],[-97.3247,27.8823],[-97.3215,27.8824],[-97.3191,27.8821],[-97.3192,27.8803],[-97.317,27.8791],[-97.3165,27.8798],[-97.3135,27.8794],[-97.3107,27.8801],[-97.3114,27.882],[-97.3095,27.8826],[-97.3079,27.8785],[-97.3051,27.8798],[-97.3035,27.8827],[-97.3032,27.8938],[-97.304,27.8953],[-97.3075,27.8974],[-97.3043,27.9021],[-97.2952,27.9145],[-97.2867,27.9153],[-97.2804,27.9172],[-97.2334,27.8919],[-97.2198,27.8851],[-97.2157,27.8849],[-97.2093,27.8814],[-97.1749,27.9273],[-97.1675,27.9233],[-97.1637,27.9229],[-97.1583,27.9249],[-97.1544,27.9293],[-97.1407,27.9104],[-97.1341,27.9195],[-97.1294,27.9225],[-97.104,27.9592],[-97.0778,27.9928],[-97.0653,28.0042],[-97.062,28.0041],[-97.0608,28.005],[-97.0536,28.023],[-97.0535,28.0273],[-97.049,28.0277],[-97.0429,28.0355],[-97.0413,28.0703],[-97.0372,28.0898],[-97.0273,28.1101],[-97.0044,28.1433],[-97.004,28.1477],[-96.9964,28.1728],[-96.9852,28.231],[-96.967,28.2671],[-96.9564,28.2758],[-96.9527,28.2809],[-96.8951,28.4257],[-96.8888,28.4474],[-96.902,28.4501],[-96.9004,28.4578],[-96.928,28.4643],[-96.9984,28.4948],[-96.9945,28.5048],[-96.9955,28.5072],[-96.9947,28.509],[-97.0046,28.5089],[-97.0096,28.5151],[-97.0129,28.5174],[-97.0154,28.5172],[-97.0197,28.5203],[-97.0208,28.5174],[-97.0217,28.5167],[-97.0227,28.5171],[-97.0244,28.5237],[-97.0226,28.5259],[-97.0272,28.533],[-97.0273,28.5363],[-97.0232,28.5368],[-97.0248,28.5391],[-97.0318,28.5415],[-97.0318,28.5392],[-97.0352,28.538],[-97.0399,28.5321],[-97.0413,28.5315],[-97.045,28.5321],[-97.0461,28.5354],[-97.0513,28.535],[-97.0514,28.537],[-97.0487,28.5365],[-97.0473,28.5372],[-97.0485,28.5405],[-97.0469,28.5395],[-97.0463,28.5416],[-97.0441,28.5422],[-97.0449,28.5444],[-97.0471,28.5453],[-97.0482,28.5474],[-97.045,28.5489],[-97.045,28.5501],[-97.0465,28.5489],[-97.0493,28.5499],[-97.0488,28.5486],[-97.0508,28.5457],[-97.0524,28.5463],[-97.0521,28.5489],[-97.0537,28.5484],[-97.0559,28.5502],[-97.0573,28.5474],[-97.0628,28.5473],[-97.0612,28.5456],[-97.0591,28.545],[-97.0603,28.5437],[-97.0589,28.5424],[-97.0622,28.5408],[-97.0635,28.5414],[-97.0621,28.544],[-97.0656,28.5424],[-97.0679,28.5445],[-97.0698,28.5427],[-97.0717,28.5426],[-97.0697,28.5445],[-97.0721,28.5471],[-97.0756,28.5445],[-97.0756,28.5432],[-97.0739,28.5426],[-97.0747,28.5409],[-97.0774,28.5403],[-97.0778,28.5422],[-97.0759,28.5436],[-97.0797,28.5455],[-97.0805,28.5434],[-97.0828,28.5423],[-97.0798,28.5392],[-97.0799,28.537],[-97.077,28.5376],[-97.0773,28.5341],[-97.0791,28.5333],[-97.0802,28.5355],[-97.0821,28.5322],[-97.0833,28.5349],[-97.0861,28.5326],[-97.0872,28.5327],[-97.0863,28.5353],[-97.0883,28.5368],[-97.0895,28.5364],[-97.089,28.5337],[-97.0908,28.5346],[-97.0913,28.54],[-97.0926,28.5398],[-97.0926,28.5379],[-97.0949,28.5384],[-97.0961,28.5427],[-97.0941,28.5446],[-97.0981,28.5438],[-97.0984,28.5448],[-97.0964,28.5469],[-97.0969,28.5479],[-97.1014,28.547],[-97.1026,28.5475],[-97.1027,28.5485],[-97.0989,28.5499],[-97.1035,28.5504],[-97.1041,28.5514],[-97.1032,28.5538],[-97.1043,28.5547],[-97.1102,28.5537],[-97.1141,28.551],[-97.1152,28.5489],[-97.1182,28.5488],[-97.1191,28.5463],[-97.12,28.5465],[-97.1202,28.5483],[-97.1228,28.5492],[-97.1235,28.5478],[-97.1224,28.5462],[-97.1234,28.5453],[-97.1255,28.5457],[-97.1249,28.5476],[-97.1259,28.5489],[-97.1272,28.5457],[-97.1282,28.5454],[-97.1314,28.5483],[-97.1306,28.55],[-97.1316,28.5509],[-97.1337,28.5511],[-97.1355,28.5494],[-97.1395,28.5542],[-97.1431,28.5484],[-97.1464,28.5498],[-97.1478,28.5464],[-97.1518,28.5496],[-97.1514,28.5505],[-97.1482,28.5499],[-97.1488,28.5533],[-97.1557,28.5479],[-97.1567,28.5485],[-97.1568,28.5513],[-97.1604,28.5504],[-97.161,28.554],[-97.1631,28.5563],[-97.1617,28.5587],[-97.1642,28.5593],[-97.1647,28.5603],[-97.1602,28.5626],[-97.1613,28.564],[-97.1637,28.5638],[-97.1642,28.5651],[-97.1626,28.5656],[-97.1582,28.5644],[-97.1586,28.568],[-97.1544,28.5674],[-97.1538,28.5698],[-97.1574,28.5718],[-97.1578,28.5747],[-97.162,28.5711],[-97.1645,28.5774],[-97.166,28.5781],[-97.168,28.5763],[-97.1702,28.5775],[-97.1704,28.5797],[-97.1658,28.5813],[-97.1679,28.5837],[-97.1713,28.5852],[-97.1712,28.5867],[-97.1659,28.5853],[-97.1646,28.5838],[-97.1619,28.5854],[-97.1697,28.5895],[-97.1717,28.5938],[-97.1758,28.5943],[-97.1753,28.5992],[-97.1796,28.6038],[-97.1824,28.6106],[-97.1677,28.7278],[-97.1707,28.7369],[-97.178,28.7369],[-97.1784,28.7381],[-97.177,28.741],[-97.1717,28.7442],[-97.1678,28.7479],[-97.1667,28.7503],[-97.1662,28.7532],[-97.1679,28.7589],[-97.1638,28.7656],[-97.1622,28.7728],[-97.1589,28.7762],[-97.1606,28.7826],[-97.1616,28.7835],[-97.1699,28.7856],[-97.1754,28.7896],[-97.186,28.809],[-97.1902,28.8125],[-97.1906,28.8161],[-97.1886,28.8202],[-97.1892,28.8244],[-97.1863,28.8334],[-97.1897,28.837],[-97.1954,28.839],[-97.2035,28.8544],[-97.2107,28.8557],[-97.2166,28.8606],[-97.2256,28.8625],[-97.232,28.8653],[-97.2342,28.8653],[-97.2362,28.8649],[-97.2373,28.8634],[-97.2371,28.8622],[-97.2331,28.858],[-97.2335,28.8557],[-97.235,28.8541],[-97.2392,28.8538],[-97.2523,28.8579],[-97.2549,28.8566],[-97.2556,28.8486],[-97.2595,28.8473],[-97.2671,28.8487],[-97.2714,28.8474],[-97.2842,28.847],[-97.2873,28.845],[-97.2935,28.8474],[-97.3005,28.8441],[-97.3038,28.846],[-97.3049,28.8507],[-97.2982,28.8529],[-97.2977,28.8541],[-97.2997,28.8568],[-97.2976,28.8605],[-97.2995,28.8624],[-97.3059,28.864],[-97.0332,29.0643],[-97.027,29.0686],[-97.0257,29.068],[-96.9764,29.104],[-96.9386,29.0632],[-96.8753,29.1101],[-96.6772,29.2503],[-96.5606,29.3354],[-96.6876,29.4665],[-96.7931,29.5774],[-96.8328,29.5769],[-96.8348,29.5799],[-96.8386,29.5827],[-96.8392,29.5846],[-96.8389,29.5862],[-96.8364,29.5884],[-96.8357,29.593],[-96.8333,29.5958],[-96.8371,29.5988],[-96.8379,29.6038],[-96.8404,29.6052],[-96.8413,29.6076],[-96.8443,29.6089],[-96.8423,29.6128],[-96.843,29.6164],[-96.8462,29.6166],[-96.8487,29.6182],[-96.849,29.6189],[-96.8472,29.6202],[-96.8478,29.6209],[-96.8591,29.6244],[-96.8591,29.6267],[-96.8631,29.6283],[-96.8629,29.6297],[-96.8659,29.6304],[-96.865,29.6327],[-97.1433,29.6281],[-97.1305,29.6433],[-97.3179,29.7847],[-97.5977,29.6307],[-97.5999,29.6317],[-97.5986,29.6352],[-97.6007,29.6359],[-97.5998,29.6372],[-97.6039,29.6418],[-97.6064,29.6403],[-97.6046,29.6365],[-97.6058,29.6351],[-97.611,29.6371],[-97.6181,29.6335],[-97.6188,29.6355],[-97.6162,29.6411],[-97.617,29.6449],[-97.6209,29.6442],[-97.6224,29.6427],[-97.6277,29.6427],[-97.6274,29.6405],[-97.6294,29.6398],[-97.63,29.6449],[-97.6312,29.6458],[-97.6304,29.6468],[-97.6341,29.6477],[-97.6332,29.6499]]]},"properties":{"GEOID":"4815","BASENAME":"15","NAME":"Congressional District 15","CD120":"15"}},
{"type":"Feature","geometry":{"type":"Polygon","coordinates":[[[-97.5291,30.3758],[-97.5534,30.3874],[-97.5642,30.3714],[-97.5688,30.3712],[-97.5807,30.377],[-97.5826,30.3696],[-97.5841,30.3698],[-97.5895,30.3712],[-97.5972,30.3759],[-97.6092,30.3785],[-97.6109,30.3758],[-97.6136,30.377],[-97.6144,30.3743],[-97.6178,30.3758],[-97.6218,30.3706],[-97.6383,30.3793],[-97.6487,30.3869],[-97.6379,30.4047],[-97.6393,30.4041],[-97.6487,30.4095],[-97.6507,30.4122],[-97.6544,30.4142],[-97.659,30.4186],[-97.6843,30.4306],[-97.6864,30.4348],[-97.6988,30.4405],[-97.7028,30.4261],[-97.7064,30.4277],[-97.7068,30.4289],[-97.7076,30.4276],[-97.7086,30.4277],[-97.7076,30.4293],[-97.7109,30.4308],[-97.7115,30.4295],[-97.7139,30.4294],[-97.7157,30.4266],[-97.7146,30.4262],[-97.7153,30.4254],[-97.7289,30.4324],[-97.7302,30.4253],[-97.7292,30.4121],[-97.7464,30.4191],[-97.7447,30.4079],[-97.7492,30.4077],[-97.7513,30.4067],[-97.7541,30.4075],[-97.7557,30.4053],[-97.7588,30.4036],[-97.7602,30.4007],[-97.7717,30.4008],[-97.7716,30.3994],[-97.7698,30.398],[-97.7697,30.3959],[-97.7735,30.3934],[-97.7738,30.3908],[-97.7749,30.3904],[-97.7716,30.3858],[-97.7714,30.3828],[-97.7752,30.3807],[-97.789,30.3688],[-97.7911,30.3599],[-97.7968,30.35],[-97.787,30.3432],[-97.7813,30.3339],[-97.7765,30.3238],[-97.7759,30.3136],[-97.7738,30.3126],[-97.769,30.3145],[-97.7627,30.3105],[-97.7649,30.3056],[-97.7643,30.303],[-97.7582,30.3002],[-97.76,30.2921],[-97.7651,30.2838],[-97.7625,30.2825],[-97.763,30.2816],[-97.7612,30.2808],[-97.7617,30.28],[-97.7577,30.2778],[-97.7569,30.2792],[-97.7553,30.2784],[-97.7562,30.277],[-97.7548,30.2764],[-97.7557,30.275],[-97.7463,30.2721],[-97.7452,30.2751],[-97.7442,30.2748],[-97.7423,30.2767],[-97.7412,30.2763],[-97.7394,30.281],[-97.73,30.2785],[-97.7372,30.2591],[-97.7359,30.2503],[-97.7418,30.2551],[-97.7425,30.2585],[-97.745,30.2621],[-97.7461,30.2591],[-97.7501,30.2584],[-97.7571,30.2606],[-97.7546,30.2648],[-97.7661,30.2699],[-97.7715,30.2738],[-97.7743,30.2704],[-97.7797,30.2666],[-97.7991,30.257],[-97.8035,30.2483],[-97.8074,30.2441],[-97.8243,30.2362],[-97.8312,30.237],[-97.8304,30.2383],[-97.8333,30.2402],[-97.853,30.2496],[-97.8584,30.242],[-97.86,30.2354],[-97.8619,30.2358],[-97.8655,30.2343],[-97.871,30.2349],[-97.8713,30.2378],[-97.8764,30.2399],[-97.8811,30.2454],[-97.8867,30.25],[-97.8886,30.2471],[-97.8943,30.2499],[-97.896,30.2477],[-97.8982,30.2479],[-97.8988,30.2465],[-97.9051,30.2423],[-97.9098,30.235],[-97.9085,30.2344],[-97.9074,30.2374],[-97.906,30.2376],[-97.9003,30.2351],[-97.9012,30.2332],[-97.8985,30.2321],[-97.8989,30.2313],[-97.8949,30.2301],[-97.8946,30.2312],[-97.8936,30.2311],[-97.8937,30.2299],[-97.8883,30.2292],[-97.8989,30.2106],[-97.9009,30.2094],[-97.9036,30.2093],[-97.9018,30.2073],[-97.8905,30.2023],[-97.8881,30.2025],[-97.8834,30.2],[-97.8817,30.1966],[-97.8802,30.1964],[-97.8848,30.1939],[-97.8862,30.1958],[-97.8895,30.197],[-97.8917,30.1967],[-97.8918,30.1955],[-97.8902,30.195],[-97.8962,30.1934],[-97.8963,30.192],[-97.8981,30.1909],[-97.8979,30.1889],[-97.9028,30.1857],[-97.9015,30.1846],[-97.9027,30.1823],[-97.896,30.1788],[-97.8906,30.1741],[-97.8895,30.1754],[-97.8869,30.176],[-97.8828,30.1805],[-97.8805,30.1813],[-97.8772,30.1871],[-97.8726,30.1911],[-97.8691,30.1959],[-97.8665,30.1954],[-97.8655,30.1946],[-97.866,30.1908],[-97.8626,30.1905],[-97.8608,30.1883],[-97.8639,30.1836],[-97.8629,30.1812],[-97.8584,30.1774],[-97.8593,30.1785],[-97.8532,30.1782],[-97.8602,30.1685],[-97.8602,30.1641],[-97.857,30.1636],[-97.8521,30.1643],[-97.8518,30.1603],[-97.8486,30.1592],[-97.8488,30.1573],[-97.8505,30.1556],[-97.8473,30.1551],[-97.8461,30.1495],[-97.837,30.1497],[-97.8371,30.1507],[-97.8362,30.1507],[-97.8354,30.1497],[-97.8322,30.1504],[-97.8323,30.1491],[-97.8231,30.1483],[-97.8165,30.15],[-97.8131,30.148],[-97.8127,30.1495],[-97.8145,30.1523],[-97.813,30.1535],[-97.8113,30.1535],[-97.8081,30.1517],[-97.806,30.1545],[-97.8046,30.1547],[-97.8014,30.1521],[-97.7965,30.155],[-97.795,30.1527],[-97.7902,30.1532],[-97.7886,30.1525],[-97.7882,30.1514],[-97.7902,30.1479],[-97.7893,30.1472],[-97.786,30.1487],[-97.7811,30.1491],[-97.7815,30.1518],[-97.7794,30.157],[-97.7762,30.1577],[-97.772,30.1572],[-97.7696,30.1593],[-97.7658,30.1508],[-97.7674,30.148],[-97.7659,30.1452],[-97.7715,30.1415],[-97.7787,30.1297],[-97.7752,30.1266],[-97.7818,30.1158],[-97.7853,30.1128],[-97.7818,30.1127],[-97.7582,30.1014],[-97.7558,30.1012],[-97.7476,30.1157],[-97.7469,30.1153],[-97.7409,30.1242],[-97.7195,30.114],[-97.7152,30.121],[-97.6957,30.1117],[-97.6949,30.1123],[-97.6969,30.1498],[-97.6878,30.183],[-97.6803,30.1763],[-97.6635,30.1703],[-97.6638,30.1679],[-97.6607,30.1663],[-97.6517,30.173],[-97.6466,30.1806],[-97.6396,30.1773],[-97.6372,30.1813],[-97.6403,30.1831],[-97.6373,30.1823],[-97.6338,30.1843],[-97.6323,30.1864],[-97.6324,30.1894],[-97.6294,30.1896],[-97.628,30.1884],[-97.6223,30.188],[-97.6211,30.1896],[-97.6189,30.1892],[-97.6158,30.1905],[-97.6164,30.1931],[-97.6137,30.1946],[-97.6134,30.1959],[-97.6156,30.1971],[-97.6147,30.1984],[-97.6156,30.1994],[-97.6198,30.2012],[-97.6189,30.2027],[-97.6195,30.2053],[-97.6171,30.207],[-97.6148,30.2064],[-97.6151,30.2043],[-97.6111,30.2041],[-97.6101,30.2003],[-97.6068,30.199],[-97.6001,30.2017],[-97.6,30.2056],[-97.599,30.2067],[-97.5934,30.2047],[-97.5907,30.2049],[-97.5841,30.208],[-97.5795,30.2133],[-97.5765,30.2143],[-97.5651,30.212],[-97.5612,30.2079],[-97.5571,30.2075],[-97.5548,30.209],[-97.5484,30.2164],[-97.5422,30.2199],[-97.5429,30.222],[-97.5416,30.226],[-97.5464,30.2344],[-97.5479,30.2351],[-97.5446,30.2363],[-97.5441,30.2402],[-97.5485,30.2413],[-97.5512,30.2406],[-97.5506,30.2423],[-97.5526,30.243],[-97.5557,30.2425],[-97.5564,30.2407],[-97.5581,30.2414],[-97.5588,30.2453],[-97.5598,30.2447],[-97.5608,30.2456],[-97.5602,30.247],[-97.5579,30.2468],[-97.5581,30.2481],[-97.5588,30.2491],[-97.5607,30.249],[-97.5547,30.2569],[-97.5324,30.2926],[-97.5298,30.2997],[-97.5266,30.3037],[-97.5225,30.3042],[-97.5206,30.3066],[-97.5174,30.3063],[-97.5151,30.308],[-97.5169,30.31],[-97.5146,30.317],[-97.505,30.3323],[-97.5108,30.334],[-97.5107,30.335],[-97.5006,30.3506],[-97.5381,30.3494],[-97.5327,30.3596],[-97.5316,30.3712],[-97.5291,30.3758]]]},"properties":{"GEOID":"4837","BASENAME":"37","NAME":"Congressional District 37","CD120":"37"}},
{"type":"Feature","geometry":{"type":"Polygon","coordinates":[[[-106.4439,32.0012],[-106.6185,32.0005],[-106.6194,31.9947],[-106.6236,31.991],[-106.6312,31.9898],[-106.6365,31.9857],[-106.6395,31.9803],[-106.6382,31.9768],[-106.6301,31.9713],[-106.6265,31.9707],[-106.6232,31.9729],[-106.6196,31.9716],[-106.6187,31.967],[-106.6194,31.9648],[-106.6243,31.9611],[-106.6255,31.9575],[-106.6251,31.9545],[-106.6228,31.9529],[-106.6177,31.956],[-106.6144,31.956],[-106.6143,31.9516],[-106.6153,31.949],[-106.6237,31.9455],[-106.6224,31.9409],[-106.6225,31.9349],[-106.6253,31.93],[-106.6297,31.9266],[-106.6287,31.9236],[-106.6239,31.9253],[-106.6129,31.9204],[-106.6161,31.9173],[-106.6188,31.9178],[-106.6259,31.9122],[-106.6337,31.9098],[-106.6408,31.9046],[-106.6455,31.8987],[-106.6453,31.8949],[-106.6429,31.8929],[-106.6382,31.8917],[-106.6339,31.8892],[-106.6307,31.8864],[-106.6292,31.8837],[-106.6309,31.8795],[-106.6349,31.8745],[-106.6359,31.8662],[-106.6282,31.8611],[-106.6258,31.8562],[-106.6148,31.8464],[-106.6062,31.8463],[-106.6017,31.8444],[-106.6014,31.8396],[-106.6034,31.8359],[-106.6053,31.8277],[-106.6028,31.825],[-106.5938,31.8249],[-106.5891,31.8227],[-106.5772,31.8104],[-106.5709,31.8102],[-106.5665,31.8134],[-106.5634,31.8127],[-106.563,31.8111],[-106.5471,31.8073],[-106.5442,31.8035],[-106.536,31.7985],[-106.5328,31.7924],[-106.5304,31.792],[-106.5274,31.79],[-106.5285,31.7814],[-106.521,31.7739],[-106.5136,31.7707],[-106.5102,31.7613],[-106.5063,31.7609],[-106.4898,31.7485],[-106.4849,31.7477],[-106.4735,31.7503],[-106.4707,31.7525],[-106.4689,31.7574],[-106.4669,31.7596],[-106.4551,31.7643],[-106.4521,31.7645],[-106.435,31.7551],[-106.4213,31.7528],[-106.4153,31.7508],[-106.3806,31.7316],[-106.3778,31.7278],[-106.3741,31.715],[-106.3723,31.7124],[-106.3513,31.6983],[-106.3491,31.696],[-106.3342,31.6629],[-106.3298,31.6585],[-106.3246,31.6501],[-106.3084,31.6302],[-106.3034,31.6222],[-106.3025,31.6104],[-106.2968,31.6007],[-106.2688,31.6077],[-106.2684,31.6065],[-106.2672,31.6068],[-106.2674,31.608],[-106.2622,31.6087],[-106.2618,31.6094],[-106.2536,31.6115],[-106.2442,31.6005],[-106.2432,31.601],[-106.2442,31.6026],[-106.2428,31.6026],[-106.2421,31.6015],[-106.2381,31.6034],[-106.2369,31.6021],[-106.2314,31.6049],[-106.2283,31.602],[-106.228,31.6],[-106.2236,31.6001],[-106.2255,31.6025],[-106.2247,31.606],[-106.226,31.6105],[-106.2181,31.6132],[-106.2175,31.6123],[-106.2149,31.6141],[-106.2152,31.6091],[-106.2128,31.6057],[-106.204,31.6107],[-106.1991,31.604],[-106.2038,31.6013],[-106.2025,31.5993],[-106.207,31.5988],[-106.2024,31.5943],[-106.1988,31.5977],[-106.1865,31.6044],[-106.1865,31.6057],[-106.1821,31.6063],[-106.1821,31.6053],[-106.1807,31.6055],[-106.1807,31.6081],[-106.1952,31.608],[-106.196,31.6093],[-106.1981,31.6093],[-106.1982,31.6685],[-106.2153,31.6685],[-106.2156,31.6943],[-106.2174,31.6943],[-106.2175,31.6958],[-106.2205,31.6958],[-106.2205,31.6973],[-106.2156,31.6973],[-106.2177,31.6974],[-106.2178,31.699],[-106.2119,31.699],[-106.2122,31.7012],[-106.2159,31.7065],[-106.2161,31.7261],[-106.1991,31.7261],[-106.2,31.8145],[-106.2001,31.8156],[-106.2051,31.8149],[-106.2046,31.8339],[-106.2656,31.8338],[-106.2657,31.8324],[-106.2732,31.8324],[-106.2729,31.8197],[-106.3208,31.8355],[-106.3571,31.8953],[-106.3646,31.8989],[-106.3886,31.8989],[-106.3706,31.9272],[-106.3739,31.9284],[-106.3894,31.9284],[-106.407,31.902],[-106.4073,31.9143],[-106.405,31.9148],[-106.4021,31.923],[-106.4075,31.9231],[-106.4076,31.9284],[-106.3916,31.9284],[-106.3908,31.9334],[-106.3949,31.9334],[-106.3994,31.9464],[-106.4114,31.937],[-106.4236,31.9307],[-106.4248,31.9364],[-106.4187,31.9372],[-106.42,31.9388],[-106.424,31.9384],[-106.4241,31.9391],[-106.4204,31.9401],[-106.4205,31.9422],[-106.4222,31.9423],[-106.4222,31.9407],[-106.4247,31.9399],[-106.4248,31.9432],[-106.4079,31.9434],[-106.4092,32.001],[-106.4439,32.0012]]]},"properties":{"GEOID":"4816","BASENAME":"16","NAME":"Congressional District 16","CD120":"16"}},
{"type":"Feature","geometry":{"type":"Polygon","coordinates":[[[-95.5968,30.1345],[-95.6008,30.1327],[-95.6022,30.1337],[-95.6025,30.1328],[-95.6029,30.1337],[-95.6055,30.1336],[-95.6061,30.1345],[-95.6232,30.1358],[-95.6255,30.1313],[-95.6247,30.1302],[-95.626,30.1289],[-95.624,30.1285],[-95.6239,30.1267],[-95.6262,30.1263],[-95.6274,30.1277],[-95.6295,30.1278],[-95.6348,30.1256],[-95.6369,30.1264],[-95.639,30.1224],[-95.6469,30.1187],[-95.6524,30.1139],[-95.653,30.1115],[-95.6545,30.111],[-95.654,30.1092],[-95.6588,30.1103],[-95.6589,30.1123],[-95.6616,30.1114],[-95.6614,30.1093],[-95.6673,30.1057],[-95.6676,30.1022],[-95.669,30.1014],[-95.6728,30.1016],[-95.6796,30.1059],[-95.6838,30.1074],[-95.6862,30.1066],[-95.6881,30.1036],[-95.6869,30.1034],[-95.687,30.1013],[-95.691,30.0988],[-95.6964,30.0993],[-95.7013,30.0985],[-95.7049,30.1021],[-95.707,30.1029],[-95.7128,30.1017],[-95.7146,30.1024],[-95.7172,30.0994],[-95.7227,30.1],[-95.725,30.0971],[-95.734,30.0935],[-95.7425,30.0966],[-95.7444,30.095],[-95.749,30.0958],[-95.7596,30.0901],[-95.7597,30.0878],[-95.7611,30.0864],[-95.7638,30.0871],[-95.7651,30.0885],[-95.7683,30.0886],[-95.7688,30.0876],[-95.7711,30.0875],[-95.7725,30.0902],[-95.7745,30.0912],[-95.7767,30.0907],[-95.7774,30.0897],[-95.7816,30.0904],[-95.7856,30.0939],[-95.789,30.0947],[-95.7889,30.092],[-95.7993,30.0901],[-95.801,30.0915],[-95.8093,30.0883],[-95.8096,30.0853],[-95.8132,30.0844],[-95.8125,30.0696],[-95.8158,30.0696],[-95.8151,29.9961],[-95.8091,29.9956],[-95.8083,29.9501],[-95.8037,29.9514],[-95.795,29.956],[-95.7801,29.9576],[-95.7764,29.9598],[-95.7755,29.9614],[-95.7722,29.9623],[-95.7696,29.9611],[-95.7694,29.9469],[-95.7638,29.9356],[-95.7615,29.9117],[-95.7541,29.9115],[-95.7532,29.9105],[-95.7519,29.9117],[-95.7504,29.9115],[-95.7504,29.9124],[-95.7324,29.9121],[-95.7297,29.9094],[-95.7236,29.9077],[-95.7178,29.9044],[-95.7067,29.9047],[-95.7043,29.9032],[-95.7037,29.9094],[-95.6986,29.9076],[-95.686,29.9085],[-95.6834,29.8906],[-95.6773,29.891],[-95.6757,29.8897],[-95.6752,29.8874],[-95.6715,29.8876],[-95.671,29.8898],[-95.6669,29.8903],[-95.6665,29.8876],[-95.6641,29.8896],[-95.6611,29.8883],[-95.657,29.8886],[-95.6561,29.8877],[-95.6524,29.8884],[-95.6496,29.8792],[-95.633,29.8793],[-95.6329,29.869],[-95.6254,29.8703],[-95.624,29.8696],[-95.6249,29.8655],[-95.6244,29.8618],[-95.6178,29.8522],[-95.6182,29.8486],[-95.623,29.8456],[-95.6225,29.8443],[-95.6238,29.8438],[-95.6241,29.8416],[-95.6262,29.8402],[-95.6249,29.8372],[-95.6261,29.8368],[-95.626,29.8343],[-95.6247,29.8338],[-95.6259,29.8317],[-95.6242,29.8287],[-95.6227,29.8283],[-95.6237,29.8271],[-95.6222,29.8247],[-95.6237,29.8244],[-95.6237,29.823],[-95.6252,29.8225],[-95.6254,29.82],[-95.6239,29.8195],[-95.625,29.8187],[-95.6249,29.8172],[-95.6268,29.8163],[-95.6273,29.8146],[-95.63,29.812],[-95.6302,29.8102],[-95.6342,29.8076],[-95.6346,29.8057],[-95.6333,29.8035],[-95.6318,29.8033],[-95.633,29.8007],[-95.6322,29.8],[-95.6335,29.7995],[-95.6319,29.7972],[-95.6333,29.7978],[-95.6339,29.7972],[-95.6316,29.7923],[-95.6264,29.7877],[-95.6177,29.7875],[-95.6173,29.7805],[-95.6213,29.7714],[-95.6185,29.7694],[-95.6191,29.7647],[-95.6121,29.7606],[-95.6062,29.7619],[-95.6061,29.7462],[-95.6041,29.7463],[-95.6041,29.7445],[-95.5929,29.745],[-95.5886,29.7436],[-95.5854,29.751],[-95.5894,29.7599],[-95.5855,29.7653],[-95.5809,29.7658],[-95.5784,29.767],[-95.5697,29.7621],[-95.5627,29.762],[-95.5596,29.7607],[-95.5583,29.7622],[-95.5577,29.7369],[-95.5389,29.7371],[-95.5384,29.7475],[-95.5348,29.7463],[-95.5314,29.7472],[-95.5294,29.7458],[-95.5284,29.7461],[-95.5285,29.7449],[-95.5266,29.7429],[-95.5231,29.743],[-95.523,29.7422],[-95.5216,29.7419],[-95.5212,29.7373],[-95.5142,29.7374],[-95.5139,29.7217],[-95.501,29.7228],[-95.5009,29.7375],[-95.4843,29.7377],[-95.486,29.7499],[-95.4613,29.7503],[-95.4584,29.7497],[-95.4566,29.7475],[-95.4604,29.729],[-95.4558,29.7303],[-95.4479,29.73],[-95.448,29.7325],[-95.4451,29.7326],[-95.4451,29.7335],[-95.4473,29.7335],[-95.4482,29.7416],[-95.4249,29.7421],[-95.425,29.7431],[-95.4223,29.7431],[-95.4223,29.7441],[-95.4192,29.7447],[-95.4106,29.7447],[-95.4107,29.7546],[-95.4084,29.7564],[-95.4088,29.7606],[-95.413,29.7624],[-95.4135,29.7601],[-95.416,29.7602],[-95.4183,29.7575],[-95.4203,29.7593],[-95.4223,29.7573],[-95.4242,29.7583],[-95.4252,29.7566],[-95.4283,29.7605],[-95.4273,29.7635],[-95.4338,29.7651],[-95.4397,29.7653],[-95.4482,29.7686],[-95.4415,29.7787],[-95.45,29.7788],[-95.454,29.7805],[-95.4521,29.7841],[-95.4523,29.7909],[-95.4513,29.795],[-95.4625,29.8032],[-95.5116,29.8026],[-95.5164,29.8035],[-95.5165,29.8094],[-95.514,29.8095],[-95.5141,29.8148],[-95.5169,29.8148],[-95.5175,29.8174],[-95.5215,29.8174],[-95.5215,29.8158],[-95.5262,29.8158],[-95.5263,29.8219],[-95.5165,29.8211],[-95.5072,29.8229],[-95.5071,29.824],[-95.5092,29.8239],[-95.5093,29.8327],[-95.5462,29.8322],[-95.5462,29.8444],[-95.5488,29.8445],[-95.5488,29.8502],[-95.5637,29.8503],[-95.5635,29.8683],[-95.5609,29.8714],[-95.5503,29.8764],[-95.5488,29.8792],[-95.5487,29.8841],[-95.55,29.8841],[-95.5503,29.8868],[-95.5496,29.8988],[-95.5518,29.9028],[-95.5575,29.9035],[-95.5659,29.9096],[-95.5732,29.9087],[-95.5846,29.91],[-95.5852,29.9668],[-95.5912,29.9672],[-95.5987,29.9736],[-95.5978,29.9739],[-95.5956,29.9724],[-95.5942,29.9749],[-95.5923,29.9733],[-95.5915,29.9746],[-95.5902,29.9729],[-95.5887,29.9737],[-95.588,29.9748],[-95.5887,29.9771],[-95.5863,29.9802],[-95.587,29.982],[-95.5845,29.9841],[-95.5852,29.986],[-95.584,29.9874],[-95.5826,29.9863],[-95.5794,29.9881],[-95.573,29.9852],[-95.5697,29.986],[-95.5668,29.9845],[-95.5651,29.9846],[-95.5595,29.9866],[-95.5605,29.9904],[-95.5585,29.9908],[-95.5582,29.9917],[-95.5557,29.9918],[-95.5556,29.9932],[-95.5541,29.9922],[-95.5509,29.9932],[-95.5497,29.993],[-95.5495,29.9907],[-95.5478,29.9883],[-95.5455,29.9871],[-95.5366,29.9929],[-95.5353,29.9928],[-95.5341,29.9944],[-95.5321,29.9945],[-95.5326,29.9964],[-95.5248,30.0021],[-95.5223,30.0023],[-95.5201,30.0058],[-95.5181,30.0062],[-95.514,30.0048],[-95.5105,30.0095],[-95.5038,30.0094],[-95.5017,30.0085],[-95.5012,30.0116],[-95.4987,30.0115],[-95.4967,30.0133],[-95.4996,30.0143],[-95.4984,30.0158],[-95.4997,30.019],[-95.5033,30.0198],[-95.5062,30.0222],[-95.5085,30.026],[-95.5072,30.0302],[-95.4886,30.0404],[-95.496,30.0585],[-95.4967,30.0835],[-95.4996,30.0831],[-95.4996,30.088],[-95.5039,30.088],[-95.5035,30.0935],[-95.5042,30.0948],[-95.5035,30.0962],[-95.5068,30.0969],[-95.5069,30.1179],[-95.5049,30.1369],[-95.5628,30.1366],[-95.5625,30.1313],[-95.5657,30.1312],[-95.5666,30.1302],[-95.5742,30.1299],[-95.5746,30.1518],[-95.5775,30.1501],[-95.5805,30.15],[-95.5822,30.1475],[-95.5842,30.1467],[-95.5855,30.142],[-95.5882,30.1378],[-95.5906,30.1359],[-95.5911,30.1366],[-95.5919,30.1356],[-95.5942,30.1356],[-95.5943,30.1343],[-95.5949,30.1351],[-95.5962,30.1338],[-95.5968,30.1345]]]},"properties":{"GEOID":"4838","BASENAME":"38","NAME":"Congressional District 38","CD120":"38"}},
{"type":"Feature","geometry":{"type":"Polygon","coordinates":[[[-98.0055,32.0179],[-97.7664,31.6725],[-97.6898,31.711],[-97.6183,31.6064],[-97.4186,31.3202],[-97.373,31.274],[-97.3912,31.234],[-97.4127,31.1777],[-97.368,31.1653],[-97.369,31.1608],[-97.3651,31.1597],[-97.3613,31.1616],[-97.3544,31.1595],[-97.3644,31.1328],[-97.372,31.1349],[-97.3794,31.1154],[-97.3595,31.1027],[-97.3647,31.0975],[-97.3586,31.0948],[-97.3539,31.0945],[-97.3542,31.0936],[-97.3532,31.0934],[-97.3557,31.0867],[-97.3623,31.0886],[-97.3639,31.0839],[-97.3503,31.0802],[-97.3529,31.0733],[-97.3506,31.0728],[-97.3487,31.0695],[-97.3328,31.0572],[-97.3262,31.0501],[-97.3399,31.0538],[-97.3482,31.0328],[-97.3344,31.0288],[-97.3358,31.0195],[-97.3319,31.0184],[-97.333,31.0154],[-97.3243,31.0131],[-97.3263,30.994],[-97.3151,30.9909],[-97.3223,30.9735],[-97.3203,30.9693],[-97.3164,30.9687],[-97.3181,30.9622],[-97.317,30.9572],[-97.3141,30.9536],[-97.3124,30.9475],[-97.3165,30.9462],[-97.3206,30.9428],[-97.3275,30.9424],[-97.3308,30.9398],[-97.3282,30.9388],[-97.3261,30.9402],[-97.3222,30.9368],[-97.3271,30.9342],[-97.3281,30.9326],[-97.3202,30.9299],[-97.3226,30.9278],[-97.3247,30.9293],[-97.327,30.9275],[-97.325,30.9247],[-97.3203,30.9263],[-97.3186,30.9237],[-97.322,30.9223],[-97.3134,30.92],[-97.3157,30.9183],[-97.318,30.9183],[-97.3204,30.9137],[-97.324,30.9145],[-97.3257,30.9122],[-97.3238,30.9114],[-97.3228,30.9094],[-97.3202,30.9086],[-97.323,30.9064],[-97.3207,30.9036],[-97.3222,30.9016],[-97.3201,30.8987],[-97.3206,30.8967],[-97.3169,30.8954],[-97.3157,30.893],[-97.3135,30.8944],[-97.3118,30.8929],[-97.3092,30.8937],[-97.3084,30.8931],[-97.3083,30.8905],[-97.3059,30.8908],[-97.3044,30.8921],[-97.3018,30.8899],[-97.3037,30.8885],[-97.3074,30.8895],[-97.3102,30.8888],[-97.3107,30.8876],[-97.3095,30.8864],[-97.309,30.8822],[-97.3059,30.8805],[-97.3038,30.8818],[-97.3001,30.8813],[-97.2957,30.8823],[-97.2944,30.8803],[-97.296,30.8776],[-97.2911,30.8783],[-97.2892,30.8773],[-97.2873,30.8744],[-97.2843,30.8727],[-97.285,30.8693],[-97.2828,30.869],[-97.2818,30.8669],[-97.2799,30.8672],[-97.2798,30.865],[-97.2773,30.864],[-97.2759,30.8667],[-97.277,30.869],[-97.2723,30.8705],[-97.2698,30.8777],[-97.2685,30.8783],[-97.2674,30.8758],[-97.2651,30.8749],[-97.3155,30.7524],[-97.2699,30.7354],[-97.2212,30.6178],[-97.2499,30.6109],[-97.2992,30.5965],[-97.3077,30.6152],[-97.3129,30.6135],[-97.3121,30.611],[-97.3129,30.6086],[-97.3271,30.6042],[-97.328,30.6063],[-97.3741,30.5916],[-97.3811,30.5893],[-97.3809,30.5883],[-97.3794,30.5882],[-97.3797,30.5869],[-97.4061,30.5788],[-97.4055,30.5729],[-97.41,30.5735],[-97.4103,30.5762],[-97.4114,30.5761],[-97.4115,30.577],[-97.4137,30.5768],[-97.4138,30.5777],[-97.4105,30.578],[-97.4131,30.5926],[-97.4216,30.59],[-97.4222,30.5915],[-97.4256,30.5904],[-97.4247,30.589],[-97.4304,30.5872],[-97.429,30.5839],[-97.4314,30.5824],[-97.4293,30.5775],[-97.4303,30.5772],[-97.4299,30.5763],[-97.4277,30.577],[-97.428,30.5748],[-97.4263,30.5753],[-97.4259,30.5744],[-97.4266,30.5724],[-97.4287,30.5725],[-97.429,30.5681],[-97.4368,30.5677],[-97.4713,30.556],[-97.5887,30.5357],[-97.5889,30.5311],[-97.5924,30.5315],[-97.596,30.5296],[-97.5981,30.5301],[-97.6012,30.5293],[-97.6009,30.5194],[-97.599,30.5195],[-97.5981,30.518],[-97.5901,30.5181],[-97.5901,30.5085],[-97.5982,30.5084],[-97.5982,30.5042],[-97.6022,30.5041],[-97.6022,30.5053],[-97.6058,30.5053],[-97.6058,30.5074],[-97.6133,30.5074],[-97.6135,30.5067],[-97.6135,30.5084],[-97.6253,30.5073],[-97.6297,30.5089],[-97.6382,30.5083],[-97.6418,30.5145],[-97.6457,30.5152],[-97.6458,30.5196],[-97.6572,30.5176],[-97.6523,30.5287],[-97.6594,30.5281],[-97.6595,30.5353],[-97.652,30.5354],[-97.6522,30.532],[-97.6506,30.542],[-97.6474,30.5504],[-97.653,30.549],[-97.6524,30.5482],[-97.6547,30.5455],[-97.6586,30.5441],[-97.6597,30.5469],[-97.6636,30.5457],[-97.6652,30.5473],[-97.6675,30.5551],[-97.6766,30.5518],[-97.6804,30.5616],[-97.6927,30.5582],[-97.6922,30.5354],[-97.6913,30.535],[-97.6866,30.513],[-97.6929,30.5123],[-97.7008,30.5141],[-97.706,30.5211],[-97.71,30.5229],[-97.7145,30.5225],[-97.7184,30.5254],[-97.722,30.526],[-97.7241,30.5314],[-97.7339,30.5319],[-97.748,30.538],[-97.7583,30.5394],[-97.7635,30.5512],[-97.7686,30.556],[-97.7741,30.5645],[-97.7804,30.5719],[-97.7812,30.5737],[-97.7808,30.577],[-97.7849,30.5765],[-97.7872,30.5793],[-97.7903,30.5807],[-97.7971,30.5879],[-97.8005,30.59],[-97.8046,30.5905],[-97.8085,30.5874],[-97.8113,30.5939],[-97.8122,30.5935],[-97.813,30.5953],[-97.8149,30.5947],[-97.8117,30.5876],[-97.8137,30.5852],[-97.8187,30.5826],[-97.8261,30.5838],[-97.8275,30.5871],[-97.8298,30.5863],[-97.8289,30.5842],[-97.8351,30.5843],[-97.8367,30.5881],[-97.8547,30.5831],[-97.8608,30.5802],[-97.8968,30.5688],[-97.9001,30.5689],[-97.8962,30.5649],[-97.8928,30.5652],[-97.8915,30.5665],[-97.8887,30.5652],[-97.8877,30.5566],[-97.8834,30.553],[-97.8823,30.5538],[-97.8679,30.5465],[-97.8714,30.5227],[-97.8672,30.5173],[-97.8597,30.5123],[-97.8558,30.5074],[-97.8561,30.5028],[-97.8622,30.4973],[-97.8459,30.4756],[-97.8466,30.4734],[-97.8266,30.4575],[-97.8263,30.456],[-97.8231,30.4534],[-97.8119,30.447],[-97.7973,30.4469],[-97.7907,30.4487],[-97.7883,30.4452],[-97.7794,30.4394],[-97.7734,30.4414],[-97.7702,30.4432],[-97.7695,30.4475],[-97.7671,30.4501],[-97.7622,30.4516],[-97.7624,30.4523],[-97.759,30.4541],[-97.7576,30.4529],[-97.7567,30.4555],[-97.756,30.4548],[-97.7527,30.456],[-97.7553,30.4618],[-97.7588,30.4647],[-97.7586,30.4684],[-97.7561,30.4724],[-97.7504,30.4692],[-97.7476,30.4692],[-97.7449,30.4706],[-97.7443,30.4727],[-97.7423,30.4742],[-97.7389,30.4733],[-97.7379,30.4775],[-97.7333,30.479],[-97.7275,30.4778],[-97.7148,30.4801],[-97.7053,30.4775],[-97.6985,30.4878],[-97.6826,30.5028],[-97.6775,30.493],[-97.6737,30.4941],[-97.6733,30.4909],[-97.671,30.4918],[-97.6722,30.4945],[-97.6645,30.4963],[-97.6035,30.4972],[-97.5962,30.5015],[-97.5933,30.5004],[-97.5913,30.5009],[-97.5906,30.4972],[-97.5809,30.5009],[-97.5683,30.4997],[-97.5689,30.4962],[-97.5638,30.4956],[-97.5635,30.4918],[-97.553,30.4903],[-97.5493,30.4811],[-97.5501,30.4765],[-97.5461,30.4754],[-97.5431,30.4792],[-97.5441,30.4796],[-97.5282,30.4754],[-97.524,30.4722],[-97.5224,30.4764],[-97.5109,30.4853],[-97.5048,30.4811],[-97.5026,30.4806],[-97.5013,30.4773],[-97.4887,30.4731],[-97.4864,30.4695],[-97.4801,30.4704],[-97.4765,30.4691],[-97.4755,30.4671],[-97.4713,30.467],[-97.4669,30.4652],[-97.4639,30.4606],[-97.4598,30.4583],[-97.4534,30.4613],[-97.4456,30.4614],[-97.4449,30.4561],[-97.4418,30.4553],[-97.4395,30.4603],[-97.4373,30.4608],[-97.4341,30.4597],[-97.4333,30.4529],[-97.4271,30.4522],[-97.4251,30.4491],[-97.4253,30.4478],[-97.4243,30.4477],[-97.4219,30.4443],[-97.4153,30.4383],[-97.4088,30.4382],[-97.4062,30.4423],[-97.4028,30.4401],[-97.3955,30.4378],[-97.393,30.4388],[-97.3915,30.4369],[-97.3925,30.4344],[-97.3876,30.4334],[-97.3869,30.4299],[-97.3848,30.429],[-97.3833,30.426],[-97.3834,30.4241],[-97.3794,30.4239],[-97.3777,30.4224],[-97.3768,30.4192],[-97.3735,30.4177],[-97.3695,30.4196],[-97.3345,30.4028],[-97.1552,30.4573],[-97.007,30.535],[-96.6213,30.7308],[-96.6182,30.7286],[-96.604,30.7293],[-96.597,30.7274],[-96.5942,30.7226],[-96.597,30.7175],[-96.5962,30.7153],[-96.5704,30.7029],[-96.5679,30.6997],[-96.567,30.6957],[-96.4576,30.7445],[-96.4388,30.774],[-96.4229,30.7935],[-96.4191,30.8055],[-96.4101,30.8258],[-96.3985,30.8405],[-96.391,30.8545],[-96.3874,30.864],[-96.3825,30.8705],[-96.3656,30.8845],[-96.3622,30.8963],[-96.3528,30.9064],[-96.3495,30.9113],[-96.3363,30.9217],[-96.3046,30.941],[-96.2815,30.9526],[-96.2622,30.9647],[-96.241,30.9737],[-96.2426,30.9775],[-96.2401,30.9772],[-96.2403,30.9789],[-96.2416,30.9789],[-96.2402,30.9817],[-96.241,30.9828],[-96.2396,30.9831],[-96.2401,30.9848],[-96.2376,30.9855],[-96.2396,30.9882],[-96.2395,30.9898],[-96.238,30.9897],[-96.2384,30.9941],[-96.2374,30.9946],[-96.2366,30.9938],[-96.2351,30.9952],[-96.2383,30.9977],[-96.2425,30.998],[-96.2443,30.9997],[-96.2464,30.9981],[-96.246,31.0009],[-96.247,31.0026],[-96.2458,31.0052],[-96.2472,31.0062],[-96.2479,31.0046],[-96.2486,31.0054],[-96.2515,31.0052],[-96.2585,31.0074],[-96.2597,31.006],[-96.2605,31.0065],[-96.2602,31.0151],[-96.2581,31.0157],[-96.2581,31.0199],[-96.2569,31.0212],[-96.2584,31.023],[-96.2559,31.0241],[-96.2555,31.0282],[-96.254,31.0277],[-96.2526,31.0296],[-96.253,31.031],[-96.2514,31.0328],[-96.2498,31.0324],[-96.2488,31.0335],[-96.2488,31.0352],[-96.2474,31.0369],[-96.2498,31.0377],[-96.2482,31.0388],[-96.249,31.0395],[-96.2486,31.0412],[-96.2472,31.0412],[-96.2474,31.0433],[-96.2438,31.045],[-96.2434,31.044],[-96.2417,31.0447],[-96.2416,31.0477],[-96.24,31.0476],[-96.2401,31.0484],[-96.2466,31.0516],[-96.2452,31.0528],[-96.2454,31.054],[-96.2432,31.0547],[-96.2444,31.0565],[-96.2416,31.0571],[-96.2442,31.0594],[-96.2434,31.0617],[-96.2469,31.0625],[-96.2461,31.0611],[-96.248,31.0606],[-96.2493,31.0633],[-96.2508,31.0632],[-96.2515,31.0651],[-96.2531,31.0641],[-96.2531,31.0664],[-96.2555,31.0655],[-96.2554,31.0676],[-96.2571,31.0693],[-96.2547,31.0722],[-96.2527,31.0718],[-96.2529,31.073],[-96.2565,31.0742],[-96.258,31.076],[-96.2606,31.0771],[-96.2607,31.0746],[-96.262,31.0776],[-96.2633,31.0766],[-96.2656,31.0787],[-96.2689,31.0777],[-96.2722,31.0811],[-96.2713,31.0822],[-96.2723,31.0845],[-96.2775,31.0877],[-96.2774,31.092],[-96.2801,31.0941],[-96.2808,31.0961],[-96.2793,31.098],[-96.2797,31.101],[-96.2782,31.1032],[-96.2795,31.1033],[-96.2779,31.1057],[-96.2788,31.106],[-96.2782,31.1082],[-96.2792,31.1084],[-96.2781,31.1101],[-96.2771,31.11],[-96.2768,31.112],[-96.2786,31.1137],[-96.2769,31.1147],[-96.2769,31.1162],[-96.2828,31.1194],[-96.2837,31.1253],[-96.2854,31.1252],[-96.2857,31.1274],[-96.2895,31.1317],[-96.2912,31.1314],[-96.2912,31.133],[-96.2928,31.1331],[-96.2931,31.135],[-96.2917,31.1357],[-96.2944,31.1388],[-96.2933,31.1404],[-96.2947,31.1411],[-96.2959,31.1399],[-96.2992,31.148],[-96.2982,31.1525],[-96.299,31.1533],[-96.2975,31.156],[-96.299,31.1561],[-96.3006,31.1587],[-96.2995,31.1591],[-96.3007,31.1608],[-96.3003,31.1628],[-96.3018,31.1638],[-96.301,31.1646],[-96.2994,31.1641],[-96.2989,31.1661],[-96.3001,31.1674],[-96.2988,31.1678],[-96.299,31.172],[-96.2968,31.1751],[-96.2995,31.1753],[-96.2987,31.1757],[-96.299,31.1771],[-96.3015,31.179],[-96.2971,31.1814],[-96.2994,31.1842],[-96.3024,31.1861],[-96.3031,31.1906],[-96.3052,31.1922],[-96.3045,31.193],[-96.3055,31.1955],[-96.3078,31.1962],[-96.3078,31.1975],[-96.3097,31.1971],[-96.3117,31.1981],[-96.3117,31.1996],[-96.3105,31.2],[-96.3113,31.2009],[-96.3099,31.2008],[-96.3103,31.2027],[-96.3091,31.2042],[-96.3093,31.2049],[-96.3113,31.2049],[-96.3106,31.2078],[-96.3119,31.2087],[-96.3105,31.211],[-96.3111,31.2134],[-96.3098,31.2138],[-96.3109,31.2148],[-96.3104,31.2172],[-96.3135,31.2196],[-96.3146,31.2194],[-96.3145,31.2182],[-96.3161,31.2186],[-96.3172,31.2202],[-96.3183,31.2197],[-96.3177,31.2218],[-96.3195,31.2224],[-96.3174,31.2234],[-96.318,31.2243],[-96.3171,31.2261],[-96.314,31.2289],[-96.3174,31.2321],[-96.3159,31.2329],[-96.318,31.2359],[-96.3199,31.2367],[-96.3193,31.2379],[-96.3208,31.2426],[-96.322,31.2425],[-96.3288,31.2463],[-96.3281,31.2484],[-96.3299,31.2491],[-96.329,31.2504],[-96.3297,31.2523],[-96.3311,31.2522],[-96.3293,31.2574],[-96.3263,31.2596],[-96.3249,31.262],[-96.3238,31.2605],[-96.3255,31.2597],[-96.3238,31.2579],[-96.3221,31.2569],[-96.3205,31.2582],[-96.3205,31.2599],[-96.3188,31.2604],[-96.3168,31.2633],[-96.3173,31.2649],[-96.3147,31.2658],[-96.3158,31.2668],[-96.3144,31.2675],[-96.3148,31.2706],[-96.3138,31.271],[-96.3178,31.2729],[-96.3162,31.2773],[-96.3221,31.2829],[-96.323,31.282],[-96.325,31.2825],[-96.3263,31.2849],[-96.3276,31.2848],[-96.328,31.2865],[-96.327,31.2897],[-96.3281,31.2912],[-96.3264,31.2931],[-96.3272,31.2957],[-96.3283,31.2956],[-96.3286,31.2986],[-96.3254,31.3008],[-96.3231,31.2992],[-96.3217,31.2993],[-96.321,31.2978],[-96.3208,31.2997],[-96.3198,31.2997],[-96.3185,31.3017],[-96.3173,31.3016],[-96.3191,31.3041],[-96.321,31.3045],[-96.3227,31.3062],[-96.326,31.312],[-96.3254,31.3132],[-96.3248,31.3123],[-96.323,31.3129],[-96.3231,31.3145],[-96.3207,31.3162],[-96.3222,31.3169],[-96.3221,31.3181],[-96.319,31.3203],[-96.3172,31.3233],[-96.3172,31.3255],[-96.3201,31.3259],[-96.3182,31.3282],[-96.3203,31.3309],[-96.3185,31.3334],[-96.3194,31.3361],[-96.3158,31.3385],[-96.3162,31.3397],[-96.3147,31.3424],[-96.3162,31.3428],[-96.3169,31.3443],[-96.3162,31.3469],[-96.3184,31.3467],[-96.3199,31.3505],[-96.3191,31.3578],[-96.3171,31.362],[-96.3179,31.3647],[-96.3186,31.3644],[-96.3191,31.3658],[-96.3191,31.3679],[-96.3225,31.3712],[-96.3229,31.3741],[-96.0001,31.522],[-95.7873,31.6184],[-95.7889,31.622],[-95.7886,31.6271],[-95.7951,31.6286],[-95.7967,31.6321],[-95.7945,31.6396],[-95.7895,31.6475],[-95.7906,31.653],[-95.7941,31.6603],[-95.7903,31.6637],[-95.7905,31.6686],[-95.7894,31.6713],[-95.7844,31.6759],[-95.7797,31.6839],[-95.7809,31.6854],[-95.7882,31.6875],[-95.7876,31.6926],[-95.7892,31.692],[-95.7908,31.6895],[-95.7926,31.6819],[-95.7949,31.6787],[-95.7952,31.6752],[-95.8009,31.675],[-95.8057,31.6711],[-95.8082,31.6716],[-95.8106,31.6735],[-95.8199,31.6867],[-95.8243,31.6869],[-95.8337,31.6951],[-95.8448,31.6959],[-95.8499,31.6977],[-95.8528,31.6978],[-95.8552,31.6965],[-95.8588,31.6901],[-95.862,31.6873],[-95.8649,31.6918],[-95.8743,31.6939],[-95.8765,31.6981],[-95.8798,31.6996],[-95.8809,31.7013],[-95.88,31.7035],[-95.8763,31.7022],[-95.8749,31.7029],[-95.8778,31.7084],[-95.8757,31.7117],[-95.8761,31.7161],[-95.8752,31.7188],[-95.8706,31.7199],[-95.8671,31.7182],[-95.8666,31.7188],[-95.8665,31.7224],[-95.869,31.7251],[-95.8669,31.7281],[-95.8689,31.732],[-95.87,31.7391],[-95.8714,31.7396],[-95.875,31.7384],[-95.8751,31.7361],[-95.8771,31.7326],[-95.8795,31.733],[-95.881,31.7351],[-95.8803,31.7405],[-95.8756,31.7434],[-95.8731,31.7439],[-95.8688,31.7414],[-95.8668,31.742],[-95.8688,31.746],[-95.8714,31.7453],[-95.8727,31.7459],[-95.8747,31.7547],[-95.8775,31.7561],[-95.8827,31.7564],[-95.886,31.7578],[-95.8906,31.7565],[-95.8939,31.7587],[-95.8971,31.7572],[-95.8988,31.7526],[-95.9001,31.7521],[-95.9019,31.7548],[-95.9006,31.7588],[-95.9033,31.7618],[-95.9027,31.7626],[-95.9002,31.7614],[-95.8985,31.7619],[-95.8965,31.7653],[-95.8973,31.7668],[-95.9031,31.7676],[-95.9074,31.7657],[-95.9115,31.7664],[-95.9149,31.7656],[-95.9203,31.7686],[-95.9219,31.7666],[-95.9246,31.7659],[-95.93,31.7715],[-95.931,31.7744],[-95.9323,31.774],[-95.9329,31.7708],[-95.9347,31.7696],[-95.9363,31.7705],[-95.939,31.7747],[-95.9526,31.7758],[-95.954,31.781],[-95.9605,31.7826],[-95.9607,31.7871],[-95.9628,31.7894],[-95.9674,31.7881],[-95.9743,31.7884],[-95.9789,31.7841],[-95.9806,31.7846],[-95.9836,31.788],[-95.9831,31.7908],[-95.9796,31.7944],[-95.9767,31.8005],[-95.975,31.8119],[-95.9768,31.8152],[-95.973,31.8199],[-95.9764,31.8216],[-95.9772,31.8231],[-95.9785,31.8343],[-95.9844,31.8369],[-95.987,31.8401],[-95.9922,31.8397],[-95.9945,31.8441],[-95.9905,31.8491],[-95.9876,31.8588],[-95.9845,31.8612],[-95.9804,31.862],[-95.9769,31.8705],[-95.9739,31.8721],[-95.9691,31.8706],[-95.9679,31.8713],[-95.9681,31.8725],[-95.97,31.8745],[-95.9703,31.8772],[-95.9773,31.8775],[-95.9876,31.8731],[-95.9893,31.876],[-95.9909,31.8762],[-95.9916,31.8741],[-95.9882,31.8716],[-95.9891,31.8687],[-95.9899,31.8681],[-95.9921,31.8688],[-95.9941,31.8663],[-95.9975,31.8681],[-96.0008,31.8685],[-96.001,31.8723],[-96.0047,31.8723],[-96.0052,31.8748],[-96.004,31.8773],[-96.0069,31.8812],[-96.0192,31.8718],[-96.0243,31.8731],[-96.0276,31.8779],[-96.0267,31.8862],[-96.0237,31.8954],[-96.0213,31.8986],[-96.0197,31.9036],[-96.0159,31.9028],[-96.0138,31.9109],[-96.0111,31.9109],[-96.0083,31.9053],[-96.0074,31.9055],[-96.007,31.9084],[-96.0028,31.9062],[-96.0015,31.9068],[-96.0014,31.9082],[-96.0047,31.916],[-96.0043,31.9191],[-96.0066,31.9177],[-96.0083,31.9185],[-96.0063,31.9247],[-96.01,31.9284],[-96.0134,31.9299],[-96.0105,31.9341],[-96.0164,31.9347],[-96.0209,31.9382],[-96.0199,31.9402],[-96.0168,31.9423],[-96.0145,31.9461],[-96.0159,31.9485],[-96.0193,31.9491],[-96.0207,31.9506],[-96.0194,31.9546],[-96.0219,31.9573],[-96.029,31.9579],[-96.03,31.9573],[-96.0295,31.9552],[-96.031,31.954],[-96.0343,31.9526],[-96.0408,31.9521],[-96.0409,31.9509],[-96.0374,31.9491],[-96.0415,31.9449],[-96.0425,31.9453],[-96.0438,31.9495],[-96.0462,31.9518],[-96.0508,31.9487],[-96.054,31.9479],[-96.0569,31.953],[-96.0619,31.9554],[-96.0619,31.9596],[-96.0605,31.9605],[-96.0575,31.9598],[-96.0559,31.9636],[-96.0517,31.964],[-96.0504,31.9612],[-96.045,31.9598],[-96.0438,31.9603],[-96.0429,31.9628],[-96.0472,31.9658],[-96.0458,31.9689],[-96.0464,31.9702],[-96.0505,31.9695],[-96.0541,31.9705],[-96.0557,31.9726],[-96.0545,31.9752],[-96.0609,31.9752],[-96.0617,31.9778],[-96.0648,31.9807],[-96.063,31.9821],[-96.0609,31.9868],[-96.0597,31.9874],[-96.0569,31.987],[-96.0567,31.9909],[-96.049,31.9972],[-96.0521,32.0022],[-96.0529,32.0082],[-96.0548,32.0125],[-96.3357,31.876],[-96.4967,31.7962],[-96.7191,31.8149],[-96.8461,31.9994],[-96.8962,32.074],[-96.9407,32.0521],[-97.087,32.2668],[-97.087,32.2653],[-97.1334,32.2547],[-97.1619,32.2503],[-97.1822,32.2458],[-97.1825,32.258],[-97.192,32.272],[-97.1965,32.2701],[-97.2012,32.277],[-97.2122,32.2701],[-97.2175,32.269],[-97.2176,32.2707],[-97.2352,32.2962],[-97.2488,32.3013],[-97.2748,32.317],[-97.2871,32.3221],[-97.3157,32.3366],[-97.3254,32.3372],[-97.3563,32.3455],[-97.3623,32.346],[-97.3607,32.3435],[-97.3643,32.3419],[-97.3635,32.3408],[-97.3655,32.3402],[-97.3678,32.343],[-97.3735,32.3401],[-97.3692,32.3333],[-97.3803,32.3279],[-97.3805,32.3387],[-97.3837,32.3369],[-97.384,32.3376],[-97.3914,32.3343],[-97.3917,32.3352],[-97.3944,32.3346],[-97.396,32.3389],[-97.4178,32.3279],[-97.4227,32.3351],[-97.4314,32.3312],[-97.4369,32.3304],[-97.4408,32.3274],[-97.458,32.3196],[-97.4556,32.3147],[-97.456,32.3037],[-97.4525,32.2978],[-97.452,32.2951],[-97.4539,32.2918],[-97.4614,32.2879],[-97.4637,32.2851],[-97.4648,32.2746],[-97.4668,32.2727],[-97.497,32.2574],[-97.5035,32.2463],[-97.5084,32.2423],[-97.5089,32.2405],[-97.5091,32.2415],[-97.5102,32.2409],[-97.5094,32.2398],[-97.5061,32.2398],[-97.5051,32.2369],[-97.5018,32.2354],[-97.4994,32.2326],[-97.4987,32.2309],[-97.5002,32.2286],[-97.4986,32.2269],[-97.4987,32.2221],[-97.4969,32.2191],[-97.4975,32.2166],[-97.4965,32.2128],[-97.4943,32.2116],[-97.493,32.2071],[-97.4902,32.2041],[-97.4891,32.1995],[-97.4858,32.1966],[-97.4875,32.1931],[-97.4869,32.1913],[-97.4891,32.1892],[-97.4888,32.1885],[-97.488,32.1889],[-97.4876,32.1871],[-97.4909,32.1822],[-97.4875,32.1711],[-97.4945,32.1646],[-97.503,32.1628],[-97.5085,32.1634],[-97.5125,32.1609],[-97.5138,32.1556],[-97.5127,32.1486],[-97.511,32.1437],[-97.508,32.1394],[-97.5096,32.1361],[-97.5125,32.1342],[-97.5157,32.1338],[-97.5247,32.1356],[-97.5377,32.1405],[-97.5534,32.1493],[-97.5683,32.1502],[-97.5707,32.1539],[-97.565,32.1606],[-97.5647,32.1624],[-97.5678,32.1666],[-97.5675,32.1742],[-97.5706,32.1787],[-97.5746,32.1808],[-97.5786,32.1808],[-97.5929,32.1744],[-97.5959,32.174],[-97.601,32.1753],[-97.6023,32.1766],[-97.6014,32.1801],[-97.5922,32.1848],[-97.5901,32.1878],[-97.5904,32.1957],[-97.5941,32.2016],[-97.5998,32.2042],[-97.6145,32.2035],[-97.626,32.204],[-97.6309,32.2074],[-97.6997,32.171],[-97.7404,32.1511],[-97.8515,32.094],[-98.0055,32.0179]]]},"properties":{"GEOID":"4817","BASENAME":"17","NAME":"Congressional District 17","CD120":"17"}},
{"type":"Feature","geometry":{"type":"Polygon","coordinates":[[[-95.5828,29.5806],[-95.5696,29.5715],[-95.5646,29.5659],[-95.5638,29.5676],[-95.564,29.5759],[-95.5592,29.5759],[-95.5588,29.5766],[-95.5522,29.5762],[-95.5493,29.5772],[-95.5472,29.5735],[-95.5431,29.5733],[-95.5401,29.5708],[-95.5403,29.5688],[-95.5414,29.5686],[-95.539,29.5666],[-95.5385,29.5648],[-95.5394,29.5616],[-95.5504,29.5618],[-95.5511,29.5612],[-95.5502,29.5604],[-95.5504,29.5585],[-95.5551,29.555],[-95.5449,29.5408],[-95.5364,29.5398],[-95.506,29.5306],[-95.4611,29.5073],[-95.4597,29.508],[-95.4596,29.507],[-95.4554,29.5071],[-95.4554,29.5061],[-95.4539,29.5062],[-95.4539,29.5035],[-95.4463,29.4996],[-95.4353,29.5399],[-95.4242,29.5807],[-95.4171,29.5833],[-95.4039,29.5818],[-95.3961,29.5827],[-95.3929,29.5816],[-95.3884,29.5856],[-95.3857,29.5856],[-95.384,29.5869],[-95.3759,29.5884],[-95.3682,29.5847],[-95.3644,29.5859],[-95.3603,29.5849],[-95.3562,29.587],[-95.3526,29.5854],[-95.3491,29.5865],[-95.3464,29.5856],[-95.3443,29.5873],[-95.3444,29.5891],[-95.3406,29.5934],[-95.3374,29.5939],[-95.3373,29.5951],[-95.3321,29.599],[-95.3254,29.598],[-95.3223,29.5967],[-95.3196,29.5983],[-95.3179,29.5979],[-95.3177,29.6209],[-95.3047,29.6209],[-95.3149,29.655],[-95.3126,29.6553],[-95.3113,29.6572],[-95.3088,29.6579],[-95.3072,29.661],[-95.3043,29.6636],[-95.298,29.667],[-95.2969,29.6718],[-95.2929,29.673],[-95.2912,29.6713],[-95.2891,29.674],[-95.2933,29.6805],[-95.3064,29.6776],[-95.3074,29.681],[-95.3217,29.6777],[-95.3333,29.7157],[-95.3325,29.7186],[-95.314,29.7372],[-95.3029,29.7539],[-95.3048,29.7558],[-95.3083,29.7546],[-95.313,29.7555],[-95.3157,29.7547],[-95.32,29.7561],[-95.3155,29.7647],[-95.3141,29.7642],[-95.3125,29.7653],[-95.3124,29.7865],[-95.3119,29.7874],[-95.2884,29.7882],[-95.2882,29.7808],[-95.2873,29.7817],[-95.284,29.7819],[-95.2838,29.7679],[-95.2797,29.768],[-95.2783,29.7667],[-95.2782,29.7606],[-95.2794,29.7591],[-95.2795,29.7555],[-95.2812,29.7541],[-95.2811,29.7486],[-95.2538,29.7304],[-95.2543,29.7575],[-95.2516,29.7576],[-95.2517,29.7599],[-95.2559,29.7599],[-95.2561,29.7682],[-95.2511,29.7675],[-95.2513,29.7733],[-95.2591,29.7734],[-95.259,29.7686],[-95.2654,29.7696],[-95.2635,29.7802],[-95.2672,29.7902],[-95.2702,29.7958],[-95.2801,29.8025],[-95.1852,29.8437],[-95.1863,29.8485],[-95.1872,29.8709],[-95.2014,29.8882],[-95.2024,29.8907],[-95.2026,29.901],[-95.1994,29.9246],[-95.2008,29.9279],[-95.206,29.9323],[-95.2118,29.9347],[-95.2357,29.9344],[-95.2558,29.9352],[-95.2725,29.9403],[-95.2787,29.9412],[-95.2874,29.9409],[-95.2986,29.9109],[-95.3355,29.8199],[-95.3521,29.8197],[-95.3479,29.8031],[-95.3505,29.8033],[-95.3504,29.8001],[-95.3533,29.8],[-95.353,29.7783],[-95.3553,29.7784],[-95.3667,29.7739],[-95.365,29.7702],[-95.367,29.7655],[-95.3732,29.7612],[-95.3768,29.761],[-95.3789,29.7623],[-95.3809,29.7619],[-95.3828,29.7639],[-95.3857,29.7617],[-95.3857,29.7482],[-95.3837,29.7484],[-95.3816,29.7471],[-95.3809,29.7448],[-95.3792,29.7438],[-95.3811,29.7413],[-95.3785,29.7398],[-95.3791,29.739],[-95.38,29.7396],[-95.3808,29.7385],[-95.38,29.738],[-95.4121,29.6973],[-95.4172,29.6977],[-95.4204,29.6956],[-95.4232,29.6968],[-95.4256,29.6967],[-95.4286,29.6938],[-95.4294,29.6915],[-95.432,29.6911],[-95.4347,29.6921],[-95.4384,29.6899],[-95.4422,29.6909],[-95.4557,29.6813],[-95.46,29.6814],[-95.4626,29.6797],[-95.4852,29.6752],[-95.4956,29.6785],[-95.5107,29.6761],[-95.5149,29.6739],[-95.5252,29.6719],[-95.53,29.6735],[-95.5305,29.6764],[-95.5686,29.6741],[-95.5773,29.6746],[-95.577,29.6693],[-95.5806,29.6602],[-95.584,29.6601],[-95.5827,29.654],[-95.5717,29.6489],[-95.5766,29.6444],[-95.5821,29.6478],[-95.582,29.6459],[-95.584,29.6473],[-95.5978,29.6468],[-95.5978,29.633],[-95.5916,29.6331],[-95.5896,29.6316],[-95.5904,29.6303],[-95.5903,29.6242],[-95.5887,29.6239],[-95.5866,29.6219],[-95.5865,29.6236],[-95.5827,29.6239],[-95.5819,29.5908],[-95.5806,29.5855],[-95.5828,29.5806]]]},"properties":{"GEOID":"4818","BASENAME":"18","NAME":"Congressional District 18","CD120":"18"}},
{"type":"Feature","geometry":{"type":"Polygon","coordinates":[[[-102.7991,32.0858],[-102.7182,32.0869],[-102.3438,32.0872],[-101.9859,32.0868],[-101.5766,32.0871],[-101.2627,32.0871],[-100.8099,32.0867],[-100.7231,32.0854],[-100.6254,32.0854],[-100.5004,32.0831],[-100.3251,32.0814],[-100.1253,32.0827],[-99.8074,32.0812],[-99.7142,32.0821],[-99.6314,32.0813],[-99.6298,32.4366],[-99.497,32.4129],[-99.4971,32.4088],[-99.4921,32.4089],[-99.492,32.41],[-99.4897,32.4099],[-99.4897,32.4088],[-99.4646,32.4085],[-99.4548,32.4072],[-99.4544,32.4574],[-99.4515,32.4582],[-99.4509,32.461],[-99.4488,32.4618],[-99.4471,32.4647],[-99.4463,32.4639],[-99.4459,32.4647],[-99.4427,32.464],[-99.4418,32.4677],[-99.443,32.4711],[-99.4374,32.4711],[-99.4338,32.4726],[-99.4335,32.4687],[-99.4323,32.4678],[-99.4295,32.4711],[-99.431,32.4741],[-99.4284,32.4736],[-99.4256,32.4744],[-99.4211,32.4783],[-99.4189,32.479],[-99.4199,32.4829],[-99.4131,32.4908],[-99.4142,32.4953],[-99.4109,32.4961],[-99.4102,32.4991],[-99.4077,32.502],[-99.4025,32.5057],[-99.4002,32.5061],[-99.3997,32.5123],[-99.3971,32.5151],[-99.096,32.5148],[-99.096,32.957],[-98.9509,32.9569],[-98.9539,33.3975],[-99.4853,33.3991],[-100.0007,33.3973],[-100.2443,33.3981],[-100.2957,33.397],[-100.4706,33.3976],[-100.6254,33.3991],[-101.0388,33.3972],[-101.0414,33.8751],[-101.0415,34.3124],[-101.4716,34.3123],[-101.4716,34.7475],[-101.7368,34.7475],[-101.9562,34.7483],[-102.1688,34.7474],[-102.1688,34.7466],[-102.2276,34.7472],[-102.3709,34.746],[-102.7505,34.7475],[-103.043,34.7474],[-103.0438,34.3826],[-103.0437,34.0036],[-103.0516,33.6296],[-103.0593,33.257],[-103.0646,32.9999],[-103.0648,32.8856],[-103.0647,32.4911],[-103.0645,32.0871],[-102.8016,32.0872],[-102.7991,32.0858]]]},"properties":{"GEOID":"4819","BASENAME":"19","NAME":"Congressional District 19","CD120":"19"}},
{"type":"Feature","geometry":{"type":"Polygon","coordinates":[[[-98.5521,29.3837],[-98.5437,29.3836],[-98.5419,29.3823],[-98.5285,29.3811],[-98.5275,29.3823],[-98.5071,29.3824],[-98.5071,29.3831],[-98.5042,29.3836],[-98.4961,29.3832],[-98.4909,29.38],[-98.4879,29.3804],[-98.4856,29.3793],[-98.4829,29.3818],[-98.4835,29.3832],[-98.4787,29.3852],[-98.4783,29.3841],[-98.4601,29.3841],[-98.4601,29.391],[-98.4532,29.3909],[-98.4523,29.3898],[-98.4483,29.3898],[-98.4484,29.3981],[-98.43,29.3981],[-98.4173,29.3994],[-98.4101,29.3983],[-98.3894,29.3983],[-98.3894,29.4234],[-98.3775,29.4224],[-98.3779,29.4172],[-98.3755,29.4173],[-98.3727,29.4192],[-98.3715,29.4223],[-98.3638,29.4223],[-98.3607,29.4212],[-98.3607,29.4452],[-98.3289,29.4553],[-98.3302,29.457],[-98.3207,29.4602],[-98.3202,29.4616],[-98.3193,29.4613],[-98.3121,29.4829],[-98.3095,29.4822],[-98.3079,29.4874],[-98.3107,29.4881],[-98.3102,29.4899],[-98.3129,29.4949],[-98.3175,29.4985],[-98.3193,29.4989],[-98.3102,29.5035],[-98.3105,29.5059],[-98.313,29.5059],[-98.3133,29.5095],[-98.3168,29.5107],[-98.3183,29.5125],[-98.3215,29.5129],[-98.3228,29.5148],[-98.335,29.5104],[-98.3395,29.5062],[-98.3423,29.5085],[-98.341,29.5117],[-98.3461,29.5129],[-98.347,29.5097],[-98.357,29.5109],[-98.3593,29.5018],[-98.3658,29.5034],[-98.3701,29.5085],[-98.3658,29.5121],[-98.3722,29.5103],[-98.3971,29.5103],[-98.3952,29.5176],[-98.3903,29.5243],[-98.3915,29.5234],[-98.3941,29.5234],[-98.3947,29.5217],[-98.403,29.5164],[-98.4177,29.5161],[-98.4163,29.5103],[-98.4152,29.5099],[-98.416,29.5085],[-98.4155,29.5061],[-98.4212,29.5004],[-98.4336,29.4938],[-98.4421,29.4898],[-98.4422,29.4847],[-98.4205,29.4849],[-98.4201,29.4812],[-98.4177,29.4812],[-98.4176,29.4784],[-98.4102,29.4782],[-98.4104,29.4758],[-98.4143,29.4694],[-98.4143,29.4661],[-98.4096,29.4661],[-98.409,29.4653],[-98.414,29.4564],[-98.428,29.4564],[-98.434,29.4511],[-98.4411,29.4409],[-98.4466,29.4396],[-98.4466,29.4425],[-98.445,29.4423],[-98.4462,29.4446],[-98.455,29.4449],[-98.455,29.4416],[-98.4609,29.4416],[-98.4609,29.4432],[-98.4703,29.4432],[-98.4703,29.444],[-98.4752,29.4443],[-98.475,29.4473],[-98.4723,29.4472],[-98.4723,29.4481],[-98.4749,29.4481],[-98.4747,29.4488],[-98.4703,29.4494],[-98.4703,29.4504],[-98.4741,29.4504],[-98.4735,29.4517],[-98.467,29.4517],[-98.467,29.4547],[-98.4566,29.4546],[-98.4551,29.461],[-98.4609,29.4611],[-98.4609,29.4641],[-98.4648,29.464],[-98.4637,29.4658],[-98.4683,29.4658],[-98.4674,29.4683],[-98.4742,29.4735],[-98.4772,29.4706],[-98.4767,29.4681],[-98.4923,29.4682],[-98.4917,29.4923],[-98.5279,29.5163],[-98.5336,29.5121],[-98.543,29.5081],[-98.549,29.5008],[-98.5559,29.5231],[-98.5576,29.526],[-98.5584,29.527],[-98.5603,29.5259],[-98.5634,29.5261],[-98.565,29.5284],[-98.5637,29.5296],[-98.5676,29.533],[-98.575,29.5261],[-98.5769,29.5347],[-98.5815,29.5437],[-98.5867,29.5431],[-98.59,29.5448],[-98.5898,29.5353],[-98.589,29.5346],[-98.6001,29.5235],[-98.609,29.5223],[-98.6109,29.5231],[-98.6174,29.523],[-98.6174,29.5191],[-98.6182,29.5184],[-98.6182,29.5196],[-98.6295,29.5196],[-98.6335,29.5209],[-98.6383,29.5191],[-98.6624,29.519],[-98.6624,29.4996],[-98.6787,29.4988],[-98.6796,29.504],[-98.7002,29.5041],[-98.7088,29.5074],[-98.7105,29.5041],[-98.7189,29.5073],[-98.72,29.5051],[-98.7215,29.5057],[-98.7231,29.5026],[-98.7266,29.5056],[-98.728,29.5029],[-98.7096,29.496],[-98.7144,29.4863],[-98.7134,29.4854],[-98.7182,29.4866],[-98.7239,29.4862],[-98.724,29.4827],[-98.7268,29.4796],[-98.7229,29.4769],[-98.7225,29.4754],[-98.7202,29.4756],[-98.72,29.4745],[-98.7202,29.4726],[-98.7241,29.4715],[-98.7241,29.4669],[-98.7257,29.4665],[-98.7253,29.4656],[-98.715,29.468],[-98.7152,29.4656],[-98.7191,29.4653],[-98.7254,29.4628],[-98.7409,29.4597],[-98.7544,29.4627],[-98.7583,29.4613],[-98.7492,29.4396],[-98.7458,29.4423],[-98.7424,29.4409],[-98.7407,29.4411],[-98.7416,29.442],[-98.735,29.4478],[-98.7326,29.446],[-98.735,29.4451],[-98.7331,29.4441],[-98.7318,29.4414],[-98.7309,29.4416],[-98.7297,29.4405],[-98.7291,29.4412],[-98.7279,29.4401],[-98.7264,29.4414],[-98.7277,29.4425],[-98.7267,29.4434],[-98.7228,29.4426],[-98.7228,29.4406],[-98.7252,29.4421],[-98.726,29.4411],[-98.7229,29.4391],[-98.723,29.4364],[-98.7196,29.4357],[-98.7186,29.4339],[-98.72,29.4335],[-98.7201,29.4175],[-98.7206,29.416],[-98.7264,29.4157],[-98.7266,29.4069],[-98.7102,29.4069],[-98.7093,29.4079],[-98.7028,29.3969],[-98.7012,29.3845],[-98.6974,29.3835],[-98.6706,29.3905],[-98.67,29.3897],[-98.6529,29.3965],[-98.6306,29.402],[-98.6071,29.4065],[-98.6091,29.412],[-98.6171,29.4117],[-98.6193,29.4122],[-98.6202,29.414],[-98.6198,29.4175],[-98.6183,29.419],[-98.6128,29.4192],[-98.6105,29.4202],[-98.6102,29.4229],[-98.6123,29.4267],[-98.6198,29.4311],[-98.6187,29.4326],[-98.6198,29.4337],[-98.6268,29.4342],[-98.6302,29.4334],[-98.6353,29.4403],[-98.6455,29.4475],[-98.6469,29.4495],[-98.6375,29.4531],[-98.637,29.4479],[-98.6357,29.4468],[-98.6304,29.4533],[-98.6234,29.4495],[-98.6145,29.4525],[-98.611,29.4527],[-98.6027,29.4486],[-98.6026,29.4413],[-98.5997,29.4393],[-98.5997,29.4078],[-98.5878,29.4089],[-98.5878,29.4072],[-98.5842,29.407],[-98.5847,29.4021],[-98.584,29.401],[-98.5735,29.3999],[-98.5736,29.3993],[-98.5624,29.3988],[-98.5638,29.3897],[-98.5609,29.3895],[-98.5629,29.389],[-98.5633,29.3858],[-98.5614,29.3856],[-98.5615,29.3844],[-98.5573,29.3842],[-98.5505,29.3874],[-98.5521,29.3837]]]},"properties":{"GEOID":"4820","BASENAME":"20","NAME":"Congressional District 20","CD120":"20"}},
{"type":"Feature","geometry":{"type":"Polygon","coordinates":[[[-98.7002,29.5041],[-98.6796,29.504],[-98.6787,29.4988],[-98.6624,29.4996],[-98.6624,29.519],[-98.6383,29.5191],[-98.6335,29.5209],[-98.6295,29.5196],[-98.6182,29.5196],[-98.6182,29.5184],[-98.6174,29.5191],[-98.6174,29.523],[-98.6109,29.5231],[-98.609,29.5223],[-98.6001,29.5235],[-98.589,29.5346],[-98.5898,29.5353],[-98.59,29.5448],[-98.5867,29.5431],[-98.5815,29.5437],[-98.5769,29.5347],[-98.575,29.5261],[-98.5676,29.533],[-98.5637,29.5296],[-98.565,29.5284],[-98.5634,29.5261],[-98.5603,29.5259],[-98.5584,29.527],[-98.5576,29.526],[-98.5559,29.5231],[-98.549,29.5008],[-98.543,29.5081],[-98.5336,29.5121],[-98.5279,29.5163],[-98.4917,29.4923],[-98.4923,29.4682],[-98.4767,29.4681],[-98.4772,29.4706],[-98.4742,29.4735],[-98.4674,29.4683],[-98.4683,29.4658],[-98.4637,29.4658],[-98.4648,29.464],[-98.4609,29.4641],[-98.4609,29.4611],[-98.4551,29.461],[-98.4566,29.4546],[-98.467,29.4547],[-98.467,29.4517],[-98.4735,29.4517],[-98.4741,29.4504],[-98.4703,29.4504],[-98.4703,29.4494],[-98.4747,29.4488],[-98.4749,29.4481],[-98.4723,29.4481],[-98.4723,29.4472],[-98.475,29.4473],[-98.4752,29.4443],[-98.4703,29.444],[-98.4703,29.4432],[-98.4609,29.4432],[-98.4609,29.4416],[-98.455,29.4416],[-98.455,29.4449],[-98.4462,29.4446],[-98.445,29.4423],[-98.4466,29.4425],[-98.4466,29.4396],[-98.4411,29.4409],[-98.434,29.4511],[-98.428,29.4564],[-98.414,29.4564],[-98.409,29.4653],[-98.4096,29.4661],[-98.4143,29.4661],[-98.4143,29.4694],[-98.4104,29.4758],[-98.4102,29.4782],[-98.4176,29.4784],[-98.4177,29.4812],[-98.4201,29.4812],[-98.4205,29.4849],[-98.4422,29.4847],[-98.4421,29.4898],[-98.4336,29.4938],[-98.4346,29.4964],[-98.4346,29.5099],[-98.4354,29.5125],[-98.4393,29.516],[-98.446,29.5164],[-98.4467,29.5197],[-98.4478,29.5204],[-98.4428,29.5248],[-98.4326,29.5289],[-98.4307,29.5306],[-98.4285,29.5345],[-98.4305,29.5385],[-98.433,29.5404],[-98.4284,29.5451],[-98.4332,29.5469],[-98.4377,29.545],[-98.4423,29.5472],[-98.4595,29.547],[-98.4679,29.5526],[-98.4513,29.569],[-98.4532,29.5715],[-98.4585,29.5735],[-98.4605,29.5769],[-98.4484,29.5892],[-98.4494,29.5915],[-98.4524,29.5932],[-98.4514,29.5949],[-98.4474,29.5946],[-98.4463,29.5971],[-98.4515,29.5969],[-98.4528,29.5977],[-98.4505,29.6044],[-98.4311,29.6001],[-98.3987,29.6023],[-98.3629,29.603],[-98.3598,29.6022],[-98.3574,29.5998],[-98.3513,29.6034],[-98.3287,29.6082],[-98.3278,29.6058],[-98.3254,29.6033],[-98.32,29.6021],[-98.3146,29.6027],[-98.3122,29.6018],[-98.3108,29.5983],[-98.3109,29.5945],[-98.2425,29.6214],[-98.2019,29.6363],[-98.0899,29.6835],[-97.9992,29.7525],[-97.9436,29.8069],[-97.8753,29.8582],[-97.8745,29.8596],[-97.8753,29.8603],[-97.881,29.8608],[-97.8843,29.8625],[-97.886,29.8623],[-97.8879,29.8578],[-97.8896,29.8564],[-97.8956,29.8573],[-97.9021,29.855],[-97.9123,29.8577],[-97.9138,29.8587],[-97.9138,29.8598],[-97.9169,29.8578],[-97.9173,29.8597],[-97.9188,29.8587],[-97.9201,29.859],[-97.9203,29.8576],[-97.9225,29.8591],[-97.9223,29.8625],[-97.9154,29.8686],[-97.9204,29.8729],[-97.9145,29.8781],[-97.9093,29.8805],[-97.9044,29.8876],[-97.902,29.8879],[-97.8994,29.8898],[-97.8989,29.8932],[-97.9008,29.8951],[-97.9014,29.8977],[-97.9,29.8998],[-97.8973,29.9014],[-97.8972,29.9056],[-97.8961,29.9057],[-97.8947,29.9075],[-97.8937,29.9105],[-97.8949,29.9124],[-97.8999,29.9123],[-97.8999,29.9194],[-97.902,29.9241],[-97.8996,29.9281],[-97.8984,29.9286],[-97.8965,29.9279],[-97.8941,29.9302],[-97.8931,29.9324],[-97.894,29.9361],[-97.895,29.937],[-97.8976,29.9368],[-97.9018,29.9331],[-97.9058,29.9267],[-97.9061,29.9201],[-97.9119,29.9149],[-97.9116,29.9059],[-97.9183,29.8997],[-97.9194,29.9003],[-97.9229,29.8971],[-97.9259,29.8991],[-97.9299,29.9045],[-97.9288,29.9098],[-97.932,29.9131],[-97.9353,29.9209],[-97.9432,29.923],[-97.9477,29.9259],[-97.9541,29.9369],[-97.9582,29.9404],[-97.9583,29.9449],[-97.9612,29.9494],[-97.9731,29.9585],[-97.9788,29.9645],[-97.983,29.9644],[-97.9874,29.9666],[-97.9968,29.9781],[-97.9997,29.9787],[-98.0012,29.9821],[-98.0043,29.9837],[-98.0051,29.9866],[-98.0042,29.9884],[-98.0044,29.9956],[-98.0029,29.9956],[-98.0011,29.9937],[-97.998,29.9947],[-98.0002,29.9969],[-98.0002,30.0018],[-98.0082,30.0101],[-98.0087,30.0182],[-98.0079,30.0208],[-98.0103,30.0212],[-98.0104,30.0436],[-98.015,30.0441],[-98.0155,30.0467],[-98.0188,30.0477],[-98.026,30.0481],[-98.0279,30.0498],[-98.027,30.0521],[-98.036,30.0569],[-98.0368,30.0703],[-98.046,30.0705],[-98.0462,30.0789],[-98.0449,30.0788],[-98.0453,30.0835],[-98.0464,30.0835],[-98.0466,30.0908],[-98.0459,30.0918],[-98.0492,30.0918],[-98.0495,30.093],[-98.0485,30.0937],[-98.0457,30.0924],[-98.0422,30.0937],[-98.042,30.1009],[-98.0456,30.1014],[-98.0457,30.1028],[-98.0447,30.1042],[-98.0455,30.1074],[-98.0438,30.1113],[-98.0443,30.1167],[-98.0411,30.1168],[-98.0406,30.1181],[-98.038,30.1183],[-98.0381,30.1253],[-98.0444,30.1252],[-98.0445,30.144],[-98.0355,30.1471],[-98.0322,30.149],[-98.0312,30.1509],[-98.0294,30.1501],[-98.0293,30.1509],[-98.0271,30.1494],[-98.0265,30.1433],[-98.0236,30.1433],[-98.0207,30.1459],[-98.021,30.1503],[-98.0183,30.1508],[-98.0192,30.1533],[-98.0088,30.1535],[-98.0084,30.1669],[-98.003,30.1766],[-98.0004,30.1894],[-97.9986,30.1912],[-97.9913,30.1913],[-97.9915,30.1995],[-97.9895,30.2005],[-97.9867,30.1983],[-97.9845,30.1977],[-97.9802,30.1997],[-97.9772,30.2031],[-97.972,30.2023],[-97.9721,30.195],[-97.9685,30.1835],[-97.9592,30.1672],[-97.9529,30.1618],[-97.9293,30.175],[-97.9296,30.1823],[-97.9693,30.2107],[-98.173,30.3563],[-98.1256,30.4262],[-98.4115,30.5021],[-98.6232,30.4993],[-98.856,30.4993],[-99.0003,30.4981],[-99.2367,30.4988],[-99.304,30.4998],[-99.3017,30.2867],[-99.7541,30.2907],[-99.7576,30.0741],[-99.918,30.0736],[-99.9175,30.0786],[-99.9676,30.0824],[-99.973,30.0246],[-99.9897,30.0257],[-100.0023,29.8968],[-100.009,29.8971],[-100.0094,29.8945],[-100.0173,29.8908],[-100.0202,29.8873],[-100.0206,29.8851],[-100.0235,29.883],[-100.0229,29.8784],[-100.0239,29.8744],[-100.0196,29.8696],[-100.0196,29.8648],[-100.0224,29.8611],[-100.0222,29.8541],[-100.024,29.8492],[-100.0309,29.8483],[-100.0342,29.8462],[-100.0348,29.8441],[-100.0343,29.8423],[-100.0314,29.841],[-100.0315,29.837],[-100.0285,29.8354],[-100.0255,29.8291],[-100.0256,29.8271],[-100.0273,29.8244],[-100.0258,29.8226],[-100.024,29.8164],[-100.0223,29.8151],[-100.019,29.8153],[-100.0172,29.8124],[-100.0159,29.8002],[-100.0134,29.7959],[-100.0133,29.7943],[-100.0145,29.7932],[-100.0287,29.7894],[-100.0291,29.7833],[-100.0319,29.7809],[-100.036,29.7794],[-100.0364,29.7771],[-100.0351,29.7735],[-100.0316,29.771],[-100.0294,29.7637],[-100.0295,29.7601],[-100.0283,29.7584],[-100.0257,29.7578],[-100.0241,29.7537],[-100.0254,29.7501],[-100.0219,29.7455],[-100.0236,29.7428],[-100.0279,29.7416],[-100.0295,29.7371],[-100.0282,29.7317],[-100.025,29.7298],[-100.0248,29.7281],[-100.0264,29.727],[-100.0261,29.7234],[-100.0301,29.7211],[-100.0376,29.7212],[-100.0395,29.7187],[-100.0637,29.7111],[-100.0605,29.7096],[-100.0574,29.71],[-100.0553,29.7088],[-100.0521,29.7096],[-100.0463,29.7065],[-100.0476,29.7024],[-100.0447,29.6938],[-100.0408,29.6929],[-100.0382,29.6896],[-100.0305,29.6886],[-100.0307,29.6863],[-100.0281,29.6832],[-100.0252,29.6834],[-100.0251,29.6814],[-100.0222,29.6788],[-100.0174,29.6776],[-100.017,29.6762],[-100.0207,29.6702],[-100.0285,29.6672],[-100.0301,29.6659],[-100.0304,29.664],[-100.0262,29.6571],[-100.0211,29.6525],[-100.0174,29.6462],[-100.0146,29.6439],[-100.0135,29.6409],[-100.0095,29.6386],[-100.0084,29.6371],[-100.0092,29.6352],[-100.0073,29.632],[-100.0101,29.628],[-100.0135,29.6262],[-100.0142,29.6235],[-99.7518,29.6248],[-99.6039,29.6272],[-99.4905,29.6277],[-99.3596,29.6273],[-99.2503,29.6256],[-98.9838,29.6234],[-98.9811,29.6213],[-98.9768,29.6145],[-98.9757,29.6098],[-98.9787,29.5988],[-98.9849,29.5909],[-98.9867,29.5869],[-98.9863,29.5825],[-98.9804,29.5797],[-98.9789,29.5776],[-98.98,29.5744],[-98.9858,29.5701],[-98.9859,29.567],[-98.9852,29.5641],[-98.9793,29.5554],[-98.9771,29.5533],[-98.9734,29.5517],[-98.9699,29.5525],[-98.9663,29.5577],[-98.9625,29.5599],[-98.9579,29.5602],[-98.9474,29.558],[-98.9436,29.558],[-98.9394,29.5593],[-98.9337,29.5632],[-98.9299,29.5634],[-98.9272,29.5623],[-98.7788,29.7202],[-98.7749,29.7197],[-98.7702,29.7214],[-98.7679,29.7209],[-98.7667,29.7196],[-98.7626,29.7219],[-98.7598,29.7223],[-98.7589,29.7214],[-98.7571,29.722],[-98.7519,29.7203],[-98.7504,29.721],[-98.7481,29.7206],[-98.7447,29.7184],[-98.7438,29.7164],[-98.7407,29.7171],[-98.7382,29.7166],[-98.7357,29.7186],[-98.7342,29.7214],[-98.7288,29.7225],[-98.7341,29.7295],[-98.7258,29.7277],[-98.723,29.7296],[-98.7172,29.7253],[-98.7144,29.7266],[-98.7104,29.7311],[-98.7078,29.7324],[-98.7053,29.7331],[-98.7,29.7326],[-98.7011,29.7357],[-98.7004,29.7374],[-98.6921,29.7353],[-98.6884,29.7384],[-98.6858,29.7393],[-98.6829,29.7394],[-98.6805,29.738],[-98.6759,29.7374],[-98.6745,29.7388],[-98.6738,29.7421],[-98.6704,29.7434],[-98.6675,29.7432],[-98.6632,29.741],[-98.6603,29.7416],[-98.6601,29.7433],[-98.6637,29.7454],[-98.6631,29.7475],[-98.661,29.7493],[-98.6585,29.7492],[-98.6565,29.7477],[-98.6531,29.7488],[-98.6531,29.7526],[-98.6513,29.754],[-98.6495,29.7532],[-98.648,29.7502],[-98.6455,29.7479],[-98.6462,29.7436],[-98.6435,29.7404],[-98.6364,29.741],[-98.6288,29.7441],[-98.6261,29.7443],[-98.6178,29.7439],[-98.6169,29.7426],[-98.6173,29.7395],[-98.6143,29.7376],[-98.6127,29.7382],[-98.6119,29.7401],[-98.6034,29.7399],[-98.6007,29.7411],[-98.6,29.743],[-98.6047,29.7473],[-98.6034,29.7495],[-98.6011,29.75],[-98.5934,29.7457],[-98.5914,29.7472],[-98.5885,29.7476],[-98.5867,29.7425],[-98.5825,29.7412],[-98.5817,29.7426],[-98.5788,29.7437],[-98.5792,29.7457],[-98.5763,29.7472],[-98.5749,29.7502],[-98.569,29.7482],[-98.5662,29.7525],[-98.5593,29.7515],[-98.5551,29.7553],[-98.5547,29.7591],[-98.551,29.7607],[-98.5474,29.7592],[-98.5469,29.7572],[-98.5479,29.7545],[-98.5468,29.7533],[-98.5425,29.7518],[-98.5353,29.7531],[-98.534,29.7524],[-98.534,29.7468],[-98.5286,29.7442],[-98.528,29.7416],[-98.5265,29.7404],[-98.5254,29.7408],[-98.5259,29.7437],[-98.5234,29.7452],[-98.5218,29.7452],[-98.504,29.7386],[-98.497,29.7385],[-98.4911,29.7355],[-98.4872,29.736],[-98.4798,29.7351],[-98.477,29.7334],[-98.466,29.7385],[-98.4625,29.7339],[-98.4594,29.7318],[-98.4526,29.7328],[-98.4512,29.7344],[-98.4478,29.7359],[-98.4437,29.7346],[-98.4427,29.7323],[-98.4446,29.7261],[-98.4439,29.7197],[-98.4504,29.7064],[-98.4539,29.682],[-98.4502,29.6685],[-98.4494,29.6523],[-98.4527,29.6442],[-98.4654,29.6204],[-98.4763,29.5824],[-98.4824,29.5648],[-98.5031,29.581],[-98.5055,29.5814],[-98.5102,29.5786],[-98.5143,29.5792],[-98.5137,29.575],[-98.5187,29.5696],[-98.52,29.5666],[-98.5196,29.5629],[-98.5172,29.5586],[-98.5207,29.5579],[-98.5291,29.5599],[-98.532,29.5597],[-98.5343,29.5585],[-98.5413,29.5513],[-98.5632,29.5692],[-98.5641,29.5712],[-98.5638,29.5755],[-98.5661,29.58],[-98.5689,29.5821],[-98.573,29.5891],[-98.5774,29.5937],[-98.5879,29.5922],[-98.589,29.5955],[-98.5958,29.5997],[-98.6001,29.6042],[-98.6014,29.6038],[-98.6084,29.6205],[-98.6114,29.6198],[-98.6119,29.618],[-98.6146,29.6169],[-98.6164,29.615],[-98.6228,29.614],[-98.6255,29.6117],[-98.6287,29.6105],[-98.6277,29.6059],[-98.6307,29.5962],[-98.6289,29.5925],[-98.6311,29.5872],[-98.6353,29.5865],[-98.6385,29.5845],[-98.6591,29.5611],[-98.6809,29.5398],[-98.6847,29.5303],[-98.6908,29.5231],[-98.7002,29.5041]]]},"properties":{"GEOID":"4821","BASENAME":"21","NAME":"Congressional District 21","CD120":"21"}}
]}